solid OpenSCAD_Model
  facet normal -1 0 0
    outer loop
      vertex 0 -10.66293922460509 0.8888595339607956
      vertex 0 -10.111140466039204 0.33706077539490953
      vertex 0 -10.414213562373096 0.5857864376269049
    endloop
  endfacet
  facet normal -1 0 0
    outer loop
      vertex 0 -10.66293922460509 0.8888595339607956
      vertex 0 -10.847759065022574 1.2346331352698203
      vertex 0 -10.111140466039204 0.33706077539490953
    endloop
  endfacet
  facet normal -1 0 0
    outer loop
      vertex 0 -10.111140466039204 0.33706077539490953
      vertex 0 -9 0
      vertex 0 -9.76536686473018 0.15224093497742652
    endloop
  endfacet
  facet normal -1 0 0
    outer loop
      vertex 0 -10.111140466039204 0.33706077539490953
      vertex 0 -10.847759065022574 1.2346331352698203
      vertex 0 -11 2
    endloop
  endfacet
  facet normal -1 0 0
    outer loop
      vertex 0 -10.847759065022574 1.2346331352698203
      vertex 0 -10.96157056080646 1.6098193559677436
      vertex 0 -11 2
    endloop
  endfacet
  facet normal -1 0 0
    outer loop
      vertex 0 -9.76536686473018 0.15224093497742652
      vertex 0 -9 0
      vertex 0 -9.390180644032256 0.03842943919353914
    endloop
  endfacet
  facet normal -1 0 0
    outer loop
      vertex 0 -10.111140466039204 0.33706077539490953
      vertex 0 -11 2
      vertex 0 -10.111140466039204 16.66293922460509
    endloop
  endfacet
  facet normal -1 0 0
    outer loop
      vertex 0 -10.111140466039204 0.33706077539490953
      vertex 0 -4.316726188957803 7.2332738110421975
      vertex 0 -4.154456357864389 7.090966988519463
    endloop
  endfacet
  facet normal -1 0 0
    outer loop
      vertex 0 -10.111140466039204 0.33706077539490953
      vertex 0 -4.459033011480538 7.395543642135611
      vertex 0 -4.316726188957803 7.2332738110421975
    endloop
  endfacet
  facet normal -1 0 0
    outer loop
      vertex 0 -10.111140466039204 0.33706077539490953
      vertex 0 -4.5789419162443235 7.575
      vertex 0 -4.459033011480538 7.395543642135611
    endloop
  endfacet
  facet normal -1 0 0
    outer loop
      vertex 0 -10.111140466039204 0.33706077539490953
      vertex 0 -4.674401228643624 7.768572336597602
      vertex 0 -4.5789419162443235 7.575
    endloop
  endfacet
  facet normal -1 0 0
    outer loop
      vertex 0 -10.111140466039204 0.33706077539490953
      vertex 0 -3.9750000000000005 6.971058083755677
      vertex 0 -3.7814276634023987 6.875598771356377
    endloop
  endfacet
  facet normal -1 0 0
    outer loop
      vertex 0 -10.111140466039204 0.33706077539490953
      vertex 0 -3.5770514244191594 6.806222386623038
      vertex 0 -3.3653682171630854 6.764115978733213
    endloop
  endfacet
  facet normal -1 0 0
    outer loop
      vertex 0 -10.111140466039204 0.33706077539490953
      vertex 0 -3.7814276634023987 6.875598771356377
      vertex 0 -3.5770514244191594 6.806222386623038
    endloop
  endfacet
  facet normal -1 0 0
    outer loop
      vertex 0 -10.111140466039204 0.33706077539490953
      vertex 0 -3.3653682171630854 6.764115978733213
      vertex 0 -3.1500000000000004 6.75
    endloop
  endfacet
  facet normal -1 0 0
    outer loop
      vertex 0 -10.111140466039204 0.33706077539490953
      vertex 0 -4.154456357864389 7.090966988519463
      vertex 0 -3.9750000000000005 6.971058083755677
    endloop
  endfacet
  facet normal -1 0 0
    outer loop
      vertex 0 -10.111140466039204 0.33706077539490953
      vertex 0 -4.785884021266788 8.184631782836915
      vertex 0 -4.743777613376963 7.972948575580841
    endloop
  endfacet
  facet normal -1 0 0
    outer loop
      vertex 0 -10.111140466039204 0.33706077539490953
      vertex 0 -4.800000000000001 8.4
      vertex 0 -4.785884021266788 8.184631782836915
    endloop
  endfacet
  facet normal -1 0 0
    outer loop
      vertex 0 -10.111140466039204 0.33706077539490953
      vertex 0 -4.785884021266788 8.615368217163086
      vertex 0 -4.800000000000001 8.4
    endloop
  endfacet
  facet normal -1 0 0
    outer loop
      vertex 0 -10.111140466039204 0.33706077539490953
      vertex 0 -4.743777613376963 7.972948575580841
      vertex 0 -4.674401228643624 7.768572336597602
    endloop
  endfacet
  facet normal -1 0 0
    outer loop
      vertex 0 -10.111140466039204 0.33706077539490953
      vertex 0 -4.743777613376963 8.82705142441916
      vertex 0 -4.785884021266788 8.615368217163086
    endloop
  endfacet
  facet normal -1 0 0
    outer loop
      vertex 0 -10.111140466039204 0.33706077539490953
      vertex 0 -4.674401228643624 9.031427663402399
      vertex 0 -4.743777613376963 8.82705142441916
    endloop
  endfacet
  facet normal -1 0 0
    outer loop
      vertex 0 -10.111140466039204 0.33706077539490953
      vertex 0 -4.5789419162443235 9.225
      vertex 0 -4.674401228643624 9.031427663402399
    endloop
  endfacet
  facet normal -1 0 0
    outer loop
      vertex 0 -10.111140466039204 0.33706077539490953
      vertex 0 9 0
      vertex 0 -9 0
    endloop
  endfacet
  facet normal -1 0 0
    outer loop
      vertex 0 -10.111140466039204 0.33706077539490953
      vertex 0 -3.1500000000000004 6.75
      vertex 0 3.1500000000000004 6.75
    endloop
  endfacet
  facet normal 0 -0.6343932841636443 -0.773010453362738
    outer loop
      vertex 0 -10.414213562373096 0.5857864376269049
      vertex 0 -10.111140466039204 0.33706077539490953
      vertex 42.9 -10.414213562373096 0.5857864376269049
    endloop
  endfacet
  facet normal 0 -0.7730104533627389 -0.634393284163643
    outer loop
      vertex 0 -10.66293922460509 0.8888595339607956
      vertex 0 -10.414213562373096 0.5857864376269049
      vertex 42.9 -10.66293922460509 0.8888595339607956
    endloop
  endfacet
  facet normal 0 -0.47139673682599736 -0.8819212643483552
    outer loop
      vertex 0 -10.111140466039204 0.33706077539490953
      vertex 0 -9.76536686473018 0.15224093497742652
      vertex 42.9 -10.111140466039204 0.33706077539490953
    endloop
  endfacet
  facet normal 0 -0.29028467725446216 -0.9569403357322089
    outer loop
      vertex 0 -9.76536686473018 0.15224093497742652
      vertex 0 -9.390180644032256 0.03842943919353914
      vertex 42.9 -9.76536686473018 0.15224093497742652
    endloop
  endfacet
  facet normal 2.633156257329391e-19 -0.8819212643483537 -0.471396736826
    outer loop
      vertex 0 -10.66293922460509 0.8888595339607956
      vertex 42.9 -10.847759065022574 1.2346331352698203
      vertex 0 -10.847759065022574 1.2346331352698203
    endloop
  endfacet
  facet normal -2.0109845406519457e-19 -0.9569403357322092 -0.2902846772544611
    outer loop
      vertex 0 -10.847759065022574 1.2346331352698203
      vertex 42.9 -10.96157056080646 1.6098193559677436
      vertex 0 -10.96157056080646 1.6098193559677436
    endloop
  endfacet
  facet normal -1.7502540280907724e-20 -0.9951847266721968 -0.09801714032956074
    outer loop
      vertex 0 -10.96157056080646 1.6098193559677436
      vertex 42.9 -11 2
      vertex 0 -11 2
    endloop
  endfacet
  facet normal 0 -0.09801714032956084 -0.9951847266721968
    outer loop
      vertex 0 -9.390180644032256 0.03842943919353914
      vertex 0 -9 0
      vertex 42.9 -9.390180644032256 0.03842943919353914
    endloop
  endfacet
  facet normal 0 0 -1
    outer loop
      vertex 0 -9 0
      vertex 0 9 0
      vertex 42.9 -9 0
    endloop
  endfacet
  facet normal -1 0 0
    outer loop
      vertex 0 -10.111140466039204 0.33706077539490953
      vertex 0 -10.111140466039204 16.66293922460509
      vertex 0 -4.5789419162443235 9.225
    endloop
  endfacet
  facet normal -1 0 0
    outer loop
      vertex 0 -11 2
      vertex 0 -11 15
      vertex 0 -10.111140466039204 16.66293922460509
    endloop
  endfacet
  facet normal -1 0 0
    outer loop
      vertex 0 -10.111140466039204 16.66293922460509
      vertex 0 -4.459033011480538 9.40445635786439
      vertex 0 -4.5789419162443235 9.225
    endloop
  endfacet
  facet normal -1 0 0
    outer loop
      vertex 0 -10.111140466039204 16.66293922460509
      vertex 0 -4.316726188957803 9.566726188957803
      vertex 0 -4.459033011480538 9.40445635786439
    endloop
  endfacet
  facet normal -1 0 0
    outer loop
      vertex 0 -10.111140466039204 16.66293922460509
      vertex 0 -4.154456357864389 9.709033011480539
      vertex 0 -4.316726188957803 9.566726188957803
    endloop
  endfacet
  facet normal -1 0 0
    outer loop
      vertex 0 -10.111140466039204 16.66293922460509
      vertex 0 -3.9750000000000005 9.828941916244323
      vertex 0 -4.154456357864389 9.709033011480539
    endloop
  endfacet
  facet normal -1 0 0
    outer loop
      vertex 0 -10.111140466039204 16.66293922460509
      vertex 0 -3.7814276634023987 9.924401228643623
      vertex 0 -3.9750000000000005 9.828941916244323
    endloop
  endfacet
  facet normal -1 0 0
    outer loop
      vertex 0 -10.111140466039204 16.66293922460509
      vertex 0 -3.5770514244191594 9.993777613376963
      vertex 0 -3.7814276634023987 9.924401228643623
    endloop
  endfacet
  facet normal -1 0 0
    outer loop
      vertex 0 -10.111140466039204 16.66293922460509
      vertex 0 -3.3653682171630854 10.035884021266787
      vertex 0 -3.5770514244191594 9.993777613376963
    endloop
  endfacet
  facet normal -1 0 0
    outer loop
      vertex 0 -10.111140466039204 16.66293922460509
      vertex 0 -3.1500000000000004 10.05
      vertex 0 -3.3653682171630854 10.035884021266787
    endloop
  endfacet
  facet normal -1 0 0
    outer loop
      vertex 0 -11 15
      vertex 0 -10.96157056080646 15.390180644032256
      vertex 0 -10.847759065022574 15.76536686473018
    endloop
  endfacet
  facet normal -1 0 0
    outer loop
      vertex 0 -11 15
      vertex 0 -10.847759065022574 15.76536686473018
      vertex 0 -10.111140466039204 16.66293922460509
    endloop
  endfacet
  facet normal -1 0 0
    outer loop
      vertex 0 -10.847759065022574 15.76536686473018
      vertex 0 -10.66293922460509 16.111140466039203
      vertex 0 -10.414213562373096 16.414213562373096
    endloop
  endfacet
  facet normal -1 0 0
    outer loop
      vertex 0 -10.847759065022574 15.76536686473018
      vertex 0 -10.414213562373096 16.414213562373096
      vertex 0 -10.111140466039204 16.66293922460509
    endloop
  endfacet
  facet normal -1 0 0
    outer loop
      vertex 0 -10.111140466039204 16.66293922460509
      vertex 0 -9.76536686473018 16.847759065022572
      vertex 0 -9.390180644032256 16.96157056080646
    endloop
  endfacet
  facet normal -1 0 0
    outer loop
      vertex 0 -10.111140466039204 16.66293922460509
      vertex 0 -9.390180644032256 16.96157056080646
      vertex 0 -9 17
    endloop
  endfacet
  facet normal -1 0 0
    outer loop
      vertex 0 -10.111140466039204 16.66293922460509
      vertex 0 3.1500000000000004 10.05
      vertex 0 -3.1500000000000004 10.05
    endloop
  endfacet
  facet normal -1 0 0
    outer loop
      vertex 0 -10.111140466039204 16.66293922460509
      vertex 0 -9 17
      vertex 0 10.111140466039204 16.66293922460509
    endloop
  endfacet
  facet normal 0 0 1
    outer loop
      vertex 0 -9 17
      vertex 12 -3.2000000029802322 17
      vertex 7.5 0 17
    endloop
  endfacet
  facet normal 0 0 1
    outer loop
      vertex 0 -9 17
      vertex 20.501291997730732 -2.6 17
      vertex 12 -3.2000000029802322 17
    endloop
  endfacet
  facet normal 0 -1 0
    outer loop
      vertex 0 -11 2
      vertex 42.9 -11 15
      vertex 0 -11 15
    endloop
  endfacet
  facet normal 3.421715370087178e-20 -0.9951847266721968 0.09801714032956084
    outer loop
      vertex 0 -11 15
      vertex 42.9 -10.96157056080646 15.390180644032256
      vertex 0 -10.96157056080646 15.390180644032256
    endloop
  endfacet
  facet normal 2.0109845406519457e-19 -0.9569403357322092 0.2902846772544611
    outer loop
      vertex 0 -10.96157056080646 15.390180644032256
      vertex 42.9 -10.847759065022574 15.76536686473018
      vertex 0 -10.847759065022574 15.76536686473018
    endloop
  endfacet
  facet normal -5.1024021822052975e-20 -0.881921264348353 0.4713967368260015
    outer loop
      vertex 0 -10.847759065022574 15.76536686473018
      vertex 42.9 -10.66293922460509 16.111140466039203
      vertex 0 -10.66293922460509 16.111140466039203
    endloop
  endfacet
  facet normal -2.214453176850095e-19 -0.7730104533627414 0.6343932841636399
    outer loop
      vertex 0 -10.66293922460509 16.111140466039203
      vertex 42.9 -10.414213562373096 16.414213562373096
      vertex 0 -10.414213562373096 16.414213562373096
    endloop
  endfacet
  facet normal -8.68606904814491e-20 -0.6343932841636423 0.7730104533627397
    outer loop
      vertex 0 -10.414213562373096 16.414213562373096
      vertex 42.9 -10.111140466039204 16.66293922460509
      vertex 0 -10.111140466039204 16.66293922460509
    endloop
  endfacet
  facet normal 2.772943443829676e-19 -0.4713967368259961 0.8819212643483559
    outer loop
      vertex 0 -10.111140466039204 16.66293922460509
      vertex 42.9 -9.76536686473018 16.847759065022572
      vertex 0 -9.76536686473018 16.847759065022572
    endloop
  endfacet
  facet normal -1.917791403811449e-19 -0.2902846772544653 0.9569403357322079
    outer loop
      vertex 0 -9.76536686473018 16.847759065022572
      vertex 42.9 -9.390180644032256 16.96157056080646
      vertex 0 -9.390180644032256 16.96157056080646
    endloop
  endfacet
  facet normal 3.421715370087178e-20 -0.09801714032956084 0.9951847266721968
    outer loop
      vertex 0 -9.390180644032256 16.96157056080646
      vertex 42.9 -9 17
      vertex 0 -9 17
    endloop
  endfacet
  facet normal 0 0 1
    outer loop
      vertex 0 -9 17
      vertex 42.9 -9 17
      vertex 33.744015999138355 -2.6 17
    endloop
  endfacet
  facet normal 0 0 1
    outer loop
      vertex 0 -9 17
      vertex 21.008524000644684 -2.6 17
      vertex 20.501291997730732 -2.6 17
    endloop
  endfacet
  facet normal 0 0 1
    outer loop
      vertex 0 -9 17
      vertex 23.228412002325058 -2.6 17
      vertex 21.008524000644684 -2.6 17
    endloop
  endfacet
  facet normal 0 0 1
    outer loop
      vertex 0 -9 17
      vertex 23.914679996669292 -2.6 17
      vertex 23.228412002325058 -2.6 17
    endloop
  endfacet
  facet normal 0 0 1
    outer loop
      vertex 0 -9 17
      vertex 26.103331588208675 -2.5739340394735337 17
      vertex 23.914679996669292 -2.6 17
    endloop
  endfacet
  facet normal 0 0 1
    outer loop
      vertex 0 -9 17
      vertex 26.262963593006134 -2.611440895497799 17
      vertex 26.103331588208675 -2.5739340394735337 17
    endloop
  endfacet
  facet normal 0 0 1
    outer loop
      vertex 0 -9 17
      vertex 26.429840326309204 -2.638231506943703 17
      vertex 26.262963593006134 -2.611440895497799 17
    endloop
  endfacet
  facet normal 0 0 1
    outer loop
      vertex 0 -9 17
      vertex 26.603961795568466 -2.6543058812618257 17
      vertex 26.429840326309204 -2.638231506943703 17
    endloop
  endfacet
  facet normal 0 0 1
    outer loop
      vertex 0 -9 17
      vertex 26.78532800078392 -2.6596640035510064 17
      vertex 26.603961795568466 -2.6543058812618257 17
    endloop
  endfacet
  facet normal 0 0 1
    outer loop
      vertex 0 -9 17
      vertex 26.96514791995287 -2.6542448163032533 17
      vertex 26.78532800078392 -2.6596640035510064 17
    endloop
  endfacet
  facet normal 0 0 1
    outer loop
      vertex 0 -9 17
      vertex 31.22545599937439 -2.6596640035510064 17
      vertex 26.96514791995287 -2.6542448163032533 17
    endloop
  endfacet
  facet normal 0 0 1
    outer loop
      vertex 12 -3.2000000029802322 17
      vertex 17.5 -1.2000000029802322 17
      vertex 12 -1.2000000029802322 17
    endloop
  endfacet
  facet normal 0 0 1
    outer loop
      vertex 20.501291997730732 -2.6 17
      vertex 17.5 -1.2000000029802322 17
      vertex 12 -3.2000000029802322 17
    endloop
  endfacet
  facet normal 0 0 1
    outer loop
      vertex 0 -9 17
      vertex 31.454016245901585 -2.6531484112143517 17
      vertex 31.22545599937439 -2.6596640035510064 17
    endloop
  endfacet
  facet normal 0 0 1
    outer loop
      vertex 0 -9 17
      vertex 31.66741354763508 -2.6336016342043878 17
      vertex 31.454016245901585 -2.6531484112143517 17
    endloop
  endfacet
  facet normal 0 0 1
    outer loop
      vertex 0 -9 17
      vertex 31.865647919476032 -2.6010236725211144 17
      vertex 31.66741354763508 -2.6336016342043878 17
    endloop
  endfacet
  facet normal 0 0 1
    outer loop
      vertex 0 -9 17
      vertex 33.744015999138355 -2.6 17
      vertex 31.865647919476032 -2.6010236725211144 17
    endloop
  endfacet
  facet normal 0 0 1
    outer loop
      vertex 21.008524000644684 -2.6 17
      vertex 23.228412002325058 -2.6 17
      vertex 21.008524000644684 0.19281199723482123 17
    endloop
  endfacet
  facet normal 0 0 1
    outer loop
      vertex 20.501291997730732 -2.6 17
      vertex 20.501291997730732 1.6041120007634162 17
      vertex 17.5 -1.2000000029802322 17
    endloop
  endfacet
  facet normal 0 0 1
    outer loop
      vertex 23.42777779698372 -1.8397581189870835 17
      vertex 21.163667999207973 1.6041120007634162 17
      vertex 23.437279999256134 -2.000279998779297 17
    endloop
  endfacet
  facet normal 0 0 1
    outer loop
      vertex 23.228412002325058 -2.6 17
      vertex 20.993607997894287 0.6910680025815963 17
      vertex 21.008524000644684 0.19281199723482123 17
    endloop
  endfacet
  facet normal 0 0 1
    outer loop
      vertex 23.228412002325058 -2.6 17
      vertex 20.97869200259447 0.9804999992251395 17
      vertex 20.993607997894287 0.6910680025815963 17
    endloop
  endfacet
  facet normal 0 0 1
    outer loop
      vertex 23.419737465679646 -1.692391349375248 17
      vertex 21.163667999207973 1.6041120007634162 17
      vertex 23.42777779698372 -1.8397581189870835 17
    endloop
  endfacet
  facet normal 0 0 1
    outer loop
      vertex 21.163667999207973 1.6041120007634162 17
      vertex 23.419737465679646 -1.692391349375248 17
      vertex 23.413159020245075 -1.5581796750426293 17
    endloop
  endfacet
  facet normal 0 0 1
    outer loop
      vertex 21.163667999207973 1.6041120007634162 17
      vertex 23.413159020245075 -1.5581796750426293 17
      vertex 23.408042445778847 -1.437123103439808 17
    endloop
  endfacet
  facet normal 0 0 1
    outer loop
      vertex 21.163667999207973 1.6041120007634162 17
      vertex 23.408042445778847 -1.437123103439808 17
      vertex 23.40438775718212 -1.329221634566784 17
    endloop
  endfacet
  facet normal 0 0 1
    outer loop
      vertex 21.163667999207973 1.6041120007634162 17
      vertex 23.40438775718212 -1.329221634566784 17
      vertex 23.402194939553738 -1.2344752684235574 17
    endloop
  endfacet
  facet normal 0 0 1
    outer loop
      vertex 21.163667999207973 1.6041120007634162 17
      vertex 23.402194939553738 -1.2344752684235574 17
      vertex 23.401464000344276 -1.1528839975595475 17
    endloop
  endfacet
  facet normal 0 0 1
    outer loop
      vertex 23.914679996669292 -2.6 17
      vertex 25.667903997004032 -2.397115996479988 17
      vertex 25.538176737725735 -2.317310778796673 17
    endloop
  endfacet
  facet normal 0 0 1
    outer loop
      vertex 23.914679996669292 -2.6 17
      vertex 25.805801793932915 -2.4667715936899186 17
      vertex 25.667903997004032 -2.397115996479988 17
    endloop
  endfacet
  facet normal 0 0 1
    outer loop
      vertex 25.109979510307312 -1.902511103451252 17
      vertex 23.914679996669292 -2.6 17
      vertex 25.203422039747238 -2.0205478355288506 17
    endloop
  endfacet
  facet normal 0 0 1
    outer loop
      vertex 25.02560815960169 -1.7749164909124375 17
      vertex 23.914679996669292 -2.6 17
      vertex 25.109979510307312 -1.902511103451252 17
    endloop
  endfacet
  facet normal 0 0 1
    outer loop
      vertex 23.914679996669292 -2.6 17
      vertex 25.538176737725735 -2.317310778796673 17
      vertex 25.41752064973116 -2.227947673201561 17
    endloop
  endfacet
  facet normal 0 0 1
    outer loop
      vertex 23.914679996669292 -2.6 17
      vertex 25.41752064973116 -2.227947673201561 17
      vertex 25.305935755372047 -2.129026694595814 17
    endloop
  endfacet
  facet normal 0 0 1
    outer loop
      vertex 23.914679996669292 -2.6 17
      vertex 25.305935755372047 -2.129026694595814 17
      vertex 25.203422039747238 -2.0205478355288506 17
    endloop
  endfacet
  facet normal 0 0 1
    outer loop
      vertex 23.914679996669292 -2.6 17
      vertex 25.95094432681799 -2.525710938870907 17
      vertex 25.805801793932915 -2.4667715936899186 17
    endloop
  endfacet
  facet normal 0 0 1
    outer loop
      vertex 23.914679996669292 -2.6 17
      vertex 26.103331588208675 -2.5739340394735337 17
      vertex 25.95094432681799 -2.525710938870907 17
    endloop
  endfacet
  facet normal 0 0 1
    outer loop
      vertex 24.95030800253153 -1.637763997912407 17
      vertex 23.914679996669292 -2.6 17
      vertex 25.02560815960169 -1.7749164909124375 17
    endloop
  endfacet
  facet normal 0 0 1
    outer loop
      vertex 24.88460971415043 -1.4924400806427003 17
      vertex 23.914679996669292 -2.6 17
      vertex 24.95030800253153 -1.637763997912407 17
    endloop
  endfacet
  facet normal 0 0 1
    outer loop
      vertex 24.829018853604794 -1.3403563261032105 17
      vertex 23.914679996669292 -2.6 17
      vertex 24.88460971415043 -1.4924400806427003 17
    endloop
  endfacet
  facet normal 0 0 1
    outer loop
      vertex 24.783535428345203 -1.1815127342939378 17
      vertex 23.914679996669292 -2.6 17
      vertex 24.829018853604794 -1.3403563261032105 17
    endloop
  endfacet
  facet normal 0 0 1
    outer loop
      vertex 24.748159430921078 -1.015909305214882 17
      vertex 23.914679996669292 -2.6 17
      vertex 24.783535428345203 -1.1815127342939378 17
    endloop
  endfacet
  facet normal 0 0 1
    outer loop
      vertex 23.914679996669292 -2.6 17
      vertex 24.748159430921078 -1.015909305214882 17
      vertex 24.722890853881836 -0.8435460388660432 17
    endloop
  endfacet
  facet normal 0 0 1
    outer loop
      vertex 23.914679996669292 -2.6 17
      vertex 24.713940896093845 -0.19938424825668344 17
      vertex 23.914679996669292 1.6041120007634162 17
    endloop
  endfacet
  facet normal 0 0 1
    outer loop
      vertex 23.914679996669292 -2.6 17
      vertex 24.722890853881836 -0.8435460388660432 17
      vertex 24.70772971212864 -0.6644229352474214 17
    endloop
  endfacet
  facet normal 0 0 1
    outer loop
      vertex 23.914679996669292 -2.6 17
      vertex 24.70772971212864 -0.6644229352474214 17
      vertex 24.702675998210907 -0.4785400018095971 17
    endloop
  endfacet
  facet normal 0 0 1
    outer loop
      vertex 24.713940896093845 -0.19938424825668344 17
      vertex 23.914679996669292 -2.6 17
      vertex 24.702675998210907 -0.4785400018095971 17
    endloop
  endfacet
  facet normal -1 0 0
    outer loop
      vertex 0 -10.111140466039204 0.33706077539490953
      vertex 0 3.1500000000000004 6.75
      vertex 0 11 2
    endloop
  endfacet
  facet normal -1 0 0
    outer loop
      vertex 0 -10.111140466039204 0.33706077539490953
      vertex 0 11 2
      vertex 0 9 0
    endloop
  endfacet
  facet normal -1 0 0
    outer loop
      vertex 0 9 0
      vertex 0 9.76536686473018 0.15224093497742652
      vertex 0 9.390180644032256 0.03842943919353914
    endloop
  endfacet
  facet normal -1 0 0
    outer loop
      vertex 0 9 0
      vertex 0 10.414213562373096 0.5857864376269049
      vertex 0 9.76536686473018 0.15224093497742652
    endloop
  endfacet
  facet normal -1 0 0
    outer loop
      vertex 0 9.76536686473018 0.15224093497742652
      vertex 0 10.414213562373096 0.5857864376269049
      vertex 0 10.111140466039204 0.33706077539490953
    endloop
  endfacet
  facet normal -1 0 0
    outer loop
      vertex 0 9 0
      vertex 0 11 2
      vertex 0 10.414213562373096 0.5857864376269049
    endloop
  endfacet
  facet normal -1 0 0
    outer loop
      vertex 0 10.414213562373096 0.5857864376269049
      vertex 0 10.847759065022574 1.2346331352698203
      vertex 0 10.66293922460509 0.8888595339607956
    endloop
  endfacet
  facet normal -1 0 0
    outer loop
      vertex 0 10.414213562373096 0.5857864376269049
      vertex 0 11 2
      vertex 0 10.847759065022574 1.2346331352698203
    endloop
  endfacet
  facet normal -1 0 0
    outer loop
      vertex 0 10.847759065022574 1.2346331352698203
      vertex 0 11 2
      vertex 0 10.96157056080646 1.6098193559677436
    endloop
  endfacet
  facet normal -1 0 0
    outer loop
      vertex 0 11 2
      vertex 0 3.1500000000000004 6.75
      vertex 0 3.3653682171630854 6.764115978733213
    endloop
  endfacet
  facet normal -1 0 0
    outer loop
      vertex 0 11 2
      vertex 0 3.3653682171630854 6.764115978733213
      vertex 0 3.5770514244191594 6.806222386623038
    endloop
  endfacet
  facet normal -1 0 0
    outer loop
      vertex 0 11 2
      vertex 0 3.5770514244191594 6.806222386623038
      vertex 0 3.7814276634023987 6.875598771356377
    endloop
  endfacet
  facet normal -1 0 0
    outer loop
      vertex 0 11 2
      vertex 0 3.7814276634023987 6.875598771356377
      vertex 0 3.9750000000000005 6.971058083755677
    endloop
  endfacet
  facet normal -1 0 0
    outer loop
      vertex 0 11 2
      vertex 0 3.9750000000000005 6.971058083755677
      vertex 0 4.154456357864389 7.090966988519463
    endloop
  endfacet
  facet normal -1 0 0
    outer loop
      vertex 0 11 2
      vertex 0 4.154456357864389 7.090966988519463
      vertex 0 4.316726188957803 7.2332738110421975
    endloop
  endfacet
  facet normal -1 0 0
    outer loop
      vertex 0 11 2
      vertex 0 4.316726188957803 7.2332738110421975
      vertex 0 4.459033011480538 7.395543642135611
    endloop
  endfacet
  facet normal -1 0 0
    outer loop
      vertex 0 11 2
      vertex 0 4.459033011480538 7.395543642135611
      vertex 0 4.5789419162443235 7.575
    endloop
  endfacet
  facet normal -1 0 0
    outer loop
      vertex 0 11 2
      vertex 0 4.5789419162443235 7.575
      vertex 0 4.674401228643624 7.768572336597602
    endloop
  endfacet
  facet normal 0 0.09801714032956084 -0.9951847266721968
    outer loop
      vertex 0 9 0
      vertex 0 9.390180644032256 0.03842943919353914
      vertex 42.9 9 0
    endloop
  endfacet
  facet normal 0 0.29028467725446216 -0.9569403357322089
    outer loop
      vertex 0 9.390180644032256 0.03842943919353914
      vertex 0 9.76536686473018 0.15224093497742652
      vertex 42.9 9.390180644032256 0.03842943919353914
    endloop
  endfacet
  facet normal 0 0.47139673682599736 -0.8819212643483552
    outer loop
      vertex 0 9.76536686473018 0.15224093497742652
      vertex 0 10.111140466039204 0.33706077539490953
      vertex 42.9 9.76536686473018 0.15224093497742652
    endloop
  endfacet
  facet normal 0 0.6343932841636443 -0.773010453362738
    outer loop
      vertex 0 10.111140466039204 0.33706077539490953
      vertex 0 10.414213562373096 0.5857864376269049
      vertex 42.9 10.111140466039204 0.33706077539490953
    endloop
  endfacet
  facet normal 0 0.7730104533627389 -0.634393284163643
    outer loop
      vertex 0 10.414213562373096 0.5857864376269049
      vertex 0 10.66293922460509 0.8888595339607956
      vertex 42.9 10.414213562373096 0.5857864376269049
    endloop
  endfacet
  facet normal 0 0.8819212643483537 -0.471396736826
    outer loop
      vertex 0 10.66293922460509 0.8888595339607956
      vertex 0 10.847759065022574 1.2346331352698203
      vertex 42.9 10.66293922460509 0.8888595339607956
    endloop
  endfacet
  facet normal 0 0.9569403357322092 -0.2902846772544611
    outer loop
      vertex 0 10.847759065022574 1.2346331352698203
      vertex 0 10.96157056080646 1.6098193559677436
      vertex 42.9 10.847759065022574 1.2346331352698203
    endloop
  endfacet
  facet normal 0 0.9951847266721968 -0.09801714032956074
    outer loop
      vertex 0 10.96157056080646 1.6098193559677436
      vertex 0 11 2
      vertex 42.9 10.96157056080646 1.6098193559677436
    endloop
  endfacet
  facet normal 0 1 0
    outer loop
      vertex 0 11 2
      vertex 0 11 15
      vertex 42.9 11 2
    endloop
  endfacet
  facet normal -1 0 0
    outer loop
      vertex 0 -10.111140466039204 16.66293922460509
      vertex 0 10.111140466039204 16.66293922460509
      vertex 0 3.1500000000000004 10.05
    endloop
  endfacet
  facet normal 0 0 1
    outer loop
      vertex 0 -9 17
      vertex 7.5 0 17
      vertex 0 9 17
    endloop
  endfacet
  facet normal -1 0 0
    outer loop
      vertex 0 -9 17
      vertex 0 9 17
      vertex 0 10.111140466039204 16.66293922460509
    endloop
  endfacet
  facet normal 0 0 1
    outer loop
      vertex 0 9 17
      vertex 7.5 0 17
      vertex 12 3.2000000029802322 17
    endloop
  endfacet
  facet normal -1 0 0
    outer loop
      vertex 0 10.111140466039204 16.66293922460509
      vertex 0 4.674401228643624 7.768572336597602
      vertex 0 4.743777613376963 7.972948575580841
    endloop
  endfacet
  facet normal -1 0 0
    outer loop
      vertex 0 10.111140466039204 16.66293922460509
      vertex 0 4.743777613376963 7.972948575580841
      vertex 0 4.785884021266788 8.184631782836915
    endloop
  endfacet
  facet normal -1 0 0
    outer loop
      vertex 0 10.111140466039204 16.66293922460509
      vertex 0 4.785884021266788 8.184631782836915
      vertex 0 4.800000000000001 8.4
    endloop
  endfacet
  facet normal -1 0 0
    outer loop
      vertex 0 10.111140466039204 16.66293922460509
      vertex 0 4.743777613376963 8.82705142441916
      vertex 0 4.674401228643624 9.031427663402399
    endloop
  endfacet
  facet normal -1 0 0
    outer loop
      vertex 0 10.111140466039204 16.66293922460509
      vertex 0 4.674401228643624 9.031427663402399
      vertex 0 4.5789419162443235 9.225
    endloop
  endfacet
  facet normal -1 0 0
    outer loop
      vertex 0 10.111140466039204 16.66293922460509
      vertex 0 4.800000000000001 8.4
      vertex 0 4.785884021266788 8.615368217163086
    endloop
  endfacet
  facet normal -1 0 0
    outer loop
      vertex 0 10.111140466039204 16.66293922460509
      vertex 0 4.785884021266788 8.615368217163086
      vertex 0 4.743777613376963 8.82705142441916
    endloop
  endfacet
  facet normal -1 0 0
    outer loop
      vertex 0 10.111140466039204 16.66293922460509
      vertex 0 3.7814276634023987 9.924401228643623
      vertex 0 3.5770514244191594 9.993777613376963
    endloop
  endfacet
  facet normal -1 0 0
    outer loop
      vertex 0 10.111140466039204 16.66293922460509
      vertex 0 3.9750000000000005 9.828941916244323
      vertex 0 3.7814276634023987 9.924401228643623
    endloop
  endfacet
  facet normal -1 0 0
    outer loop
      vertex 0 10.111140466039204 16.66293922460509
      vertex 0 4.154456357864389 9.709033011480539
      vertex 0 3.9750000000000005 9.828941916244323
    endloop
  endfacet
  facet normal -1 0 0
    outer loop
      vertex 0 10.111140466039204 16.66293922460509
      vertex 0 3.3653682171630854 10.035884021266787
      vertex 0 3.1500000000000004 10.05
    endloop
  endfacet
  facet normal -1 0 0
    outer loop
      vertex 0 10.111140466039204 16.66293922460509
      vertex 0 3.5770514244191594 9.993777613376963
      vertex 0 3.3653682171630854 10.035884021266787
    endloop
  endfacet
  facet normal -1 0 0
    outer loop
      vertex 0 10.111140466039204 16.66293922460509
      vertex 0 4.459033011480538 9.40445635786439
      vertex 0 4.316726188957803 9.566726188957803
    endloop
  endfacet
  facet normal -1 0 0
    outer loop
      vertex 0 10.111140466039204 16.66293922460509
      vertex 0 4.5789419162443235 9.225
      vertex 0 4.459033011480538 9.40445635786439
    endloop
  endfacet
  facet normal -1 0 0
    outer loop
      vertex 0 10.111140466039204 16.66293922460509
      vertex 0 4.316726188957803 9.566726188957803
      vertex 0 4.154456357864389 9.709033011480539
    endloop
  endfacet
  facet normal -1 0 0
    outer loop
      vertex 0 11 2
      vertex 0 4.674401228643624 7.768572336597602
      vertex 0 10.111140466039204 16.66293922460509
    endloop
  endfacet
  facet normal -1 0 0
    outer loop
      vertex 0 11 2
      vertex 0 10.111140466039204 16.66293922460509
      vertex 0 11 15
    endloop
  endfacet
  facet normal -1 0 0
    outer loop
      vertex 0 9 17
      vertex 0 9.390180644032256 16.96157056080646
      vertex 0 10.111140466039204 16.66293922460509
    endloop
  endfacet
  facet normal -1 0 0
    outer loop
      vertex 0 11 15
      vertex 0 10.847759065022574 15.76536686473018
      vertex 0 10.96157056080646 15.390180644032256
    endloop
  endfacet
  facet normal -1 0 0
    outer loop
      vertex 0 11 15
      vertex 0 10.111140466039204 16.66293922460509
      vertex 0 10.847759065022574 15.76536686473018
    endloop
  endfacet
  facet normal -1 0 0
    outer loop
      vertex 0 9.390180644032256 16.96157056080646
      vertex 0 9.76536686473018 16.847759065022572
      vertex 0 10.111140466039204 16.66293922460509
    endloop
  endfacet
  facet normal -1 0 0
    outer loop
      vertex 0 10.847759065022574 15.76536686473018
      vertex 0 10.414213562373096 16.414213562373096
      vertex 0 10.66293922460509 16.111140466039203
    endloop
  endfacet
  facet normal -1 0 0
    outer loop
      vertex 0 10.847759065022574 15.76536686473018
      vertex 0 10.111140466039204 16.66293922460509
      vertex 0 10.414213562373096 16.414213562373096
    endloop
  endfacet
  facet normal 0 0 1
    outer loop
      vertex 12 3.2000000029802322 17
      vertex 12 1.2000000029802322 17
      vertex 17.5 1.2000000029802322 17
    endloop
  endfacet
  facet normal 0 0 1
    outer loop
      vertex 17.5 1.2000000029802322 17
      vertex 17.5 -1.2000000029802322 17
      vertex 20.501291997730732 1.6041120007634162 17
    endloop
  endfacet
  facet normal 0 0 1
    outer loop
      vertex 23.401464000344276 1.6041120007634162 17
      vertex 21.163667999207973 1.6041120007634162 17
      vertex 23.401464000344276 -1.1528839975595475 17
    endloop
  endfacet
  facet normal 0 0 1
    outer loop
      vertex 24.74773558974266 0.06180873662233344 17
      vertex 23.914679996669292 1.6041120007634162 17
      vertex 24.713940896093845 -0.19938424825668344 17
    endloop
  endfacet
  facet normal 0 0 1
    outer loop
      vertex 24.804060079157352 0.30503893792629233 17
      vertex 23.914679996669292 1.6041120007634162 17
      vertex 24.74773558974266 0.06180873662233344 17
    endloop
  endfacet
  facet normal 0 0 1
    outer loop
      vertex 25.313646532595158 -0.052289551496505826 17
      vertex 25.289533630013466 -0.2581682413816453 17
      vertex 26.791312001645565 1.2012920022010802 17
    endloop
  endfacet
  facet normal 0 0 1
    outer loop
      vertex 25.353834696114063 0.13909608274698249 17
      vertex 25.313646532595158 -0.052289551496505826 17
      vertex 26.591700166463852 1.192280077934265 17
    endloop
  endfacet
  facet normal 0 0 1
    outer loop
      vertex 25.410098120570183 0.31598865389823905 17
      vertex 25.353834696114063 0.13909608274698249 17
      vertex 26.405484080314636 1.1652443274855613 17
    endloop
  endfacet
  facet normal 0 0 1
    outer loop
      vertex 25.482436813414097 0.47838816195726386 17
      vertex 25.410098120570183 0.31598865389823905 17
      vertex 26.405484080314636 1.1652443274855613 17
    endloop
  endfacet
  facet normal 0 0 1
    outer loop
      vertex 24.88291436433792 0.5303063705563544 17
      vertex 23.914679996669292 1.6041120007634162 17
      vertex 24.804060079157352 0.30503893792629233 17
    endloop
  endfacet
  facet normal 0 0 1
    outer loop
      vertex 24.984298445284367 0.7376110196113586 17
      vertex 23.914679996669292 1.6041120007634162 17
      vertex 24.88291436433792 0.5303063705563544 17
    endloop
  endfacet
  facet normal 0 0 1
    outer loop
      vertex 25.10821232944727 0.9269528999924659 17
      vertex 23.914679996669292 1.6041120007634162 17
      vertex 24.984298445284367 0.7376110196113586 17
    endloop
  endfacet
  facet normal 0 0 1
    outer loop
      vertex 25.25465600192547 1.0983319967985152 17
      vertex 23.914679996669292 1.6041120007634162 17
      vertex 25.10821232944727 0.9269528999924659 17
    endloop
  endfacet
  facet normal 0 0 1
    outer loop
      vertex 23.914679996669292 1.6041120007634162 17
      vertex 25.25465600192547 1.0983319967985152 17
      vertex 25.42119510471821 1.249141553044319 17
    endloop
  endfacet
  facet normal 0 0 1
    outer loop
      vertex 25.570850774645805 0.6262946143746375 17
      vertex 25.482436813414097 0.47838816195726386 17
      vertex 26.07323918491602 1.0571013033390044 17
    endloop
  endfacet
  facet normal 0 0 1
    outer loop
      vertex 25.675339996814728 0.7597080036997794 17
      vertex 25.570850774645805 0.6262946143746375 17
      vertex 25.927210368216038 0.9759940370917319 17
    endloop
  endfacet
  facet normal 0 0 1
    outer loop
      vertex 25.675339996814728 0.7597080036997794 17
      vertex 25.927210368216038 0.9759940370917319 17
      vertex 25.794577307999134 0.8768629372119903 17
    endloop
  endfacet
  facet normal 0 0 1
    outer loop
      vertex 26.07323918491602 1.0571013033390044 17
      vertex 25.927210368216038 0.9759940370917319 17
      vertex 25.570850774645805 0.6262946143746375 17
    endloop
  endfacet
  facet normal 0 0 1
    outer loop
      vertex 26.23266375809908 1.1201847359538077 17
      vertex 26.07323918491602 1.0571013033390044 17
      vertex 25.482436813414097 0.47838816195726386 17
    endloop
  endfacet
  facet normal 0 0 1
    outer loop
      vertex 23.914679996669292 1.6041120007634162 17
      vertex 25.42119510471821 1.249141553044319 17
      vertex 25.605395264923573 1.3767496362328528 17
    endloop
  endfacet
  facet normal 0 0 1
    outer loop
      vertex 23.914679996669292 1.6041120007634162 17
      vertex 25.605395264923573 1.3767496362328528 17
      vertex 25.80725648999214 1.4811562463641166 17
    endloop
  endfacet
  facet normal 0 0 1
    outer loop
      vertex 23.914679996669292 1.6041120007634162 17
      vertex 25.80725648999214 1.4811562463641166 17
      vertex 26.026778772473335 1.5623613908886909 17
    endloop
  endfacet
  facet normal 0 0 1
    outer loop
      vertex 42.9 9 17
      vertex 12 3.2000000029802322 17
      vertex 17.5 1.2000000029802322 17
    endloop
  endfacet
  facet normal 0 0 1
    outer loop
      vertex 0 9 17
      vertex 12 3.2000000029802322 17
      vertex 42.9 9 17
    endloop
  endfacet
  facet normal -3.421715370087178e-20 0.09801714032956084 0.9951847266721968
    outer loop
      vertex 0 9 17
      vertex 42.9 9.390180644032256 16.96157056080646
      vertex 0 9.390180644032256 16.96157056080646
    endloop
  endfacet
  facet normal 0 0.9951847266721968 0.09801714032956084
    outer loop
      vertex 0 11 15
      vertex 0 10.96157056080646 15.390180644032256
      vertex 42.9 11 15
    endloop
  endfacet
  facet normal 0 0.9569403357322092 0.2902846772544611
    outer loop
      vertex 0 10.96157056080646 15.390180644032256
      vertex 0 10.847759065022574 15.76536686473018
      vertex 42.9 10.96157056080646 15.390180644032256
    endloop
  endfacet
  facet normal 0 0.881921264348353 0.4713967368260015
    outer loop
      vertex 0 10.847759065022574 15.76536686473018
      vertex 0 10.66293922460509 16.111140466039203
      vertex 42.9 10.847759065022574 15.76536686473018
    endloop
  endfacet
  facet normal 1.917791403811449e-19 0.2902846772544653 0.9569403357322079
    outer loop
      vertex 0 9.390180644032256 16.96157056080646
      vertex 42.9 9.76536686473018 16.847759065022572
      vertex 0 9.76536686473018 16.847759065022572
    endloop
  endfacet
  facet normal -2.772943443829676e-19 0.4713967368259961 0.8819212643483559
    outer loop
      vertex 0 9.76536686473018 16.847759065022572
      vertex 42.9 10.111140466039204 16.66293922460509
      vertex 0 10.111140466039204 16.66293922460509
    endloop
  endfacet
  facet normal 2.214453176850095e-19 0.7730104533627414 0.6343932841636399
    outer loop
      vertex 0 10.414213562373096 16.414213562373096
      vertex 42.9 10.66293922460509 16.111140466039203
      vertex 0 10.66293922460509 16.111140466039203
    endloop
  endfacet
  facet normal 8.68606904814491e-20 0.6343932841636423 0.7730104533627397
    outer loop
      vertex 0 10.111140466039204 16.66293922460509
      vertex 42.9 10.414213562373096 16.414213562373096
      vertex 0 10.414213562373096 16.414213562373096
    endloop
  endfacet
  facet normal 0 -0.8819212643483537 -0.471396736826
    outer loop
      vertex 0 -10.66293922460509 0.8888595339607956
      vertex 42.9 -10.66293922460509 0.8888595339607956
      vertex 42.9 -10.847759065022574 1.2346331352698203
    endloop
  endfacet
  facet normal 0 -0.7730104533627389 -0.634393284163643
    outer loop
      vertex 0 -10.414213562373096 0.5857864376269049
      vertex 42.9 -10.414213562373096 0.5857864376269049
      vertex 42.9 -10.66293922460509 0.8888595339607956
    endloop
  endfacet
  facet normal 0 -0.6343932841636443 -0.773010453362738
    outer loop
      vertex 0 -10.111140466039204 0.33706077539490953
      vertex 42.9 -10.111140466039204 0.33706077539490953
      vertex 42.9 -10.414213562373096 0.5857864376269049
    endloop
  endfacet
  facet normal 0 -0.47139673682599736 -0.8819212643483552
    outer loop
      vertex 0 -9.76536686473018 0.15224093497742652
      vertex 42.9 -9.76536686473018 0.15224093497742652
      vertex 42.9 -10.111140466039204 0.33706077539490953
    endloop
  endfacet
  facet normal 0 -0.9569403357322092 -0.2902846772544611
    outer loop
      vertex 0 -10.847759065022574 1.2346331352698203
      vertex 42.9 -10.847759065022574 1.2346331352698203
      vertex 42.9 -10.96157056080646 1.6098193559677436
    endloop
  endfacet
  facet normal 0 -0.9951847266721968 -0.09801714032956074
    outer loop
      vertex 0 -10.96157056080646 1.6098193559677436
      vertex 42.9 -10.96157056080646 1.6098193559677436
      vertex 42.9 -11 2
    endloop
  endfacet
  facet normal 0 -0.29028467725446216 -0.9569403357322089
    outer loop
      vertex 0 -9.390180644032256 0.03842943919353914
      vertex 42.9 -9.390180644032256 0.03842943919353914
      vertex 42.9 -9.76536686473018 0.15224093497742652
    endloop
  endfacet
  facet normal 0 -0.09801714032956084 -0.9951847266721968
    outer loop
      vertex 0 -9 0
      vertex 42.9 -9 0
      vertex 42.9 -9.390180644032256 0.03842943919353914
    endloop
  endfacet
  facet normal 0 -1 0
    outer loop
      vertex 0 -11 2
      vertex 42.9 -11 2
      vertex 42.9 -11 15
    endloop
  endfacet
  facet normal 0 -0.6343932841636443 -0.773010453362738
    outer loop
      vertex 52 -10.414213562373096 0.5857864376269049
      vertex 45.1 -10.414213562373096 0.5857864376269049
      vertex 45.1 -10.111140466039204 0.33706077539490953
    endloop
  endfacet
  facet normal 0 -0.773010453362739 -0.6343932841636432
    outer loop
      vertex 52 -10.66293922460509 0.8888595339607956
      vertex 45.1 -10.66293922460509 0.8888595339607956
      vertex 45.1 -10.414213562373096 0.5857864376269049
    endloop
  endfacet
  facet normal 0 -0.47139673682599736 -0.8819212643483552
    outer loop
      vertex 52 -10.111140466039204 0.33706077539490953
      vertex 45.1 -10.111140466039204 0.33706077539490953
      vertex 45.1 -9.76536686473018 0.15224093497742652
    endloop
  endfacet
  facet normal 0 -0.29028467725446216 -0.9569403357322089
    outer loop
      vertex 52 -9.76536686473018 0.15224093497742652
      vertex 45.1 -9.76536686473018 0.15224093497742652
      vertex 45.1 -9.390180644032256 0.03842943919353914
    endloop
  endfacet
  facet normal 0 -0.8819212643483537 -0.471396736826
    outer loop
      vertex 52 -10.847759065022574 1.2346331352698203
      vertex 45.1 -10.847759065022574 1.2346331352698203
      vertex 45.1 -10.66293922460509 0.8888595339607956
    endloop
  endfacet
  facet normal 0 -0.9569403357322093 -0.2902846772544611
    outer loop
      vertex 52 -10.96157056080646 1.6098193559677436
      vertex 45.1 -10.96157056080646 1.6098193559677436
      vertex 45.1 -10.847759065022574 1.2346331352698203
    endloop
  endfacet
  facet normal 0 -0.9951847266721968 -0.09801714032956073
    outer loop
      vertex 52 -11 2
      vertex 45.1 -11 2
      vertex 45.1 -10.96157056080646 1.6098193559677436
    endloop
  endfacet
  facet normal 0 -0.09801714032956084 -0.9951847266721968
    outer loop
      vertex 52 -9.390180644032256 0.03842943919353914
      vertex 45.1 -9.390180644032256 0.03842943919353914
      vertex 45.1 -9 0
    endloop
  endfacet
  facet normal 0 -0.8819212643483537 -0.471396736826
    outer loop
      vertex 52 -10.66293922460509 0.8888595339607956
      vertex 52 -10.847759065022574 1.2346331352698203
      vertex 45.1 -10.66293922460509 0.8888595339607956
    endloop
  endfacet
  facet normal 2.2625991761114175e-19 -0.773010453362739 -0.6343932841636432
    outer loop
      vertex 52 -10.66293922460509 0.8888595339607956
      vertex 45.1 -10.414213562373096 0.5857864376269049
      vertex 52 -10.414213562373096 0.5857864376269049
    endloop
  endfacet
  facet normal 5.261765852538546e-20 -0.6343932841636443 -0.773010453362738
    outer loop
      vertex 52 -10.414213562373096 0.5857864376269049
      vertex 45.1 -10.111140466039204 0.33706077539490953
      vertex 52 -10.111140466039204 0.33706077539490953
    endloop
  endfacet
  facet normal 3.4262179388780445e-19 -0.47139673682599736 -0.8819212643483552
    outer loop
      vertex 52 -10.111140466039204 0.33706077539490953
      vertex 45.1 -9.76536686473018 0.15224093497742652
      vertex 52 -9.76536686473018 0.15224093497742652
    endloop
  endfacet
  facet normal 1 0 0
    outer loop
      vertex 52 -10.66293922460509 0.8888595339607956
      vertex 52 -10.414213562373096 0.5857864376269049
      vertex 52 -10.111140466039204 0.33706077539490953
    endloop
  endfacet
  facet normal 1 0 0
    outer loop
      vertex 52 -10.111140466039204 0.33706077539490953
      vertex 52 -9.76536686473018 0.15224093497742652
      vertex 52 -9 0
    endloop
  endfacet
  facet normal 1 0 0
    outer loop
      vertex 52 -10.66293922460509 0.8888595339607956
      vertex 52 -10.111140466039204 0.33706077539490953
      vertex 52 -9 0
    endloop
  endfacet
  facet normal 0 -0.9569403357322093 -0.2902846772544611
    outer loop
      vertex 52 -10.847759065022574 1.2346331352698203
      vertex 52 -10.96157056080646 1.6098193559677436
      vertex 45.1 -10.847759065022574 1.2346331352698203
    endloop
  endfacet
  facet normal 0 -0.9951847266721968 -0.09801714032956073
    outer loop
      vertex 52 -10.96157056080646 1.6098193559677436
      vertex 52 -11 2
      vertex 45.1 -10.96157056080646 1.6098193559677436
    endloop
  endfacet
  facet normal 1 0 0
    outer loop
      vertex 52 -10.66293922460509 0.8888595339607956
      vertex 52 -11 2
      vertex 52 -10.847759065022574 1.2346331352698203
    endloop
  endfacet
  facet normal 1 0 0
    outer loop
      vertex 52 -10.847759065022574 1.2346331352698203
      vertex 52 -11 2
      vertex 52 -10.96157056080646 1.6098193559677436
    endloop
  endfacet
  facet normal 1 0 0
    outer loop
      vertex 52 -10.66293922460509 0.8888595339607956
      vertex 52 -8.921320343559643 2.0786796564403573
      vertex 52 -9.294408836907635 2.5332893009411936
    endloop
  endfacet
  facet normal -1.2808771899424968e-18 -0.29028467725446216 -0.9569403357322089
    outer loop
      vertex 52 -9.76536686473018 0.15224093497742652
      vertex 45.1 -9.390180644032256 0.03842943919353914
      vertex 52 -9.390180644032256 0.03842943919353914
    endloop
  endfacet
  facet normal -2.127414338793333e-19 -0.09801714032956084 -0.9951847266721968
    outer loop
      vertex 52 -9.390180644032256 0.03842943919353914
      vertex 45.1 -9 0
      vertex 52 -9 0
    endloop
  endfacet
  facet normal 1 0 0
    outer loop
      vertex 52 -9.76536686473018 0.15224093497742652
      vertex 52 -9.390180644032256 0.03842943919353914
      vertex 52 -9 0
    endloop
  endfacet
  facet normal 1 0 0
    outer loop
      vertex 52 -10.66293922460509 0.8888595339607956
      vertex 52 -8.466710699058808 1.7055911630923644
      vertex 52 -8.921320343559643 2.0786796564403573
    endloop
  endfacet
  facet normal 1 0 0
    outer loop
      vertex 52 -10.66293922460509 0.8888595339607956
      vertex 52 -7.94805029709527 1.42836140246614
      vertex 52 -8.466710699058808 1.7055911630923644
    endloop
  endfacet
  facet normal 1 0 0
    outer loop
      vertex 52 -10.66293922460509 0.8888595339607956
      vertex 52 -7.3852709660483855 1.2576441587903087
      vertex 52 -7.94805029709527 1.42836140246614
    endloop
  endfacet
  facet normal 1 0 0
    outer loop
      vertex 52 -10.66293922460509 0.8888595339607956
      vertex 52 -6.800000000000001 1.2
      vertex 52 -7.3852709660483855 1.2576441587903087
    endloop
  endfacet
  facet normal 1 0 0
    outer loop
      vertex 52 -10.66293922460509 0.8888595339607956
      vertex 52 -9.57163859753386 3.0519497029047304
      vertex 52 -9.742355841209692 3.6147290339516154
    endloop
  endfacet
  facet normal 1 0 0
    outer loop
      vertex 52 -10.66293922460509 0.8888595339607956
      vertex 52 -9.294408836907635 2.5332893009411936
      vertex 52 -9.57163859753386 3.0519497029047304
    endloop
  endfacet
  facet normal 1 0 0
    outer loop
      vertex 52 -10.66293922460509 0.8888595339607956
      vertex 52 -9.742355841209692 3.6147290339516154
      vertex 52 -9.8 4.2
    endloop
  endfacet
  facet normal 0 -1 0
    outer loop
      vertex 52 -11 2
      vertex 52 -11 15
      vertex 45.1 -11 2
    endloop
  endfacet
  facet normal 1 0 0
    outer loop
      vertex 52 -10.66293922460509 0.8888595339607956
      vertex 52 -11 15
      vertex 52 -11 2
    endloop
  endfacet
  facet normal 1 0 0
    outer loop
      vertex 52 -10.66293922460509 0.8888595339607956
      vertex 52 -9.8 4.2
      vertex 52 -10.111140466039204 16.66293922460509
    endloop
  endfacet
  facet normal 0 0 -1
    outer loop
      vertex 52 -9 0
      vertex 45.1 -9 0
      vertex 45.1 9 0
    endloop
  endfacet
  facet normal 1 0 0
    outer loop
      vertex 52 -10.66293922460509 0.8888595339607956
      vertex 52 -9 0
      vertex 52 10.111140466039204 0.33706077539490953
    endloop
  endfacet
  facet normal 1 0 0
    outer loop
      vertex 52 -10.66293922460509 0.8888595339607956
      vertex 52 6.800000000000001 1.2
      vertex 52 -6.800000000000001 1.2
    endloop
  endfacet
  facet normal 0 -0.9951847266721968 0.09801714032956084
    outer loop
      vertex 0 -11 15
      vertex 42.9 -11 15
      vertex 42.9 -10.96157056080646 15.390180644032256
    endloop
  endfacet
  facet normal 0 -0.9569403357322092 0.2902846772544611
    outer loop
      vertex 0 -10.96157056080646 15.390180644032256
      vertex 42.9 -10.96157056080646 15.390180644032256
      vertex 42.9 -10.847759065022574 15.76536686473018
    endloop
  endfacet
  facet normal 0 -0.881921264348353 0.4713967368260015
    outer loop
      vertex 0 -10.847759065022574 15.76536686473018
      vertex 42.9 -10.847759065022574 15.76536686473018
      vertex 42.9 -10.66293922460509 16.111140466039203
    endloop
  endfacet
  facet normal 0 -0.7730104533627414 0.6343932841636399
    outer loop
      vertex 0 -10.66293922460509 16.111140466039203
      vertex 42.9 -10.66293922460509 16.111140466039203
      vertex 42.9 -10.414213562373096 16.414213562373096
    endloop
  endfacet
  facet normal 0 -0.6343932841636423 0.7730104533627397
    outer loop
      vertex 0 -10.414213562373096 16.414213562373096
      vertex 42.9 -10.414213562373096 16.414213562373096
      vertex 42.9 -10.111140466039204 16.66293922460509
    endloop
  endfacet
  facet normal 0 -0.4713967368259961 0.8819212643483559
    outer loop
      vertex 0 -10.111140466039204 16.66293922460509
      vertex 42.9 -10.111140466039204 16.66293922460509
      vertex 42.9 -9.76536686473018 16.847759065022572
    endloop
  endfacet
  facet normal 0 -0.2902846772544653 0.9569403357322079
    outer loop
      vertex 0 -9.76536686473018 16.847759065022572
      vertex 42.9 -9.76536686473018 16.847759065022572
      vertex 42.9 -9.390180644032256 16.96157056080646
    endloop
  endfacet
  facet normal 0 -0.09801714032956084 0.9951847266721968
    outer loop
      vertex 0 -9.390180644032256 16.96157056080646
      vertex 42.9 -9.390180644032256 16.96157056080646
      vertex 42.9 -9 17
    endloop
  endfacet
  facet normal 0 0 1
    outer loop
      vertex 25.9326573908329 -1.960477961599827 17
      vertex 26.077980406582355 -2.0456906914711 17
      vertex 28.284161061048508 -0.7054031029343606 17
    endloop
  endfacet
  facet normal 0 0 1
    outer loop
      vertex 25.679828003048897 -1.733244000375271 17
      vertex 25.799939915537834 -1.8563290596008302 17
      vertex 28.284161061048508 -0.7054031029343606 17
    endloop
  endfacet
  facet normal 0 0 1
    outer loop
      vertex 25.799939915537834 -1.8563290596008302 17
      vertex 25.9326573908329 -1.960477961599827 17
      vertex 28.284161061048508 -0.7054031029343606 17
    endloop
  endfacet
  facet normal 0 0 1
    outer loop
      vertex 27.173695348203182 -2.160525305569172 17
      vertex 27.34714424610138 -2.114706939458847 17
      vertex 28.093434527516365 -1.4612261191010476 17
    endloop
  endfacet
  facet normal 0 0 1
    outer loop
      vertex 26.78532800078392 -2.197180001437664 17
      vertex 26.986423268914223 -2.188016323745251 17
      vertex 28.260320246219635 -0.9171032667160035 17
    endloop
  endfacet
  facet normal 0 0 1
    outer loop
      vertex 26.986423268914223 -2.188016323745251 17
      vertex 27.173695348203182 -2.160525305569172 17
      vertex 28.164956979453564 -1.295014774799347 17
    endloop
  endfacet
  facet normal 0 0 1
    outer loop
      vertex 26.23590897768736 -2.1119672641158105 17
      vertex 26.40644310414791 -2.159307672083378 17
      vertex 28.284161061048508 -0.7054031029343606 17
    endloop
  endfacet
  facet normal 0 0 1
    outer loop
      vertex 26.077980406582355 -2.0456906914711 17
      vertex 26.23590897768736 -2.1119672641158105 17
      vertex 28.284161061048508 -0.7054031029343606 17
    endloop
  endfacet
  facet normal 0 0 1
    outer loop
      vertex 26.40644310414791 -2.159307672083378 17
      vertex 26.58958277851343 -2.1877119153738023 17
      vertex 28.284161061048508 -0.7054031029343606 17
    endloop
  endfacet
  facet normal 0 0 1
    outer loop
      vertex 26.58958277851343 -2.1877119153738023 17
      vertex 26.78532800078392 -2.197180001437664 17
      vertex 28.284161061048508 -0.7054031029343606 17
    endloop
  endfacet
  facet normal 0 0 1
    outer loop
      vertex 26.96514791995287 -2.6542448163032533 17
      vertex 30.81277909874916 -2.6378642454743386 17
      vertex 27.1380248144269 -2.6379872620105744 17
    endloop
  endfacet
  facet normal 0 0 1
    outer loop
      vertex 27.1380248144269 -2.6379872620105744 17
      vertex 30.81277909874916 -2.6378642454743386 17
      vertex 27.30395869165659 -2.6108913481235505 17
    endloop
  endfacet
  facet normal 0 0 1
    outer loop
      vertex 27.30395869165659 -2.6108913481235505 17
      vertex 30.45283754914999 -2.572464978694916 17
      vertex 27.46294955164194 -2.5729570597410203 17
    endloop
  endfacet
  facet normal 0 0 1
    outer loop
      vertex 27.46294955164194 -2.5729570597410203 17
      vertex 30.45283754914999 -2.572464978694916 17
      vertex 27.614997386932373 -2.524184411764145 17
    endloop
  endfacet
  facet normal 0 0 1
    outer loop
      vertex 27.614997386932373 -2.524184411764145 17
      vertex 30.145631350576878 -2.463466203212738 17
      vertex 27.760102204978466 -2.4645733892917634 17
    endloop
  endfacet
  facet normal 0 0 1
    outer loop
      vertex 27.760102204978466 -2.4645733892917634 17
      vertex 30.145631350576878 -2.463466203212738 17
      vertex 27.89826399832964 -2.394123999774456 17
    endloop
  endfacet
  facet normal 0 0 1
    outer loop
      vertex 27.89826399832964 -2.394123999774456 17
      vertex 29.891160488128662 -2.3108679190278054 17
      vertex 28.028478860855103 -2.3135662883520127 17
    endloop
  endfacet
  facet normal 0 0 1
    outer loop
      vertex 28.028478860855103 -2.3135662883520127 17
      vertex 29.891160488128662 -2.3108679190278054 17
      vertex 28.149742856621742 -2.2236302852630616 17
    endloop
  endfacet
  facet normal 0 0 1
    outer loop
      vertex 28.149742856621742 -2.2236302852630616 17
      vertex 29.891160488128662 -2.3108679190278054 17
      vertex 28.26205600053072 -2.1243159979581834 17
    endloop
  endfacet
  facet normal 0 0 1
    outer loop
      vertex 28.26205600053072 -2.1243159979581834 17
      vertex 29.689424976706505 -2.1146701261401177 17
      vertex 28.365418285131454 -2.015623426437378 17
    endloop
  endfacet
  facet normal 0 0 1
    outer loop
      vertex 27.506769962608814 -2.050561225414276 17
      vertex 27.652572490274906 -1.9680881634354592 17
      vertex 27.902708001434803 -1.7481600031256677 17
    endloop
  endfacet
  facet normal 0 0 1
    outer loop
      vertex 27.34714424610138 -2.114706939458847 17
      vertex 27.506769962608814 -2.050561225414276 17
      vertex 28.093434527516365 -1.4612261191010476 17
    endloop
  endfacet
  facet normal 0 0 1
    outer loop
      vertex 27.652572490274906 -1.9680881634354592 17
      vertex 27.784551836550236 -1.8672877535223962 17
      vertex 27.902708001434803 -1.7481600031256677 17
    endloop
  endfacet
  facet normal 0 0 1
    outer loop
      vertex 27.506769962608814 -2.050561225414276 17
      vertex 27.902708001434803 -1.7481600031256677 17
      vertex 28.006018206477165 -1.6122745335102082 17
    endloop
  endfacet
  facet normal 0 0 1
    outer loop
      vertex 27.173695348203182 -2.160525305569172 17
      vertex 28.093434527516365 -1.4612261191010476 17
      vertex 28.164956979453564 -1.295014774799347 17
    endloop
  endfacet
  facet normal 0 0 1
    outer loop
      vertex 28.006018206477165 -1.6122745335102082 17
      vertex 28.093434527516365 -1.4612261191010476 17
      vertex 27.506769962608814 -2.050561225414276 17
    endloop
  endfacet
  facet normal 0 0 1
    outer loop
      vertex 26.986423268914223 -2.188016323745251 17
      vertex 28.164956979453564 -1.295014774799347 17
      vertex 28.2205855473876 -1.1136404931545258 17
    endloop
  endfacet
  facet normal 0 0 1
    outer loop
      vertex 26.986423268914223 -2.188016323745251 17
      vertex 28.2205855473876 -1.1136404931545258 17
      vertex 28.260320246219635 -0.9171032667160035 17
    endloop
  endfacet
  facet normal 0 0 1
    outer loop
      vertex 28.365418285131454 -2.015623426437378 17
      vertex 29.689424976706505 -2.1146701261401177 17
      vertex 28.459829717874527 -1.8975525707006455 17
    endloop
  endfacet
  facet normal 0 0 1
    outer loop
      vertex 29.540424816310406 -1.8748728170990945 17
      vertex 28.459829717874527 -1.8975525707006455 17
      vertex 29.689424976706505 -2.1146701261401177 17
    endloop
  endfacet
  facet normal 0 0 1
    outer loop
      vertex 28.545290283858776 -1.770103430747986 17
      vertex 28.459829717874527 -1.8975525707006455 17
      vertex 29.540424816310406 -1.8748728170990945 17
    endloop
  endfacet
  facet normal 0 0 1
    outer loop
      vertex 28.545290283858776 -1.770103430747986 17
      vertex 29.540424816310406 -1.8748728170990945 17
      vertex 28.621799997985363 -1.6332759991288186 17
    endloop
  endfacet
  facet normal 0 0 1
    outer loop
      vertex 28.688700653612614 -1.4884100392460824 17
      vertex 28.621799997985363 -1.6332759991288186 17
      vertex 29.444159999489784 -1.5914759993553163 17
    endloop
  endfacet
  facet normal 0 0 1
    outer loop
      vertex 29.444159999489784 -1.5914759993553163 17
      vertex 28.621799997985363 -1.6332759991288186 17
      vertex 29.540424816310406 -1.8748728170990945 17
    endloop
  endfacet
  facet normal 0 0 1
    outer loop
      vertex 25.411563590168953 -1.2755326539278031 17
      vertex 25.48472661525011 -1.4414395898580552 17
      vertex 28.284161061048508 -0.7054031029343606 17
    endloop
  endfacet
  facet normal 0 0 1
    outer loop
      vertex 25.574148081243038 -1.5940100386738778 17
      vertex 25.679828003048897 -1.733244000375271 17
      vertex 28.284161061048508 -0.7054031029343606 17
    endloop
  endfacet
  facet normal 0 0 1
    outer loop
      vertex 25.574148081243038 -1.5940100386738778 17
      vertex 28.284161061048508 -0.7054031029343606 17
      vertex 25.48472661525011 -1.4414395898580552 17
    endloop
  endfacet
  facet normal 0 0 1
    outer loop
      vertex 25.354659020900726 -1.096289223432541 17
      vertex 25.411563590168953 -1.2755326539278031 17
      vertex 28.284161061048508 -0.7054031029343606 17
    endloop
  endfacet
  facet normal 0 0 1
    outer loop
      vertex 25.31401289999485 -0.9037093058228494 17
      vertex 25.354659020900726 -1.096289223432541 17
      vertex 28.284161061048508 -0.7054031029343606 17
    endloop
  endfacet
  facet normal 0 0 1
    outer loop
      vertex 25.289625227451324 -0.6977929010987283 17
      vertex 25.31401289999485 -0.9037093058228494 17
      vertex 28.2921079993248 -0.4785400018095971 17
    endloop
  endfacet
  facet normal 0 0 1
    outer loop
      vertex 28.284161061048508 -0.7054031029343606 17
      vertex 28.2921079993248 -0.4785400018095971 17
      vertex 25.31401289999485 -0.9037093058228494 17
    endloop
  endfacet
  facet normal 0 0 1
    outer loop
      vertex 25.28149600327015 -0.4785400018095971 17
      vertex 25.289625227451324 -0.6977929010987283 17
      vertex 28.260079592466354 -0.05766294002532968 17
    endloop
  endfacet
  facet normal 0 0 1
    outer loop
      vertex 25.289533630013466 -0.2581682413816453 17
      vertex 25.28149600327015 -0.4785400018095971 17
      vertex 28.260079592466354 -0.05766294002532968 17
    endloop
  endfacet
  facet normal 0 0 1
    outer loop
      vertex 25.289625227451324 -0.6977929010987283 17
      vertex 28.2921079993248 -0.4785400018095971 17
      vertex 28.284100897610188 -0.26122130304574975 17
    endloop
  endfacet
  facet normal 0 0 1
    outer loop
      vertex 25.289625227451324 -0.6977929010987283 17
      vertex 28.284100897610188 -0.26122130304574975 17
      vertex 28.260079592466354 -0.05766294002532968 17
    endloop
  endfacet
  facet normal 0 0 1
    outer loop
      vertex 25.289533630013466 -0.2581682413816453 17
      vertex 28.260079592466354 -0.05766294002532968 17
      vertex 28.2200440838933 0.1321351021528243 17
    endloop
  endfacet
  facet normal 0 0 1
    outer loop
      vertex 26.78532800078392 -2.197180001437664 17
      vertex 28.260320246219635 -0.9171032667160035 17
      vertex 28.284161061048508 -0.7054031029343606 17
    endloop
  endfacet
  facet normal 0 0 1
    outer loop
      vertex 28.85337918251753 -0.8419584468007089 17
      vertex 29.993251264095306 -0.23190563023090371 17
      vertex 28.868817798793316 -0.6635986104607583 17
    endloop
  endfacet
  facet normal 0 0 1
    outer loop
      vertex 28.868817798793316 -0.6635986104607583 17
      vertex 29.868865959346294 -0.1122777149081231 17
      vertex 28.873963996767998 -0.4785400018095971 17
    endloop
  endfacet
  facet normal 0 0 1
    outer loop
      vertex 28.873963996767998 -0.4785400018095971 17
      vertex 29.800782695412636 -0.023372574150562375 17
      vertex 28.868878856301308 -0.2928824484348298 17
    endloop
  endfacet
  facet normal 0 0 1
    outer loop
      vertex 28.868878856301308 -0.2928824484348298 17
      vertex 29.744150206446648 0.07307543009519568 17
      vertex 28.853623427450657 -0.11441036909818658 17
    endloop
  endfacet
  facet normal 0 0 1
    outer loop
      vertex 27.30395869165659 -2.6108913481235505 17
      vertex 30.81277909874916 -2.6378642454743386 17
      vertex 30.45283754914999 -2.572464978694916 17
    endloop
  endfacet
  facet normal 0 0 1
    outer loop
      vertex 27.614997386932373 -2.524184411764145 17
      vertex 30.45283754914999 -2.572464978694916 17
      vertex 30.145631350576878 -2.463466203212738 17
    endloop
  endfacet
  facet normal 0 0 1
    outer loop
      vertex 26.96514791995287 -2.6542448163032533 17
      vertex 31.22545599937439 -2.6596640035510064 17
      vertex 30.81277909874916 -2.6378642454743386 17
    endloop
  endfacet
  facet normal 0 0 1
    outer loop
      vertex 27.89826399832964 -2.394123999774456 17
      vertex 30.145631350576878 -2.463466203212738 17
      vertex 29.891160488128662 -2.3108679190278054 17
    endloop
  endfacet
  facet normal 0 0 1
    outer loop
      vertex 28.26205600053072 -2.1243159979581834 17
      vertex 29.891160488128662 -2.3108679190278054 17
      vertex 29.689424976706505 -2.1146701261401177 17
    endloop
  endfacet
  facet normal 0 0 1
    outer loop
      vertex 29.996140003204346 -1.4810800015926362 17
      vertex 28.688700653612614 -1.4884100392460824 17
      vertex 29.444159999489784 -1.5914759993553163 17
    endloop
  endfacet
  facet normal 0 0 1
    outer loop
      vertex 28.688700653612614 -1.4884100392460824 17
      vertex 29.996140003204346 -1.4810800015926362 17
      vertex 32.396137960255146 -1.4119173869490624 17
    endloop
  endfacet
  facet normal 0 0 1
    outer loop
      vertex 30.11743453145027 -1.7688857972621919 17
      vertex 32.396137960255146 -1.4119173869490624 17
      vertex 30.068235345184803 -1.6811704471707345 17
    endloop
  endfacet
  facet normal 0 0 1
    outer loop
      vertex 30.068235345184803 -1.6811704471707345 17
      vertex 32.396137960255146 -1.4119173869490624 17
      vertex 30.02780383825302 -1.5852351844310761 17
    endloop
  endfacet
  facet normal 0 0 1
    outer loop
      vertex 29.996140003204346 -1.4810800015926362 17
      vertex 30.02780383825302 -1.5852351844310761 17
      vertex 32.396137960255146 -1.4119173869490624 17
    endloop
  endfacet
  facet normal 0 0 1
    outer loop
      vertex 30.70900195837021 -2.1571157559752465 17
      vertex 32.396137960255146 -1.4119173869490624 17
      vertex 30.597505062818527 -2.1245063677430154 17
    endloop
  endfacet
  facet normal 0 0 1
    outer loop
      vertex 30.40190800279379 -2.0375479966402055 17
      vertex 32.396137960255146 -1.4119173869490624 17
      vertex 30.317638121545315 -1.9827123269438744 17
    endloop
  endfacet
  facet normal 0 0 1
    outer loop
      vertex 30.242135919630527 -1.9196567371487618 17
      vertex 32.396137960255146 -1.4119173869490624 17
      vertex 30.175401389598846 -1.8483812272548676 17
    endloop
  endfacet
  facet normal 0 0 1
    outer loop
      vertex 30.317638121545315 -1.9827123269438744 17
      vertex 32.396137960255146 -1.4119173869490624 17
      vertex 30.242135919630527 -1.9196567371487618 17
    endloop
  endfacet
  facet normal 0 0 1
    outer loop
      vertex 30.597505062818527 -2.1245063677430154 17
      vertex 32.396137960255146 -1.4119173869490624 17
      vertex 30.49514041095972 -2.0846504479646684 17
    endloop
  endfacet
  facet normal 0 0 1
    outer loop
      vertex 30.49514041095972 -2.0846504479646684 17
      vertex 32.396137960255146 -1.4119173869490624 17
      vertex 30.40190800279379 -2.0375479966402055 17
    endloop
  endfacet
  facet normal 0 0 1
    outer loop
      vertex 30.829631105065346 -2.182478612661362 17
      vertex 32.396137960255146 -1.4119173869490624 17
      vertex 30.70900195837021 -2.1571157559752465 17
    endloop
  endfacet
  facet normal 0 0 1
    outer loop
      vertex 30.959392488002777 -2.200594937801361 17
      vertex 32.396137960255146 -1.4119173869490624 17
      vertex 30.829631105065346 -2.182478612661362 17
    endloop
  endfacet
  facet normal 0 0 1
    outer loop
      vertex 31.098286122083664 -2.2114647313952447 17
      vertex 32.396137960255146 -1.4119173869490624 17
      vertex 30.959392488002777 -2.200594937801361 17
    endloop
  endfacet
  facet normal 0 0 1
    outer loop
      vertex 31.246311999857426 -2.215088000893593 17
      vertex 32.396137960255146 -1.4119173869490624 17
      vertex 31.098286122083664 -2.2114647313952447 17
    endloop
  endfacet
  facet normal 0 0 1
    outer loop
      vertex 31.39888694137335 -2.2112213879823686 17
      vertex 32.396137960255146 -1.4119173869490624 17
      vertex 31.246311999857426 -2.215088000893593 17
    endloop
  endfacet
  facet normal 0 0 1
    outer loop
      vertex 30.175401389598846 -1.8483812272548676 17
      vertex 32.396137960255146 -1.4119173869490624 17
      vertex 30.11743453145027 -1.7688857972621919 17
    endloop
  endfacet
  facet normal 0 0 1
    outer loop
      vertex 28.688700653612614 -1.4884100392460824 17
      vertex 32.396137960255146 -1.4119173869490624 17
      vertex 32.39038383960724 -1.357844977080822 17
    endloop
  endfacet
  facet normal 0 0 1
    outer loop
      vertex 28.688700653612614 -1.4884100392460824 17
      vertex 32.39038383960724 -1.357844977080822 17
      vertex 32.38079363107681 -1.306938773393631 17
    endloop
  endfacet
  facet normal 0 0 1
    outer loop
      vertex 31.541169472038746 -2.1996215492486955 17
      vertex 32.396137960255146 -1.4119173869490624 17
      vertex 31.39888694137335 -2.2112213879823686 17
    endloop
  endfacet
  facet normal 0 0 1
    outer loop
      vertex 31.67315959185362 -2.1802884921431542 17
      vertex 32.396137960255146 -1.4119173869490624 17
      vertex 31.541169472038746 -2.1996215492486955 17
    endloop
  endfacet
  facet normal 0 0 1
    outer loop
      vertex 31.794857308268547 -2.1532222017645837 17
      vertex 32.396137960255146 -1.4119173869490624 17
      vertex 31.67315959185362 -2.1802884921431542 17
    endloop
  endfacet
  facet normal 0 0 1
    outer loop
      vertex 31.90626261383295 -2.118422693014145 17
      vertex 32.39193640649319 -1.570391020178795 17
      vertex 31.794857308268547 -2.1532222017645837 17
    endloop
  endfacet
  facet normal 0 0 1
    outer loop
      vertex 32.00737550854683 -2.0758899584412576 17
      vertex 32.37357763200998 -1.6643795132637025 17
      vertex 31.90626261383295 -2.118422693014145 17
    endloop
  endfacet
  facet normal 0 0 1
    outer loop
      vertex 32.09819599986076 -2.0256239980459214 17
      vertex 32.37357763200998 -1.6643795132637025 17
      vertex 32.00737550854683 -2.0758899584412576 17
    endloop
  endfacet
  facet normal 0 0 1
    outer loop
      vertex 32.17775069177151 -1.9678681626915933 17
      vertex 32.37357763200998 -1.6643795132637025 17
      vertex 32.09819599986076 -2.0256239980459214 17
    endloop
  endfacet
  facet normal 0 0 1
    outer loop
      vertex 32.245066203176975 -1.9028657957911492 17
      vertex 32.37357763200998 -1.6643795132637025 17
      vertex 32.17775069177151 -1.9678681626915933 17
    endloop
  endfacet
  facet normal 0 0 1
    outer loop
      vertex 32.398056000471115 -1.4691560029983521 17
      vertex 31.794857308268547 -2.1532222017645837 17
      vertex 32.39193640649319 -1.570391020178795 17
    endloop
  endfacet
  facet normal 0 0 1
    outer loop
      vertex 31.90626261383295 -2.118422693014145 17
      vertex 32.37357763200998 -1.6643795132637025 17
      vertex 32.39193640649319 -1.570391020178795 17
    endloop
  endfacet
  facet normal 0 0 1
    outer loop
      vertex 32.30014253407717 -1.8306168973445893 17
      vertex 32.37357763200998 -1.6643795132637025 17
      vertex 32.245066203176975 -1.9028657957911492 17
    endloop
  endfacet
  facet normal 0 0 1
    outer loop
      vertex 32.30014253407717 -1.8306168973445893 17
      vertex 32.3429796770215 -1.7511214673519135 17
      vertex 32.37357763200998 -1.6643795132637025 17
    endloop
  endfacet
  facet normal 0 0 1
    outer loop
      vertex 31.794857308268547 -2.1532222017645837 17
      vertex 32.398056000471115 -1.4691560029983521 17
      vertex 32.396137960255146 -1.4119173869490624 17
    endloop
  endfacet
  facet normal 0 0 1
    outer loop
      vertex 28.688700653612614 -1.4884100392460824 17
      vertex 30.522759839892387 -0.502859427034855 17
      vertex 28.74530889838934 -1.3368453070521356 17
    endloop
  endfacet
  facet normal 0 0 1
    outer loop
      vertex 28.74530889838934 -1.3368453070521356 17
      vertex 30.355663999915123 -0.43977600187063226 17
      vertex 28.79162473231554 -1.1785817950963975 17
    endloop
  endfacet
  facet normal 0 0 1
    outer loop
      vertex 28.79162473231554 -1.1785817950963975 17
      vertex 30.21708734333515 -0.37462367713451394 17
      vertex 28.827648162841797 -1.0136195108294488 17
    endloop
  endfacet
  facet normal 0 0 1
    outer loop
      vertex 28.827648162841797 -1.0136195108294488 17
      vertex 30.096283100545406 -0.30533355325460443 17
      vertex 28.85337918251753 -0.8419584468007089 17
    endloop
  endfacet
  facet normal 0 0 1
    outer loop
      vertex 28.688700653612614 -1.4884100392460824 17
      vertex 30.729071348905563 -0.5659428596496583 17
      vertex 30.62101363390684 -0.5344011396169663 17
    endloop
  endfacet
  facet normal 0 0 1
    outer loop
      vertex 28.74530889838934 -1.3368453070521356 17
      vertex 30.43430995941162 -0.4713177144527436 17
      vertex 30.355663999915123 -0.43977600187063226 17
    endloop
  endfacet
  facet normal 0 0 1
    outer loop
      vertex 28.688700653612614 -1.4884100392460824 17
      vertex 30.62101363390684 -0.5344011396169663 17
      vertex 30.522759839892387 -0.502859427034855 17
    endloop
  endfacet
  facet normal 0 0 1
    outer loop
      vertex 30.43430995941162 -0.4713177144527436 17
      vertex 28.74530889838934 -1.3368453070521356 17
      vertex 30.522759839892387 -0.502859427034855 17
    endloop
  endfacet
  facet normal 0 0 1
    outer loop
      vertex 28.688700653612614 -1.4884100392460824 17
      vertex 31.763547264039516 -0.817510610818863 17
      vertex 31.70022138953209 -0.7996726542711259 17
    endloop
  endfacet
  facet normal 0 0 1
    outer loop
      vertex 28.688700653612614 -1.4884100392460824 17
      vertex 31.824193634092808 -0.8364458739757539 17
      vertex 31.763547264039516 -0.817510610818863 17
    endloop
  endfacet
  facet normal 0 0 1
    outer loop
      vertex 28.688700653612614 -1.4884100392460824 17
      vertex 31.990055672824383 -0.8998355105519296 17
      vertex 31.93744783848524 -0.8776083275675775 17
    endloop
  endfacet
  facet normal 0 0 1
    outer loop
      vertex 28.688700653612614 -1.4884100392460824 17
      vertex 31.882160492241383 -0.8564784511923791 17
      vertex 31.824193634092808 -0.8364458739757539 17
    endloop
  endfacet
  facet normal 0 0 1
    outer loop
      vertex 28.688700653612614 -1.4884100392460824 17
      vertex 31.93744783848524 -0.8776083275675775 17
      vertex 31.882160492241383 -0.8564784511923791 17
    endloop
  endfacet
  facet normal 0 0 1
    outer loop
      vertex 28.688700653612614 -1.4884100392460824 17
      vertex 30.846932977437973 -0.5974845722317697 17
      vertex 30.729071348905563 -0.5659428596496583 17
    endloop
  endfacet
  facet normal 0 0 1
    outer loop
      vertex 28.688700653612614 -1.4884100392460824 17
      vertex 30.97459852695465 -0.629026284813881 17
      vertex 30.846932977437973 -0.5974845722317697 17
    endloop
  endfacet
  facet normal 0 0 1
    outer loop
      vertex 28.688700653612614 -1.4884100392460824 17
      vertex 31.112067997455597 -0.6605679973959924 17
      vertex 30.97459852695465 -0.629026284813881 17
    endloop
  endfacet
  facet normal 0 0 1
    outer loop
      vertex 28.688700653612614 -1.4884100392460824 17
      vertex 31.271606609225273 -0.6973519980907441 17
      vertex 31.192872650921345 -0.6791422873735429 17
    endloop
  endfacet
  facet normal 0 0 1
    outer loop
      vertex 28.688700653612614 -1.4884100392460824 17
      vertex 31.348269879817963 -0.7151971444487573 17
      vertex 31.271606609225273 -0.6973519980907441 17
    endloop
  endfacet
  facet normal 0 0 1
    outer loop
      vertex 28.688700653612614 -1.4884100392460824 17
      vertex 31.192872650921345 -0.6791422873735429 17
      vertex 31.112067997455597 -0.6605679973959924 17
    endloop
  endfacet
  facet normal 0 0 1
    outer loop
      vertex 28.688700653612614 -1.4884100392460824 17
      vertex 31.495384328067303 -0.7497937142848969 17
      vertex 31.422862447798252 -0.7326777115464211 17
    endloop
  endfacet
  facet normal 0 0 1
    outer loop
      vertex 28.688700653612614 -1.4884100392460824 17
      vertex 31.422862447798252 -0.7326777115464211 17
      vertex 31.348269879817963 -0.7151971444487573 17
    endloop
  endfacet
  facet normal 0 0 1
    outer loop
      vertex 28.688700653612614 -1.4884100392460824 17
      vertex 31.565835513174534 -0.7665451452136041 17
      vertex 31.495384328067303 -0.7497937142848969 17
    endloop
  endfacet
  facet normal 0 0 1
    outer loop
      vertex 28.688700653612614 -1.4884100392460824 17
      vertex 31.634216003119946 -0.7829319968819619 17
      vertex 31.565835513174534 -0.7665451452136041 17
    endloop
  endfacet
  facet normal 0 0 1
    outer loop
      vertex 28.688700653612614 -1.4884100392460824 17
      vertex 31.70022138953209 -0.7996726542711259 17
      vertex 31.634216003119946 -0.7829319968819619 17
    endloop
  endfacet
  facet normal 0 0 1
    outer loop
      vertex 28.85337918251753 -0.8419584468007089 17
      vertex 30.0425456315279 -0.2691368147730828 17
      vertex 29.993251264095306 -0.23190563023090371 17
    endloop
  endfacet
  facet normal 0 0 1
    outer loop
      vertex 29.948399998247623 -0.1936399996280671 17
      vertex 28.868817798793316 -0.6635986104607583 17
      vertex 29.993251264095306 -0.23190563023090371 17
    endloop
  endfacet
  facet normal 0 0 1
    outer loop
      vertex 28.79162473231554 -1.1785817950963975 17
      vertex 30.284154124557972 -0.40771706253290185 17
      vertex 30.21708734333515 -0.37462367713451394 17
    endloop
  endfacet
  facet normal 0 0 1
    outer loop
      vertex 28.79162473231554 -1.1785817950963975 17
      vertex 30.355663999915123 -0.43977600187063226 17
      vertex 30.284154124557972 -0.40771706253290185 17
    endloop
  endfacet
  facet normal 0 0 1
    outer loop
      vertex 28.827648162841797 -1.0136195108294488 17
      vertex 30.21708734333515 -0.37462367713451394 17
      vertex 30.154463671147823 -0.34049583822488794 17
    endloop
  endfacet
  facet normal 0 0 1
    outer loop
      vertex 28.827648162841797 -1.0136195108294488 17
      vertex 30.154463671147823 -0.34049583822488794 17
      vertex 30.096283100545406 -0.30533355325460443 17
    endloop
  endfacet
  facet normal 0 0 1
    outer loop
      vertex 30.0425456315279 -0.2691368147730828 17
      vertex 28.85337918251753 -0.8419584468007089 17
      vertex 30.096283100545406 -0.30533355325460443 17
    endloop
  endfacet
  facet normal 0 0 1
    outer loop
      vertex 28.868817798793316 -0.6635986104607583 17
      vertex 29.907201632857323 -0.15390171706676492 17
      vertex 29.868865959346294 -0.1122777149081231 17
    endloop
  endfacet
  facet normal 0 0 1
    outer loop
      vertex 28.868817798793316 -0.6635986104607583 17
      vertex 29.948399998247623 -0.1936399996280671 17
      vertex 29.907201632857323 -0.15390171706676492 17
    endloop
  endfacet
  facet normal 0 0 1
    outer loop
      vertex 28.873963996767998 -0.4785400018095971 17
      vertex 29.868865959346294 -0.1122777149081231 17
      vertex 29.83339297771454 -0.06876800060272226 17
    endloop
  endfacet
  facet normal 0 0 1
    outer loop
      vertex 28.873963996767998 -0.4785400018095971 17
      vertex 29.83339297771454 -0.06876800060272226 17
      vertex 29.800782695412636 -0.023372574150562375 17
    endloop
  endfacet
  facet normal 0 0 1
    outer loop
      vertex 28.868878856301308 -0.2928824484348298 17
      vertex 29.800782695412636 -0.023372574150562375 17
      vertex 29.771035104990005 0.023908571898937137 17
    endloop
  endfacet
  facet normal 0 0 1
    outer loop
      vertex 28.868878856301308 -0.2928824484348298 17
      vertex 29.771035104990005 0.023908571898937137 17
      vertex 29.744150206446648 0.07307543009519568 17
    endloop
  endfacet
  facet normal 0 0 1
    outer loop
      vertex 28.688700653612614 -1.4884100392460824 17
      vertex 32.27566596120596 -1.0992318376898766 17
      vertex 32.24415297806263 -1.065315915644169 17
    endloop
  endfacet
  facet normal 0 0 1
    outer loop
      vertex 28.688700653612614 -1.4884100392460824 17
      vertex 32.38079363107681 -1.306938773393631 17
      vertex 32.36736734956503 -1.2591987758874894 17
    endloop
  endfacet
  facet normal 0 0 1
    outer loop
      vertex 28.688700653612614 -1.4884100392460824 17
      vertex 32.35010498017073 -1.2146249771118165 17
      vertex 32.329006530344486 -1.173217384517193 17
    endloop
  endfacet
  facet normal 0 0 1
    outer loop
      vertex 28.688700653612614 -1.4884100392460824 17
      vertex 32.36736734956503 -1.2591987758874894 17
      vertex 32.35010498017073 -1.2146249771118165 17
    endloop
  endfacet
  facet normal 0 0 1
    outer loop
      vertex 28.688700653612614 -1.4884100392460824 17
      vertex 32.329006530344486 -1.173217384517193 17
      vertex 32.30407200008631 -1.1349759981036187 17
    endloop
  endfacet
  facet normal 0 0 1
    outer loop
      vertex 28.688700653612614 -1.4884100392460824 17
      vertex 32.30407200008631 -1.1349759981036187 17
      vertex 32.27566596120596 -1.0992318376898766 17
    endloop
  endfacet
  facet normal 0 0 1
    outer loop
      vertex 28.688700653612614 -1.4884100392460824 17
      vertex 32.08703166991472 -0.9479346930980683 17
      vertex 32.03998400270939 -0.9231600001454354 17
    endloop
  endfacet
  facet normal 0 0 1
    outer loop
      vertex 28.688700653612614 -1.4884100392460824 17
      vertex 32.130972407758236 -0.9745376318693162 17
      vertex 32.08703166991472 -0.9479346930980683 17
    endloop
  endfacet
  facet normal 0 0 1
    outer loop
      vertex 28.688700653612614 -1.4884100392460824 17
      vertex 32.2095330581069 -1.0332282468676568 17
      vertex 32.17180620133877 -1.002968816459179 17
    endloop
  endfacet
  facet normal 0 0 1
    outer loop
      vertex 28.688700653612614 -1.4884100392460824 17
      vertex 32.24415297806263 -1.065315915644169 17
      vertex 32.2095330581069 -1.0332282468676568 17
    endloop
  endfacet
  facet normal 0 0 1
    outer loop
      vertex 28.688700653612614 -1.4884100392460824 17
      vertex 32.17180620133877 -1.002968816459179 17
      vertex 32.130972407758236 -0.9745376318693162 17
    endloop
  endfacet
  facet normal 0 0 1
    outer loop
      vertex 28.688700653612614 -1.4884100392460824 17
      vertex 32.03998400270939 -0.9231600001454354 17
      vertex 31.990055672824383 -0.8998355105519296 17
    endloop
  endfacet
  facet normal 0 0 1
    outer loop
      vertex 31.91698783636093 -0.31409493684768686 17
      vertex 32.30257599800825 0.6015720009803771 17
      vertex 31.863675102591515 -0.2990550234913827 17
    endloop
  endfacet
  facet normal 0 0 1
    outer loop
      vertex 31.96963069587946 -0.32986579686403283 17
      vertex 32.30257599800825 0.6015720009803771 17
      vertex 31.91698783636093 -0.31409493684768686 17
    endloop
  endfacet
  facet normal 0 0 1
    outer loop
      vertex 32.12353999912739 -0.38156399726867685 17
      vertex 32.30257599800825 0.6015720009803771 17
      vertex 32.07290677726269 -0.36360032707452783 17
    endloop
  endfacet
  facet normal 0 0 1
    outer loop
      vertex 32.02160367369652 -0.3463675886392594 17
      vertex 32.30257599800825 0.6015720009803771 17
      vertex 31.96963069587946 -0.32986579686403283 17
    endloop
  endfacet
  facet normal 0 0 1
    outer loop
      vertex 32.07290677726269 -0.36360032707452783 17
      vertex 32.30257599800825 0.6015720009803771 17
      vertex 32.02160367369652 -0.3463675886392594 17
    endloop
  endfacet
  facet normal 0 0 1
    outer loop
      vertex 32.222308330237865 -0.42005053013563165 17
      vertex 32.30257599800825 0.6015720009803771 17
      vertex 32.173381224274635 -0.40035020411014566 17
    endloop
  endfacet
  facet normal 0 0 1
    outer loop
      vertex 32.173381224274635 -0.40035020411014566 17
      vertex 32.30257599800825 0.6015720009803771 17
      vertex 32.12353999912739 -0.38156399726867685 17
    endloop
  endfacet
  facet normal 0 0 1
    outer loop
      vertex 32.31742016226053 -0.4621935546398164 17
      vertex 32.86353199928999 0.7000440001487731 17
      vertex 32.2703213095665 -0.4406649827957154 17
    endloop
  endfacet
  facet normal 0 0 1
    outer loop
      vertex 32.2703213095665 -0.4406649827957154 17
      vertex 32.86353199928999 0.7000440001487731 17
      vertex 32.222308330237865 -0.42005053013563165 17
    endloop
  endfacet
  facet normal 0 0 1
    outer loop
      vertex 42.9 -9 17
      vertex 37.05594000220299 -2.6 17
      vertex 33.744015999138355 -2.6 17
    endloop
  endfacet
  facet normal 0 0 1
    outer loop
      vertex 31.865647919476032 -2.6010236725211144 17
      vertex 33.744015999138355 -2.6 17
      vertex 32.048719346523285 -2.5554145336151124 17
    endloop
  endfacet
  facet normal 0 0 1
    outer loop
      vertex 32.048719346523285 -2.5554145336151124 17
      vertex 33.744015999138355 -2.6 17
      vertex 32.21662783622742 -2.4967742025852204 17
    endloop
  endfacet
  facet normal 0 0 1
    outer loop
      vertex 32.21662783622742 -2.4967742025852204 17
      vertex 33.744015999138355 -2.6 17
      vertex 32.36937338858843 -2.4251026943325997 17
    endloop
  endfacet
  facet normal 0 0 1
    outer loop
      vertex 32.36937338858843 -2.4251026943325997 17
      vertex 33.744015999138355 -2.6 17
      vertex 32.50695600360632 -2.3404000014066697 17
    endloop
  endfacet
  facet normal 0 0 1
    outer loop
      vertex 32.50695600360632 -2.3404000014066697 17
      vertex 33.744015999138355 -2.6 17
      vertex 32.62768302112818 -2.2438235938549043 17
    endloop
  endfacet
  facet normal 0 0 1
    outer loop
      vertex 32.62768302112818 -2.2438235938549043 17
      vertex 33.744015999138355 -2.6 17
      vertex 32.72983665019274 -2.1365309417247773 17
    endloop
  endfacet
  facet normal 0 0 1
    outer loop
      vertex 32.72983665019274 -2.1365309417247773 17
      vertex 33.744015999138355 -2.6 17
      vertex 32.81341689825058 -2.0185220375657082 17
    endloop
  endfacet
  facet normal 0 0 1
    outer loop
      vertex 32.81341689825058 -2.0185220375657082 17
      vertex 33.744015999138355 -2.6 17
      vertex 32.878423757851124 -1.8897968962788583 17
    endloop
  endfacet
  facet normal 0 0 1
    outer loop
      vertex 32.878423757851124 -1.8897968962788583 17
      vertex 33.744015999138355 -2.6 17
      vertex 32.92485722154379 -1.7503555104136468 17
    endloop
  endfacet
  facet normal 0 0 1
    outer loop
      vertex 32.92485722154379 -1.7503555104136468 17
      vertex 33.744015999138355 -2.6 17
      vertex 32.952717304229736 -1.6001978799700738 17
    endloop
  endfacet
  facet normal 0 0 1
    outer loop
      vertex 32.962003998458385 -1.4393239974975587 17
      vertex 32.952717304229736 -1.6001978799700738 17
      vertex 33.744015999138355 -2.6 17
    endloop
  endfacet
  facet normal 0 0 1
    outer loop
      vertex 32.962003998458385 -1.4393239974975587 17
      vertex 33.744015999138355 -2.6 17
      vertex 32.96069477498531 -1.374894528090954 17
    endloop
  endfacet
  facet normal 0 0 1
    outer loop
      vertex 32.96069477498531 -1.374894528090954 17
      vertex 33.744015999138355 -2.6 17
      vertex 32.9567671045661 -1.3129021212458611 17
    endloop
  endfacet
  facet normal 0 0 1
    outer loop
      vertex 32.9567671045661 -1.3129021212458611 17
      vertex 33.744015999138355 -2.6 17
      vertex 32.950220979750156 -1.2533467769622804 17
    endloop
  endfacet
  facet normal 0 0 1
    outer loop
      vertex 32.94105640798807 -1.196228487789631 17
      vertex 33.744015999138355 -2.6 17
      vertex 32.92927338927984 -1.1415472686290742 17
    endloop
  endfacet
  facet normal 0 0 1
    outer loop
      vertex 32.950220979750156 -1.2533467769622804 17
      vertex 33.744015999138355 -2.6 17
      vertex 32.94105640798807 -1.196228487789631 17
    endloop
  endfacet
  facet normal 0 0 1
    outer loop
      vertex 32.92927338927984 -1.1415472686290742 17
      vertex 33.744015999138355 -2.6 17
      vertex 32.91487191617489 -1.0893031045794488 17
    endloop
  endfacet
  facet normal 0 0 1
    outer loop
      vertex 32.91487191617489 -1.0893031045794488 17
      vertex 33.744015999138355 -2.6 17
      vertex 32.89785200357437 -1.0394960030913354 17
    endloop
  endfacet
  facet normal 0 0 1
    outer loop
      vertex 32.878518037498 -0.9918206542730332 17
      vertex 33.744015999138355 -2.6 17
      vertex 32.85717444866896 -0.9459717556834222 17
    endloop
  endfacet
  facet normal 0 0 1
    outer loop
      vertex 32.89785200357437 -1.0394960030913354 17
      vertex 33.744015999138355 -2.6 17
      vertex 32.878518037498 -0.9918206542730332 17
    endloop
  endfacet
  facet normal 0 0 1
    outer loop
      vertex 32.85717444866896 -0.9459717556834222 17
      vertex 33.744015999138355 -2.6 17
      vertex 32.83382122218609 -0.9019493073225022 17
    endloop
  endfacet
  facet normal 0 0 1
    outer loop
      vertex 32.83382122218609 -0.9019493073225022 17
      vertex 33.744015999138355 -2.6 17
      vertex 32.86353199928999 0.7000440001487731 17
    endloop
  endfacet
  facet normal 0 0 1
    outer loop
      vertex 32.83382122218609 -0.9019493073225022 17
      vertex 32.86353199928999 0.7000440001487731 17
      vertex 32.80845836549997 -0.8597533091902734 17
    endloop
  endfacet
  facet normal 0 0 1
    outer loop
      vertex 32.61571951210499 -0.6438120812177659 17
      vertex 32.86353199928999 0.7000440001487731 17
      vertex 32.57756522297859 -0.6135463699698449 17
    endloop
  endfacet
  facet normal 0 0 1
    outer loop
      vertex 32.78108587861061 -0.819383753836155 17
      vertex 32.86353199928999 0.7000440001487731 17
      vertex 32.75170375406742 -0.7808406561613084 17
    endloop
  endfacet
  facet normal 0 0 1
    outer loop
      vertex 32.75170375406742 -0.7808406561613084 17
      vertex 32.86353199928999 0.7000440001487731 17
      vertex 32.720311999320984 -0.7441240012645722 17
    endloop
  endfacet
  facet normal 0 0 1
    outer loop
      vertex 32.80845836549997 -0.8597533091902734 17
      vertex 32.86353199928999 0.7000440001487731 17
      vertex 32.78108587861061 -0.819383753836155 17
    endloop
  endfacet
  facet normal 0 0 1
    outer loop
      vertex 32.687092900276184 -0.7091009005904199 17
      vertex 32.86353199928999 0.7000440001487731 17
      vertex 32.652228735387325 -0.6756635889410973 17
    endloop
  endfacet
  facet normal 0 0 1
    outer loop
      vertex 32.720311999320984 -0.7441240012645722 17
      vertex 32.86353199928999 0.7000440001487731 17
      vertex 32.687092900276184 -0.7091009005904199 17
    endloop
  endfacet
  facet normal 0 0 1
    outer loop
      vertex 32.652228735387325 -0.6756635889410973 17
      vertex 32.86353199928999 0.7000440001487731 17
      vertex 32.61571951210499 -0.6438120812177659 17
    endloop
  endfacet
  facet normal 0 0 1
    outer loop
      vertex 32.40887551009655 -0.5079930633306504 17
      vertex 32.86353199928999 0.7000440001487731 17
      vertex 32.36360489577055 -0.4846362456679345 17
    endloop
  endfacet
  facet normal 0 0 1
    outer loop
      vertex 32.45323199778795 -0.5322640001773835 17
      vertex 32.86353199928999 0.7000440001487731 17
      vertex 32.40887551009655 -0.5079930633306504 17
    endloop
  endfacet
  facet normal 0 0 1
    outer loop
      vertex 32.496321469545364 -0.5577723294496537 17
      vertex 32.86353199928999 0.7000440001487731 17
      vertex 32.45323199778795 -0.5322640001773835 17
    endloop
  endfacet
  facet normal 0 0 1
    outer loop
      vertex 32.53776587545872 -0.5848664477467538 17
      vertex 32.86353199928999 0.7000440001487731 17
      vertex 32.496321469545364 -0.5577723294496537 17
    endloop
  endfacet
  facet normal 0 0 1
    outer loop
      vertex 32.57756522297859 -0.6135463699698449 17
      vertex 32.86353199928999 0.7000440001487731 17
      vertex 32.53776587545872 -0.5848664477467538 17
    endloop
  endfacet
  facet normal 0 0 1
    outer loop
      vertex 32.36360489577055 -0.4846362456679345 17
      vertex 32.86353199928999 0.7000440001487731 17
      vertex 32.31742016226053 -0.4621935546398164 17
    endloop
  endfacet
  facet normal 0 0 1
    outer loop
      vertex 33.744015999138355 -2.6 17
      vertex 33.744015999138355 1.6041120007634162 17
      vertex 32.86353199928999 0.7000440001487731 17
    endloop
  endfacet
  facet normal 0 0 1
    outer loop
      vertex 34.313904002308846 -2.1345240011811257 17
      vertex 36.75458399951458 -0.6694999992847444 17
      vertex 34.313904002308846 -0.6694999992847444 17
    endloop
  endfacet
  facet normal 0 0 1
    outer loop
      vertex 34.313904002308846 -2.1345240011811257 17
      vertex 37.05594000220299 -2.1345240011811257 17
      vertex 36.75458399951458 -0.6694999992847444 17
    endloop
  endfacet
  facet normal 0 -1 0
    outer loop
      vertex 52 -11 15
      vertex 45.1 -11 15
      vertex 45.1 -11 2
    endloop
  endfacet
  facet normal 1 0 0
    outer loop
      vertex 52 -10.66293922460509 0.8888595339607956
      vertex 52 -10.111140466039204 16.66293922460509
      vertex 52 -11 15
    endloop
  endfacet
  facet normal 1 0 0
    outer loop
      vertex 52 -9.8 4.2
      vertex 52 -9.8 12.799999999999999
      vertex 52 -10.111140466039204 16.66293922460509
    endloop
  endfacet
  facet normal 1 0 0
    outer loop
      vertex 52 -9.8 12.799999999999999
      vertex 52 -9.742355841209692 13.385270966048385
      vertex 52 -10.111140466039204 16.66293922460509
    endloop
  endfacet
  facet normal 1 0 0
    outer loop
      vertex 52 -9.742355841209692 13.385270966048385
      vertex 52 -9.57163859753386 13.948050297095268
      vertex 52 -10.111140466039204 16.66293922460509
    endloop
  endfacet
  facet normal 0 -0.9951847266721968 0.09801714032956084
    outer loop
      vertex 52 -10.96157056080646 15.390180644032256
      vertex 45.1 -10.96157056080646 15.390180644032256
      vertex 45.1 -11 15
    endloop
  endfacet
  facet normal 0 -0.9569403357322093 0.2902846772544611
    outer loop
      vertex 52 -10.847759065022574 15.76536686473018
      vertex 45.1 -10.847759065022574 15.76536686473018
      vertex 45.1 -10.96157056080646 15.390180644032256
    endloop
  endfacet
  facet normal 0 -0.8819212643483529 0.47139673682600136
    outer loop
      vertex 52 -10.66293922460509 16.111140466039203
      vertex 45.1 -10.66293922460509 16.111140466039203
      vertex 45.1 -10.847759065022574 15.76536686473018
    endloop
  endfacet
  facet normal 0 -0.7730104533627414 0.63439328416364
    outer loop
      vertex 52 -10.414213562373096 16.414213562373096
      vertex 45.1 -10.414213562373096 16.414213562373096
      vertex 45.1 -10.66293922460509 16.111140466039203
    endloop
  endfacet
  facet normal 0 -0.6343932841636423 0.7730104533627397
    outer loop
      vertex 52 -10.111140466039204 16.66293922460509
      vertex 45.1 -10.111140466039204 16.66293922460509
      vertex 45.1 -10.414213562373096 16.414213562373096
    endloop
  endfacet
  facet normal 0 -0.47139673682599603 0.8819212643483559
    outer loop
      vertex 52 -9.76536686473018 16.847759065022572
      vertex 45.1 -9.76536686473018 16.847759065022572
      vertex 45.1 -10.111140466039204 16.66293922460509
    endloop
  endfacet
  facet normal 0 -0.29028467725446533 0.9569403357322079
    outer loop
      vertex 52 -9.390180644032256 16.96157056080646
      vertex 45.1 -9.390180644032256 16.96157056080646
      vertex 45.1 -9.76536686473018 16.847759065022572
    endloop
  endfacet
  facet normal 0 -0.09801714032956084 0.9951847266721968
    outer loop
      vertex 52 -9 17
      vertex 45.1 -9 17
      vertex 45.1 -9.390180644032256 16.96157056080646
    endloop
  endfacet
  facet normal 0 0 1
    outer loop
      vertex 45.1 -9 17
      vertex 50.146017825062295 -8.45458856757294 17
      vertex 50.0375 -8.401073498500606 17
    endloop
  endfacet
  facet normal 0 0 1
    outer loop
      vertex 45.1 -9 17
      vertex 50.26059238328017 -8.493481389317388 17
      vertex 50.146017825062295 -8.45458856757294 17
    endloop
  endfacet
  facet normal 0 0 1
    outer loop
      vertex 45.1 -9 17
      vertex 50.5 -8.525 17
      vertex 50.379263272196454 -8.517086496770775 17
    endloop
  endfacet
  facet normal 0 0 1
    outer loop
      vertex 45.1 -9 17
      vertex 50.620736727803546 -8.517086496770775 17
      vertex 50.5 -8.525 17
    endloop
  endfacet
  facet normal 0 0 1
    outer loop
      vertex 45.1 -9 17
      vertex 50.379263272196454 -8.517086496770775 17
      vertex 50.26059238328017 -8.493481389317388 17
    endloop
  endfacet
  facet normal 0 0 1
    outer loop
      vertex 45.1 -9 17
      vertex 49.936895678166934 -8.333851839769393 17
      vertex 49.845926227402444 -8.254073772597557 17
    endloop
  endfacet
  facet normal 0 0 1
    outer loop
      vertex 45.1 -9 17
      vertex 49.845926227402444 -8.254073772597557 17
      vertex 49.76614816023061 -8.163104321833067 17
    endloop
  endfacet
  facet normal 0 0 1
    outer loop
      vertex 45.1 -9 17
      vertex 49.64541143242706 -7.953982174937709 17
      vertex 49.60651861068261 -7.839407616719832 17
    endloop
  endfacet
  facet normal 0 0 1
    outer loop
      vertex 45.1 -9 17
      vertex 49.76614816023061 -8.163104321833067 17
      vertex 49.69892650149939 -8.0625 17
    endloop
  endfacet
  facet normal 0 0 1
    outer loop
      vertex 45.1 -9 17
      vertex 49.69892650149939 -8.0625 17
      vertex 49.64541143242706 -7.953982174937709 17
    endloop
  endfacet
  facet normal 0 0 1
    outer loop
      vertex 45.1 -9 17
      vertex 50.0375 -8.401073498500606 17
      vertex 49.936895678166934 -8.333851839769393 17
    endloop
  endfacet
  facet normal 0 -0.9951847266721968 0.09801714032956084
    outer loop
      vertex 52 -11 15
      vertex 52 -10.96157056080646 15.390180644032256
      vertex 45.1 -11 15
    endloop
  endfacet
  facet normal 0 -0.9569403357322093 0.2902846772544611
    outer loop
      vertex 52 -10.96157056080646 15.390180644032256
      vertex 52 -10.847759065022574 15.76536686473018
      vertex 45.1 -10.96157056080646 15.390180644032256
    endloop
  endfacet
  facet normal 0 -0.8819212643483529 0.47139673682600136
    outer loop
      vertex 52 -10.847759065022574 15.76536686473018
      vertex 52 -10.66293922460509 16.111140466039203
      vertex 45.1 -10.847759065022574 15.76536686473018
    endloop
  endfacet
  facet normal 1 0 0
    outer loop
      vertex 52 -11 15
      vertex 52 -10.847759065022574 15.76536686473018
      vertex 52 -10.96157056080646 15.390180644032256
    endloop
  endfacet
  facet normal 1 0 0
    outer loop
      vertex 52 -11 15
      vertex 52 -10.111140466039204 16.66293922460509
      vertex 52 -10.847759065022574 15.76536686473018
    endloop
  endfacet
  facet normal 1 0 0
    outer loop
      vertex 52 -9.57163859753386 13.948050297095268
      vertex 52 -9.294408836907635 14.466710699058805
      vertex 52 -10.111140466039204 16.66293922460509
    endloop
  endfacet
  facet normal 0 -0.7730104533627414 0.63439328416364
    outer loop
      vertex 52 -10.66293922460509 16.111140466039203
      vertex 52 -10.414213562373096 16.414213562373096
      vertex 45.1 -10.66293922460509 16.111140466039203
    endloop
  endfacet
  facet normal 0 -0.6343932841636423 0.7730104533627397
    outer loop
      vertex 52 -10.414213562373096 16.414213562373096
      vertex 52 -10.111140466039204 16.66293922460509
      vertex 45.1 -10.414213562373096 16.414213562373096
    endloop
  endfacet
  facet normal 0 -0.47139673682599603 0.8819212643483559
    outer loop
      vertex 52 -10.111140466039204 16.66293922460509
      vertex 52 -9.76536686473018 16.847759065022572
      vertex 45.1 -10.111140466039204 16.66293922460509
    endloop
  endfacet
  facet normal 0 -0.29028467725446533 0.9569403357322079
    outer loop
      vertex 52 -9.76536686473018 16.847759065022572
      vertex 52 -9.390180644032256 16.96157056080646
      vertex 45.1 -9.76536686473018 16.847759065022572
    endloop
  endfacet
  facet normal 1 0 0
    outer loop
      vertex 52 -10.847759065022574 15.76536686473018
      vertex 52 -10.414213562373096 16.414213562373096
      vertex 52 -10.66293922460509 16.111140466039203
    endloop
  endfacet
  facet normal 1 0 0
    outer loop
      vertex 52 -10.847759065022574 15.76536686473018
      vertex 52 -10.111140466039204 16.66293922460509
      vertex 52 -10.414213562373096 16.414213562373096
    endloop
  endfacet
  facet normal 1 0 0
    outer loop
      vertex 52 -10.111140466039204 16.66293922460509
      vertex 52 -9.390180644032256 16.96157056080646
      vertex 52 -9.76536686473018 16.847759065022572
    endloop
  endfacet
  facet normal 1 0 0
    outer loop
      vertex 52 -9.294408836907635 14.466710699058805
      vertex 52 -8.921320343559643 14.921320343559643
      vertex 52 -10.111140466039204 16.66293922460509
    endloop
  endfacet
  facet normal 1 0 0
    outer loop
      vertex 52 -10.111140466039204 16.66293922460509
      vertex 52 -8.921320343559643 14.921320343559643
      vertex 52 -8.466710699058808 15.294408836907635
    endloop
  endfacet
  facet normal 1 0 0
    outer loop
      vertex 52 -10.111140466039204 16.66293922460509
      vertex 52 -8.466710699058808 15.294408836907635
      vertex 52 -7.94805029709527 15.571638597533859
    endloop
  endfacet
  facet normal 0 -0.09801714032956084 0.9951847266721968
    outer loop
      vertex 52 -9.390180644032256 16.96157056080646
      vertex 52 -9 17
      vertex 45.1 -9.390180644032256 16.96157056080646
    endloop
  endfacet
  facet normal 0 0 1
    outer loop
      vertex 52 -9 17
      vertex 50.620736727803546 -8.517086496770775 17
      vertex 45.1 -9 17
    endloop
  endfacet
  facet normal 1 0 0
    outer loop
      vertex 52 -10.111140466039204 16.66293922460509
      vertex 52 -9 17
      vertex 52 -9.390180644032256 16.96157056080646
    endloop
  endfacet
  facet normal 1 0 0
    outer loop
      vertex 52 -10.111140466039204 16.66293922460509
      vertex 52 -7.94805029709527 15.571638597533859
      vertex 52 -7.3852709660483855 15.74235584120969
    endloop
  endfacet
  facet normal 0 0 1
    outer loop
      vertex 52 -9 17
      vertex 50.73940761671983 -8.493481389317388 17
      vertex 50.620736727803546 -8.517086496770775 17
    endloop
  endfacet
  facet normal 0 0 1
    outer loop
      vertex 52 -9 17
      vertex 50.853982174937705 -8.45458856757294 17
      vertex 50.73940761671983 -8.493481389317388 17
    endloop
  endfacet
  facet normal 0 0 1
    outer loop
      vertex 52 -9 17
      vertex 50.9625 -8.401073498500606 17
      vertex 50.853982174937705 -8.45458856757294 17
    endloop
  endfacet
  facet normal 0 0 1
    outer loop
      vertex 52 -9 17
      vertex 51.063104321833066 -8.333851839769393 17
      vertex 50.9625 -8.401073498500606 17
    endloop
  endfacet
  facet normal 0 0 1
    outer loop
      vertex 52 -9 17
      vertex 51.154073772597556 -8.254073772597557 17
      vertex 51.063104321833066 -8.333851839769393 17
    endloop
  endfacet
  facet normal 0 0 1
    outer loop
      vertex 52 -9 17
      vertex 51.23385183976939 -8.163104321833067 17
      vertex 51.154073772597556 -8.254073772597557 17
    endloop
  endfacet
  facet normal 0 0 1
    outer loop
      vertex 52 -9 17
      vertex 51.30107349850061 -8.0625 17
      vertex 51.23385183976939 -8.163104321833067 17
    endloop
  endfacet
  facet normal 0 0 1
    outer loop
      vertex 52 -9 17
      vertex 51.35458856757294 -7.953982174937709 17
      vertex 51.30107349850061 -8.0625 17
    endloop
  endfacet
  facet normal 0 0 1
    outer loop
      vertex 52 -9 17
      vertex 51.39348138931739 -7.839407616719832 17
      vertex 51.35458856757294 -7.953982174937709 17
    endloop
  endfacet
  facet normal 0 0 1
    outer loop
      vertex 45.1 -9 17
      vertex 49.60651861068261 -7.839407616719832 17
      vertex 49.58291350322923 -7.720736727803549 17
    endloop
  endfacet
  facet normal 0 0 1
    outer loop
      vertex 45.1 -9 17
      vertex 49.58291350322923 -7.720736727803549 17
      vertex 49.575 -7.6000000000000005 17
    endloop
  endfacet
  facet normal 0 0 1
    outer loop
      vertex 45.1 -9 17
      vertex 49.575 -7.6000000000000005 17
      vertex 49.58291350322923 -7.4792632721964525 17
    endloop
  endfacet
  facet normal 1 0 0
    outer loop
      vertex 52 -10.111140466039204 16.66293922460509
      vertex 52 -7.3852709660483855 15.74235584120969
      vertex 52 -6.800000000000001 15.799999999999999
    endloop
  endfacet
  facet normal 0 0 1
    outer loop
      vertex 52 -9 17
      vertex 51.41708649677077 -7.720736727803549 17
      vertex 51.39348138931739 -7.839407616719832 17
    endloop
  endfacet
  facet normal 0 0 1
    outer loop
      vertex 52 -9 17
      vertex 51.425 -7.6000000000000005 17
      vertex 51.41708649677077 -7.720736727803549 17
    endloop
  endfacet
  facet normal 0 0 1
    outer loop
      vertex 42.9 -9 17
      vertex 37.05594000220299 -2.1345240011811257 17
      vertex 37.05594000220299 -2.6 17
    endloop
  endfacet
  facet normal 0 0 1
    outer loop
      vertex 42.9 -9 17
      vertex 42.9 9 17
      vertex 37.05594000220299 -2.1345240011811257 17
    endloop
  endfacet
  facet normal 0 0 1
    outer loop
      vertex 45.1 -9 17
      vertex 49.58291350322923 -7.4792632721964525 17
      vertex 51.063104321833066 6.866148160230608 17
    endloop
  endfacet
  facet normal 1 0 0
    outer loop
      vertex 52 -10.111140466039204 16.66293922460509
      vertex 52 9 17
      vertex 52 -9 17
    endloop
  endfacet
  facet normal 0 0 1
    outer loop
      vertex 49.60651861068261 -7.360592383280169 17
      vertex 51.063104321833066 6.866148160230608 17
      vertex 49.58291350322923 -7.4792632721964525 17
    endloop
  endfacet
  facet normal 0 0 1
    outer loop
      vertex 49.64541143242706 -7.246017825062292 17
      vertex 51.063104321833066 6.866148160230608 17
      vertex 49.60651861068261 -7.360592383280169 17
    endloop
  endfacet
  facet normal 0 0 1
    outer loop
      vertex 49.69892650149939 -7.1375 17
      vertex 51.063104321833066 6.866148160230608 17
      vertex 49.64541143242706 -7.246017825062292 17
    endloop
  endfacet
  facet normal 0 0 1
    outer loop
      vertex 49.76614816023061 -7.036895678166934 17
      vertex 51.063104321833066 6.866148160230608 17
      vertex 49.69892650149939 -7.1375 17
    endloop
  endfacet
  facet normal 1 0 0
    outer loop
      vertex 52 -10.111140466039204 16.66293922460509
      vertex 52 -6.800000000000001 15.799999999999999
      vertex 52 10.414213562373096 16.414213562373096
    endloop
  endfacet
  facet normal 0 0 1
    outer loop
      vertex 52 -9 17
      vertex 52 9 17
      vertex 51.425 -7.6000000000000005 17
    endloop
  endfacet
  facet normal 0 0 1
    outer loop
      vertex 52 9 17
      vertex 49.76614816023061 -7.036895678166934 17
      vertex 49.845926227402444 -6.945926227402444 17
    endloop
  endfacet
  facet normal 0 0 1
    outer loop
      vertex 52 9 17
      vertex 49.845926227402444 -6.945926227402444 17
      vertex 49.936895678166934 -6.866148160230608 17
    endloop
  endfacet
  facet normal 0 0 1
    outer loop
      vertex 52 9 17
      vertex 49.936895678166934 -6.866148160230608 17
      vertex 50.0375 -6.798926501499395 17
    endloop
  endfacet
  facet normal 0 0 1
    outer loop
      vertex 52 9 17
      vertex 50.0375 -6.798926501499395 17
      vertex 50.146017825062295 -6.74541143242706 17
    endloop
  endfacet
  facet normal 0 0 1
    outer loop
      vertex 52 9 17
      vertex 50.146017825062295 -6.74541143242706 17
      vertex 50.26059238328017 -6.706518610682612 17
    endloop
  endfacet
  facet normal 0 0 1
    outer loop
      vertex 52 9 17
      vertex 50.26059238328017 -6.706518610682612 17
      vertex 50.379263272196454 -6.6829135032292255 17
    endloop
  endfacet
  facet normal 0 0 1
    outer loop
      vertex 52 9 17
      vertex 50.379263272196454 -6.6829135032292255 17
      vertex 50.5 -6.675000000000001 17
    endloop
  endfacet
  facet normal 0 0 1
    outer loop
      vertex 52 9 17
      vertex 50.620736727803546 -6.6829135032292255 17
      vertex 50.73940761671983 -6.706518610682612 17
    endloop
  endfacet
  facet normal 0 0 1
    outer loop
      vertex 52 9 17
      vertex 50.5 -6.675000000000001 17
      vertex 50.620736727803546 -6.6829135032292255 17
    endloop
  endfacet
  facet normal 0 0 1
    outer loop
      vertex 52 9 17
      vertex 51.35458856757294 -7.246017825062292 17
      vertex 51.39348138931739 -7.360592383280169 17
    endloop
  endfacet
  facet normal 0 0 1
    outer loop
      vertex 52 9 17
      vertex 51.30107349850061 -7.1375 17
      vertex 51.35458856757294 -7.246017825062292 17
    endloop
  endfacet
  facet normal 0 0 1
    outer loop
      vertex 52 9 17
      vertex 51.23385183976939 -7.036895678166934 17
      vertex 51.30107349850061 -7.1375 17
    endloop
  endfacet
  facet normal 0 0 1
    outer loop
      vertex 52 9 17
      vertex 51.41708649677077 -7.4792632721964525 17
      vertex 51.425 -7.6000000000000005 17
    endloop
  endfacet
  facet normal 0 0 1
    outer loop
      vertex 52 9 17
      vertex 51.39348138931739 -7.360592383280169 17
      vertex 51.41708649677077 -7.4792632721964525 17
    endloop
  endfacet
  facet normal 0 0 1
    outer loop
      vertex 52 9 17
      vertex 50.9625 -6.798926501499395 17
      vertex 51.063104321833066 -6.866148160230608 17
    endloop
  endfacet
  facet normal 0 0 1
    outer loop
      vertex 52 9 17
      vertex 51.154073772597556 -6.945926227402444 17
      vertex 51.23385183976939 -7.036895678166934 17
    endloop
  endfacet
  facet normal 0 0 1
    outer loop
      vertex 52 9 17
      vertex 51.063104321833066 -6.866148160230608 17
      vertex 51.154073772597556 -6.945926227402444 17
    endloop
  endfacet
  facet normal 0 0 1
    outer loop
      vertex 52 9 17
      vertex 50.853982174937705 -6.74541143242706 17
      vertex 50.9625 -6.798926501499395 17
    endloop
  endfacet
  facet normal 0 0 1
    outer loop
      vertex 52 9 17
      vertex 50.73940761671983 -6.706518610682612 17
      vertex 50.853982174937705 -6.74541143242706 17
    endloop
  endfacet
  facet normal 0 0 -1
    outer loop
      vertex 0 9 0
      vertex 42.9 9 0
      vertex 42.9 -9 0
    endloop
  endfacet
  facet normal 0 0.09801714032956084 -0.9951847266721968
    outer loop
      vertex 0 9.390180644032256 0.03842943919353914
      vertex 42.9 9.390180644032256 0.03842943919353914
      vertex 42.9 9 0
    endloop
  endfacet
  facet normal 0 0.29028467725446216 -0.9569403357322089
    outer loop
      vertex 0 9.76536686473018 0.15224093497742652
      vertex 42.9 9.76536686473018 0.15224093497742652
      vertex 42.9 9.390180644032256 0.03842943919353914
    endloop
  endfacet
  facet normal 0 0.47139673682599736 -0.8819212643483552
    outer loop
      vertex 0 10.111140466039204 0.33706077539490953
      vertex 42.9 10.111140466039204 0.33706077539490953
      vertex 42.9 9.76536686473018 0.15224093497742652
    endloop
  endfacet
  facet normal 0 0.6343932841636443 -0.773010453362738
    outer loop
      vertex 0 10.414213562373096 0.5857864376269049
      vertex 42.9 10.414213562373096 0.5857864376269049
      vertex 42.9 10.111140466039204 0.33706077539490953
    endloop
  endfacet
  facet normal 0 0.7730104533627389 -0.634393284163643
    outer loop
      vertex 0 10.66293922460509 0.8888595339607956
      vertex 42.9 10.66293922460509 0.8888595339607956
      vertex 42.9 10.414213562373096 0.5857864376269049
    endloop
  endfacet
  facet normal 0 0.8819212643483537 -0.471396736826
    outer loop
      vertex 0 10.847759065022574 1.2346331352698203
      vertex 42.9 10.847759065022574 1.2346331352698203
      vertex 42.9 10.66293922460509 0.8888595339607956
    endloop
  endfacet
  facet normal 0 0.9569403357322092 -0.2902846772544611
    outer loop
      vertex 0 10.96157056080646 1.6098193559677436
      vertex 42.9 10.96157056080646 1.6098193559677436
      vertex 42.9 10.847759065022574 1.2346331352698203
    endloop
  endfacet
  facet normal 0 0.9951847266721968 -0.09801714032956074
    outer loop
      vertex 0 11 2
      vertex 42.9 11 2
      vertex 42.9 10.96157056080646 1.6098193559677436
    endloop
  endfacet
  facet normal 1 0 0
    outer loop
      vertex 52 -10.66293922460509 0.8888595339607956
      vertex 52 10.111140466039204 0.33706077539490953
      vertex 52 6.800000000000001 1.2
    endloop
  endfacet
  facet normal 0 0 -1
    outer loop
      vertex 52 -9 0
      vertex 45.1 9 0
      vertex 52 9 0
    endloop
  endfacet
  facet normal 1 0 0
    outer loop
      vertex 52 -9 0
      vertex 52 9 0
      vertex 52 10.111140466039204 0.33706077539490953
    endloop
  endfacet
  facet normal 1 0 0
    outer loop
      vertex 52 6.800000000000001 1.2
      vertex 52 10.111140466039204 0.33706077539490953
      vertex 52 7.3852709660483855 1.2576441587903087
    endloop
  endfacet
  facet normal 0 0.09801714032956084 -0.9951847266721968
    outer loop
      vertex 52 9 0
      vertex 45.1 9 0
      vertex 45.1 9.390180644032256 0.03842943919353914
    endloop
  endfacet
  facet normal 0 0.29028467725446216 -0.9569403357322089
    outer loop
      vertex 52 9.390180644032256 0.03842943919353914
      vertex 45.1 9.390180644032256 0.03842943919353914
      vertex 45.1 9.76536686473018 0.15224093497742652
    endloop
  endfacet
  facet normal 0 0.47139673682599736 -0.8819212643483552
    outer loop
      vertex 52 9.76536686473018 0.15224093497742652
      vertex 45.1 9.76536686473018 0.15224093497742652
      vertex 45.1 10.111140466039204 0.33706077539490953
    endloop
  endfacet
  facet normal 0 0.6343932841636443 -0.773010453362738
    outer loop
      vertex 52 10.111140466039204 0.33706077539490953
      vertex 45.1 10.111140466039204 0.33706077539490953
      vertex 45.1 10.414213562373096 0.5857864376269049
    endloop
  endfacet
  facet normal 0 0.773010453362739 -0.6343932841636432
    outer loop
      vertex 52 10.414213562373096 0.5857864376269049
      vertex 45.1 10.414213562373096 0.5857864376269049
      vertex 45.1 10.66293922460509 0.8888595339607956
    endloop
  endfacet
  facet normal 0 0.8819212643483537 -0.471396736826
    outer loop
      vertex 52 10.66293922460509 0.8888595339607956
      vertex 45.1 10.66293922460509 0.8888595339607956
      vertex 45.1 10.847759065022574 1.2346331352698203
    endloop
  endfacet
  facet normal 0 0.9569403357322093 -0.2902846772544611
    outer loop
      vertex 52 10.847759065022574 1.2346331352698203
      vertex 45.1 10.847759065022574 1.2346331352698203
      vertex 45.1 10.96157056080646 1.6098193559677436
    endloop
  endfacet
  facet normal 0 0.9951847266721968 -0.09801714032956073
    outer loop
      vertex 52 10.96157056080646 1.6098193559677436
      vertex 45.1 10.96157056080646 1.6098193559677436
      vertex 45.1 11 2
    endloop
  endfacet
  facet normal 2.127414338793333e-19 0.09801714032956084 -0.9951847266721968
    outer loop
      vertex 52 9 0
      vertex 45.1 9.390180644032256 0.03842943919353914
      vertex 52 9.390180644032256 0.03842943919353914
    endloop
  endfacet
  facet normal 1 0 0
    outer loop
      vertex 52 7.3852709660483855 1.2576441587903087
      vertex 52 10.111140466039204 0.33706077539490953
      vertex 52 7.94805029709527 1.42836140246614
    endloop
  endfacet
  facet normal 1 0 0
    outer loop
      vertex 52 9 0
      vertex 52 9.390180644032256 0.03842943919353914
      vertex 52 10.111140466039204 0.33706077539490953
    endloop
  endfacet
  facet normal 1 0 0
    outer loop
      vertex 52 7.94805029709527 1.42836140246614
      vertex 52 10.111140466039204 0.33706077539490953
      vertex 52 8.466710699058808 1.7055911630923644
    endloop
  endfacet
  facet normal 1 0 0
    outer loop
      vertex 52 8.466710699058808 1.7055911630923644
      vertex 52 10.111140466039204 0.33706077539490953
      vertex 52 8.921320343559643 2.0786796564403573
    endloop
  endfacet
  facet normal 1 0 0
    outer loop
      vertex 52 8.921320343559643 2.0786796564403573
      vertex 52 10.111140466039204 0.33706077539490953
      vertex 52 9.294408836907635 2.5332893009411936
    endloop
  endfacet
  facet normal 1.2808771899424968e-18 0.29028467725446216 -0.9569403357322089
    outer loop
      vertex 52 9.390180644032256 0.03842943919353914
      vertex 45.1 9.76536686473018 0.15224093497742652
      vertex 52 9.76536686473018 0.15224093497742652
    endloop
  endfacet
  facet normal -3.4262179388780445e-19 0.47139673682599736 -0.8819212643483552
    outer loop
      vertex 52 9.76536686473018 0.15224093497742652
      vertex 45.1 10.111140466039204 0.33706077539490953
      vertex 52 10.111140466039204 0.33706077539490953
    endloop
  endfacet
  facet normal -5.261765852538546e-20 0.6343932841636443 -0.773010453362738
    outer loop
      vertex 52 10.111140466039204 0.33706077539490953
      vertex 45.1 10.414213562373096 0.5857864376269049
      vertex 52 10.414213562373096 0.5857864376269049
    endloop
  endfacet
  facet normal -2.2625991761114175e-19 0.773010453362739 -0.6343932841636432
    outer loop
      vertex 52 10.414213562373096 0.5857864376269049
      vertex 45.1 10.66293922460509 0.8888595339607956
      vertex 52 10.66293922460509 0.8888595339607956
    endloop
  endfacet
  facet normal 1 0 0
    outer loop
      vertex 52 9.390180644032256 0.03842943919353914
      vertex 52 9.76536686473018 0.15224093497742652
      vertex 52 10.111140466039204 0.33706077539490953
    endloop
  endfacet
  facet normal 1 0 0
    outer loop
      vertex 52 10.111140466039204 0.33706077539490953
      vertex 52 10.414213562373096 0.5857864376269049
      vertex 52 10.66293922460509 0.8888595339607956
    endloop
  endfacet
  facet normal -1.6371362817308824e-18 0.8819212643483537 -0.471396736826
    outer loop
      vertex 52 10.66293922460509 0.8888595339607956
      vertex 45.1 10.847759065022574 1.2346331352698203
      vertex 52 10.847759065022574 1.2346331352698203
    endloop
  endfacet
  facet normal 1.2503077796227318e-18 0.9569403357322093 -0.2902846772544611
    outer loop
      vertex 52 10.847759065022574 1.2346331352698203
      vertex 45.1 10.96157056080646 1.6098193559677436
      vertex 52 10.96157056080646 1.6098193559677436
    endloop
  endfacet
  facet normal 1.0882014174651325e-19 0.9951847266721968 -0.09801714032956073
    outer loop
      vertex 52 10.96157056080646 1.6098193559677436
      vertex 45.1 11 2
      vertex 52 11 2
    endloop
  endfacet
  facet normal 1 0 0
    outer loop
      vertex 52 10.111140466039204 0.33706077539490953
      vertex 52 9.57163859753386 3.0519497029047304
      vertex 52 9.294408836907635 2.5332893009411936
    endloop
  endfacet
  facet normal 1 0 0
    outer loop
      vertex 52 10.111140466039204 0.33706077539490953
      vertex 52 10.66293922460509 0.8888595339607956
      vertex 52 11 2
    endloop
  endfacet
  facet normal 1 0 0
    outer loop
      vertex 52 10.66293922460509 0.8888595339607956
      vertex 52 10.847759065022574 1.2346331352698203
      vertex 52 11 2
    endloop
  endfacet
  facet normal 1 0 0
    outer loop
      vertex 52 10.847759065022574 1.2346331352698203
      vertex 52 10.96157056080646 1.6098193559677436
      vertex 52 11 2
    endloop
  endfacet
  facet normal 1 0 0
    outer loop
      vertex 52 10.111140466039204 0.33706077539490953
      vertex 52 9.742355841209692 3.6147290339516154
      vertex 52 9.57163859753386 3.0519497029047304
    endloop
  endfacet
  facet normal 1 0 0
    outer loop
      vertex 52 10.111140466039204 0.33706077539490953
      vertex 52 9.8 4.2
      vertex 52 9.742355841209692 3.6147290339516154
    endloop
  endfacet
  facet normal 0 1 0
    outer loop
      vertex 52 11 2
      vertex 45.1 11 2
      vertex 45.1 11 15
    endloop
  endfacet
  facet normal 1 0 0
    outer loop
      vertex 52 10.111140466039204 0.33706077539490953
      vertex 52 9.8 12.799999999999999
      vertex 52 9.8 4.2
    endloop
  endfacet
  facet normal 1 0 0
    outer loop
      vertex 52 10.111140466039204 0.33706077539490953
      vertex 52 11 2
      vertex 52 10.414213562373096 16.414213562373096
    endloop
  endfacet
  facet normal 0 0 1
    outer loop
      vertex 25.289533630013466 -0.2581682413816453 17
      vertex 27.34564734995365 1.1190856337547301 17
      vertex 27.17408326268196 1.1647558376193046 17
    endloop
  endfacet
  facet normal 0 0 1
    outer loop
      vertex 25.289533630013466 -0.2581682413816453 17
      vertex 27.503997057676315 1.0551473438739776 17
      vertex 27.34564734995365 1.1190856337547301 17
    endloop
  endfacet
  facet normal 0 0 1
    outer loop
      vertex 25.289533630013466 -0.2581682413816453 17
      vertex 28.16399436444044 0.3081728160381316 17
      vertex 28.09193044900894 0.47045020163059226 17
    endloop
  endfacet
  facet normal 0 0 1
    outer loop
      vertex 25.289533630013466 -0.2581682413816453 17
      vertex 28.09193044900894 0.47045020163059226 17
      vertex 28.00385233014822 0.6189672663807868 17
    endloop
  endfacet
  facet normal 0 0 1
    outer loop
      vertex 25.289533630013466 -0.2581682413816453 17
      vertex 28.2200440838933 0.1321351021528243 17
      vertex 28.16399436444044 0.3081728160381316 17
    endloop
  endfacet
  facet normal 0 0 1
    outer loop
      vertex 25.289533630013466 -0.2581682413816453 17
      vertex 27.899760000407696 0.7537240028381347 17
      vertex 27.781053386628628 0.8724665284156798 17
    endloop
  endfacet
  facet normal 0 0 1
    outer loop
      vertex 25.289533630013466 -0.2581682413816453 17
      vertex 28.00385233014822 0.6189672663807868 17
      vertex 27.899760000407696 0.7537240028381347 17
    endloop
  endfacet
  facet normal 0 0 1
    outer loop
      vertex 25.289533630013466 -0.2581682413816453 17
      vertex 27.781053386628628 0.8724665284156798 17
      vertex 27.649132408201694 0.9729409828782081 17
    endloop
  endfacet
  facet normal 0 0 1
    outer loop
      vertex 25.289533630013466 -0.2581682413816453 17
      vertex 27.649132408201694 0.9729409828782081 17
      vertex 27.503997057676315 1.0551473438739776 17
    endloop
  endfacet
  facet normal 0 0 1
    outer loop
      vertex 25.353834696114063 0.13909608274698249 17
      vertex 26.591700166463852 1.192280077934265 17
      vertex 26.405484080314636 1.1652443274855613 17
    endloop
  endfacet
  facet normal 0 0 1
    outer loop
      vertex 25.289533630013466 -0.2581682413816453 17
      vertex 26.989304818212986 1.1921579554677009 17
      vertex 26.791312001645565 1.2012920022010802 17
    endloop
  endfacet
  facet normal 0 0 1
    outer loop
      vertex 25.313646532595158 -0.052289551496505826 17
      vertex 26.791312001645565 1.2012920022010802 17
      vertex 26.591700166463852 1.192280077934265 17
    endloop
  endfacet
  facet normal 0 0 1
    outer loop
      vertex 25.482436813414097 0.47838816195726386 17
      vertex 26.405484080314636 1.1652443274855613 17
      vertex 26.23266375809908 1.1201847359538077 17
    endloop
  endfacet
  facet normal 0 0 1
    outer loop
      vertex 25.289533630013466 -0.2581682413816453 17
      vertex 27.17408326268196 1.1647558376193046 17
      vertex 26.989304818212986 1.1921579554677009 17
    endloop
  endfacet
  facet normal 0 0 1
    outer loop
      vertex 28.828197717666626 0.05687624365091315 17
      vertex 28.853623427450657 -0.11441036909818658 17
      vertex 29.681400813162327 0.23252963423728934 17
    endloop
  endfacet
  facet normal 0 0 1
    outer loop
      vertex 28.828197717666626 0.05687624365091315 17
      vertex 29.655582696199417 0.34970253109931937 17
      vertex 28.792601712048054 0.2209773898124694 17
    endloop
  endfacet
  facet normal 0 0 1
    outer loop
      vertex 28.7468354254961 0.37789306193590155 17
      vertex 29.64106000214815 0.5419079974293708 17
      vertex 28.69089885801077 0.5276232674717902 17
    endloop
  endfacet
  facet normal 0 0 1
    outer loop
      vertex 28.792601712048054 0.2209773898124694 17
      vertex 29.642673633992672 0.47564669102430335 17
      vertex 28.7468354254961 0.37789306193590155 17
    endloop
  endfacet
  facet normal 0 0 1
    outer loop
      vertex 28.69089885801077 0.5276232674717902 17
      vertex 29.649493634700775 0.6911550998687743 17
      vertex 28.624792002141476 0.6701679989695548 17
    endloop
  endfacet
  facet normal 0 0 1
    outer loop
      vertex 28.624792002141476 0.6701679989695548 17
      vertex 29.674794532358646 0.8302929788827895 17
      vertex 28.549075186252594 0.8044128954410552 17
    endloop
  endfacet
  facet normal 0 0 1
    outer loop
      vertex 30.17965591698885 1.4519258752465247 17
      vertex 28.034369468688965 1.334047184884548 17
      vertex 28.15546016395092 1.246999019384384 17
    endloop
  endfacet
  facet normal 0 0 1
    outer loop
      vertex 30.17965591698885 1.4519258752465247 17
      vertex 28.370417222380638 1.0445846557617187 17
      vertex 28.46428359299898 0.9292184501886367 17
    endloop
  endfacet
  facet normal 0 0 1
    outer loop
      vertex 28.549075186252594 0.8044128954410552 17
      vertex 30.17965591698885 1.4519258752465247 17
      vertex 28.46428359299898 0.9292184501886367 17
    endloop
  endfacet
  facet normal 0 0 1
    outer loop
      vertex 30.17965591698885 1.4519258752465247 17
      vertex 28.267476081848145 1.1505115121603011 17
      vertex 28.370417222380638 1.0445846557617187 17
    endloop
  endfacet
  facet normal 0 0 1
    outer loop
      vertex 30.17965591698885 1.4519258752465247 17
      vertex 28.15546016395092 1.246999019384384 17
      vertex 28.267476081848145 1.1505115121603011 17
    endloop
  endfacet
  facet normal 0 0 1
    outer loop
      vertex 27.3099130615592 1.6199106961488723 17
      vertex 30.643024407327175 1.6130574658513068 17
      vertex 27.143987268209457 1.6459425330162047 17
    endloop
  endfacet
  facet normal 0 0 1
    outer loop
      vertex 27.468897633254528 1.5834661215543746 17
      vertex 30.47401412576437 1.571282611787319 17
      vertex 27.3099130615592 1.6199106961488723 17
    endloop
  endfacet
  facet normal 0 0 1
    outer loop
      vertex 27.90420400351286 1.4116560012102126 17
      vertex 30.17965591698885 1.4519258752465247 17
      vertex 27.766043104231358 1.4793387740850448 17
    endloop
  endfacet
  facet normal 0 0 1
    outer loop
      vertex 27.62094098329544 1.5366088166832923 17
      vertex 27.766043104231358 1.4793387740850448 17
      vertex 30.319557957351208 1.517572084069252 17
    endloop
  endfacet
  facet normal 0 0 1
    outer loop
      vertex 30.17965591698885 1.4519258752465247 17
      vertex 27.90420400351286 1.4116560012102126 17
      vertex 28.034369468688965 1.334047184884548 17
    endloop
  endfacet
  facet normal 0 0 1
    outer loop
      vertex 27.62094098329544 1.5366088166832923 17
      vertex 30.47401412576437 1.571282611787319 17
      vertex 27.468897633254528 1.5834661215543746 17
    endloop
  endfacet
  facet normal 0 0 1
    outer loop
      vertex 28.853623427450657 -0.11441036909818658 17
      vertex 29.744150206446648 0.07307543009519568 17
      vertex 29.720127999782562 0.12412800043821326 17
    endloop
  endfacet
  facet normal 0 0 1
    outer loop
      vertex 28.853623427450657 -0.11441036909818658 17
      vertex 29.720127999782562 0.12412800043821326 17
      vertex 29.699150778353214 0.17723240852355948 17
    endloop
  endfacet
  facet normal 0 0 1
    outer loop
      vertex 28.853623427450657 -0.11441036909818658 17
      vertex 29.699150778353214 0.17723240852355948 17
      vertex 29.681400813162327 0.23252963423728934 17
    endloop
  endfacet
  facet normal 0 0 1
    outer loop
      vertex 28.828197717666626 0.05687624365091315 17
      vertex 29.681400813162327 0.23252963423728934 17
      vertex 29.66687811911106 0.29001967012882224 17
    endloop
  endfacet
  facet normal 0 0 1
    outer loop
      vertex 28.828197717666626 0.05687624365091315 17
      vertex 29.66687811911106 0.29001967012882224 17
      vertex 29.655582696199417 0.34970253109931937 17
    endloop
  endfacet
  facet normal 0 0 1
    outer loop
      vertex 28.792601712048054 0.2209773898124694 17
      vertex 29.655582696199417 0.34970253109931937 17
      vertex 29.647514529526234 0.41157820224761954 17
    endloop
  endfacet
  facet normal 0 0 1
    outer loop
      vertex 28.792601712048054 0.2209773898124694 17
      vertex 29.647514529526234 0.41157820224761954 17
      vertex 29.642673633992672 0.47564669102430335 17
    endloop
  endfacet
  facet normal 0 0 1
    outer loop
      vertex 28.7468354254961 0.37789306193590155 17
      vertex 29.642673633992672 0.47564669102430335 17
      vertex 29.64106000214815 0.5419079974293708 17
    endloop
  endfacet
  facet normal 0 0 1
    outer loop
      vertex 29.649493634700775 0.6911550998687743 17
      vertex 28.69089885801077 0.5276232674717902 17
      vertex 29.64106000214815 0.5419079974293708 17
    endloop
  endfacet
  facet normal 0 0 1
    outer loop
      vertex 30.330222122371197 0.21554024666547766 17
      vertex 30.73305020481348 1.182540813088417 17
      vertex 30.298947997391224 0.2509799987077712 17
    endloop
  endfacet
  facet normal 0 0 1
    outer loop
      vertex 30.27164375782013 0.2885811418294906 17
      vertex 30.73305020481348 1.182540813088417 17
      vertex 30.24854016304016 0.3289228543639182 17
    endloop
  endfacet
  facet normal 0 0 1
    outer loop
      vertex 30.298947997391224 0.2509799987077712 17
      vertex 30.73305020481348 1.182540813088417 17
      vertex 30.27164375782013 0.2885811418294906 17
    endloop
  endfacet
  facet normal 0 0 1
    outer loop
      vertex 30.24854016304016 0.3289228543639182 17
      vertex 30.73305020481348 1.182540813088417 17
      vertex 30.22963722795248 0.37200514376163474 17
    endloop
  endfacet
  facet normal 0 0 1
    outer loop
      vertex 30.22963722795248 0.37200514376163474 17
      vertex 30.73305020481348 1.182540813088417 17
      vertex 30.214934937655926 0.41782800257205954 17
    endloop
  endfacet
  facet normal 0 0 1
    outer loop
      vertex 30.59585999697447 0.03612800091505042 17
      vertex 30.73305020481348 1.182540813088417 17
      vertex 30.54230212420225 0.0620745286345481 17
    endloop
  endfacet
  facet normal 0 0 1
    outer loop
      vertex 30.659130200743675 0.010162615776061923 17
      vertex 30.73305020481348 1.182540813088417 17
      vertex 30.59585999697447 0.03612800091505042 17
    endloop
  endfacet
  facet normal 0 0 1
    outer loop
      vertex 30.492458201944828 0.08960326164960852 17
      vertex 30.73305020481348 1.182540813088417 17
      vertex 30.44632824510336 0.11871420741081229 17
    endloop
  endfacet
  facet normal 0 0 1
    outer loop
      vertex 30.403912246227264 0.1494073435664176 17
      vertex 30.73305020481348 1.182540813088417 17
      vertex 30.365210205316544 0.18168269246816626 17
    endloop
  endfacet
  facet normal 0 0 1
    outer loop
      vertex 30.44632824510336 0.11871420741081229 17
      vertex 30.73305020481348 1.182540813088417 17
      vertex 30.403912246227264 0.1494073435664176 17
    endloop
  endfacet
  facet normal 0 0 1
    outer loop
      vertex 30.54230212420225 0.0620745286345481 17
      vertex 30.73305020481348 1.182540813088417 17
      vertex 30.492458201944828 0.08960326164960852 17
    endloop
  endfacet
  facet normal 0 0 1
    outer loop
      vertex 30.659130200743675 0.010162615776061923 17
      vertex 30.738111101090908 -0.017447835206985562 17
      vertex 30.84302505850792 1.2064139559864997 17
    endloop
  endfacet
  facet normal 0 0 1
    outer loop
      vertex 30.832802690565586 -0.04670334458351144 17
      vertex 30.96274098008871 1.2234662041068076 17
      vertex 30.738111101090908 -0.017447835206985562 17
    endloop
  endfacet
  facet normal 0 0 1
    outer loop
      vertex 30.365210205316544 0.18168269246816626 17
      vertex 30.73305020481348 1.182540813088417 17
      vertex 30.330222122371197 0.21554024666547766 17
    endloop
  endfacet
  facet normal 0 0 1
    outer loop
      vertex 29.674794532358646 0.8302929788827895 17
      vertex 28.624792002141476 0.6701679989695548 17
      vertex 29.649493634700775 0.6911550998687743 17
    endloop
  endfacet
  facet normal 0 0 1
    outer loop
      vertex 29.716962695121765 0.9593216344714164 17
      vertex 28.549075186252594 0.8044128954410552 17
      vertex 29.674794532358646 0.8302929788827895 17
    endloop
  endfacet
  facet normal 0 0 1
    outer loop
      vertex 28.549075186252594 0.8044128954410552 17
      vertex 29.716962695121765 0.9593216344714164 17
      vertex 29.77599812299013 1.0782410591840743 17
    endloop
  endfacet
  facet normal 0 0 1
    outer loop
      vertex 28.549075186252594 0.8044128954410552 17
      vertex 29.77599812299013 1.0782410591840743 17
      vertex 29.851900815963745 1.1870512679219245 17
    endloop
  endfacet
  facet normal 0 0 1
    outer loop
      vertex 28.549075186252594 0.8044128954410552 17
      vertex 29.851900815963745 1.1870512679219245 17
      vertex 29.944670774042606 1.2857522457838058 17
    endloop
  endfacet
  facet normal 0 0 1
    outer loop
      vertex 28.549075186252594 0.8044128954410552 17
      vertex 29.944670774042606 1.2857522457838058 17
      vertex 30.054307997226715 1.3743440002202987 17
    endloop
  endfacet
  facet normal 0 0 1
    outer loop
      vertex 28.549075186252594 0.8044128954410552 17
      vertex 30.054307997226715 1.3743440002202987 17
      vertex 30.17965591698885 1.4519258752465247 17
    endloop
  endfacet
  facet normal 0 0 1
    outer loop
      vertex 30.217708736658096 0.7475927338004111 17
      vertex 30.28273893892765 0.8966503679752349 17
      vertex 30.24480465054512 0.8254709407687186 17
    endloop
  endfacet
  facet normal 0 0 1
    outer loop
      vertex 30.214934937655926 0.41782800257205954 17
      vertex 30.73305020481348 1.182540813088417 17
      vertex 30.20443330705166 0.46639143079519263 17
    endloop
  endfacet
  facet normal 0 0 1
    outer loop
      vertex 30.20443330705166 0.46639143079519263 17
      vertex 30.73305020481348 1.182540813088417 17
      vertex 30.1981323286891 0.517695428431034 17
    endloop
  endfacet
  facet normal 0 0 1
    outer loop
      vertex 30.1981323286891 0.517695428431034 17
      vertex 30.73305020481348 1.182540813088417 17
      vertex 30.196032002568245 0.5717400029301642 17
    endloop
  endfacet
  facet normal 0 0 1
    outer loop
      vertex 30.196032002568245 0.5717400029301642 17
      vertex 30.73305020481348 1.182540813088417 17
      vertex 30.201451182365417 0.663015754520893 17
    endloop
  endfacet
  facet normal 0 0 1
    outer loop
      vertex 30.217708736658096 0.7475927338004111 17
      vertex 30.331511594355106 0.9611310228705405 17
      vertex 30.28273893892765 0.8966503679752349 17
    endloop
  endfacet
  facet normal 0 0 1
    outer loop
      vertex 30.217708736658096 0.7475927338004111 17
      vertex 30.391122609376907 1.018912898004055 17
      vertex 30.331511594355106 0.9611310228705405 17
    endloop
  endfacet
  facet normal 0 0 1
    outer loop
      vertex 30.201451182365417 0.663015754520893 17
      vertex 30.73305020481348 1.182540813088417 17
      vertex 30.217708736658096 0.7475927338004111 17
    endloop
  endfacet
  facet normal 0 0 1
    outer loop
      vertex 30.217708736658096 0.7475927338004111 17
      vertex 30.461571998894215 1.0699960008263587 17
      vertex 30.391122609376907 1.018912898004055 17
    endloop
  endfacet
  facet normal 0 0 1
    outer loop
      vertex 30.217708736658096 0.7475927338004111 17
      vertex 30.542323671281338 1.1143318355083465 17
      vertex 30.461571998894215 1.0699960008263587 17
    endloop
  endfacet
  facet normal 0 0 1
    outer loop
      vertex 30.217708736658096 0.7475927338004111 17
      vertex 30.632816411554813 1.1518467754125594 17
      vertex 30.542323671281338 1.1143318355083465 17
    endloop
  endfacet
  facet normal 0 0 1
    outer loop
      vertex 30.659130200743675 0.010162615776061923 17
      vertex 30.84302505850792 1.2064139559864997 17
      vertex 30.73305020481348 1.182540813088417 17
    endloop
  endfacet
  facet normal 0 0 1
    outer loop
      vertex 30.84302505850792 1.2064139559864997 17
      vertex 30.738111101090908 -0.017447835206985562 17
      vertex 30.96274098008871 1.2234662041068076 17
    endloop
  endfacet
  facet normal 0 0 1
    outer loop
      vertex 30.217708736658096 0.7475927338004111 17
      vertex 30.73305020481348 1.182540813088417 17
      vertex 30.632816411554813 1.1518467754125594 17
    endloop
  endfacet
  facet normal 0 0 1
    outer loop
      vertex 31.211141631007195 -0.14434024542570123 17
      vertex 31.35859999805689 1.2340324908494948 17
      vertex 31.06931795924902 -0.11014955341815957 17
    endloop
  endfacet
  facet normal 0 0 1
    outer loop
      vertex 31.368675999343395 -0.18017600327730188 17
      vertex 31.47764514386654 1.2248059600591659 17
      vertex 31.211141631007195 -0.14434024542570123 17
    endloop
  endfacet
  facet normal 0 0 1
    outer loop
      vertex 31.479362040758133 -0.20586840659379968 17
      vertex 31.785827428102493 1.160220244526863 17
      vertex 31.42404865473509 -0.19299167245626458 17
    endloop
  endfacet
  facet normal 0 0 1
    outer loop
      vertex 31.53461616486311 -0.21880620568990716 17
      vertex 31.785827428102493 1.160220244526863 17
      vertex 31.479362040758133 -0.20586840659379968 17
    endloop
  endfacet
  facet normal 0 0 1
    outer loop
      vertex 31.644946612417698 -0.2448649764060975 17
      vertex 31.785827428102493 1.160220244526863 17
      vertex 31.589811019599438 -0.23180506229400644 17
    endloop
  endfacet
  facet normal 0 0 1
    outer loop
      vertex 31.589811019599438 -0.23180506229400644 17
      vertex 31.785827428102493 1.160220244526863 17
      vertex 31.53461616486311 -0.21880620568990716 17
    endloop
  endfacet
  facet normal 0 0 1
    outer loop
      vertex 31.42404865473509 -0.19299167245626458 17
      vertex 31.785827428102493 1.160220244526863 17
      vertex 31.368675999343395 -0.18017600327730188 17
    endloop
  endfacet
  facet normal 0 0 1
    outer loop
      vertex 30.94320497661829 -0.07760391980409631 17
      vertex 31.092197962105274 1.2336975499987601 17
      vertex 30.832802690565586 -0.04670334458351144 17
    endloop
  endfacet
  facet normal 0 0 1
    outer loop
      vertex 31.06931795924902 -0.11014955341815957 17
      vertex 31.23139599710703 1.2371080011129378 17
      vertex 30.94320497661829 -0.07760391980409631 17
    endloop
  endfacet
  facet normal 0 0 1
    outer loop
      vertex 31.70002293586731 -0.25798595547676095 17
      vertex 32.30257599800825 0.6015720009803771 17
      vertex 31.644946612417698 -0.2448649764060975 17
    endloop
  endfacet
  facet normal 0 0 1
    outer loop
      vertex 31.755039997398853 -0.2711679995059968 17
      vertex 32.30257599800825 0.6015720009803771 17
      vertex 31.70002293586731 -0.25798595547676095 17
    endloop
  endfacet
  facet normal 0 0 1
    outer loop
      vertex 31.80969248712063 -0.28474604189395913 17
      vertex 32.30257599800825 0.6015720009803771 17
      vertex 31.755039997398853 -0.2711679995059968 17
    endloop
  endfacet
  facet normal 0 0 1
    outer loop
      vertex 31.863675102591515 -0.2990550234913827 17
      vertex 32.30257599800825 0.6015720009803771 17
      vertex 31.80969248712063 -0.28474604189395913 17
    endloop
  endfacet
  facet normal 0 0 1
    outer loop
      vertex 32.222308330237865 -0.42005053013563165 17
      vertex 32.86353199928999 0.7000440001487731 17
      vertex 32.30257599800825 0.6015720009803771 17
    endloop
  endfacet
  facet normal 0 0 1
    outer loop
      vertex 31.644946612417698 -0.2448649764060975 17
      vertex 32.30257599800825 0.6015720009803771 17
      vertex 32.27274040877819 0.6933066114783286 17
    endloop
  endfacet
  facet normal 0 0 1
    outer loop
      vertex 31.644946612417698 -0.2448649764060975 17
      vertex 32.27274040877819 0.6933066114783286 17
      vertex 32.236083917319775 0.7775504454970359 17
    endloop
  endfacet
  facet normal 0 0 1
    outer loop
      vertex 31.644946612417698 -0.2448649764060975 17
      vertex 32.236083917319775 0.7775504454970359 17
      vertex 32.192606531083584 0.8543035104870795 17
    endloop
  endfacet
  facet normal 0 0 1
    outer loop
      vertex 31.644946612417698 -0.2448649764060975 17
      vertex 32.192606531083584 0.8543035104870795 17
      vertex 32.14230824261904 0.9235657989978789 17
    endloop
  endfacet
  facet normal 0 0 1
    outer loop
      vertex 31.644946612417698 -0.2448649764060975 17
      vertex 31.872237145900726 1.12638963162899 17
      vertex 31.785827428102493 1.160220244526863 17
    endloop
  endfacet
  facet normal 0 0 1
    outer loop
      vertex 31.644946612417698 -0.2448649764060975 17
      vertex 32.02124898135662 1.0396180391311645 17
      vertex 31.95048800110817 1.0864079982042312 17
    endloop
  endfacet
  facet normal 0 0 1
    outer loop
      vertex 31.644946612417698 -0.2448649764060975 17
      vertex 31.95048800110817 1.0864079982042312 17
      vertex 31.872237145900726 1.12638963162899 17
    endloop
  endfacet
  facet normal 0 0 1
    outer loop
      vertex 31.644946612417698 -0.2448649764060975 17
      vertex 32.14230824261904 0.9235657989978789 17
      vertex 32.08518905937672 0.9853373035788535 17
    endloop
  endfacet
  facet normal 0 0 1
    outer loop
      vertex 31.644946612417698 -0.2448649764060975 17
      vertex 32.08518905937672 0.9853373035788535 17
      vertex 32.02124898135662 1.0396180391311645 17
    endloop
  endfacet
  facet normal 0 0 1
    outer loop
      vertex 30.832802690565586 -0.04670334458351144 17
      vertex 31.092197962105274 1.2336975499987601 17
      vertex 30.96274098008871 1.2234662041068076 17
    endloop
  endfacet
  facet normal 0 0 1
    outer loop
      vertex 30.94320497661829 -0.07760391980409631 17
      vertex 31.23139599710703 1.2371080011129378 17
      vertex 31.092197962105274 1.2336975499987601 17
    endloop
  endfacet
  facet normal 0 0 1
    outer loop
      vertex 31.06931795924902 -0.11014955341815957 17
      vertex 31.35859999805689 1.2340324908494948 17
      vertex 31.23139599710703 1.2371080011129378 17
    endloop
  endfacet
  facet normal 0 0 1
    outer loop
      vertex 31.211141631007195 -0.14434024542570123 17
      vertex 31.47764514386654 1.2248059600591659 17
      vertex 31.35859999805689 1.2340324908494948 17
    endloop
  endfacet
  facet normal 0 0 1
    outer loop
      vertex 31.368675999343395 -0.18017600327730188 17
      vertex 31.5885314270854 1.209428408741951 17
      vertex 31.47764514386654 1.2248059600591659 17
    endloop
  endfacet
  facet normal 0 0 1
    outer loop
      vertex 31.368675999343395 -0.18017600327730188 17
      vertex 31.69125885516405 1.18789983689785 17
      vertex 31.5885314270854 1.209428408741951 17
    endloop
  endfacet
  facet normal 0 0 1
    outer loop
      vertex 31.368675999343395 -0.18017600327730188 17
      vertex 31.785827428102493 1.160220244526863 17
      vertex 31.69125885516405 1.18789983689785 17
    endloop
  endfacet
  facet normal 0 0 1
    outer loop
      vertex 27.766043104231358 1.4793387740850448 17
      vertex 30.17965591698885 1.4519258752465247 17
      vertex 30.319557957351208 1.517572084069252 17
    endloop
  endfacet
  facet normal 0 0 1
    outer loop
      vertex 27.62094098329544 1.5366088166832923 17
      vertex 30.319557957351208 1.517572084069252 17
      vertex 30.47401412576437 1.571282611787319 17
    endloop
  endfacet
  facet normal 0 0 1
    outer loop
      vertex 27.3099130615592 1.6199106961488723 17
      vertex 30.47401412576437 1.571282611787319 17
      vertex 30.643024407327175 1.6130574658513068 17
    endloop
  endfacet
  facet normal 0 0 1
    outer loop
      vertex 42.9 9 17
      vertex 17.5 1.2000000029802322 17
      vertex 20.501291997730732 1.6041120007634162 17
    endloop
  endfacet
  facet normal 0 0 1
    outer loop
      vertex 42.9 9 17
      vertex 20.501291997730732 1.6041120007634162 17
      vertex 21.163667999207973 1.6041120007634162 17
    endloop
  endfacet
  facet normal 0 0 1
    outer loop
      vertex 42.9 9 17
      vertex 21.163667999207973 1.6041120007634162 17
      vertex 23.401464000344276 1.6041120007634162 17
    endloop
  endfacet
  facet normal 0 0 1
    outer loop
      vertex 42.9 9 17
      vertex 23.401464000344276 1.6041120007634162 17
      vertex 23.914679996669292 1.6041120007634162 17
    endloop
  endfacet
  facet normal 0 0 1
    outer loop
      vertex 42.9 9 17
      vertex 23.914679996669292 1.6041120007634162 17
      vertex 26.026778772473335 1.5623613908886909 17
    endloop
  endfacet
  facet normal 0 0 1
    outer loop
      vertex 42.9 9 17
      vertex 26.026778772473335 1.5623613908886909 17
      vertex 26.263962119817734 1.620365062355995 17
    endloop
  endfacet
  facet normal 0 0 1
    outer loop
      vertex 42.9 9 17
      vertex 26.263962119817734 1.620365062355995 17
      vertex 26.518806532025337 1.6551672682166099 17
    endloop
  endfacet
  facet normal 0 0 1
    outer loop
      vertex 42.9 9 17
      vertex 26.518806532025337 1.6551672682166099 17
      vertex 26.791312001645565 1.6667680010199546 17
    endloop
  endfacet
  facet normal 0 0 1
    outer loop
      vertex 42.9 9 17
      vertex 26.791312001645565 1.6667680010199546 17
      vertex 26.97112024575472 1.661561632156372 17
    endloop
  endfacet
  facet normal 0 0 1
    outer loop
      vertex 42.9 9 17
      vertex 26.97112024575472 1.661561632156372 17
      vertex 27.143987268209457 1.6459425330162047 17
    endloop
  endfacet
  facet normal 0 0 1
    outer loop
      vertex 32.815420247614384 0.8446244090795516 17
      vertex 33.744015999138355 1.6041120007634162 17
      vertex 32.75805412232876 0.9766010582447051 17
    endloop
  endfacet
  facet normal 0 0 1
    outer loop
      vertex 32.86353199928999 0.7000440001487731 17
      vertex 33.744015999138355 1.6041120007634162 17
      vertex 32.815420247614384 0.8446244090795516 17
    endloop
  endfacet
  facet normal 0 0 1
    outer loop
      vertex 32.75805412232876 0.9766010582447051 17
      vertex 33.744015999138355 1.6041120007634162 17
      vertex 32.691433630883694 1.0959739625453948 17
    endloop
  endfacet
  facet normal 0 0 1
    outer loop
      vertex 32.61555877327919 1.202743099629879 17
      vertex 33.744015999138355 1.6041120007634162 17
      vertex 32.53042954951525 1.2969084918498992 17
    endloop
  endfacet
  facet normal 0 0 1
    outer loop
      vertex 32.691433630883694 1.0959739625453948 17
      vertex 33.744015999138355 1.6041120007634162 17
      vertex 32.61555877327919 1.202743099629879 17
    endloop
  endfacet
  facet normal 0 0 1
    outer loop
      vertex 36.75458399951458 -0.21000800132751474 17
      vertex 34.313904002308846 1.1386360019445418 17
      vertex 34.313904002308846 -0.21000800132751474 17
    endloop
  endfacet
  facet normal 0 0 1
    outer loop
      vertex 32.53042954951525 1.2969084918498992 17
      vertex 33.744015999138355 1.6041120007634162 17
      vertex 32.436045959591866 1.3784701243042945 17
    endloop
  endfacet
  facet normal 0 0 1
    outer loop
      vertex 36.75458399951458 -0.21000800132751474 17
      vertex 36.93361999839544 1.1386360019445418 17
      vertex 34.313904002308846 1.1386360019445418 17
    endloop
  endfacet
  facet normal 0 0 1
    outer loop
      vertex 37.05594000220299 -2.1345240011811257 17
      vertex 42.9 9 17
      vertex 36.75458399951458 -0.6694999992847444 17
    endloop
  endfacet
  facet normal 0 0 1
    outer loop
      vertex 36.75458399951458 -0.6694999992847444 17
      vertex 42.9 9 17
      vertex 36.75458399951458 -0.21000800132751474 17
    endloop
  endfacet
  facet normal 0 0 1
    outer loop
      vertex 42.9 9 17
      vertex 27.143987268209457 1.6459425330162047 17
      vertex 30.643024407327175 1.6130574658513068 17
    endloop
  endfacet
  facet normal 0 0 1
    outer loop
      vertex 30.826588816940784 1.6428966537117957 17
      vertex 42.9 9 17
      vertex 30.643024407327175 1.6130574658513068 17
    endloop
  endfacet
  facet normal 0 0 1
    outer loop
      vertex 42.9 9 17
      vertex 30.826588816940784 1.6428966537117957 17
      vertex 31.024707347154617 1.6608001604676246 17
    endloop
  endfacet
  facet normal 0 0 1
    outer loop
      vertex 42.9 9 17
      vertex 31.024707347154617 1.6608001604676246 17
      vertex 31.237379997968674 1.6667680010199546 17
    endloop
  endfacet
  facet normal 0 0 1
    outer loop
      vertex 42.9 9 17
      vertex 31.237379997968674 1.6667680010199546 17
      vertex 31.435098938643932 1.662291669845581 17
    endloop
  endfacet
  facet normal 0 0 1
    outer loop
      vertex 42.9 9 17
      vertex 31.435098938643932 1.662291669845581 17
      vertex 31.61905575543642 1.6488626912236213 17
    endloop
  endfacet
  facet normal 0 0 1
    outer loop
      vertex 42.9 9 17
      vertex 31.61905575543642 1.6488626912236213 17
      vertex 31.789250448346138 1.626481057703495 17
    endloop
  endfacet
  facet normal 0 0 1
    outer loop
      vertex 42.9 9 17
      vertex 31.789250448346138 1.626481057703495 17
      vertex 31.945683017373085 1.5951467767357825 17
    endloop
  endfacet
  facet normal 0 0 1
    outer loop
      vertex 42.9 9 17
      vertex 32.08835346996784 1.5548598334193229 17
      vertex 32.21726179867983 1.5056202426552772 17
    endloop
  endfacet
  facet normal 0 0 1
    outer loop
      vertex 42.9 9 17
      vertex 31.945683017373085 1.5951467767357825 17
      vertex 32.08835346996784 1.5548598334193229 17
    endloop
  endfacet
  facet normal 0 0 1
    outer loop
      vertex 42.9 9 17
      vertex 32.332408003509045 1.4474279969930648 17
      vertex 32.436045959591866 1.3784701243042945 17
    endloop
  endfacet
  facet normal 0 0 1
    outer loop
      vertex 42.9 9 17
      vertex 32.21726179867983 1.5056202426552772 17
      vertex 32.332408003509045 1.4474279969930648 17
    endloop
  endfacet
  facet normal 0 0 1
    outer loop
      vertex 42.9 9 17
      vertex 32.436045959591866 1.3784701243042945 17
      vertex 33.744015999138355 1.6041120007634162 17
    endloop
  endfacet
  facet normal 0 0 1
    outer loop
      vertex 36.75458399951458 -0.21000800132751474 17
      vertex 42.9 9 17
      vertex 36.93361999839544 1.1386360019445418 17
    endloop
  endfacet
  facet normal 0 0 1
    outer loop
      vertex 42.9 9 17
      vertex 33.744015999138355 1.6041120007634162 17
      vertex 36.93361999839544 1.6041120007634162 17
    endloop
  endfacet
  facet normal 0 0 1
    outer loop
      vertex 42.9 9 17
      vertex 36.93361999839544 1.6041120007634162 17
      vertex 36.93361999839544 1.1386360019445418 17
    endloop
  endfacet
  facet normal 0 1 0
    outer loop
      vertex 0 11 15
      vertex 42.9 11 15
      vertex 42.9 11 2
    endloop
  endfacet
  facet normal 0 0.09801714032956084 0.9951847266721968
    outer loop
      vertex 0 9 17
      vertex 42.9 9 17
      vertex 42.9 9.390180644032256 16.96157056080646
    endloop
  endfacet
  facet normal 0 0.2902846772544653 0.9569403357322079
    outer loop
      vertex 0 9.390180644032256 16.96157056080646
      vertex 42.9 9.390180644032256 16.96157056080646
      vertex 42.9 9.76536686473018 16.847759065022572
    endloop
  endfacet
  facet normal 0 0.9951847266721968 0.09801714032956084
    outer loop
      vertex 0 10.96157056080646 15.390180644032256
      vertex 42.9 10.96157056080646 15.390180644032256
      vertex 42.9 11 15
    endloop
  endfacet
  facet normal 0 0.9569403357322092 0.2902846772544611
    outer loop
      vertex 0 10.847759065022574 15.76536686473018
      vertex 42.9 10.847759065022574 15.76536686473018
      vertex 42.9 10.96157056080646 15.390180644032256
    endloop
  endfacet
  facet normal 0 0.4713967368259961 0.8819212643483559
    outer loop
      vertex 0 9.76536686473018 16.847759065022572
      vertex 42.9 9.76536686473018 16.847759065022572
      vertex 42.9 10.111140466039204 16.66293922460509
    endloop
  endfacet
  facet normal 0 0.6343932841636423 0.7730104533627397
    outer loop
      vertex 0 10.111140466039204 16.66293922460509
      vertex 42.9 10.111140466039204 16.66293922460509
      vertex 42.9 10.414213562373096 16.414213562373096
    endloop
  endfacet
  facet normal 0 0.7730104533627414 0.6343932841636399
    outer loop
      vertex 0 10.414213562373096 16.414213562373096
      vertex 42.9 10.414213562373096 16.414213562373096
      vertex 42.9 10.66293922460509 16.111140466039203
    endloop
  endfacet
  facet normal 0 0.881921264348353 0.4713967368260015
    outer loop
      vertex 0 10.66293922460509 16.111140466039203
      vertex 42.9 10.66293922460509 16.111140466039203
      vertex 42.9 10.847759065022574 15.76536686473018
    endloop
  endfacet
  facet normal 0 0 1
    outer loop
      vertex 45.1 9 17
      vertex 45.1 -9 17
      vertex 49.60651861068261 7.360592383280169 17
    endloop
  endfacet
  facet normal 0 0 1
    outer loop
      vertex 45.1 -9 17
      vertex 49.936895678166934 6.866148160230608 17
      vertex 49.845926227402444 6.945926227402444 17
    endloop
  endfacet
  facet normal 0 0 1
    outer loop
      vertex 45.1 -9 17
      vertex 49.845926227402444 6.945926227402444 17
      vertex 49.76614816023061 7.036895678166934 17
    endloop
  endfacet
  facet normal 0 0 1
    outer loop
      vertex 45.1 -9 17
      vertex 50.146017825062295 6.74541143242706 17
      vertex 50.0375 6.798926501499395 17
    endloop
  endfacet
  facet normal 0 0 1
    outer loop
      vertex 45.1 -9 17
      vertex 50.26059238328017 6.706518610682612 17
      vertex 50.146017825062295 6.74541143242706 17
    endloop
  endfacet
  facet normal 0 0 1
    outer loop
      vertex 45.1 -9 17
      vertex 50.5 6.675000000000001 17
      vertex 50.379263272196454 6.6829135032292255 17
    endloop
  endfacet
  facet normal 0 0 1
    outer loop
      vertex 45.1 -9 17
      vertex 50.620736727803546 6.6829135032292255 17
      vertex 50.5 6.675000000000001 17
    endloop
  endfacet
  facet normal 0 0 1
    outer loop
      vertex 45.1 -9 17
      vertex 50.379263272196454 6.6829135032292255 17
      vertex 50.26059238328017 6.706518610682612 17
    endloop
  endfacet
  facet normal 0 0 1
    outer loop
      vertex 45.1 -9 17
      vertex 50.0375 6.798926501499395 17
      vertex 49.936895678166934 6.866148160230608 17
    endloop
  endfacet
  facet normal 0 0 1
    outer loop
      vertex 45.1 -9 17
      vertex 49.64541143242706 7.246017825062292 17
      vertex 49.60651861068261 7.360592383280169 17
    endloop
  endfacet
  facet normal 0 0 1
    outer loop
      vertex 45.1 -9 17
      vertex 49.76614816023061 7.036895678166934 17
      vertex 49.69892650149939 7.1375 17
    endloop
  endfacet
  facet normal 0 0 1
    outer loop
      vertex 45.1 -9 17
      vertex 49.69892650149939 7.1375 17
      vertex 49.64541143242706 7.246017825062292 17
    endloop
  endfacet
  facet normal 0 0 1
    outer loop
      vertex 45.1 -9 17
      vertex 50.73940761671983 6.706518610682612 17
      vertex 50.620736727803546 6.6829135032292255 17
    endloop
  endfacet
  facet normal 0 0 1
    outer loop
      vertex 45.1 -9 17
      vertex 50.853982174937705 6.74541143242706 17
      vertex 50.73940761671983 6.706518610682612 17
    endloop
  endfacet
  facet normal 0 0 1
    outer loop
      vertex 45.1 -9 17
      vertex 50.9625 6.798926501499395 17
      vertex 50.853982174937705 6.74541143242706 17
    endloop
  endfacet
  facet normal 0 0 1
    outer loop
      vertex 45.1 -9 17
      vertex 51.063104321833066 6.866148160230608 17
      vertex 50.9625 6.798926501499395 17
    endloop
  endfacet
  facet normal 0 0 1
    outer loop
      vertex 49.76614816023061 -7.036895678166934 17
      vertex 51.154073772597556 6.945926227402444 17
      vertex 51.063104321833066 6.866148160230608 17
    endloop
  endfacet
  facet normal 0 0 1
    outer loop
      vertex 49.76614816023061 -7.036895678166934 17
      vertex 51.23385183976939 7.036895678166934 17
      vertex 51.154073772597556 6.945926227402444 17
    endloop
  endfacet
  facet normal 0 0 1
    outer loop
      vertex 49.76614816023061 -7.036895678166934 17
      vertex 51.30107349850061 7.1375 17
      vertex 51.23385183976939 7.036895678166934 17
    endloop
  endfacet
  facet normal 0 0 1
    outer loop
      vertex 49.76614816023061 -7.036895678166934 17
      vertex 51.35458856757294 7.246017825062292 17
      vertex 51.30107349850061 7.1375 17
    endloop
  endfacet
  facet normal 0 0 1
    outer loop
      vertex 52 9 17
      vertex 51.35458856757294 7.246017825062292 17
      vertex 49.76614816023061 -7.036895678166934 17
    endloop
  endfacet
  facet normal 1 0 0
    outer loop
      vertex 52 -10.111140466039204 16.66293922460509
      vertex 52 10.414213562373096 16.414213562373096
      vertex 52 9 17
    endloop
  endfacet
  facet normal 1 0 0
    outer loop
      vertex 52 -6.800000000000001 15.799999999999999
      vertex 52 6.800000000000001 15.799999999999999
      vertex 52 10.414213562373096 16.414213562373096
    endloop
  endfacet
  facet normal 1 0 0
    outer loop
      vertex 52 10.111140466039204 0.33706077539490953
      vertex 52 10.414213562373096 16.414213562373096
      vertex 52 9.8 12.799999999999999
    endloop
  endfacet
  facet normal 0 1 0
    outer loop
      vertex 52 11 2
      vertex 45.1 11 15
      vertex 52 11 15
    endloop
  endfacet
  facet normal 1 0 0
    outer loop
      vertex 52 11 2
      vertex 52 11 15
      vertex 52 10.414213562373096 16.414213562373096
    endloop
  endfacet
  facet normal 0 0 1
    outer loop
      vertex 45.1 9 17
      vertex 49.60651861068261 7.360592383280169 17
      vertex 49.58291350322923 7.4792632721964525 17
    endloop
  endfacet
  facet normal 0 0 1
    outer loop
      vertex 45.1 9 17
      vertex 49.58291350322923 7.4792632721964525 17
      vertex 49.575 7.6000000000000005 17
    endloop
  endfacet
  facet normal 0 0 1
    outer loop
      vertex 45.1 9 17
      vertex 49.575 7.6000000000000005 17
      vertex 49.58291350322923 7.720736727803549 17
    endloop
  endfacet
  facet normal 0 0 1
    outer loop
      vertex 45.1 9 17
      vertex 49.58291350322923 7.720736727803549 17
      vertex 49.60651861068261 7.839407616719832 17
    endloop
  endfacet
  facet normal 1 0 0
    outer loop
      vertex 52 6.800000000000001 15.799999999999999
      vertex 52 7.3852709660483855 15.74235584120969
      vertex 52 10.414213562373096 16.414213562373096
    endloop
  endfacet
  facet normal 0 0 1
    outer loop
      vertex 52 9 17
      vertex 51.39348138931739 7.360592383280169 17
      vertex 51.35458856757294 7.246017825062292 17
    endloop
  endfacet
  facet normal 0 0 1
    outer loop
      vertex 52 9 17
      vertex 51.41708649677077 7.4792632721964525 17
      vertex 51.39348138931739 7.360592383280169 17
    endloop
  endfacet
  facet normal 0 0 1
    outer loop
      vertex 52 9 17
      vertex 51.425 7.6000000000000005 17
      vertex 51.41708649677077 7.4792632721964525 17
    endloop
  endfacet
  facet normal 0 0 1
    outer loop
      vertex 52 9 17
      vertex 51.41708649677077 7.720736727803549 17
      vertex 51.425 7.6000000000000005 17
    endloop
  endfacet
  facet normal 0 0 1
    outer loop
      vertex 52 9 17
      vertex 51.39348138931739 7.839407616719832 17
      vertex 51.41708649677077 7.720736727803549 17
    endloop
  endfacet
  facet normal 1 0 0
    outer loop
      vertex 52 9.8 12.799999999999999
      vertex 52 10.414213562373096 16.414213562373096
      vertex 52 9.742355841209692 13.385270966048385
    endloop
  endfacet
  facet normal 1 0 0
    outer loop
      vertex 52 9.57163859753386 13.948050297095268
      vertex 52 9.742355841209692 13.385270966048385
      vertex 52 10.414213562373096 16.414213562373096
    endloop
  endfacet
  facet normal 0 0 1
    outer loop
      vertex 45.1 9 17
      vertex 49.60651861068261 7.839407616719832 17
      vertex 49.64541143242706 7.953982174937709 17
    endloop
  endfacet
  facet normal 0 0 1
    outer loop
      vertex 45.1 9 17
      vertex 49.64541143242706 7.953982174937709 17
      vertex 49.69892650149939 8.0625 17
    endloop
  endfacet
  facet normal 0 0 1
    outer loop
      vertex 45.1 9 17
      vertex 49.69892650149939 8.0625 17
      vertex 49.76614816023061 8.163104321833067 17
    endloop
  endfacet
  facet normal 0 0 1
    outer loop
      vertex 45.1 9 17
      vertex 49.76614816023061 8.163104321833067 17
      vertex 49.845926227402444 8.254073772597557 17
    endloop
  endfacet
  facet normal 0 0 1
    outer loop
      vertex 45.1 9 17
      vertex 49.845926227402444 8.254073772597557 17
      vertex 49.936895678166934 8.333851839769393 17
    endloop
  endfacet
  facet normal 0 0 1
    outer loop
      vertex 45.1 9 17
      vertex 49.936895678166934 8.333851839769393 17
      vertex 50.0375 8.401073498500606 17
    endloop
  endfacet
  facet normal 0 0 1
    outer loop
      vertex 45.1 9 17
      vertex 50.0375 8.401073498500606 17
      vertex 50.146017825062295 8.45458856757294 17
    endloop
  endfacet
  facet normal 0 0 1
    outer loop
      vertex 45.1 9 17
      vertex 50.146017825062295 8.45458856757294 17
      vertex 50.26059238328017 8.493481389317388 17
    endloop
  endfacet
  facet normal 0 0 1
    outer loop
      vertex 45.1 9 17
      vertex 50.26059238328017 8.493481389317388 17
      vertex 50.379263272196454 8.517086496770775 17
    endloop
  endfacet
  facet normal 0 0 1
    outer loop
      vertex 45.1 9 17
      vertex 50.379263272196454 8.517086496770775 17
      vertex 50.5 8.525 17
    endloop
  endfacet
  facet normal 0 0 1
    outer loop
      vertex 45.1 9 17
      vertex 50.5 8.525 17
      vertex 50.620736727803546 8.517086496770775 17
    endloop
  endfacet
  facet normal 0 0.09801714032956084 0.9951847266721968
    outer loop
      vertex 52 9.390180644032256 16.96157056080646
      vertex 45.1 9.390180644032256 16.96157056080646
      vertex 45.1 9 17
    endloop
  endfacet
  facet normal 0 0.9951847266721968 0.09801714032956084
    outer loop
      vertex 52 11 15
      vertex 45.1 11 15
      vertex 45.1 10.96157056080646 15.390180644032256
    endloop
  endfacet
  facet normal 0 0.9569403357322093 0.2902846772544611
    outer loop
      vertex 52 10.96157056080646 15.390180644032256
      vertex 45.1 10.96157056080646 15.390180644032256
      vertex 45.1 10.847759065022574 15.76536686473018
    endloop
  endfacet
  facet normal 0 0.8819212643483529 0.47139673682600136
    outer loop
      vertex 52 10.847759065022574 15.76536686473018
      vertex 45.1 10.847759065022574 15.76536686473018
      vertex 45.1 10.66293922460509 16.111140466039203
    endloop
  endfacet
  facet normal 0 0.29028467725446533 0.9569403357322079
    outer loop
      vertex 52 9.76536686473018 16.847759065022572
      vertex 45.1 9.76536686473018 16.847759065022572
      vertex 45.1 9.390180644032256 16.96157056080646
    endloop
  endfacet
  facet normal 0 0.47139673682599603 0.8819212643483559
    outer loop
      vertex 52 10.111140466039204 16.66293922460509
      vertex 45.1 10.111140466039204 16.66293922460509
      vertex 45.1 9.76536686473018 16.847759065022572
    endloop
  endfacet
  facet normal 0 0.7730104533627414 0.63439328416364
    outer loop
      vertex 52 10.66293922460509 16.111140466039203
      vertex 45.1 10.66293922460509 16.111140466039203
      vertex 45.1 10.414213562373096 16.414213562373096
    endloop
  endfacet
  facet normal 0 0.6343932841636423 0.7730104533627397
    outer loop
      vertex 52 10.414213562373096 16.414213562373096
      vertex 45.1 10.414213562373096 16.414213562373096
      vertex 45.1 10.111140466039204 16.66293922460509
    endloop
  endfacet
  facet normal 1 0 0
    outer loop
      vertex 52 7.3852709660483855 15.74235584120969
      vertex 52 7.94805029709527 15.571638597533859
      vertex 52 10.414213562373096 16.414213562373096
    endloop
  endfacet
  facet normal 1 0 0
    outer loop
      vertex 52 9.294408836907635 14.466710699058805
      vertex 52 10.414213562373096 16.414213562373096
      vertex 52 8.921320343559643 14.921320343559643
    endloop
  endfacet
  facet normal 1 0 0
    outer loop
      vertex 52 8.466710699058808 15.294408836907635
      vertex 52 8.921320343559643 14.921320343559643
      vertex 52 10.414213562373096 16.414213562373096
    endloop
  endfacet
  facet normal 1 0 0
    outer loop
      vertex 52 7.94805029709527 15.571638597533859
      vertex 52 8.466710699058808 15.294408836907635
      vertex 52 10.414213562373096 16.414213562373096
    endloop
  endfacet
  facet normal 0 0 1
    outer loop
      vertex 52 9 17
      vertex 45.1 9 17
      vertex 50.620736727803546 8.517086496770775 17
    endloop
  endfacet
  facet normal 0 0.09801714032956084 0.9951847266721968
    outer loop
      vertex 52 9 17
      vertex 52 9.390180644032256 16.96157056080646
      vertex 45.1 9 17
    endloop
  endfacet
  facet normal 0 0.29028467725446533 0.9569403357322079
    outer loop
      vertex 52 9.390180644032256 16.96157056080646
      vertex 52 9.76536686473018 16.847759065022572
      vertex 45.1 9.390180644032256 16.96157056080646
    endloop
  endfacet
  facet normal 0 0 1
    outer loop
      vertex 52 9 17
      vertex 50.620736727803546 8.517086496770775 17
      vertex 50.73940761671983 8.493481389317388 17
    endloop
  endfacet
  facet normal 0 0 1
    outer loop
      vertex 52 9 17
      vertex 51.35458856757294 7.953982174937709 17
      vertex 51.39348138931739 7.839407616719832 17
    endloop
  endfacet
  facet normal 0 0 1
    outer loop
      vertex 52 9 17
      vertex 51.30107349850061 8.0625 17
      vertex 51.35458856757294 7.953982174937709 17
    endloop
  endfacet
  facet normal 0 0 1
    outer loop
      vertex 52 9 17
      vertex 51.23385183976939 8.163104321833067 17
      vertex 51.30107349850061 8.0625 17
    endloop
  endfacet
  facet normal 0 0 1
    outer loop
      vertex 52 9 17
      vertex 50.9625 8.401073498500606 17
      vertex 51.063104321833066 8.333851839769393 17
    endloop
  endfacet
  facet normal 0 0 1
    outer loop
      vertex 52 9 17
      vertex 51.154073772597556 8.254073772597557 17
      vertex 51.23385183976939 8.163104321833067 17
    endloop
  endfacet
  facet normal 0 0 1
    outer loop
      vertex 52 9 17
      vertex 51.063104321833066 8.333851839769393 17
      vertex 51.154073772597556 8.254073772597557 17
    endloop
  endfacet
  facet normal 0 0 1
    outer loop
      vertex 52 9 17
      vertex 50.853982174937705 8.45458856757294 17
      vertex 50.9625 8.401073498500606 17
    endloop
  endfacet
  facet normal 0 0 1
    outer loop
      vertex 52 9 17
      vertex 50.73940761671983 8.493481389317388 17
      vertex 50.853982174937705 8.45458856757294 17
    endloop
  endfacet
  facet normal 1 0 0
    outer loop
      vertex 52 9 17
      vertex 52 9.76536686473018 16.847759065022572
      vertex 52 9.390180644032256 16.96157056080646
    endloop
  endfacet
  facet normal -2.127414338793333e-19 0.9951847266721968 0.09801714032956084
    outer loop
      vertex 52 11 15
      vertex 45.1 10.96157056080646 15.390180644032256
      vertex 52 10.96157056080646 15.390180644032256
    endloop
  endfacet
  facet normal -1.2503077796227318e-18 0.9569403357322093 0.2902846772544611
    outer loop
      vertex 52 10.96157056080646 15.390180644032256
      vertex 45.1 10.847759065022574 15.76536686473018
      vertex 52 10.847759065022574 15.76536686473018
    endloop
  endfacet
  facet normal 1 0 0
    outer loop
      vertex 52 9.57163859753386 13.948050297095268
      vertex 52 10.414213562373096 16.414213562373096
      vertex 52 9.294408836907635 14.466710699058805
    endloop
  endfacet
  facet normal 1 0 0
    outer loop
      vertex 52 11 15
      vertex 52 10.96157056080646 15.390180644032256
      vertex 52 10.847759065022574 15.76536686473018
    endloop
  endfacet
  facet normal 1 0 0
    outer loop
      vertex 52 11 15
      vertex 52 10.847759065022574 15.76536686473018
      vertex 52 10.414213562373096 16.414213562373096
    endloop
  endfacet
  facet normal 0 0.47139673682599603 0.8819212643483559
    outer loop
      vertex 52 9.76536686473018 16.847759065022572
      vertex 52 10.111140466039204 16.66293922460509
      vertex 45.1 9.76536686473018 16.847759065022572
    endloop
  endfacet
  facet normal 0 0.6343932841636423 0.7730104533627397
    outer loop
      vertex 52 10.111140466039204 16.66293922460509
      vertex 52 10.414213562373096 16.414213562373096
      vertex 45.1 10.111140466039204 16.66293922460509
    endloop
  endfacet
  facet normal 0 0.7730104533627414 0.63439328416364
    outer loop
      vertex 52 10.414213562373096 16.414213562373096
      vertex 52 10.66293922460509 16.111140466039203
      vertex 45.1 10.414213562373096 16.414213562373096
    endloop
  endfacet
  facet normal 3.172363095892859e-19 0.8819212643483529 0.47139673682600136
    outer loop
      vertex 52 10.847759065022574 15.76536686473018
      vertex 45.1 10.66293922460509 16.111140466039203
      vertex 52 10.66293922460509 16.111140466039203
    endloop
  endfacet
  facet normal 1 0 0
    outer loop
      vertex 52 9 17
      vertex 52 10.414213562373096 16.414213562373096
      vertex 52 9.76536686473018 16.847759065022572
    endloop
  endfacet
  facet normal 1 0 0
    outer loop
      vertex 52 9.76536686473018 16.847759065022572
      vertex 52 10.414213562373096 16.414213562373096
      vertex 52 10.111140466039204 16.66293922460509
    endloop
  endfacet
  facet normal 1 0 0
    outer loop
      vertex 52 10.847759065022574 15.76536686473018
      vertex 52 10.66293922460509 16.111140466039203
      vertex 52 10.414213562373096 16.414213562373096
    endloop
  endfacet
  facet normal 1 0 0
    outer loop
      vertex 1.6 -9.742355841209692 3.6147290339516154
      vertex 1.6 -9.57163859753386 3.0519497029047304
      vertex 1.6 -9.8 4.2
    endloop
  endfacet
  facet normal 1 0 0
    outer loop
      vertex 1.6 -8.921320343559643 2.0786796564403573
      vertex 1.6 -8.466710699058808 1.7055911630923644
      vertex 1.6 -9.57163859753386 3.0519497029047304
    endloop
  endfacet
  facet normal 1 0 0
    outer loop
      vertex 1.6 -8.921320343559643 2.0786796564403573
      vertex 1.6 -9.57163859753386 3.0519497029047304
      vertex 1.6 -9.294408836907635 2.5332893009411936
    endloop
  endfacet
  facet normal 1 0 0
    outer loop
      vertex 1.6 -8.466710699058808 1.7055911630923644
      vertex 1.6 -9.8 4.2
      vertex 1.6 -9.57163859753386 3.0519497029047304
    endloop
  endfacet
  facet normal 1 0 0
    outer loop
      vertex 1.6 -8.466710699058808 1.7055911630923644
      vertex 1.6 -7.94805029709527 1.42836140246614
      vertex 1.6 -7.3852709660483855 1.2576441587903087
    endloop
  endfacet
  facet normal 1 0 0
    outer loop
      vertex 1.6 -8.466710699058808 1.7055911630923644
      vertex 1.6 -7.3852709660483855 1.2576441587903087
      vertex 1.6 -6.800000000000001 1.2
    endloop
  endfacet
  facet normal 1 0 0
    outer loop
      vertex 1.6 -8.466710699058808 1.7055911630923644
      vertex 1.6 -9.100000000000001 6.999999999999999
      vertex 1.6 -9.8 4.2
    endloop
  endfacet
  facet normal 1 0 0
    outer loop
      vertex 1.6 -9.8 4.2
      vertex 1.6 -9.100000000000001 6.999999999999999
      vertex 1.6 -9.8 6.999999999999999
    endloop
  endfacet
  facet normal 0 1 0
    outer loop
      vertex 1.6 -9.8 4.2
      vertex 1.6 -9.8 6.999999999999999
      vertex 13.6 -9.8 6.999999999999999
    endloop
  endfacet
  facet normal 1 0 0
    outer loop
      vertex 1.6 -8.466710699058808 1.7055911630923644
      vertex 1.6 -8.466710699058808 15.294408836907635
      vertex 1.6 -9.100000000000001 6.999999999999999
    endloop
  endfacet
  facet normal 1 0 0
    outer loop
      vertex 1.6 -8.466710699058808 1.7055911630923644
      vertex 1.6 -4.473312588140068 6.826687411859932
      vertex 1.6 -4.665211182147998 7.045505820455597
    endloop
  endfacet
  facet normal 1 0 0
    outer loop
      vertex 1.6 -8.466710699058808 1.7055911630923644
      vertex 1.6 -4.0125 6.473093476579624
      vertex 1.6 -4.254494179544404 6.634788817852002
    endloop
  endfacet
  facet normal 1 0 0
    outer loop
      vertex 1.6 -8.466710699058808 1.7055911630923644
      vertex 1.6 -4.254494179544404 6.634788817852002
      vertex 1.6 -4.473312588140068 6.826687411859932
    endloop
  endfacet
  facet normal 1 0 0
    outer loop
      vertex 1.6 -8.466710699058808 1.7055911630923644
      vertex 1.6 -5.049184963493177 7.824127624646891
      vertex 1.6 -5.105964816556728 8.109579222310385
    endloop
  endfacet
  facet normal 1 0 0
    outer loop
      vertex 1.6 -8.466710699058808 1.7055911630923644
      vertex 1.6 -5.105964816556728 8.109579222310385
      vertex 1.6 -5.125 8.4
    endloop
  endfacet
  facet normal 1 0 0
    outer loop
      vertex 1.6 -8.466710699058808 1.7055911630923644
      vertex 1.6 -5.125 8.4
      vertex 1.6 -5.105964816556728 8.690420777689615
    endloop
  endfacet
  facet normal 1 0 0
    outer loop
      vertex 1.6 -8.466710699058808 1.7055911630923644
      vertex 1.6 -4.826906523420376 7.2875000000000005
      vertex 1.6 -4.955631959837612 7.548529362987676
    endloop
  endfacet
  facet normal 1 0 0
    outer loop
      vertex 1.6 -8.466710699058808 1.7055911630923644
      vertex 1.6 -4.665211182147998 7.045505820455597
      vertex 1.6 -4.826906523420376 7.2875000000000005
    endloop
  endfacet
  facet normal 1 0 0
    outer loop
      vertex 1.6 -8.466710699058808 1.7055911630923644
      vertex 1.6 -4.955631959837612 7.548529362987676
      vertex 1.6 -5.049184963493177 7.824127624646891
    endloop
  endfacet
  facet normal 1 0 0
    outer loop
      vertex 1.6 -8.466710699058808 1.7055911630923644
      vertex 1.6 -5.105964816556728 8.690420777689615
      vertex 1.6 -5.049184963493177 8.97587237535311
    endloop
  endfacet
  facet normal 1 0 0
    outer loop
      vertex 1.6 -8.466710699058808 1.7055911630923644
      vertex 1.6 -5.049184963493177 8.97587237535311
      vertex 1.6 -4.955631959837612 9.251470637012325
    endloop
  endfacet
  facet normal 1 0 0
    outer loop
      vertex 1.6 -8.466710699058808 1.7055911630923644
      vertex 1.6 -6.800000000000001 1.2
      vertex 1.6 7.3852709660483855 1.2576441587903087
    endloop
  endfacet
  facet normal 1 0 0
    outer loop
      vertex 1.6 -8.466710699058808 1.7055911630923644
      vertex 1.6 9.8 4.2
      vertex 1.6 -2.9 6.175000000000001
    endloop
  endfacet
  facet normal 1 0 0
    outer loop
      vertex 1.6 -8.466710699058808 1.7055911630923644
      vertex 1.6 -3.4758723753531084 6.250815036506824
      vertex 1.6 -3.751470637012325 6.344368040162387
    endloop
  endfacet
  facet normal 1 0 0
    outer loop
      vertex 1.6 -8.466710699058808 1.7055911630923644
      vertex 1.6 -3.1904207776896145 6.1940351834432725
      vertex 1.6 -3.4758723753531084 6.250815036506824
    endloop
  endfacet
  facet normal 1 0 0
    outer loop
      vertex 1.6 -8.466710699058808 1.7055911630923644
      vertex 1.6 -2.9 6.175000000000001
      vertex 1.6 -3.1904207776896145 6.1940351834432725
    endloop
  endfacet
  facet normal 1 0 0
    outer loop
      vertex 1.6 -8.466710699058808 1.7055911630923644
      vertex 1.6 -3.751470637012325 6.344368040162387
      vertex 1.6 -4.0125 6.473093476579624
    endloop
  endfacet
  facet normal 0 0.6343932841636465 0.7730104533627362
    outer loop
      vertex 1.6 -8.921320343559643 2.0786796564403573
      vertex 44 -8.921320343559643 2.0786796564403573
      vertex 1.6 -8.466710699058808 1.7055911630923644
    endloop
  endfacet
  facet normal 0 0.47139673682599664 0.8819212643483556
    outer loop
      vertex 1.6 -8.466710699058808 1.7055911630923644
      vertex 44 -8.466710699058808 1.7055911630923644
      vertex 1.6 -7.94805029709527 1.42836140246614
    endloop
  endfacet
  facet normal 0 0.9569403357322088 0.2902846772544625
    outer loop
      vertex 1.6 -9.742355841209692 3.6147290339516154
      vertex 52 -9.742355841209692 3.6147290339516154
      vertex 1.6 -9.57163859753386 3.0519497029047304
    endloop
  endfacet
  facet normal 4.329234282825532e-20 0.9951847266721968 0.0980171403295607
    outer loop
      vertex 1.6 -9.742355841209692 3.6147290339516154
      vertex 1.6 -9.8 4.2
      vertex 52 -9.8 4.2
    endloop
  endfacet
  facet normal -3.865053250934782e-19 0.7730104533627375 0.6343932841636448
    outer loop
      vertex 1.6 -8.921320343559643 2.0786796564403573
      vertex 1.6 -9.294408836907635 2.5332893009411936
      vertex 52 -9.294408836907635 2.5332893009411936
    endloop
  endfacet
  facet normal -4.2232234089477364e-19 0.8819212643483543 0.47139673682599903
    outer loop
      vertex 1.6 -9.294408836907635 2.5332893009411936
      vertex 1.6 -9.57163859753386 3.0519497029047304
      vertex 52 -9.57163859753386 3.0519497029047304
    endloop
  endfacet
  facet normal 0 0.29028467725446294 0.9569403357322086
    outer loop
      vertex 1.6 -7.94805029709527 1.42836140246614
      vertex 44 -7.94805029709527 1.42836140246614
      vertex 1.6 -7.3852709660483855 1.2576441587903087
    endloop
  endfacet
  facet normal 0 0.0980171403295607 0.9951847266721968
    outer loop
      vertex 1.6 -7.3852709660483855 1.2576441587903087
      vertex 44 -7.3852709660483855 1.2576441587903087
      vertex 1.6 -6.800000000000001 1.2
    endloop
  endfacet
  facet normal 0 1 0
    outer loop
      vertex 1.6 -9.8 4.2
      vertex 13.6 -9.8 6.999999999999999
      vertex 35.1 -9.8 8.2
    endloop
  endfacet
  facet normal 0 1 0
    outer loop
      vertex 13.6 -9.8 6.999999999999999
      vertex 13.6 -9.8 7.8
      vertex 35.1 -9.8 8.2
    endloop
  endfacet
  facet normal 0 1 0
    outer loop
      vertex 13.6 -9.8 7.8
      vertex 13.100000000000001 -9.8 8.2
      vertex 35.1 -9.8 8.2
    endloop
  endfacet
  facet normal 0 0 1
    outer loop
      vertex 1.6 -6.800000000000001 1.2
      vertex 44 -6.800000000000001 1.2
      vertex 1.6 6.800000000000001 1.2
    endloop
  endfacet
  facet normal 1 0 0
    outer loop
      vertex 1.6 -9.8 7.8
      vertex 1.6 -9.100000000000001 7.8
      vertex 1.6 -8.466710699058808 15.294408836907635
    endloop
  endfacet
  facet normal 1 0 0
    outer loop
      vertex 1.6 -9.100000000000001 6.999999999999999
      vertex 1.6 -8.466710699058808 15.294408836907635
      vertex 1.6 -9.100000000000001 7.8
    endloop
  endfacet
  facet normal 0 1 0
    outer loop
      vertex 1.6 -9.8 7.8
      vertex 1.6 -9.8 12.799999999999999
      vertex 13.6 -9.8 7.8
    endloop
  endfacet
  facet normal 1 0 0
    outer loop
      vertex 1.6 -9.8 7.8
      vertex 1.6 -8.466710699058808 15.294408836907635
      vertex 1.6 -9.8 12.799999999999999
    endloop
  endfacet
  facet normal 1 0 0
    outer loop
      vertex 1.6 -8.466710699058808 1.7055911630923644
      vertex 1.6 -4.955631959837612 9.251470637012325
      vertex 1.6 -8.466710699058808 15.294408836907635
    endloop
  endfacet
  facet normal 1 0 0
    outer loop
      vertex 1.6 -8.466710699058808 15.294408836907635
      vertex 1.6 -4.955631959837612 9.251470637012325
      vertex 1.6 -4.826906523420376 9.512500000000001
    endloop
  endfacet
  facet normal 1 0 0
    outer loop
      vertex 1.6 -8.466710699058808 15.294408836907635
      vertex 1.6 -4.826906523420376 9.512500000000001
      vertex 1.6 -4.665211182147998 9.754494179544404
    endloop
  endfacet
  facet normal 1 0 0
    outer loop
      vertex 1.6 -8.466710699058808 15.294408836907635
      vertex 1.6 -4.665211182147998 9.754494179544404
      vertex 1.6 -4.473312588140068 9.973312588140068
    endloop
  endfacet
  facet normal 1 0 0
    outer loop
      vertex 1.6 -8.466710699058808 15.294408836907635
      vertex 1.6 -4.473312588140068 9.973312588140068
      vertex 1.6 -4.254494179544404 10.165211182148
    endloop
  endfacet
  facet normal 1 0 0
    outer loop
      vertex 1.6 -8.466710699058808 15.294408836907635
      vertex 1.6 -4.254494179544404 10.165211182148
      vertex 1.6 -4.0125 10.326906523420377
    endloop
  endfacet
  facet normal 0 1 0
    outer loop
      vertex 13.6 -9.8 7.8
      vertex 1.6 -9.8 12.799999999999999
      vertex 13.100000000000001 -9.8 8.2
    endloop
  endfacet
  facet normal 0 1 0
    outer loop
      vertex 13.100000000000001 -9.8 8.2
      vertex 1.6 -9.8 12.799999999999999
      vertex 13.100000000000001 -9.8 9
    endloop
  endfacet
  facet normal 0 1 0
    outer loop
      vertex 1.6 -9.8 12.799999999999999
      vertex 14.600000000000001 -9.8 10.35
      vertex 13.100000000000001 -9.8 9
    endloop
  endfacet
  facet normal 0 1 0
    outer loop
      vertex 1.6 -9.8 12.799999999999999
      vertex 14.600000000000001 -9.8 11.249999999999998
      vertex 14.600000000000001 -9.8 10.35
    endloop
  endfacet
  facet normal 0 1 0
    outer loop
      vertex 1.6 -9.8 12.799999999999999
      vertex 17.6 -9.8 11.249999999999998
      vertex 14.600000000000001 -9.8 11.249999999999998
    endloop
  endfacet
  facet normal 1 0 0
    outer loop
      vertex 1.6 -9.8 12.799999999999999
      vertex 1.6 -9.57163859753386 13.948050297095268
      vertex 1.6 -9.742355841209692 13.385270966048385
    endloop
  endfacet
  facet normal 1 0 0
    outer loop
      vertex 1.6 -9.8 12.799999999999999
      vertex 1.6 -8.466710699058808 15.294408836907635
      vertex 1.6 -9.57163859753386 13.948050297095268
    endloop
  endfacet
  facet normal 1 0 0
    outer loop
      vertex 1.6 -9.57163859753386 13.948050297095268
      vertex 1.6 -8.921320343559643 14.921320343559643
      vertex 1.6 -9.294408836907635 14.466710699058805
    endloop
  endfacet
  facet normal 1 0 0
    outer loop
      vertex 1.6 -9.57163859753386 13.948050297095268
      vertex 1.6 -8.466710699058808 15.294408836907635
      vertex 1.6 -8.921320343559643 14.921320343559643
    endloop
  endfacet
  facet normal 1 0 0
    outer loop
      vertex 1.6 -8.466710699058808 15.294408836907635
      vertex 1.6 -6.800000000000001 15.799999999999999
      vertex 1.6 -7.94805029709527 15.571638597533859
    endloop
  endfacet
  facet normal 1 0 0
    outer loop
      vertex 1.6 -7.94805029709527 15.571638597533859
      vertex 1.6 -6.800000000000001 15.799999999999999
      vertex 1.6 -7.3852709660483855 15.74235584120969
    endloop
  endfacet
  facet normal 1 0 0
    outer loop
      vertex 1.6 -8.466710699058808 15.294408836907635
      vertex 1.6 -4.0125 10.326906523420377
      vertex 1.6 -3.751470637012325 10.455631959837614
    endloop
  endfacet
  facet normal 1 0 0
    outer loop
      vertex 1.6 -8.466710699058808 15.294408836907635
      vertex 1.6 -3.751470637012325 10.455631959837614
      vertex 1.6 -3.4758723753531084 10.549184963493177
    endloop
  endfacet
  facet normal 1 0 0
    outer loop
      vertex 1.6 -8.466710699058808 15.294408836907635
      vertex 1.6 -3.4758723753531084 10.549184963493177
      vertex 1.6 -3.1904207776896145 10.605964816556728
    endloop
  endfacet
  facet normal 1 0 0
    outer loop
      vertex 1.6 -8.466710699058808 15.294408836907635
      vertex 1.6 -3.1904207776896145 10.605964816556728
      vertex 1.6 -2.9 10.625
    endloop
  endfacet
  facet normal 1 0 0
    outer loop
      vertex 1.6 -8.466710699058808 15.294408836907635
      vertex 1.6 -2.9 10.625
      vertex 1.6 2.9 10.625
    endloop
  endfacet
  facet normal 1 0 0
    outer loop
      vertex 1.6 -8.466710699058808 15.294408836907635
      vertex 1.6 2.9 10.625
      vertex 1.6 3.1904207776896145 10.605964816556728
    endloop
  endfacet
  facet normal 1 0 0
    outer loop
      vertex 1.6 -8.466710699058808 15.294408836907635
      vertex 1.6 3.1904207776896145 10.605964816556728
      vertex 1.6 3.4758723753531084 10.549184963493177
    endloop
  endfacet
  facet normal 1 0 0
    outer loop
      vertex 1.6 -8.466710699058808 15.294408836907635
      vertex 1.6 3.4758723753531084 10.549184963493177
      vertex 1.6 3.751470637012325 10.455631959837614
    endloop
  endfacet
  facet normal 1 0 0
    outer loop
      vertex 1.6 -8.466710699058808 15.294408836907635
      vertex 1.6 6.800000000000001 15.799999999999999
      vertex 1.6 -6.800000000000001 15.799999999999999
    endloop
  endfacet
  facet normal 0 1 0
    outer loop
      vertex 13.100000000000001 -9.8 9
      vertex 14.600000000000001 -9.8 10.35
      vertex 17.6 -9.8 10.35
    endloop
  endfacet
  facet normal 0 1 0
    outer loop
      vertex 13.100000000000001 -9.8 9
      vertex 17.6 -9.8 10.35
      vertex 27.6 -9.8 11.249999999999998
    endloop
  endfacet
  facet normal 0 1 0
    outer loop
      vertex 13.100000000000001 -9.8 9
      vertex 27.6 -9.8 10.35
      vertex 35.1 -9.8 9
    endloop
  endfacet
  facet normal 0 1 0
    outer loop
      vertex 13.100000000000001 -9.8 9
      vertex 27.6 -9.8 11.249999999999998
      vertex 27.6 -9.8 10.35
    endloop
  endfacet
  facet normal 0 1 0
    outer loop
      vertex 17.6 -9.8 10.35
      vertex 17.6 -9.8 11.249999999999998
      vertex 27.6 -9.8 11.249999999999998
    endloop
  endfacet
  facet normal 0 1 0
    outer loop
      vertex 1.6 -9.8 12.799999999999999
      vertex 52 -9.8 12.799999999999999
      vertex 17.6 -9.8 11.249999999999998
    endloop
  endfacet
  facet normal 4.530437034816505e-20 0.9951847266721968 -0.09801714032956055
    outer loop
      vertex 1.6 -9.8 12.799999999999999
      vertex 1.6 -9.742355841209692 13.385270966048385
      vertex 52 -9.742355841209692 13.385270966048385
    endloop
  endfacet
  facet normal -1.33690906517717e-19 0.9569403357322086 -0.29028467725446333
    outer loop
      vertex 1.6 -9.742355841209692 13.385270966048385
      vertex 1.6 -9.57163859753386 13.948050297095268
      vertex 52 -9.57163859753386 13.948050297095268
    endloop
  endfacet
  facet normal 4.2232234089477364e-19 0.8819212643483543 -0.47139673682599903
    outer loop
      vertex 1.6 -9.57163859753386 13.948050297095268
      vertex 1.6 -9.294408836907635 14.466710699058805
      vertex 52 -9.294408836907635 14.466710699058805
    endloop
  endfacet
  facet normal 2.719481721762672e-19 0.7730104533627388 -0.6343932841636434
    outer loop
      vertex 1.6 -9.294408836907635 14.466710699058805
      vertex 1.6 -8.921320343559643 14.921320343559643
      vertex 52 -8.921320343559643 14.921320343559643
    endloop
  endfacet
  facet normal -4.516421544101583e-19 0.6343932841636463 -0.7730104533627364
    outer loop
      vertex 1.6 -8.921320343559643 14.921320343559643
      vertex 1.6 -8.466710699058808 15.294408836907635
      vertex 50.18172847287227 -8.466710699058808 15.294408836907635
    endloop
  endfacet
  facet normal -5.500269142755723e-22 0.4713967368259955 -0.8819212643483563
    outer loop
      vertex 1.6 -8.466710699058808 15.294408836907635
      vertex 1.6 -7.94805029709527 15.571638597533859
      vertex 49.64339783123039 -7.94805029709527 15.571638597533859
    endloop
  endfacet
  facet normal 6.0233981411317504e-18 0.29028467725446294 -0.9569403357322087
    outer loop
      vertex 1.6 -7.94805029709527 15.571638597533859
      vertex 1.6 -7.3852709660483855 15.74235584120969
      vertex 49.58291350322923 -7.4792632721964525 15.713843586855068
    endloop
  endfacet
  facet normal -1.9492919451195194e-18 0.09801714032956069 -0.9951847266721968
    outer loop
      vertex 1.6 -7.3852709660483855 15.74235584120969
      vertex 1.6 -6.800000000000001 15.799999999999999
      vertex 49.936895678166934 -6.866148160230608 15.793484974869392
    endloop
  endfacet
  facet normal 1 0 0
    outer loop
      vertex 1.6 -6.800000000000001 1.2
      vertex 1.6 6.800000000000001 1.2
      vertex 1.6 7.3852709660483855 1.2576441587903087
    endloop
  endfacet
  facet normal 1 0 0
    outer loop
      vertex 1.6 -8.466710699058808 1.7055911630923644
      vertex 1.6 7.3852709660483855 1.2576441587903087
      vertex 1.6 9.8 4.2
    endloop
  endfacet
  facet normal 1 0 0
    outer loop
      vertex 1.6 9.8 4.2
      vertex 1.6 2.9 6.175000000000001
      vertex 1.6 -2.9 6.175000000000001
    endloop
  endfacet
  facet normal 1 0 0
    outer loop
      vertex 1.6 9.8 4.2
      vertex 1.6 3.1904207776896145 6.1940351834432725
      vertex 1.6 2.9 6.175000000000001
    endloop
  endfacet
  facet normal 1 0 0
    outer loop
      vertex 1.6 9.8 4.2
      vertex 1.6 3.4758723753531084 6.250815036506824
      vertex 1.6 3.1904207776896145 6.1940351834432725
    endloop
  endfacet
  facet normal 1 0 0
    outer loop
      vertex 1.6 7.3852709660483855 1.2576441587903087
      vertex 1.6 7.94805029709527 1.42836140246614
      vertex 1.6 8.466710699058808 1.7055911630923644
    endloop
  endfacet
  facet normal 1 0 0
    outer loop
      vertex 1.6 7.3852709660483855 1.2576441587903087
      vertex 1.6 8.466710699058808 1.7055911630923644
      vertex 1.6 8.921320343559643 2.0786796564403573
    endloop
  endfacet
  facet normal 1 0 0
    outer loop
      vertex 1.6 7.3852709660483855 1.2576441587903087
      vertex 1.6 8.921320343559643 2.0786796564403573
      vertex 1.6 9.8 4.2
    endloop
  endfacet
  facet normal 1 0 0
    outer loop
      vertex 1.6 8.921320343559643 2.0786796564403573
      vertex 1.6 9.294408836907635 2.5332893009411936
      vertex 1.6 9.57163859753386 3.0519497029047304
    endloop
  endfacet
  facet normal 1 0 0
    outer loop
      vertex 1.6 8.921320343559643 2.0786796564403573
      vertex 1.6 9.57163859753386 3.0519497029047304
      vertex 1.6 9.8 4.2
    endloop
  endfacet
  facet normal 1 0 0
    outer loop
      vertex 1.6 9.57163859753386 3.0519497029047304
      vertex 1.6 9.742355841209692 3.6147290339516154
      vertex 1.6 9.8 4.2
    endloop
  endfacet
  facet normal 1 0 0
    outer loop
      vertex 1.6 9.8 4.2
      vertex 1.6 3.751470637012325 6.344368040162387
      vertex 1.6 3.4758723753531084 6.250815036506824
    endloop
  endfacet
  facet normal 1 0 0
    outer loop
      vertex 1.6 9.8 4.2
      vertex 1.6 4.0125 6.473093476579624
      vertex 1.6 3.751470637012325 6.344368040162387
    endloop
  endfacet
  facet normal 1 0 0
    outer loop
      vertex 1.6 9.8 4.2
      vertex 1.6 4.254494179544404 6.634788817852002
      vertex 1.6 4.0125 6.473093476579624
    endloop
  endfacet
  facet normal 1 0 0
    outer loop
      vertex 1.6 9.8 4.2
      vertex 1.6 4.473312588140068 6.826687411859932
      vertex 1.6 4.254494179544404 6.634788817852002
    endloop
  endfacet
  facet normal 1 0 0
    outer loop
      vertex 1.6 9.8 4.2
      vertex 1.6 4.665211182147998 7.045505820455597
      vertex 1.6 4.473312588140068 6.826687411859932
    endloop
  endfacet
  facet normal 1 0 0
    outer loop
      vertex 1.6 9.8 4.2
      vertex 1.6 9.100000000000001 6.999999999999999
      vertex 1.6 4.665211182147998 7.045505820455597
    endloop
  endfacet
  facet normal 1 0 0
    outer loop
      vertex 1.6 9.100000000000001 6.999999999999999
      vertex 1.6 4.826906523420376 7.2875000000000005
      vertex 1.6 4.665211182147998 7.045505820455597
    endloop
  endfacet
  facet normal 1 0 0
    outer loop
      vertex 1.6 9.100000000000001 6.999999999999999
      vertex 1.6 4.955631959837612 7.548529362987676
      vertex 1.6 4.826906523420376 7.2875000000000005
    endloop
  endfacet
  facet normal 1 0 0
    outer loop
      vertex 1.6 9.100000000000001 6.999999999999999
      vertex 1.6 5.049184963493177 7.824127624646891
      vertex 1.6 4.955631959837612 7.548529362987676
    endloop
  endfacet
  facet normal 1 0 0
    outer loop
      vertex 1.6 9.100000000000001 6.999999999999999
      vertex 1.6 5.105964816556728 8.109579222310385
      vertex 1.6 5.049184963493177 7.824127624646891
    endloop
  endfacet
  facet normal 1 0 0
    outer loop
      vertex 1.6 9.100000000000001 6.999999999999999
      vertex 1.6 5.125 8.4
      vertex 1.6 5.105964816556728 8.109579222310385
    endloop
  endfacet
  facet normal 1 0 0
    outer loop
      vertex 1.6 9.100000000000001 6.999999999999999
      vertex 1.6 5.105964816556728 8.690420777689615
      vertex 1.6 5.125 8.4
    endloop
  endfacet
  facet normal 1 0 0
    outer loop
      vertex 1.6 9.100000000000001 7.8
      vertex 1.6 5.049184963493177 8.97587237535311
      vertex 1.6 5.105964816556728 8.690420777689615
    endloop
  endfacet
  facet normal 1 0 0
    outer loop
      vertex 1.6 9.100000000000001 6.999999999999999
      vertex 1.6 9.100000000000001 7.8
      vertex 1.6 5.105964816556728 8.690420777689615
    endloop
  endfacet
  facet normal 1 0 0
    outer loop
      vertex 1.6 9.8 4.2
      vertex 1.6 9.8 6.999999999999999
      vertex 1.6 9.100000000000001 6.999999999999999
    endloop
  endfacet
  facet normal 0 -1 0
    outer loop
      vertex 1.6 9.8 4.2
      vertex 13.6 9.8 6.999999999999999
      vertex 1.6 9.8 6.999999999999999
    endloop
  endfacet
  facet normal 0 -0.0980171403295607 0.9951847266721968
    outer loop
      vertex 1.6 6.800000000000001 1.2
      vertex 44 6.800000000000001 1.2
      vertex 1.6 7.3852709660483855 1.2576441587903087
    endloop
  endfacet
  facet normal 0 -0.29028467725446294 0.9569403357322086
    outer loop
      vertex 1.6 7.3852709660483855 1.2576441587903087
      vertex 44 7.3852709660483855 1.2576441587903087
      vertex 1.6 7.94805029709527 1.42836140246614
    endloop
  endfacet
  facet normal 0 -0.47139673682599664 0.8819212643483556
    outer loop
      vertex 1.6 7.94805029709527 1.42836140246614
      vertex 44 7.94805029709527 1.42836140246614
      vertex 1.6 8.466710699058808 1.7055911630923644
    endloop
  endfacet
  facet normal 0 -0.6343932841636465 0.7730104533627362
    outer loop
      vertex 1.6 8.466710699058808 1.7055911630923644
      vertex 44 8.466710699058808 1.7055911630923644
      vertex 1.6 8.921320343559643 2.0786796564403573
    endloop
  endfacet
  facet normal 4.43135785584429e-19 -0.7730104533627375 0.6343932841636447
    outer loop
      vertex 1.6 8.921320343559643 2.0786796564403573
      vertex 44 8.938817497332222 2.1
      vertex 1.6 9.294408836907635 2.5332893009411936
    endloop
  endfacet
  facet normal 0 -0.8819212643483543 0.47139673682599903
    outer loop
      vertex 1.6 9.294408836907635 2.5332893009411936
      vertex 52 9.294408836907635 2.5332893009411936
      vertex 1.6 9.57163859753386 3.0519497029047304
    endloop
  endfacet
  facet normal 0 -0.9569403357322088 0.2902846772544625
    outer loop
      vertex 1.6 9.57163859753386 3.0519497029047304
      vertex 52 9.57163859753386 3.0519497029047304
      vertex 1.6 9.742355841209692 3.6147290339516154
    endloop
  endfacet
  facet normal 0 -0.9951847266721968 0.0980171403295607
    outer loop
      vertex 1.6 9.742355841209692 3.6147290339516154
      vertex 52 9.742355841209692 3.6147290339516154
      vertex 1.6 9.8 4.2
    endloop
  endfacet
  facet normal 0 -1 0
    outer loop
      vertex 1.6 9.8 4.2
      vertex 52 9.8 4.2
      vertex 13.6 9.8 6.999999999999999
    endloop
  endfacet
  facet normal 0 -1 0
    outer loop
      vertex 13.6 9.8 6.999999999999999
      vertex 35.1 9.8 8.2
      vertex 13.6 9.8 7.8
    endloop
  endfacet
  facet normal 0 -1 0
    outer loop
      vertex 13.6 9.8 7.8
      vertex 35.1 9.8 8.2
      vertex 13.100000000000001 9.8 8.2
    endloop
  endfacet
  facet normal 1 0 0
    outer loop
      vertex 1.6 8.466710699058808 15.294408836907635
      vertex 1.6 3.751470637012325 10.455631959837614
      vertex 1.6 4.0125 10.326906523420377
    endloop
  endfacet
  facet normal 1 0 0
    outer loop
      vertex 1.6 -8.466710699058808 15.294408836907635
      vertex 1.6 3.751470637012325 10.455631959837614
      vertex 1.6 8.466710699058808 15.294408836907635
    endloop
  endfacet
  facet normal 1 0 0
    outer loop
      vertex 1.6 -8.466710699058808 15.294408836907635
      vertex 1.6 8.466710699058808 15.294408836907635
      vertex 1.6 6.800000000000001 15.799999999999999
    endloop
  endfacet
  facet normal 1 0 0
    outer loop
      vertex 1.6 9.100000000000001 7.8
      vertex 1.6 4.955631959837612 9.251470637012325
      vertex 1.6 5.049184963493177 8.97587237535311
    endloop
  endfacet
  facet normal 1 0 0
    outer loop
      vertex 1.6 9.100000000000001 7.8
      vertex 1.6 4.826906523420376 9.512500000000001
      vertex 1.6 4.955631959837612 9.251470637012325
    endloop
  endfacet
  facet normal 1 0 0
    outer loop
      vertex 1.6 8.466710699058808 15.294408836907635
      vertex 1.6 4.665211182147998 9.754494179544404
      vertex 1.6 4.826906523420376 9.512500000000001
    endloop
  endfacet
  facet normal 1 0 0
    outer loop
      vertex 1.6 8.466710699058808 15.294408836907635
      vertex 1.6 4.473312588140068 9.973312588140068
      vertex 1.6 4.665211182147998 9.754494179544404
    endloop
  endfacet
  facet normal 1 0 0
    outer loop
      vertex 1.6 8.466710699058808 15.294408836907635
      vertex 1.6 4.0125 10.326906523420377
      vertex 1.6 4.254494179544404 10.165211182148
    endloop
  endfacet
  facet normal 1 0 0
    outer loop
      vertex 1.6 8.466710699058808 15.294408836907635
      vertex 1.6 4.254494179544404 10.165211182148
      vertex 1.6 4.473312588140068 9.973312588140068
    endloop
  endfacet
  facet normal 1 0 0
    outer loop
      vertex 1.6 9.100000000000001 7.8
      vertex 1.6 8.466710699058808 15.294408836907635
      vertex 1.6 4.826906523420376 9.512500000000001
    endloop
  endfacet
  facet normal 1 0 0
    outer loop
      vertex 1.6 9.100000000000001 7.8
      vertex 1.6 9.8 7.8
      vertex 1.6 9.8 12.799999999999999
    endloop
  endfacet
  facet normal 0 -1 0
    outer loop
      vertex 1.6 9.8 7.8
      vertex 13.6 9.8 7.8
      vertex 1.6 9.8 12.799999999999999
    endloop
  endfacet
  facet normal 1 0 0
    outer loop
      vertex 1.6 9.100000000000001 7.8
      vertex 1.6 9.8 12.799999999999999
      vertex 1.6 9.742355841209692 13.385270966048385
    endloop
  endfacet
  facet normal 1 0 0
    outer loop
      vertex 1.6 9.100000000000001 7.8
      vertex 1.6 9.742355841209692 13.385270966048385
      vertex 1.6 8.466710699058808 15.294408836907635
    endloop
  endfacet
  facet normal 0 -1 0
    outer loop
      vertex 13.6 9.8 7.8
      vertex 13.100000000000001 9.8 8.2
      vertex 1.6 9.8 12.799999999999999
    endloop
  endfacet
  facet normal 0 -1 0
    outer loop
      vertex 13.100000000000001 9.8 8.2
      vertex 13.100000000000001 9.8 9
      vertex 1.6 9.8 12.799999999999999
    endloop
  endfacet
  facet normal 0 -1 0
    outer loop
      vertex 1.6 9.8 12.799999999999999
      vertex 13.100000000000001 9.8 9
      vertex 14.600000000000001 9.8 10.35
    endloop
  endfacet
  facet normal 0 -1 0
    outer loop
      vertex 1.6 9.8 12.799999999999999
      vertex 14.600000000000001 9.8 10.35
      vertex 14.600000000000001 9.8 11.249999999999998
    endloop
  endfacet
  facet normal 1 0 0
    outer loop
      vertex 1.6 6.800000000000001 15.799999999999999
      vertex 1.6 8.466710699058808 15.294408836907635
      vertex 1.6 7.3852709660483855 15.74235584120969
    endloop
  endfacet
  facet normal 1 0 0
    outer loop
      vertex 1.6 7.3852709660483855 15.74235584120969
      vertex 1.6 8.466710699058808 15.294408836907635
      vertex 1.6 7.94805029709527 15.571638597533859
    endloop
  endfacet
  facet normal 1 0 0
    outer loop
      vertex 1.6 9.57163859753386 13.948050297095268
      vertex 1.6 9.294408836907635 14.466710699058805
      vertex 1.6 9.742355841209692 13.385270966048385
    endloop
  endfacet
  facet normal 1 0 0
    outer loop
      vertex 1.6 9.294408836907635 14.466710699058805
      vertex 1.6 8.466710699058808 15.294408836907635
      vertex 1.6 9.742355841209692 13.385270966048385
    endloop
  endfacet
  facet normal 1 0 0
    outer loop
      vertex 1.6 9.294408836907635 14.466710699058805
      vertex 1.6 8.921320343559643 14.921320343559643
      vertex 1.6 8.466710699058808 15.294408836907635
    endloop
  endfacet
  facet normal 0 0 -1
    outer loop
      vertex 1.6 -6.800000000000001 15.799999999999999
      vertex 1.6 6.800000000000001 15.799999999999999
      vertex 50.03589339595778 6.800000000000001 15.799999999999999
    endloop
  endfacet
  facet normal 0 -1 0
    outer loop
      vertex 13.100000000000001 9.8 9
      vertex 17.6 9.8 10.35
      vertex 14.600000000000001 9.8 10.35
    endloop
  endfacet
  facet normal 0 -1 0
    outer loop
      vertex 13.100000000000001 9.8 9
      vertex 23.869767441860464 9.8 9
      vertex 17.6 9.8 10.35
    endloop
  endfacet
  facet normal 0 -1 0
    outer loop
      vertex 17.6 9.8 10.35
      vertex 23.869767441860464 9.8 9
      vertex 17.6 9.8 11.249999999999998
    endloop
  endfacet
  facet normal 0 -1 0
    outer loop
      vertex 17.6 9.8 11.249999999999998
      vertex 23.869767441860464 9.8 9
      vertex 27.6 9.8 11.249999999999998
    endloop
  endfacet
  facet normal 0 -1 0
    outer loop
      vertex 1.6 9.8 12.799999999999999
      vertex 14.600000000000001 9.8 11.249999999999998
      vertex 52 9.8 12.799999999999999
    endloop
  endfacet
  facet normal 4.5455435569210427e-20 -0.09801714032956069 -0.9951847266721968
    outer loop
      vertex 1.6 6.800000000000001 15.799999999999999
      vertex 1.6 7.3852709660483855 15.74235584120969
      vertex 49.60160973536061 7.3852709660483855 15.74235584120969
    endloop
  endfacet
  facet normal 2.7856142997992343e-18 -0.29028467725446294 -0.9569403357322086
    outer loop
      vertex 1.6 7.3852709660483855 15.74235584120969
      vertex 1.6 7.94805029709527 15.571638597533859
      vertex 49.60651861068261 7.839407616719832 15.60459499432396
    endloop
  endfacet
  facet normal 0 -0.8819212643483543 -0.47139673682599903
    outer loop
      vertex 1.6 9.57163859753386 13.948050297095268
      vertex 52 9.57163859753386 13.948050297095268
      vertex 1.6 9.294408836907635 14.466710699058805
    endloop
  endfacet
  facet normal 0 -0.7730104533627388 -0.6343932841636434
    outer loop
      vertex 1.6 9.294408836907635 14.466710699058805
      vertex 52 9.294408836907635 14.466710699058805
      vertex 1.6 8.921320343559643 14.921320343559643
    endloop
  endfacet
  facet normal 0 -0.9951847266721968 -0.09801714032956055
    outer loop
      vertex 1.6 9.8 12.799999999999999
      vertex 52 9.8 12.799999999999999
      vertex 1.6 9.742355841209692 13.385270966048385
    endloop
  endfacet
  facet normal 1.33690906517717e-19 -0.9569403357322086 -0.29028467725446333
    outer loop
      vertex 1.6 9.57163859753386 13.948050297095268
      vertex 1.6 9.742355841209692 13.385270966048385
      vertex 52 9.742355841209692 13.385270966048385
    endloop
  endfacet
  facet normal -3.67622480209568e-18 -0.4713967368259954 -0.8819212643483563
    outer loop
      vertex 1.6 7.94805029709527 15.571638597533859
      vertex 1.6 8.466710699058808 15.294408836907635
      vertex 50.0375 8.401073498500606 15.32949265153863
    endloop
  endfacet
  facet normal 4.353483435011381e-19 -0.6343932841636463 -0.7730104533627364
    outer loop
      vertex 1.6 8.466710699058808 15.294408836907635
      vertex 1.6 8.921320343559643 14.921320343559643
      vertex 52 8.921320343559643 14.921320343559643
    endloop
  endfacet
  facet normal 0 0.6343932841636465 0.7730104533627362
    outer loop
      vertex 1.6 -8.466710699058808 1.7055911630923644
      vertex 44 -8.921320343559643 2.0786796564403573
      vertex 44 -8.466710699058808 1.7055911630923644
    endloop
  endfacet
  facet normal 0 0.7730104533627371 0.6343932841636453
    outer loop
      vertex 1.6 -8.921320343559643 2.0786796564403573
      vertex 44 -8.938817497332222 2.1
      vertex 44 -8.921320343559643 2.0786796564403573
    endloop
  endfacet
  facet normal 0 0.47139673682599664 0.8819212643483556
    outer loop
      vertex 1.6 -7.94805029709527 1.42836140246614
      vertex 44 -8.466710699058808 1.7055911630923644
      vertex 44 -7.94805029709527 1.42836140246614
    endloop
  endfacet
  facet normal 0 0.29028467725446294 0.9569403357322086
    outer loop
      vertex 1.6 -7.3852709660483855 1.2576441587903087
      vertex 44 -7.94805029709527 1.42836140246614
      vertex 44 -7.3852709660483855 1.2576441587903087
    endloop
  endfacet
  facet normal 0 0.0980171403295607 0.9951847266721968
    outer loop
      vertex 1.6 -6.800000000000001 1.2
      vertex 44 -7.3852709660483855 1.2576441587903087
      vertex 44 -6.800000000000001 1.2
    endloop
  endfacet
  facet normal 0 0.9569403357322088 0.2902846772544625
    outer loop
      vertex 1.6 -9.57163859753386 3.0519497029047304
      vertex 52 -9.742355841209692 3.6147290339516154
      vertex 52 -9.57163859753386 3.0519497029047304
    endloop
  endfacet
  facet normal 0 0.9951847266721968 0.0980171403295607
    outer loop
      vertex 1.6 -9.742355841209692 3.6147290339516154
      vertex 52 -9.8 4.2
      vertex 52 -9.742355841209692 3.6147290339516154
    endloop
  endfacet
  facet normal 4.179228692953877e-19 0.7730104533627375 0.6343932841636447
    outer loop
      vertex 1.6 -8.921320343559643 2.0786796564403573
      vertex 52 -9.294408836907635 2.5332893009411936
      vertex 44 -8.938817497332222 2.1
    endloop
  endfacet
  facet normal 0 0.8819212643483543 0.47139673682599903
    outer loop
      vertex 1.6 -9.294408836907635 2.5332893009411936
      vertex 52 -9.57163859753386 3.0519497029047304
      vertex 52 -9.294408836907635 2.5332893009411936
    endloop
  endfacet
  facet normal 0 1 0
    outer loop
      vertex 1.6 -9.8 4.2
      vertex 35.1 -9.8 8.2
      vertex 52 -9.8 4.2
    endloop
  endfacet
  facet normal 0 0.6343932841636465 0.7730104533627361
    outer loop
      vertex 45.400000000000006 -8.921320343559643 2.0786796564403573
      vertex 52 -8.921320343559643 2.0786796564403573
      vertex 45.400000000000006 -8.466710699058808 1.7055911630923644
    endloop
  endfacet
  facet normal 1.2637438401445406e-19 0.7730104533627371 0.6343932841636453
    outer loop
      vertex 45.400000000000006 -8.938817497332222 2.1
      vertex 52 -8.921320343559643 2.0786796564403573
      vertex 45.400000000000006 -8.921320343559643 2.0786796564403573
    endloop
  endfacet
  facet normal 0 0.47139673682599653 0.8819212643483556
    outer loop
      vertex 45.400000000000006 -8.466710699058808 1.7055911630923644
      vertex 52 -8.466710699058808 1.7055911630923644
      vertex 45.400000000000006 -7.94805029709527 1.42836140246614
    endloop
  endfacet
  facet normal 0 0.6343932841636465 0.7730104533627361
    outer loop
      vertex 45.400000000000006 -8.466710699058808 1.7055911630923644
      vertex 52 -8.921320343559643 2.0786796564403573
      vertex 52 -8.466710699058808 1.7055911630923644
    endloop
  endfacet
  facet normal 0 0.7730104533627377 0.6343932841636448
    outer loop
      vertex 44 -8.938817497332222 2.1
      vertex 52 -9.294408836907635 2.5332893009411936
      vertex 45.400000000000006 -8.938817497332222 2.1
    endloop
  endfacet
  facet normal -2.640970723434547e-18 0.7730104533627375 0.6343932841636448
    outer loop
      vertex 45.400000000000006 -8.938817497332222 2.1
      vertex 52 -9.294408836907635 2.5332893009411936
      vertex 52 -8.921320343559643 2.0786796564403573
    endloop
  endfacet
  facet normal 0 0.29028467725446294 0.9569403357322086
    outer loop
      vertex 45.400000000000006 -7.94805029709527 1.42836140246614
      vertex 52 -7.94805029709527 1.42836140246614
      vertex 45.400000000000006 -7.3852709660483855 1.2576441587903087
    endloop
  endfacet
  facet normal 0 0.0980171403295607 0.9951847266721968
    outer loop
      vertex 45.400000000000006 -7.3852709660483855 1.2576441587903087
      vertex 52 -7.3852709660483855 1.2576441587903087
      vertex 45.400000000000006 -6.800000000000001 1.2
    endloop
  endfacet
  facet normal 0 0.47139673682599653 0.8819212643483556
    outer loop
      vertex 45.400000000000006 -7.94805029709527 1.42836140246614
      vertex 52 -8.466710699058808 1.7055911630923644
      vertex 52 -7.94805029709527 1.42836140246614
    endloop
  endfacet
  facet normal 0 0.29028467725446294 0.9569403357322086
    outer loop
      vertex 45.400000000000006 -7.3852709660483855 1.2576441587903087
      vertex 52 -7.94805029709527 1.42836140246614
      vertex 52 -7.3852709660483855 1.2576441587903087
    endloop
  endfacet
  facet normal 0 0.0980171403295607 0.9951847266721968
    outer loop
      vertex 45.400000000000006 -6.800000000000001 1.2
      vertex 52 -7.3852709660483855 1.2576441587903087
      vertex 52 -6.800000000000001 1.2
    endloop
  endfacet
  facet normal 0 1 0
    outer loop
      vertex 35.1 -9.8 8.2
      vertex 35.1 -9.8 9
      vertex 52 -9.8 4.2
    endloop
  endfacet
  facet normal 0 0 1
    outer loop
      vertex 45.400000000000006 -6.800000000000001 1.2
      vertex 52 -6.800000000000001 1.2
      vertex 45.400000000000006 6.800000000000001 1.2
    endloop
  endfacet
  facet normal 0 1 0
    outer loop
      vertex 27.6 -9.8 10.35
      vertex 30.6 -9.8 10.35
      vertex 35.1 -9.8 9
    endloop
  endfacet
  facet normal 0 1 0
    outer loop
      vertex 17.6 -9.8 11.249999999999998
      vertex 52 -9.8 12.799999999999999
      vertex 27.6 -9.8 11.249999999999998
    endloop
  endfacet
  facet normal 0 1 0
    outer loop
      vertex 30.6 -9.8 10.35
      vertex 30.6 -9.8 11.249999999999998
      vertex 52 -9.8 12.799999999999999
    endloop
  endfacet
  facet normal 0 1 0
    outer loop
      vertex 27.6 -9.8 11.249999999999998
      vertex 52 -9.8 12.799999999999999
      vertex 30.6 -9.8 11.249999999999998
    endloop
  endfacet
  facet normal 0 0.9951847266721968 -0.09801714032956055
    outer loop
      vertex 1.6 -9.8 12.799999999999999
      vertex 52 -9.742355841209692 13.385270966048385
      vertex 52 -9.8 12.799999999999999
    endloop
  endfacet
  facet normal 0 0.9569403357322086 -0.29028467725446333
    outer loop
      vertex 1.6 -9.742355841209692 13.385270966048385
      vertex 52 -9.57163859753386 13.948050297095268
      vertex 52 -9.742355841209692 13.385270966048385
    endloop
  endfacet
  facet normal 0 0.8819212643483543 -0.47139673682599903
    outer loop
      vertex 1.6 -9.57163859753386 13.948050297095268
      vertex 52 -9.294408836907635 14.466710699058805
      vertex 52 -9.57163859753386 13.948050297095268
    endloop
  endfacet
  facet normal 0 0.7730104533627388 -0.6343932841636434
    outer loop
      vertex 1.6 -9.294408836907635 14.466710699058805
      vertex 52 -8.921320343559643 14.921320343559643
      vertex 52 -9.294408836907635 14.466710699058805
    endloop
  endfacet
  facet normal 4.056098651903535e-17 0.6343932841636435 -0.7730104533627385
    outer loop
      vertex 1.6 -8.921320343559643 14.921320343559643
      vertex 50.18172847287227 -8.466710699058808 15.294408836907635
      vertex 50.26059238328017 -8.493481389317388 15.272438699196575
    endloop
  endfacet
  facet normal -5.709972383730086e-17 0.6343932841636504 -0.7730104533627331
    outer loop
      vertex 1.6 -8.921320343559643 14.921320343559643
      vertex 50.26059238328017 -8.493481389317388 15.272438699196575
      vertex 50.379263272196454 -8.517086496770775 15.25306648815435
    endloop
  endfacet
  facet normal 0 0.4713967368259924 -0.8819212643483578
    outer loop
      vertex 1.6 -8.466710699058808 15.294408836907635
      vertex 50.146017825062295 -8.45458856757294 15.300888251178291
      vertex 50.18172847287227 -8.466710699058808 15.294408836907635
    endloop
  endfacet
  facet normal -4.2145654036599527e-19 0.4713967368259938 -0.881921264348357
    outer loop
      vertex 1.6 -8.466710699058808 15.294408836907635
      vertex 50.0375 -8.401073498500606 15.32949265153863
      vertex 50.146017825062295 -8.45458856757294 15.300888251178291
    endloop
  endfacet
  facet normal -6.583730116652988e-18 0.47139673682599736 -0.8819212643483553
    outer loop
      vertex 1.6 -8.466710699058808 15.294408836907635
      vertex 49.936895678166934 -8.333851839769393 15.365423376707547
      vertex 50.0375 -8.401073498500606 15.32949265153863
    endloop
  endfacet
  facet normal 1.754963342597232e-17 0.4713967368259906 -0.8819212643483588
    outer loop
      vertex 1.6 -8.466710699058808 15.294408836907635
      vertex 49.845926227402444 -8.254073772597557 15.408065642015522
      vertex 49.936895678166934 -8.333851839769393 15.365423376707547
    endloop
  endfacet
  facet normal -7.585454166361762e-17 0.4713967368260071 -0.88192126434835
    outer loop
      vertex 1.6 -8.466710699058808 15.294408836907635
      vertex 49.76614816023061 -8.163104321833067 15.45668982648047
      vertex 49.845926227402444 -8.254073772597557 15.408065642015522
    endloop
  endfacet
  facet normal 1.2640474004679237e-15 0.6343932841635553 -0.7730104533628108
    outer loop
      vertex 1.6 -8.921320343559643 14.921320343559643
      vertex 50.379263272196454 -8.517086496770775 15.25306648815435
      vertex 50.5 -8.525 15.246572043892971
    endloop
  endfacet
  facet normal 0 0.6343932841636483 -0.7730104533627348
    outer loop
      vertex 1.6 -8.921320343559643 14.921320343559643
      vertex 50.5 -8.525 15.246572043892971
      vertex 52 -8.921320343559643 14.921320343559643
    endloop
  endfacet
  facet normal 1.0269949642360135e-16 0.4713967368259848 -0.8819212643483619
    outer loop
      vertex 1.6 -8.466710699058808 15.294408836907635
      vertex 49.69892650149939 -8.0625 15.51046395682502
      vertex 49.76614816023061 -8.163104321833067 15.45668982648047
    endloop
  endfacet
  facet normal -7.622249373141062e-17 0.47139673682600175 -0.8819212643483528
    outer loop
      vertex 1.6 -8.466710699058808 15.294408836907635
      vertex 49.64541143242706 -7.953982174937709 15.568467942769976
      vertex 49.69892650149939 -8.0625 15.51046395682502
    endloop
  endfacet
  facet normal 6.430039927972075e-16 0.47139673682594474 -0.8819212643483834
    outer loop
      vertex 1.6 -8.466710699058808 15.294408836907635
      vertex 49.64339783123039 -7.94805029709527 15.571638597533859
      vertex 49.64541143242706 -7.953982174937709 15.568467942769976
    endloop
  endfacet
  facet normal 0 0.290284677254464 -0.9569403357322084
    outer loop
      vertex 1.6 -7.94805029709527 15.571638597533859
      vertex 49.60651861068261 -7.839407616719832 15.60459499432396
      vertex 49.64339783123039 -7.94805029709527 15.571638597533859
    endloop
  endfacet
  facet normal 2.619086700891362e-18 0.290284677254463 -0.9569403357322087
    outer loop
      vertex 1.6 -7.94805029709527 15.571638597533859
      vertex 49.58291350322923 -7.720736727803549 15.64059341491745
      vertex 49.60651861068261 -7.839407616719832 15.60459499432396
    endloop
  endfacet
  facet normal -3.3863212185893914e-17 0.29028467725447 -0.9569403357322065
    outer loop
      vertex 1.6 -7.94805029709527 15.571638597533859
      vertex 49.575 -7.6000000000000005 15.67721850088626
      vertex 49.58291350322923 -7.720736727803549 15.64059341491745
    endloop
  endfacet
  facet normal 6.815281519585055e-17 0.290284677254457 -0.9569403357322104
    outer loop
      vertex 1.6 -7.94805029709527 15.571638597533859
      vertex 49.58291350322923 -7.4792632721964525 15.713843586855068
      vertex 49.575 -7.6000000000000005 15.67721850088626
    endloop
  endfacet
  facet normal 0 0.29028467725446017 -0.9569403357322095
    outer loop
      vertex 1.6 -7.3852709660483855 15.74235584120969
      vertex 49.60160973536061 -7.3852709660483855 15.74235584120969
      vertex 49.58291350322923 -7.4792632721964525 15.713843586855068
    endloop
  endfacet
  facet normal 0 0.09801714032953172 -0.9951847266721996
    outer loop
      vertex 1.6 -7.3852709660483855 15.74235584120969
      vertex 49.60651861068261 -7.360592383280169 15.744786469459397
      vertex 49.60160973536061 -7.3852709660483855 15.74235584120969
    endloop
  endfacet
  facet normal -2.0750757743800175e-17 0.0980171403295717 -0.9951847266721958
    outer loop
      vertex 1.6 -7.3852709660483855 15.74235584120969
      vertex 49.64541143242706 -7.246017825062292 15.756071078487304
      vertex 49.60651861068261 -7.360592383280169 15.744786469459397
    endloop
  endfacet
  facet normal 7.693725716795963e-18 0.098017140329562 -0.9951847266721968
    outer loop
      vertex 1.6 -7.3852709660483855 15.74235584120969
      vertex 49.69892650149939 -7.1375 15.766759151366957
      vertex 49.64541143242706 -7.246017825062292 15.756071078487304
    endloop
  endfacet
  facet normal 3.8266223129958563e-17 0.09801714032955602 -0.9951847266721974
    outer loop
      vertex 1.6 -7.3852709660483855 15.74235584120969
      vertex 49.76614816023061 -7.036895678166934 15.77666781220809
      vertex 49.69892650149939 -7.1375 15.766759151366957
    endloop
  endfacet
  facet normal 6.432066215009788e-17 0.09801714032955253 -0.9951847266721976
    outer loop
      vertex 1.6 -7.3852709660483855 15.74235584120969
      vertex 49.845926227402444 -6.945926227402444 15.785627521076515
      vertex 49.76614816023061 -7.036895678166934 15.77666781220809
    endloop
  endfacet
  facet normal -5.97859047843041e-17 0.09801714032956604 -0.9951847266721964
    outer loop
      vertex 1.6 -7.3852709660483855 15.74235584120969
      vertex 49.936895678166934 -6.866148160230608 15.793484974869392
      vertex 49.845926227402444 -6.945926227402444 15.785627521076515
    endloop
  endfacet
  facet normal 0 0.0980171403295621 -0.9951847266721967
    outer loop
      vertex 1.6 -6.800000000000001 15.799999999999999
      vertex 50.03589339595778 -6.800000000000001 15.799999999999999
      vertex 49.936895678166934 -6.866148160230608 15.793484974869392
    endloop
  endfacet
  facet normal 0 0 -1
    outer loop
      vertex 1.6 -6.800000000000001 15.799999999999999
      vertex 50.0375 -6.798926501499395 15.799999999999999
      vertex 50.03589339595778 -6.800000000000001 15.799999999999999
    endloop
  endfacet
  facet normal 0 0 -1
    outer loop
      vertex 1.6 -6.800000000000001 15.799999999999999
      vertex 50.146017825062295 -6.74541143242706 15.799999999999999
      vertex 50.0375 -6.798926501499395 15.799999999999999
    endloop
  endfacet
  facet normal 0 0 -1
    outer loop
      vertex 1.6 -6.800000000000001 15.799999999999999
      vertex 50.26059238328017 -6.706518610682612 15.799999999999999
      vertex 50.146017825062295 -6.74541143242706 15.799999999999999
    endloop
  endfacet
  facet normal 0 0 -1
    outer loop
      vertex 1.6 -6.800000000000001 15.799999999999999
      vertex 50.379263272196454 -6.6829135032292255 15.799999999999999
      vertex 50.26059238328017 -6.706518610682612 15.799999999999999
    endloop
  endfacet
  facet normal 0 0 -1
    outer loop
      vertex 1.6 -6.800000000000001 15.799999999999999
      vertex 50.5 -6.675000000000001 15.799999999999999
      vertex 50.379263272196454 -6.6829135032292255 15.799999999999999
    endloop
  endfacet
  facet normal 0 0 -1
    outer loop
      vertex 1.6 -6.800000000000001 15.799999999999999
      vertex 52 6.800000000000001 15.799999999999999
      vertex 50.5 -6.675000000000001 15.799999999999999
    endloop
  endfacet
  facet normal 0 1 0
    outer loop
      vertex 30.6 -9.8 10.35
      vertex 52 -9.8 12.799999999999999
      vertex 35.1 -9.8 9
    endloop
  endfacet
  facet normal 0 1 0
    outer loop
      vertex 52 -9.8 4.2
      vertex 35.1 -9.8 9
      vertex 52 -9.8 12.799999999999999
    endloop
  endfacet
  facet normal -9.225487212224216e-15 0.6343932841636277 -0.7730104533627516
    outer loop
      vertex 52 -8.921320343559643 14.921320343559643
      vertex 50.5 -8.525 15.246572043892971
      vertex 50.620736727803546 -8.517086496770775 15.25306648815435
    endloop
  endfacet
  facet normal 7.598179506790411e-16 0.6343932841636483 -0.7730104533627348
    outer loop
      vertex 52 -8.921320343559643 14.921320343559643
      vertex 50.620736727803546 -8.517086496770775 15.25306648815435
      vertex 50.73940761671983 -8.493481389317388 15.272438699196575
    endloop
  endfacet
  facet normal -1.0247429710225418e-15 0.6343932841636453 -0.7730104533627372
    outer loop
      vertex 52 -8.921320343559643 14.921320343559643
      vertex 50.73940761671983 -8.493481389317388 15.272438699196575
      vertex 50.81827152712773 -8.466710699058808 15.294408836907635
    endloop
  endfacet
  facet normal -1.8567341835410717e-17 0.6343932841636463 -0.7730104533627363
    outer loop
      vertex 52 -8.921320343559643 14.921320343559643
      vertex 50.81827152712773 -8.466710699058808 15.294408836907635
      vertex 52 -8.466710699058808 15.294408836907635
    endloop
  endfacet
  facet normal 0 0.4713967368259924 -0.8819212643483577
    outer loop
      vertex 52 -8.466710699058808 15.294408836907635
      vertex 50.81827152712773 -8.466710699058808 15.294408836907635
      vertex 50.853982174937705 -8.45458856757294 15.300888251178291
    endloop
  endfacet
  facet normal 1.7815257310304636e-17 0.4713967368259938 -0.8819212643483572
    outer loop
      vertex 52 -8.466710699058808 15.294408836907635
      vertex 50.853982174937705 -8.45458856757294 15.300888251178291
      vertex 50.9625 -8.401073498500606 15.32949265153863
    endloop
  endfacet
  facet normal 2.8144334363980055e-16 0.471396736825997 -0.8819212643483554
    outer loop
      vertex 52 -8.466710699058808 15.294408836907635
      vertex 50.9625 -8.401073498500606 15.32949265153863
      vertex 51.063104321833066 -8.333851839769393 15.365423376707547
    endloop
  endfacet
  facet normal -7.673053864672031e-16 0.47139673682599126 -0.8819212643483586
    outer loop
      vertex 52 -8.466710699058808 15.294408836907635
      vertex 51.063104321833066 -8.333851839769393 15.365423376707547
      vertex 51.154073772597556 -8.254073772597557 15.408065642015522
    endloop
  endfacet
  facet normal 3.585956136723426e-15 0.4713967368260045 -0.8819212643483513
    outer loop
      vertex 52 -8.466710699058808 15.294408836907635
      vertex 51.154073772597556 -8.254073772597557 15.408065642015522
      vertex 51.23385183976939 -8.163104321833067 15.45668982648047
    endloop
  endfacet
  facet normal -2.994620560323424e-16 0.47139673682599714 -0.8819212643483552
    outer loop
      vertex 52 -8.466710699058808 15.294408836907635
      vertex 51.23385183976939 -8.163104321833067 15.45668982648047
      vertex 51.30107349850061 -8.0625 15.510463956825022
    endloop
  endfacet
  facet normal -4.11430520381847e-15 0.47139673682599187 -0.8819212643483579
    outer loop
      vertex 52 -8.466710699058808 15.294408836907635
      vertex 51.30107349850061 -8.0625 15.510463956825022
      vertex 51.35458856757294 -7.953982174937709 15.568467942769976
    endloop
  endfacet
  facet normal 0 0.47139673682594646 -0.8819212643483825
    outer loop
      vertex 52 -7.94805029709527 15.571638597533859
      vertex 51.35458856757294 -7.953982174937709 15.568467942769976
      vertex 51.35660216876961 -7.94805029709527 15.571638597533859
    endloop
  endfacet
  facet normal 0 0.29028467725446394 -0.9569403357322083
    outer loop
      vertex 52 -7.94805029709527 15.571638597533859
      vertex 51.35660216876961 -7.94805029709527 15.571638597533859
      vertex 51.39348138931739 -7.839407616719832 15.60459499432396
    endloop
  endfacet
  facet normal -6.145566290190488e-16 0.4713967368259954 -0.8819212643483563
    outer loop
      vertex 52 -8.466710699058808 15.294408836907635
      vertex 51.35458856757294 -7.953982174937709 15.568467942769976
      vertex 52 -7.94805029709527 15.571638597533859
    endloop
  endfacet
  facet normal -1.956598669599803e-16 0.290284677254463 -0.9569403357322088
    outer loop
      vertex 52 -7.94805029709527 15.571638597533859
      vertex 51.39348138931739 -7.839407616719832 15.60459499432396
      vertex 51.41708649677077 -7.720736727803549 15.64059341491745
    endloop
  endfacet
  facet normal -2.6460736845352072e-15 0.2902846772544572 -0.9569403357322104
    outer loop
      vertex 52 -7.94805029709527 15.571638597533859
      vertex 51.41708649677077 -7.720736727803549 15.64059341491745
      vertex 51.425 -7.6000000000000005 15.677218500886259
    endloop
  endfacet
  facet normal 6.056104755910889e-15 0.2902846772544703 -0.9569403357322064
    outer loop
      vertex 52 -7.94805029709527 15.571638597533859
      vertex 51.425 -7.6000000000000005 15.677218500886259
      vertex 51.41708649677077 -7.4792632721964525 15.713843586855068
    endloop
  endfacet
  facet normal -4.714939483019048e-16 0.2902846772544629 -0.9569403357322087
    outer loop
      vertex 52 -7.94805029709527 15.571638597533859
      vertex 51.41708649677077 -7.4792632721964525 15.713843586855068
      vertex 52 -7.3852709660483855 15.74235584120969
    endloop
  endfacet
  facet normal 0 0.2902846772544602 -0.9569403357322096
    outer loop
      vertex 52 -7.3852709660483855 15.74235584120969
      vertex 51.41708649677077 -7.4792632721964525 15.713843586855068
      vertex 51.39839026463939 -7.3852709660483855 15.74235584120969
    endloop
  endfacet
  facet normal -6.92195117420423e-15 0.09801714032956942 -0.995184726672196
    outer loop
      vertex 52 -6.800000000000001 15.799999999999999
      vertex 51.39348138931739 -7.360592383280169 15.744786469459397
      vertex 51.35458856757294 -7.246017825062292 15.756071078487304
    endloop
  endfacet
  facet normal -1.3193952567586742e-15 0.09801714032956134 -0.9951847266721968
    outer loop
      vertex 52 -6.800000000000001 15.799999999999999
      vertex 51.35458856757294 -7.246017825062292 15.756071078487304
      vertex 51.30107349850061 -7.1375 15.766759151366957
    endloop
  endfacet
  facet normal 9.47295954063e-16 0.09801714032955673 -0.9951847266721973
    outer loop
      vertex 52 -6.800000000000001 15.799999999999999
      vertex 51.30107349850061 -7.1375 15.766759151366957
      vertex 51.23385183976939 -7.036895678166934 15.77666781220809
    endloop
  endfacet
  facet normal 1.7590615076013806e-15 0.09801714032955412 -0.9951847266721976
    outer loop
      vertex 52 -6.800000000000001 15.799999999999999
      vertex 51.23385183976939 -7.036895678166934 15.77666781220809
      vertex 51.154073772597556 -6.945926227402444 15.785627521076515
    endloop
  endfacet
  facet normal 2.3925740812417897e-14 0.0980171403295364 -0.9951847266721993
    outer loop
      vertex 52 -6.800000000000001 15.799999999999999
      vertex 51.39839026463939 -7.3852709660483855 15.74235584120969
      vertex 51.39348138931739 -7.360592383280169 15.744786469459397
    endloop
  endfacet
  facet normal 0 0.09801714032956069 -0.9951847266721968
    outer loop
      vertex 52 -7.3852709660483855 15.74235584120969
      vertex 51.39839026463939 -7.3852709660483855 15.74235584120969
      vertex 52 -6.800000000000001 15.799999999999999
    endloop
  endfacet
  facet normal 0 0.09801714032956209 -0.9951847266721967
    outer loop
      vertex 52 -6.800000000000001 15.799999999999999
      vertex 51.063104321833066 -6.866148160230608 15.793484974869392
      vertex 50.96410660404222 -6.800000000000001 15.799999999999999
    endloop
  endfacet
  facet normal -2.556371754018079e-16 0.09801714032956568 -0.9951847266721963
    outer loop
      vertex 52 -6.800000000000001 15.799999999999999
      vertex 51.154073772597556 -6.945926227402444 15.785627521076515
      vertex 51.063104321833066 -6.866148160230608 15.793484974869392
    endloop
  endfacet
  facet normal 0 0 -1
    outer loop
      vertex 52 6.800000000000001 15.799999999999999
      vertex 50.620736727803546 -6.6829135032292255 15.799999999999999
      vertex 50.5 -6.675000000000001 15.799999999999999
    endloop
  endfacet
  facet normal 0 0 -1
    outer loop
      vertex 52 6.800000000000001 15.799999999999999
      vertex 50.73940761671983 -6.706518610682612 15.799999999999999
      vertex 50.620736727803546 -6.6829135032292255 15.799999999999999
    endloop
  endfacet
  facet normal 0 0 -1
    outer loop
      vertex 52 6.800000000000001 15.799999999999999
      vertex 50.9625 -6.798926501499395 15.799999999999999
      vertex 50.853982174937705 -6.74541143242706 15.799999999999999
    endloop
  endfacet
  facet normal 0 0 -1
    outer loop
      vertex 52 6.800000000000001 15.799999999999999
      vertex 50.96410660404222 -6.800000000000001 15.799999999999999
      vertex 50.9625 -6.798926501499395 15.799999999999999
    endloop
  endfacet
  facet normal 0 0 -1
    outer loop
      vertex 52 6.800000000000001 15.799999999999999
      vertex 50.853982174937705 -6.74541143242706 15.799999999999999
      vertex 50.73940761671983 -6.706518610682612 15.799999999999999
    endloop
  endfacet
  facet normal 0 0 -1
    outer loop
      vertex 52 -6.800000000000001 15.799999999999999
      vertex 50.96410660404222 -6.800000000000001 15.799999999999999
      vertex 52 6.800000000000001 15.799999999999999
    endloop
  endfacet
  facet normal 0 0 1
    outer loop
      vertex 1.6 6.800000000000001 1.2
      vertex 44 -6.800000000000001 1.2
      vertex 44 6.800000000000001 1.2
    endloop
  endfacet
  facet normal 0 -0.0980171403295607 0.9951847266721968
    outer loop
      vertex 1.6 7.3852709660483855 1.2576441587903087
      vertex 44 6.800000000000001 1.2
      vertex 44 7.3852709660483855 1.2576441587903087
    endloop
  endfacet
  facet normal 0 -0.29028467725446294 0.9569403357322086
    outer loop
      vertex 1.6 7.94805029709527 1.42836140246614
      vertex 44 7.3852709660483855 1.2576441587903087
      vertex 44 7.94805029709527 1.42836140246614
    endloop
  endfacet
  facet normal 0 -0.47139673682599664 0.8819212643483556
    outer loop
      vertex 1.6 8.466710699058808 1.7055911630923644
      vertex 44 7.94805029709527 1.42836140246614
      vertex 44 8.466710699058808 1.7055911630923644
    endloop
  endfacet
  facet normal 0 -0.6343932841636465 0.7730104533627362
    outer loop
      vertex 1.6 8.921320343559643 2.0786796564403573
      vertex 44 8.466710699058808 1.7055911630923644
      vertex 44 8.921320343559643 2.0786796564403573
    endloop
  endfacet
  facet normal 0 -0.7730104533627371 0.6343932841636453
    outer loop
      vertex 1.6 8.921320343559643 2.0786796564403573
      vertex 44 8.921320343559643 2.0786796564403573
      vertex 44 8.938817497332222 2.1
    endloop
  endfacet
  facet normal 1.3580708329866369e-17 -0.7730104533627374 0.6343932841636449
    outer loop
      vertex 1.6 9.294408836907635 2.5332893009411936
      vertex 44 8.938817497332222 2.1
      vertex 45.400000000000006 8.938817497332222 2.1
    endloop
  endfacet
  facet normal -5.331928406856598e-19 -0.7730104533627378 0.6343932841636444
    outer loop
      vertex 1.6 9.294408836907635 2.5332893009411936
      vertex 45.400000000000006 8.938817497332222 2.1
      vertex 52 8.921320343559643 2.0786796564403573
    endloop
  endfacet
  facet normal 0 -0.7730104533627375 0.6343932841636448
    outer loop
      vertex 1.6 9.294408836907635 2.5332893009411936
      vertex 52 8.921320343559643 2.0786796564403573
      vertex 52 9.294408836907635 2.5332893009411936
    endloop
  endfacet
  facet normal 0 -0.8819212643483543 0.47139673682599903
    outer loop
      vertex 1.6 9.57163859753386 3.0519497029047304
      vertex 52 9.294408836907635 2.5332893009411936
      vertex 52 9.57163859753386 3.0519497029047304
    endloop
  endfacet
  facet normal 0 -0.9569403357322088 0.2902846772544625
    outer loop
      vertex 1.6 9.742355841209692 3.6147290339516154
      vertex 52 9.57163859753386 3.0519497029047304
      vertex 52 9.742355841209692 3.6147290339516154
    endloop
  endfacet
  facet normal 0 -0.9951847266721968 0.0980171403295607
    outer loop
      vertex 1.6 9.8 4.2
      vertex 52 9.742355841209692 3.6147290339516154
      vertex 52 9.8 4.2
    endloop
  endfacet
  facet normal 0 -1 0
    outer loop
      vertex 13.6 9.8 6.999999999999999
      vertex 52 9.8 4.2
      vertex 35.1 9.8 8.2
    endloop
  endfacet
  facet normal 0 0 1
    outer loop
      vertex 52 -6.800000000000001 1.2
      vertex 52 6.800000000000001 1.2
      vertex 45.400000000000006 6.800000000000001 1.2
    endloop
  endfacet
  facet normal 0 -0.0980171403295607 0.9951847266721968
    outer loop
      vertex 45.400000000000006 6.800000000000001 1.2
      vertex 52 6.800000000000001 1.2
      vertex 45.400000000000006 7.3852709660483855 1.2576441587903087
    endloop
  endfacet
  facet normal 0 -0.29028467725446294 0.9569403357322086
    outer loop
      vertex 45.400000000000006 7.3852709660483855 1.2576441587903087
      vertex 52 7.3852709660483855 1.2576441587903087
      vertex 45.400000000000006 7.94805029709527 1.42836140246614
    endloop
  endfacet
  facet normal 0 -0.47139673682599653 0.8819212643483556
    outer loop
      vertex 45.400000000000006 7.94805029709527 1.42836140246614
      vertex 52 7.94805029709527 1.42836140246614
      vertex 45.400000000000006 8.466710699058808 1.7055911630923644
    endloop
  endfacet
  facet normal 0 -0.0980171403295607 0.9951847266721968
    outer loop
      vertex 45.400000000000006 7.3852709660483855 1.2576441587903087
      vertex 52 6.800000000000001 1.2
      vertex 52 7.3852709660483855 1.2576441587903087
    endloop
  endfacet
  facet normal 0 -0.29028467725446294 0.9569403357322086
    outer loop
      vertex 45.400000000000006 7.94805029709527 1.42836140246614
      vertex 52 7.3852709660483855 1.2576441587903087
      vertex 52 7.94805029709527 1.42836140246614
    endloop
  endfacet
  facet normal 0 -0.6343932841636465 0.7730104533627361
    outer loop
      vertex 45.400000000000006 8.466710699058808 1.7055911630923644
      vertex 52 8.466710699058808 1.7055911630923644
      vertex 45.400000000000006 8.921320343559643 2.0786796564403573
    endloop
  endfacet
  facet normal 0 -0.7730104533627371 0.6343932841636453
    outer loop
      vertex 45.400000000000006 8.921320343559643 2.0786796564403573
      vertex 52 8.921320343559643 2.0786796564403573
      vertex 45.400000000000006 8.938817497332222 2.1
    endloop
  endfacet
  facet normal 0 -0.47139673682599653 0.8819212643483556
    outer loop
      vertex 45.400000000000006 8.466710699058808 1.7055911630923644
      vertex 52 7.94805029709527 1.42836140246614
      vertex 52 8.466710699058808 1.7055911630923644
    endloop
  endfacet
  facet normal 0 -0.6343932841636465 0.7730104533627361
    outer loop
      vertex 45.400000000000006 8.921320343559643 2.0786796564403573
      vertex 52 8.466710699058808 1.7055911630923644
      vertex 52 8.921320343559643 2.0786796564403573
    endloop
  endfacet
  facet normal 0 -1 0
    outer loop
      vertex 35.1 9.8 8.2
      vertex 52 9.8 4.2
      vertex 52 9.8 12.799999999999999
    endloop
  endfacet
  facet normal 0 0 -1
    outer loop
      vertex 1.6 -6.800000000000001 15.799999999999999
      vertex 50.146017825062295 6.74541143242706 15.799999999999999
      vertex 50.26059238328017 6.706518610682612 15.799999999999999
    endloop
  endfacet
  facet normal 0 0 -1
    outer loop
      vertex 1.6 -6.800000000000001 15.799999999999999
      vertex 50.26059238328017 6.706518610682612 15.799999999999999
      vertex 50.379263272196454 6.6829135032292255 15.799999999999999
    endloop
  endfacet
  facet normal 0 0 -1
    outer loop
      vertex 1.6 -6.800000000000001 15.799999999999999
      vertex 50.03589339595778 6.800000000000001 15.799999999999999
      vertex 50.0375 6.798926501499395 15.799999999999999
    endloop
  endfacet
  facet normal 0 0 -1
    outer loop
      vertex 1.6 -6.800000000000001 15.799999999999999
      vertex 50.0375 6.798926501499395 15.799999999999999
      vertex 50.146017825062295 6.74541143242706 15.799999999999999
    endloop
  endfacet
  facet normal 0 0 -1
    outer loop
      vertex 1.6 -6.800000000000001 15.799999999999999
      vertex 50.379263272196454 6.6829135032292255 15.799999999999999
      vertex 50.5 6.675000000000001 15.799999999999999
    endloop
  endfacet
  facet normal 0 0 -1
    outer loop
      vertex 1.6 -6.800000000000001 15.799999999999999
      vertex 50.5 6.675000000000001 15.799999999999999
      vertex 50.620736727803546 6.6829135032292255 15.799999999999999
    endloop
  endfacet
  facet normal 0 0 -1
    outer loop
      vertex 1.6 -6.800000000000001 15.799999999999999
      vertex 50.620736727803546 6.6829135032292255 15.799999999999999
      vertex 50.73940761671983 6.706518610682612 15.799999999999999
    endloop
  endfacet
  facet normal 0 0 -1
    outer loop
      vertex 1.6 -6.800000000000001 15.799999999999999
      vertex 50.73940761671983 6.706518610682612 15.799999999999999
      vertex 52 6.800000000000001 15.799999999999999
    endloop
  endfacet
  facet normal 0 -1 0
    outer loop
      vertex 23.869767441860464 9.8 9
      vertex 35.1 9.8 9
      vertex 27.6 9.8 10.35
    endloop
  endfacet
  facet normal 0 -1 0
    outer loop
      vertex 23.869767441860464 9.8 9
      vertex 27.6 9.8 10.35
      vertex 27.6 9.8 11.249999999999998
    endloop
  endfacet
  facet normal 0 -1 0
    outer loop
      vertex 27.6 9.8 10.35
      vertex 35.1 9.8 9
      vertex 30.6 9.8 10.35
    endloop
  endfacet
  facet normal 0 -1 0
    outer loop
      vertex 30.6 9.8 10.35
      vertex 35.1 9.8 9
      vertex 30.6 9.8 11.249999999999998
    endloop
  endfacet
  facet normal 0 -1 0
    outer loop
      vertex 14.600000000000001 9.8 11.249999999999998
      vertex 17.6 9.8 11.249999999999998
      vertex 52 9.8 12.799999999999999
    endloop
  endfacet
  facet normal 0 -1 0
    outer loop
      vertex 17.6 9.8 11.249999999999998
      vertex 27.6 9.8 11.249999999999998
      vertex 52 9.8 12.799999999999999
    endloop
  endfacet
  facet normal 0 -1 0
    outer loop
      vertex 27.6 9.8 11.249999999999998
      vertex 30.6 9.8 11.249999999999998
      vertex 52 9.8 12.799999999999999
    endloop
  endfacet
  facet normal 5.345486975799765e-18 -0.09801714032956595 -0.9951847266721964
    outer loop
      vertex 1.6 6.800000000000001 15.799999999999999
      vertex 49.845926227402444 6.945926227402444 15.785627521076515
      vertex 49.936895678166934 6.866148160230608 15.793484974869392
    endloop
  endfacet
  facet normal 0 -0.0980171403295621 -0.9951847266721967
    outer loop
      vertex 1.6 6.800000000000001 15.799999999999999
      vertex 49.936895678166934 6.866148160230608 15.793484974869392
      vertex 50.03589339595778 6.800000000000001 15.799999999999999
    endloop
  endfacet
  facet normal 6.81676877747567e-17 -0.09801714032957343 -0.9951847266721956
    outer loop
      vertex 1.6 6.800000000000001 15.799999999999999
      vertex 49.69892650149939 7.1375 15.766759151366955
      vertex 49.76614816023061 7.036895678166934 15.77666781220809
    endloop
  endfacet
  facet normal -1.2688335068932164e-16 -0.0980171403295459 -0.9951847266721983
    outer loop
      vertex 1.6 6.800000000000001 15.799999999999999
      vertex 49.64541143242706 7.246017825062292 15.756071078487304
      vertex 49.69892650149939 7.1375 15.766759151366955
    endloop
  endfacet
  facet normal -3.5702495844005495e-16 -0.09801714032953199 -0.9951847266721997
    outer loop
      vertex 1.6 6.800000000000001 15.799999999999999
      vertex 49.60160973536061 7.3852709660483855 15.74235584120969
      vertex 49.60651861068261 7.360592383280169 15.744786469459397
    endloop
  endfacet
  facet normal 1.1443719424530666e-16 -0.09801714032957165 -0.9951847266721957
    outer loop
      vertex 1.6 6.800000000000001 15.799999999999999
      vertex 49.60651861068261 7.360592383280169 15.744786469459397
      vertex 49.64541143242706 7.246017825062292 15.756071078487304
    endloop
  endfacet
  facet normal -3.5414762187147667e-17 -0.09801714032955262 -0.9951847266721976
    outer loop
      vertex 1.6 6.800000000000001 15.799999999999999
      vertex 49.76614816023061 7.036895678166934 15.77666781220809
      vertex 49.845926227402444 6.945926227402444 15.785627521076515
    endloop
  endfacet
  facet normal 0 -0.29028467725446017 -0.9569403357322095
    outer loop
      vertex 1.6 7.3852709660483855 15.74235584120969
      vertex 49.58291350322923 7.4792632721964525 15.713843586855068
      vertex 49.60160973536061 7.3852709660483855 15.74235584120969
    endloop
  endfacet
  facet normal 2.0944682676706685e-17 -0.29028467725447 -0.9569403357322066
    outer loop
      vertex 1.6 7.3852709660483855 15.74235584120969
      vertex 49.575 7.6000000000000005 15.677218500886259
      vertex 49.58291350322923 7.4792632721964525 15.713843586855068
    endloop
  endfacet
  facet normal 2.8159145058309987e-18 -0.290284677254463 -0.9569403357322087
    outer loop
      vertex 1.6 7.3852709660483855 15.74235584120969
      vertex 49.60651861068261 7.839407616719832 15.60459499432396
      vertex 49.58291350322923 7.720736727803549 15.64059341491745
    endloop
  endfacet
  facet normal -4.209748952667806e-17 -0.290284677254457 -0.9569403357322105
    outer loop
      vertex 1.6 7.3852709660483855 15.74235584120969
      vertex 49.58291350322923 7.720736727803549 15.64059341491745
      vertex 49.575 7.6000000000000005 15.677218500886259
    endloop
  endfacet
  facet normal -5.55025253212949e-18 -0.471396736825997 -0.8819212643483554
    outer loop
      vertex 1.6 7.94805029709527 15.571638597533859
      vertex 49.76614816023061 8.163104321833067 15.456689826480469
      vertex 49.69892650149939 8.0625 15.51046395682502
    endloop
  endfacet
  facet normal 0 -0.290284677254464 -0.9569403357322084
    outer loop
      vertex 1.6 7.94805029709527 15.571638597533859
      vertex 49.64339783123039 7.94805029709527 15.571638597533859
      vertex 49.60651861068261 7.839407616719832 15.60459499432396
    endloop
  endfacet
  facet normal 0 -0.47139673682594635 -0.8819212643483823
    outer loop
      vertex 1.6 7.94805029709527 15.571638597533859
      vertex 49.64541143242706 7.953982174937709 15.568467942769976
      vertex 49.64339783123039 7.94805029709527 15.571638597533859
    endloop
  endfacet
  facet normal 8.75798372731355e-18 -0.47139673682600164 -0.8819212643483529
    outer loop
      vertex 1.6 7.94805029709527 15.571638597533859
      vertex 49.69892650149939 8.0625 15.51046395682502
      vertex 49.64541143242706 7.953982174937709 15.568467942769976
    endloop
  endfacet
  facet normal -1.017677453042267e-16 -0.4713967368259802 -0.8819212643483643
    outer loop
      vertex 1.6 7.94805029709527 15.571638597533859
      vertex 49.845926227402444 8.254073772597557 15.408065642015524
      vertex 49.76614816023061 8.163104321833067 15.456689826480469
    endloop
  endfacet
  facet normal 1.0854734766309185e-16 -0.47139673682600586 -0.8819212643483505
    outer loop
      vertex 1.6 7.94805029709527 15.571638597533859
      vertex 49.936895678166934 8.333851839769393 15.365423376707547
      vertex 49.845926227402444 8.254073772597557 15.408065642015524
    endloop
  endfacet
  facet normal 1.9903314560446e-17 -0.4713967368259976 -0.8819212643483549
    outer loop
      vertex 1.6 7.94805029709527 15.571638597533859
      vertex 50.0375 8.401073498500606 15.32949265153863
      vertex 49.936895678166934 8.333851839769393 15.365423376707547
    endloop
  endfacet
  facet normal 0 -0.8819212643483543 -0.47139673682599903
    outer loop
      vertex 1.6 9.294408836907635 14.466710699058805
      vertex 52 9.57163859753386 13.948050297095268
      vertex 52 9.294408836907635 14.466710699058805
    endloop
  endfacet
  facet normal 0 -0.7730104533627388 -0.6343932841636434
    outer loop
      vertex 1.6 8.921320343559643 14.921320343559643
      vertex 52 9.294408836907635 14.466710699058805
      vertex 52 8.921320343559643 14.921320343559643
    endloop
  endfacet
  facet normal 0 -0.9951847266721968 -0.09801714032956055
    outer loop
      vertex 1.6 9.742355841209692 13.385270966048385
      vertex 52 9.8 12.799999999999999
      vertex 52 9.742355841209692 13.385270966048385
    endloop
  endfacet
  facet normal 0 -0.9569403357322086 -0.29028467725446333
    outer loop
      vertex 1.6 9.57163859753386 13.948050297095268
      vertex 52 9.742355841209692 13.385270966048385
      vertex 52 9.57163859753386 13.948050297095268
    endloop
  endfacet
  facet normal 6.364714915246129e-18 -0.6343932841636504 -0.773010453362733
    outer loop
      vertex 1.6 8.466710699058808 15.294408836907635
      vertex 50.379263272196454 8.517086496770775 15.25306648815435
      vertex 50.26059238328017 8.493481389317388 15.272438699196575
    endloop
  endfacet
  facet normal 0 -0.4713967368259924 -0.8819212643483578
    outer loop
      vertex 1.6 8.466710699058808 15.294408836907635
      vertex 50.18172847287227 8.466710699058808 15.294408836907635
      vertex 50.146017825062295 8.45458856757294 15.300888251178291
    endloop
  endfacet
  facet normal -4.2936517447955528e-19 -0.47139673682599376 -0.881921264348357
    outer loop
      vertex 1.6 8.466710699058808 15.294408836907635
      vertex 50.146017825062295 8.45458856757294 15.300888251178291
      vertex 50.0375 8.401073498500606 15.32949265153863
    endloop
  endfacet
  facet normal 0 -0.6343932841636434 -0.7730104533627387
    outer loop
      vertex 1.6 8.466710699058808 15.294408836907635
      vertex 50.26059238328017 8.493481389317388 15.272438699196575
      vertex 50.18172847287227 8.466710699058808 15.294408836907635
    endloop
  endfacet
  facet normal 3.597124844176002e-18 -0.6343932841636486 -0.7730104533627343
    outer loop
      vertex 1.6 8.466710699058808 15.294408836907635
      vertex 50.5 8.525 15.24657204389297
      vertex 50.379263272196454 8.517086496770775 15.25306648815435
    endloop
  endfacet
  facet normal -1.4637965544164438e-18 -0.6343932841636462 -0.7730104533627364
    outer loop
      vertex 1.6 8.466710699058808 15.294408836907635
      vertex 52 8.921320343559643 14.921320343559643
      vertex 50.5 8.525 15.24657204389297
    endloop
  endfacet
  facet normal 0 -1 0
    outer loop
      vertex 35.1 9.8 8.2
      vertex 52 9.8 12.799999999999999
      vertex 35.1 9.8 9
    endloop
  endfacet
  facet normal 0 -1 0
    outer loop
      vertex 30.6 9.8 11.249999999999998
      vertex 35.1 9.8 9
      vertex 52 9.8 12.799999999999999
    endloop
  endfacet
  facet normal 0 0 -1
    outer loop
      vertex 52 6.800000000000001 15.799999999999999
      vertex 50.73940761671983 6.706518610682612 15.799999999999999
      vertex 50.853982174937705 6.74541143242706 15.799999999999999
    endloop
  endfacet
  facet normal 0 0 -1
    outer loop
      vertex 52 6.800000000000001 15.799999999999999
      vertex 50.853982174937705 6.74541143242706 15.799999999999999
      vertex 50.9625 6.798926501499395 15.799999999999999
    endloop
  endfacet
  facet normal 0 0 -1
    outer loop
      vertex 52 6.800000000000001 15.799999999999999
      vertex 50.9625 6.798926501499395 15.799999999999999
      vertex 50.96410660404222 6.800000000000001 15.799999999999999
    endloop
  endfacet
  facet normal 0 -0.09801714032956209 -0.9951847266721967
    outer loop
      vertex 52 6.800000000000001 15.799999999999999
      vertex 50.96410660404222 6.800000000000001 15.799999999999999
      vertex 51.063104321833066 6.866148160230608 15.793484974869392
    endloop
  endfacet
  facet normal -2.547040015114065e-16 -0.09801714032956568 -0.9951847266721963
    outer loop
      vertex 52 6.800000000000001 15.799999999999999
      vertex 51.063104321833066 6.866148160230608 15.793484974869392
      vertex 51.154073772597556 6.945926227402444 15.785627521076515
    endloop
  endfacet
  facet normal 1.757133851494129e-15 -0.09801714032955415 -0.9951847266721976
    outer loop
      vertex 52 6.800000000000001 15.799999999999999
      vertex 51.154073772597556 6.945926227402444 15.785627521076515
      vertex 51.23385183976939 7.036895678166934 15.77666781220809
    endloop
  endfacet
  facet normal -3.558314265440301e-15 -0.09801714032957116 -0.9951847266721958
    outer loop
      vertex 52 6.800000000000001 15.799999999999999
      vertex 51.23385183976939 7.036895678166934 15.77666781220809
      vertex 51.30107349850061 7.1375 15.766759151366955
    endloop
  endfacet
  facet normal 7.08684971134609e-15 -0.09801714032954933 -0.995184726672198
    outer loop
      vertex 52 6.800000000000001 15.799999999999999
      vertex 51.30107349850061 7.1375 15.766759151366955
      vertex 51.35458856757294 7.246017825062292 15.756071078487304
    endloop
  endfacet
  facet normal 1.7295547248930804e-15 -0.09801714032955695 -0.9951847266721973
    outer loop
      vertex 52 6.800000000000001 15.799999999999999
      vertex 51.35458856757294 7.246017825062292 15.756071078487304
      vertex 51.39348138931739 7.360592383280169 15.744786469459399
    endloop
  endfacet
  facet normal -3.4380145727160636e-14 -0.09801714032959566 -0.9951847266721934
    outer loop
      vertex 52 6.800000000000001 15.799999999999999
      vertex 51.39348138931739 7.360592383280169 15.744786469459399
      vertex 51.39839026463939 7.3852709660483855 15.74235584120969
    endloop
  endfacet
  facet normal 3.626826413033681e-18 -0.09801714032956069 -0.9951847266721968
    outer loop
      vertex 52 6.800000000000001 15.799999999999999
      vertex 51.39839026463939 7.3852709660483855 15.74235584120969
      vertex 52 7.3852709660483855 15.74235584120969
    endloop
  endfacet
  facet normal 0 -0.2902846772544602 -0.9569403357322096
    outer loop
      vertex 52 7.3852709660483855 15.74235584120969
      vertex 51.39839026463939 7.3852709660483855 15.74235584120969
      vertex 51.41708649677077 7.4792632721964525 15.713843586855068
    endloop
  endfacet
  facet normal -1.7000817669696079e-15 -0.2902846772544699 -0.9569403357322067
    outer loop
      vertex 52 7.3852709660483855 15.74235584120969
      vertex 51.41708649677077 7.4792632721964525 15.713843586855068
      vertex 51.425 7.6000000000000005 15.677218500886259
    endloop
  endfacet
  facet normal 1.1354710524010566e-15 -0.29028467725446294 -0.9569403357322087
    outer loop
      vertex 52 7.3852709660483855 15.74235584120969
      vertex 51.425 7.6000000000000005 15.677218500886259
      vertex 52 7.94805029709527 15.571638597533859
    endloop
  endfacet
  facet normal -2.6629423151232333e-15 -0.2902846772544573 -0.9569403357322104
    outer loop
      vertex 52 7.94805029709527 15.571638597533859
      vertex 51.425 7.6000000000000005 15.677218500886259
      vertex 51.41708649677077 7.720736727803549 15.64059341491745
    endloop
  endfacet
  facet normal -2.002611520987284e-16 -0.290284677254463 -0.9569403357322086
    outer loop
      vertex 52 7.94805029709527 15.571638597533859
      vertex 51.41708649677077 7.720736727803549 15.64059341491745
      vertex 51.39348138931739 7.839407616719832 15.60459499432396
    endloop
  endfacet
  facet normal 0 -0.29028467725446394 -0.9569403357322083
    outer loop
      vertex 52 7.94805029709527 15.571638597533859
      vertex 51.39348138931739 7.839407616719832 15.60459499432396
      vertex 51.35660216876961 7.94805029709527 15.571638597533859
    endloop
  endfacet
  facet normal 4.098378152026565e-15 -0.47139673682600014 -0.8819212643483537
    outer loop
      vertex 52 8.466710699058808 15.294408836907635
      vertex 51.35458856757294 7.953982174937709 15.568467942769976
      vertex 51.30107349850061 8.0625 15.51046395682502
    endloop
  endfacet
  facet normal -3.783629565899513e-14 -0.47139673682595645 -0.8819212643483769
    outer loop
      vertex 52 8.466710699058808 15.294408836907635
      vertex 51.35660216876961 7.94805029709527 15.571638597533859
      vertex 51.35458856757294 7.953982174937709 15.568467942769976
    endloop
  endfacet
  facet normal 1.3693143611944436e-15 -0.47139673682599614 -0.8819212643483559
    outer loop
      vertex 52 8.466710699058808 15.294408836907635
      vertex 51.30107349850061 8.0625 15.51046395682502
      vertex 51.23385183976939 8.163104321833067 15.456689826480469
    endloop
  endfacet
  facet normal 0 -0.4713967368259954 -0.8819212643483562
    outer loop
      vertex 52 7.94805029709527 15.571638597533859
      vertex 51.35660216876961 7.94805029709527 15.571638597533859
      vertex 52 8.466710699058808 15.294408836907635
    endloop
  endfacet
  facet normal 9.103420455423073e-17 -0.6343932841636465 -0.7730104533627361
    outer loop
      vertex 52 8.921320343559643 14.921320343559643
      vertex 50.620736727803546 8.517086496770775 15.25306648815435
      vertex 50.5 8.525 15.24657204389297
    endloop
  endfacet
  facet normal -8.03201694510624e-16 -0.6343932841636448 -0.7730104533627374
    outer loop
      vertex 52 8.921320343559643 14.921320343559643
      vertex 50.81827152712773 8.466710699058808 15.294408836907635
      vertex 50.73940761671983 8.493481389317388 15.272438699196575
    endloop
  endfacet
  facet normal 8.504573555537323e-16 -0.6343932841636475 -0.7730104533627353
    outer loop
      vertex 52 8.921320343559643 14.921320343559643
      vertex 50.73940761671983 8.493481389317388 15.272438699196575
      vertex 50.620736727803546 8.517086496770775 15.25306648815435
    endloop
  endfacet
  facet normal 2.813567657394943e-16 -0.471396736825997 -0.8819212643483554
    outer loop
      vertex 52 8.466710699058808 15.294408836907635
      vertex 51.063104321833066 8.333851839769393 15.365423376707547
      vertex 50.9625 8.401073498500606 15.32949265153863
    endloop
  endfacet
  facet normal 3.9918672103391276e-17 -0.47139673682599353 -0.8819212643483572
    outer loop
      vertex 52 8.466710699058808 15.294408836907635
      vertex 51.23385183976939 8.163104321833067 15.456689826480469
      vertex 51.154073772597556 8.254073772597557 15.408065642015522
    endloop
  endfacet
  facet normal -7.818445684832463e-16 -0.47139673682599126 -0.8819212643483586
    outer loop
      vertex 52 8.466710699058808 15.294408836907635
      vertex 51.154073772597556 8.254073772597557 15.408065642015522
      vertex 51.063104321833066 8.333851839769393 15.365423376707547
    endloop
  endfacet
  facet normal 0 -0.4713967368259924 -0.8819212643483577
    outer loop
      vertex 52 8.466710699058808 15.294408836907635
      vertex 50.853982174937705 8.45458856757294 15.300888251178291
      vertex 50.81827152712773 8.466710699058808 15.294408836907635
    endloop
  endfacet
  facet normal 1.7487111573108072e-17 -0.4713967368259938 -0.8819212643483572
    outer loop
      vertex 52 8.466710699058808 15.294408836907635
      vertex 50.9625 8.401073498500606 15.32949265153863
      vertex 50.853982174937705 8.45458856757294 15.300888251178291
    endloop
  endfacet
  facet normal 0 -0.6343932841636463 -0.7730104533627363
    outer loop
      vertex 52 8.466710699058808 15.294408836907635
      vertex 50.81827152712773 8.466710699058808 15.294408836907635
      vertex 52 8.921320343559643 14.921320343559643
    endloop
  endfacet
  facet normal 0 0 -1
    outer loop
      vertex 1.6 -9.8 6.999999999999999
      vertex 1.6 -9.100000000000001 6.999999999999999
      vertex 13.6 -9.100000000000001 6.999999999999999
    endloop
  endfacet
  facet normal 0 1 0
    outer loop
      vertex 1.6 -9.100000000000001 6.999999999999999
      vertex 1.6 -9.100000000000001 7.8
      vertex 13.6 -9.100000000000001 6.999999999999999
    endloop
  endfacet
  facet normal 0 0 1
    outer loop
      vertex 1.6 -9.8 7.8
      vertex 13.6 -9.8 7.8
      vertex 1.6 -9.100000000000001 7.8
    endloop
  endfacet
  facet normal 0 0 -1
    outer loop
      vertex 1.6 -9.8 6.999999999999999
      vertex 13.6 -9.100000000000001 6.999999999999999
      vertex 13.6 -9.8 6.999999999999999
    endloop
  endfacet
  facet normal 0 0 1
    outer loop
      vertex 1.6 -9.100000000000001 7.8
      vertex 13.6 -9.8 7.8
      vertex 13.6 -9.100000000000001 7.8
    endloop
  endfacet
  facet normal 0 1 0
    outer loop
      vertex 1.6 -9.100000000000001 7.8
      vertex 13.6 -9.100000000000001 7.8
      vertex 13.6 -9.100000000000001 6.999999999999999
    endloop
  endfacet
  facet normal 1 0 0
    outer loop
      vertex 13.6 -9.8 6.999999999999999
      vertex 13.6 -9.100000000000001 6.999999999999999
      vertex 13.6 -9.100000000000001 7.8
    endloop
  endfacet
  facet normal 1 0 0
    outer loop
      vertex 13.6 -9.8 6.999999999999999
      vertex 13.6 -9.100000000000001 7.8
      vertex 13.6 -9.8 7.8
    endloop
  endfacet
  facet normal 0 0 -1
    outer loop
      vertex 1.6 9.100000000000001 6.999999999999999
      vertex 1.6 9.8 6.999999999999999
      vertex 13.6 9.8 6.999999999999999
    endloop
  endfacet
  facet normal 0 -1 0
    outer loop
      vertex 1.6 9.100000000000001 6.999999999999999
      vertex 13.6 9.100000000000001 7.8
      vertex 1.6 9.100000000000001 7.8
    endloop
  endfacet
  facet normal 0 0 1
    outer loop
      vertex 1.6 9.100000000000001 7.8
      vertex 13.6 9.100000000000001 7.8
      vertex 1.6 9.8 7.8
    endloop
  endfacet
  facet normal 0 -1 0
    outer loop
      vertex 1.6 9.100000000000001 6.999999999999999
      vertex 13.6 9.100000000000001 6.999999999999999
      vertex 13.6 9.100000000000001 7.8
    endloop
  endfacet
  facet normal 0 0 -1
    outer loop
      vertex 1.6 9.100000000000001 6.999999999999999
      vertex 13.6 9.8 6.999999999999999
      vertex 13.6 9.100000000000001 6.999999999999999
    endloop
  endfacet
  facet normal 0 0 1
    outer loop
      vertex 1.6 9.8 7.8
      vertex 13.6 9.100000000000001 7.8
      vertex 13.6 9.8 7.8
    endloop
  endfacet
  facet normal 1 0 0
    outer loop
      vertex 13.6 9.100000000000001 6.999999999999999
      vertex 13.6 9.8 6.999999999999999
      vertex 13.6 9.8 7.8
    endloop
  endfacet
  facet normal 1 0 0
    outer loop
      vertex 13.6 9.100000000000001 6.999999999999999
      vertex 13.6 9.8 7.8
      vertex 13.6 9.100000000000001 7.8
    endloop
  endfacet
  facet normal 0 0 -1
    outer loop
      vertex 14.600000000000001 -9.8 10.35
      vertex 14.600000000000001 -9.3 10.35
      vertex 17.6 -9.3 10.35
    endloop
  endfacet
  facet normal 0 0 -1
    outer loop
      vertex 14.600000000000001 -9.8 10.35
      vertex 17.6 -9.3 10.35
      vertex 17.6 -9.8 10.35
    endloop
  endfacet
  facet normal -1 0 0
    outer loop
      vertex 14.600000000000001 -9.8 10.35
      vertex 14.600000000000001 -9.8 11.249999999999998
      vertex 14.600000000000001 -9.3 10.35
    endloop
  endfacet
  facet normal 0 0 1
    outer loop
      vertex 14.600000000000001 -9.8 11.249999999999998
      vertex 17.6 -9.8 11.249999999999998
      vertex 14.600000000000001 -9.3 11.249999999999998
    endloop
  endfacet
  facet normal -1 0 0
    outer loop
      vertex 14.600000000000001 -9.3 10.35
      vertex 14.600000000000001 -9.8 11.249999999999998
      vertex 14.600000000000001 -9.3 11.249999999999998
    endloop
  endfacet
  facet normal 0 1 0
    outer loop
      vertex 14.600000000000001 -9.3 10.35
      vertex 14.600000000000001 -9.3 11.249999999999998
      vertex 17.6 -9.3 10.35
    endloop
  endfacet
  facet normal 1 0 0
    outer loop
      vertex 17.6 -9.8 10.35
      vertex 17.6 -9.3 10.35
      vertex 17.6 -9.8 11.249999999999998
    endloop
  endfacet
  facet normal 0 1 0
    outer loop
      vertex 17.6 -9.3 10.35
      vertex 14.600000000000001 -9.3 11.249999999999998
      vertex 17.6 -9.3 11.249999999999998
    endloop
  endfacet
  facet normal 1 0 0
    outer loop
      vertex 17.6 -9.3 10.35
      vertex 17.6 -9.3 11.249999999999998
      vertex 17.6 -9.8 11.249999999999998
    endloop
  endfacet
  facet normal 0 0 1
    outer loop
      vertex 14.600000000000001 -9.3 11.249999999999998
      vertex 17.6 -9.8 11.249999999999998
      vertex 17.6 -9.3 11.249999999999998
    endloop
  endfacet
  facet normal 0 0 -1
    outer loop
      vertex 27.6 -9.8 10.35
      vertex 27.6 -9.3 10.35
      vertex 30.6 -9.3 10.35
    endloop
  endfacet
  facet normal 0 0 -1
    outer loop
      vertex 27.6 -9.8 10.35
      vertex 30.6 -9.3 10.35
      vertex 30.6 -9.8 10.35
    endloop
  endfacet
  facet normal -1 0 0
    outer loop
      vertex 27.6 -9.8 10.35
      vertex 27.6 -9.8 11.249999999999998
      vertex 27.6 -9.3 10.35
    endloop
  endfacet
  facet normal 0 0 1
    outer loop
      vertex 27.6 -9.8 11.249999999999998
      vertex 30.6 -9.8 11.249999999999998
      vertex 27.6 -9.3 11.249999999999998
    endloop
  endfacet
  facet normal -1 0 0
    outer loop
      vertex 27.6 -9.3 10.35
      vertex 27.6 -9.8 11.249999999999998
      vertex 27.6 -9.3 11.249999999999998
    endloop
  endfacet
  facet normal 0 1 0
    outer loop
      vertex 27.6 -9.3 10.35
      vertex 27.6 -9.3 11.249999999999998
      vertex 30.6 -9.3 10.35
    endloop
  endfacet
  facet normal 1 0 0
    outer loop
      vertex 30.6 -9.8 10.35
      vertex 30.6 -9.3 11.249999999999998
      vertex 30.6 -9.8 11.249999999999998
    endloop
  endfacet
  facet normal 0 1 0
    outer loop
      vertex 30.6 -9.3 10.35
      vertex 27.6 -9.3 11.249999999999998
      vertex 30.6 -9.3 11.249999999999998
    endloop
  endfacet
  facet normal 1 0 0
    outer loop
      vertex 30.6 -9.8 10.35
      vertex 30.6 -9.3 10.35
      vertex 30.6 -9.3 11.249999999999998
    endloop
  endfacet
  facet normal 0 0 1
    outer loop
      vertex 27.6 -9.3 11.249999999999998
      vertex 30.6 -9.8 11.249999999999998
      vertex 30.6 -9.3 11.249999999999998
    endloop
  endfacet
  facet normal 0 0 -1
    outer loop
      vertex 14.600000000000001 9.3 10.35
      vertex 14.600000000000001 9.8 10.35
      vertex 17.6 9.8 10.35
    endloop
  endfacet
  facet normal 0 0 -1
    outer loop
      vertex 14.600000000000001 9.3 10.35
      vertex 17.6 9.8 10.35
      vertex 17.6 9.3 10.35
    endloop
  endfacet
  facet normal -1 0 0
    outer loop
      vertex 14.600000000000001 9.3 10.35
      vertex 14.600000000000001 9.3 11.249999999999998
      vertex 14.600000000000001 9.8 10.35
    endloop
  endfacet
  facet normal 0 -1 0
    outer loop
      vertex 14.600000000000001 9.3 10.35
      vertex 17.6 9.3 11.249999999999998
      vertex 14.600000000000001 9.3 11.249999999999998
    endloop
  endfacet
  facet normal 0 0 1
    outer loop
      vertex 14.600000000000001 9.3 11.249999999999998
      vertex 17.6 9.3 11.249999999999998
      vertex 14.600000000000001 9.8 11.249999999999998
    endloop
  endfacet
  facet normal -1 0 0
    outer loop
      vertex 14.600000000000001 9.8 10.35
      vertex 14.600000000000001 9.3 11.249999999999998
      vertex 14.600000000000001 9.8 11.249999999999998
    endloop
  endfacet
  facet normal 0 -1 0
    outer loop
      vertex 14.600000000000001 9.3 10.35
      vertex 17.6 9.3 10.35
      vertex 17.6 9.3 11.249999999999998
    endloop
  endfacet
  facet normal 1 0 0
    outer loop
      vertex 17.6 9.3 10.35
      vertex 17.6 9.8 11.249999999999998
      vertex 17.6 9.3 11.249999999999998
    endloop
  endfacet
  facet normal 1 0 0
    outer loop
      vertex 17.6 9.3 10.35
      vertex 17.6 9.8 10.35
      vertex 17.6 9.8 11.249999999999998
    endloop
  endfacet
  facet normal 0 0 1
    outer loop
      vertex 14.600000000000001 9.8 11.249999999999998
      vertex 17.6 9.3 11.249999999999998
      vertex 17.6 9.8 11.249999999999998
    endloop
  endfacet
  facet normal 0 0 -1
    outer loop
      vertex 27.6 9.3 10.35
      vertex 27.6 9.8 10.35
      vertex 30.6 9.8 10.35
    endloop
  endfacet
  facet normal 0 0 -1
    outer loop
      vertex 27.6 9.3 10.35
      vertex 30.6 9.8 10.35
      vertex 30.6 9.3 10.35
    endloop
  endfacet
  facet normal -1 0 0
    outer loop
      vertex 27.6 9.3 10.35
      vertex 27.6 9.3 11.249999999999998
      vertex 27.6 9.8 10.35
    endloop
  endfacet
  facet normal 0 -1 0
    outer loop
      vertex 27.6 9.3 10.35
      vertex 30.6 9.3 11.249999999999998
      vertex 27.6 9.3 11.249999999999998
    endloop
  endfacet
  facet normal 0 0 1
    outer loop
      vertex 27.6 9.3 11.249999999999998
      vertex 30.6 9.3 11.249999999999998
      vertex 27.6 9.8 11.249999999999998
    endloop
  endfacet
  facet normal -1 0 0
    outer loop
      vertex 27.6 9.8 10.35
      vertex 27.6 9.3 11.249999999999998
      vertex 27.6 9.8 11.249999999999998
    endloop
  endfacet
  facet normal 0 -1 0
    outer loop
      vertex 27.6 9.3 10.35
      vertex 30.6 9.3 10.35
      vertex 30.6 9.3 11.249999999999998
    endloop
  endfacet
  facet normal 1 0 0
    outer loop
      vertex 30.6 9.3 10.35
      vertex 30.6 9.8 11.249999999999998
      vertex 30.6 9.3 11.249999999999998
    endloop
  endfacet
  facet normal 1 0 0
    outer loop
      vertex 30.6 9.3 10.35
      vertex 30.6 9.8 10.35
      vertex 30.6 9.8 11.249999999999998
    endloop
  endfacet
  facet normal 0 0 1
    outer loop
      vertex 27.6 9.8 11.249999999999998
      vertex 30.6 9.3 11.249999999999998
      vertex 30.6 9.8 11.249999999999998
    endloop
  endfacet
  facet normal -1 0 0
    outer loop
      vertex 13.100000000000001 -9.8 8.2
      vertex 13.100000000000001 -9.8 9
      vertex 13.100000000000001 -9.150000000000002 8.2
    endloop
  endfacet
  facet normal 0 0 -1
    outer loop
      vertex 13.100000000000001 -9.8 8.2
      vertex 13.100000000000001 -9.150000000000002 8.2
      vertex 35.1 -9.8 8.2
    endloop
  endfacet
  facet normal 0 1 0
    outer loop
      vertex 13.100000000000001 -9.150000000000002 8.2
      vertex 13.100000000000001 -9.150000000000002 9
      vertex 35.1 -9.150000000000002 8.2
    endloop
  endfacet
  facet normal -1 0 0
    outer loop
      vertex 13.100000000000001 -9.150000000000002 8.2
      vertex 13.100000000000001 -9.8 9
      vertex 13.100000000000001 -9.150000000000002 9
    endloop
  endfacet
  facet normal 0 0 1
    outer loop
      vertex 13.100000000000001 -9.8 9
      vertex 35.1 -9.8 9
      vertex 13.100000000000001 -9.150000000000002 9
    endloop
  endfacet
  facet normal 0 0 -1
    outer loop
      vertex 13.100000000000001 -9.150000000000002 8.2
      vertex 35.1 -9.150000000000002 8.2
      vertex 35.1 -9.8 8.2
    endloop
  endfacet
  facet normal 1 0 0
    outer loop
      vertex 35.1 -9.8 8.2
      vertex 35.1 -9.150000000000002 8.2
      vertex 35.1 -9.150000000000002 9
    endloop
  endfacet
  facet normal 0 0 1
    outer loop
      vertex 13.100000000000001 -9.150000000000002 9
      vertex 35.1 -9.8 9
      vertex 35.1 -9.150000000000002 9
    endloop
  endfacet
  facet normal 0 1 0
    outer loop
      vertex 13.100000000000001 -9.150000000000002 9
      vertex 35.1 -9.150000000000002 9
      vertex 35.1 -9.150000000000002 8.2
    endloop
  endfacet
  facet normal 1 0 0
    outer loop
      vertex 35.1 -9.8 8.2
      vertex 35.1 -9.150000000000002 9
      vertex 35.1 -9.8 9
    endloop
  endfacet
  facet normal -1 0 0
    outer loop
      vertex 13.100000000000001 9.150000000000002 8.2
      vertex 13.100000000000001 9.150000000000002 9
      vertex 13.100000000000001 9.8 8.2
    endloop
  endfacet
  facet normal 0 0 -1
    outer loop
      vertex 13.100000000000001 9.150000000000002 8.2
      vertex 13.100000000000001 9.8 8.2
      vertex 35.1 9.8 8.2
    endloop
  endfacet
  facet normal -1 0 0
    outer loop
      vertex 13.100000000000001 9.8 8.2
      vertex 13.100000000000001 9.150000000000002 9
      vertex 13.100000000000001 9.8 9
    endloop
  endfacet
  facet normal 0 -1 0
    outer loop
      vertex 13.100000000000001 9.150000000000002 8.2
      vertex 35.1 9.150000000000002 9
      vertex 13.100000000000001 9.150000000000002 9
    endloop
  endfacet
  facet normal 0 0 1
    outer loop
      vertex 13.100000000000001 9.150000000000002 9
      vertex 35.1 9.150000000000002 9
      vertex 13.100000000000001 9.8 9
    endloop
  endfacet
  facet normal 0 0 1
    outer loop
      vertex 13.100000000000001 9.8 9
      vertex 35.1 9.150000000000002 9
      vertex 23.869767441860464 9.8 9
    endloop
  endfacet
  facet normal 0 -1 0
    outer loop
      vertex 13.100000000000001 9.150000000000002 8.2
      vertex 35.1 9.150000000000002 8.2
      vertex 35.1 9.150000000000002 9
    endloop
  endfacet
  facet normal 0 0 -1
    outer loop
      vertex 13.100000000000001 9.150000000000002 8.2
      vertex 35.1 9.8 8.2
      vertex 35.1 9.150000000000002 8.2
    endloop
  endfacet
  facet normal 1 0 0
    outer loop
      vertex 35.1 9.150000000000002 8.2
      vertex 35.1 9.8 8.2
      vertex 35.1 9.8 9
    endloop
  endfacet
  facet normal 0 0 1
    outer loop
      vertex 23.869767441860464 9.8 9
      vertex 35.1 9.150000000000002 9
      vertex 35.1 9.8 9
    endloop
  endfacet
  facet normal 1 0 0
    outer loop
      vertex 35.1 9.150000000000002 8.2
      vertex 35.1 9.8 9
      vertex 35.1 9.150000000000002 9
    endloop
  endfacet
  facet normal 1 0 0
    outer loop
      vertex 45.400000000000006 -8.466710699058808 1.7055911630923644
      vertex 45.400000000000006 -7.94805029709527 1.42836140246614
      vertex 45.400000000000006 7.94805029709527 1.42836140246614
    endloop
  endfacet
  facet normal -1 0 0
    outer loop
      vertex 44 -8.938817497332222 2.1
      vertex 44 8.938817497332222 2.1
      vertex 44 -8.921320343559643 2.0786796564403573
    endloop
  endfacet
  facet normal -1 0 0
    outer loop
      vertex 44 -8.921320343559643 2.0786796564403573
      vertex 44 8.938817497332222 2.1
      vertex 44 -8.466710699058808 1.7055911630923644
    endloop
  endfacet
  facet normal 0 0 1
    outer loop
      vertex 44 -8.938817497332222 2.1
      vertex 45.400000000000006 -8.938817497332222 2.1
      vertex 44 8.938817497332222 2.1
    endloop
  endfacet
  facet normal 1 0 0
    outer loop
      vertex 45.400000000000006 -8.921320343559643 2.0786796564403573
      vertex 45.400000000000006 -8.466710699058808 1.7055911630923644
      vertex 45.400000000000006 7.94805029709527 1.42836140246614
    endloop
  endfacet
  facet normal 1 0 0
    outer loop
      vertex 45.400000000000006 -8.938817497332222 2.1
      vertex 45.400000000000006 -8.921320343559643 2.0786796564403573
      vertex 45.400000000000006 7.94805029709527 1.42836140246614
    endloop
  endfacet
  facet normal -1 0 0
    outer loop
      vertex 44 -7.94805029709527 1.42836140246614
      vertex 44 8.466710699058808 1.7055911630923644
      vertex 44 -7.3852709660483855 1.2576441587903087
    endloop
  endfacet
  facet normal 1 0 0
    outer loop
      vertex 45.400000000000006 -7.94805029709527 1.42836140246614
      vertex 45.400000000000006 -7.3852709660483855 1.2576441587903087
      vertex 45.400000000000006 7.94805029709527 1.42836140246614
    endloop
  endfacet
  facet normal 1 0 0
    outer loop
      vertex 45.400000000000006 -7.3852709660483855 1.2576441587903087
      vertex 45.400000000000006 -6.800000000000001 1.2
      vertex 45.400000000000006 7.94805029709527 1.42836140246614
    endloop
  endfacet
  facet normal -1 0 0
    outer loop
      vertex 44 -8.466710699058808 1.7055911630923644
      vertex 44 8.938817497332222 2.1
      vertex 44 -7.94805029709527 1.42836140246614
    endloop
  endfacet
  facet normal -1 0 0
    outer loop
      vertex 44 -7.3852709660483855 1.2576441587903087
      vertex 44 8.466710699058808 1.7055911630923644
      vertex 44 -6.800000000000001 1.2
    endloop
  endfacet
  facet normal -1 0 0
    outer loop
      vertex 44 -6.800000000000001 1.2
      vertex 44 7.3852709660483855 1.2576441587903087
      vertex 44 6.800000000000001 1.2
    endloop
  endfacet
  facet normal 1 0 0
    outer loop
      vertex 45.400000000000006 -6.800000000000001 1.2
      vertex 45.400000000000006 6.800000000000001 1.2
      vertex 45.400000000000006 7.94805029709527 1.42836140246614
    endloop
  endfacet
  facet normal 1 0 0
    outer loop
      vertex 45.400000000000006 -8.938817497332222 2.1
      vertex 45.400000000000006 7.94805029709527 1.42836140246614
      vertex 45.400000000000006 8.466710699058808 1.7055911630923644
    endloop
  endfacet
  facet normal -1 0 0
    outer loop
      vertex 44 -6.800000000000001 1.2
      vertex 44 7.94805029709527 1.42836140246614
      vertex 44 7.3852709660483855 1.2576441587903087
    endloop
  endfacet
  facet normal -1 0 0
    outer loop
      vertex 44 -6.800000000000001 1.2
      vertex 44 8.466710699058808 1.7055911630923644
      vertex 44 7.94805029709527 1.42836140246614
    endloop
  endfacet
  facet normal -1 0 0
    outer loop
      vertex 44 -7.94805029709527 1.42836140246614
      vertex 44 8.921320343559643 2.0786796564403573
      vertex 44 8.466710699058808 1.7055911630923644
    endloop
  endfacet
  facet normal -1 0 0
    outer loop
      vertex 44 -7.94805029709527 1.42836140246614
      vertex 44 8.938817497332222 2.1
      vertex 44 8.921320343559643 2.0786796564403573
    endloop
  endfacet
  facet normal 0 0 1
    outer loop
      vertex 45.400000000000006 -8.938817497332222 2.1
      vertex 45.400000000000006 8.938817497332222 2.1
      vertex 44 8.938817497332222 2.1
    endloop
  endfacet
  facet normal 1 0 0
    outer loop
      vertex 45.400000000000006 -8.938817497332222 2.1
      vertex 45.400000000000006 8.466710699058808 1.7055911630923644
      vertex 45.400000000000006 8.921320343559643 2.0786796564403573
    endloop
  endfacet
  facet normal 1 0 0
    outer loop
      vertex 45.400000000000006 -8.938817497332222 2.1
      vertex 45.400000000000006 8.921320343559643 2.0786796564403573
      vertex 45.400000000000006 8.938817497332222 2.1
    endloop
  endfacet
  facet normal 1 0 0
    outer loop
      vertex 45.400000000000006 6.800000000000001 1.2
      vertex 45.400000000000006 7.3852709660483855 1.2576441587903087
      vertex 45.400000000000006 7.94805029709527 1.42836140246614
    endloop
  endfacet
  facet normal -1.4255495829401786e-18 0.6593458151000706 0.7518398074789758
    outer loop
      vertex 1.145 -4.316726188957803 7.2332738110421975
      vertex 1.145 -4.154456357864389 7.090966988519463
      vertex 0 -4.154456357864389 7.090966988519463
    endloop
  endfacet
  facet normal 0 0.7518398074789758 0.6593458151000706
    outer loop
      vertex 1.145 -4.459033011480538 7.395543642135611
      vertex 0 -4.316726188957803 7.2332738110421975
      vertex 0 -4.459033011480538 7.395543642135611
    endloop
  endfacet
  facet normal 0 0.6593458151000706 0.7518398074789758
    outer loop
      vertex 1.145 -4.316726188957803 7.2332738110421975
      vertex 0 -4.154456357864389 7.090966988519463
      vertex 0 -4.316726188957803 7.2332738110421975
    endloop
  endfacet
  facet normal 0 0.7518398074789758 0.6593458151000706
    outer loop
      vertex 1.145 -4.316726188957803 7.2332738110421975
      vertex 0 -4.316726188957803 7.2332738110421975
      vertex 1.145 -4.459033011480538 7.395543642135611
    endloop
  endfacet
  facet normal 0 0.8314696123025458 0.5555702330196013
    outer loop
      vertex 1.145 -4.5789419162443235 7.575
      vertex 0 -4.459033011480538 7.395543642135611
      vertex 0 -4.5789419162443235 7.575
    endloop
  endfacet
  facet normal -2.6319155904533764e-18 0.8314696123025458 0.5555702330196013
    outer loop
      vertex 1.145 -4.5789419162443235 7.575
      vertex 1.145 -4.459033011480538 7.395543642135611
      vertex 0 -4.459033011480538 7.395543642135611
    endloop
  endfacet
  facet normal 0 0.8968727415326868 0.44228869021900424
    outer loop
      vertex 1.145 -4.5789419162443235 7.575
      vertex 0 -4.5789419162443235 7.575
      vertex 1.145 -4.674401228643624 7.768572336597602
    endloop
  endfacet
  facet normal 0 0.8968727415326868 0.44228869021900424
    outer loop
      vertex 1.145 -4.674401228643624 7.768572336597602
      vertex 0 -4.5789419162443235 7.575
      vertex 0 -4.674401228643624 7.768572336597602
    endloop
  endfacet
  facet normal 0 0.9469301294951059 0.3214394653031609
    outer loop
      vertex 1.145 -4.743777613376963 7.972948575580841
      vertex 0 -4.674401228643624 7.768572336597602
      vertex 0 -4.743777613376963 7.972948575580841
    endloop
  endfacet
  facet normal 0 0.9469301294951059 0.3214394653031609
    outer loop
      vertex 1.145 -4.674401228643624 7.768572336597602
      vertex 0 -4.674401228643624 7.768572336597602
      vertex 1.145 -4.743777613376963 7.972948575580841
    endloop
  endfacet
  facet normal 0 0.9807852804032303 0.19509032201612908
    outer loop
      vertex 1.145 -4.785884021266788 8.184631782836915
      vertex 0 -4.743777613376963 7.972948575580841
      vertex 0 -4.785884021266788 8.184631782836915
    endloop
  endfacet
  facet normal 0 0.9807852804032303 0.19509032201612908
    outer loop
      vertex 1.145 -4.743777613376963 7.972948575580841
      vertex 0 -4.743777613376963 7.972948575580841
      vertex 1.145 -4.785884021266788 8.184631782836915
    endloop
  endfacet
  facet normal 0 0.9978589232386036 0.06540312923014387
    outer loop
      vertex 1.145 -4.800000000000001 8.4
      vertex 0 -4.785884021266788 8.184631782836915
      vertex 0 -4.800000000000001 8.4
    endloop
  endfacet
  facet normal 0 0.9978589232386036 0.06540312923014387
    outer loop
      vertex 1.145 -4.785884021266788 8.184631782836915
      vertex 0 -4.785884021266788 8.184631782836915
      vertex 1.145 -4.800000000000001 8.4
    endloop
  endfacet
  facet normal 0 0.9978589232386036 -0.06540312923014387
    outer loop
      vertex 1.145 -4.800000000000001 8.4
      vertex 0 -4.800000000000001 8.4
      vertex 1.145 -4.785884021266788 8.615368217163086
    endloop
  endfacet
  facet normal 0 0.3214394653031609 0.9469301294951059
    outer loop
      vertex 1.145 -3.7814276634023987 6.875598771356377
      vertex 0 -3.5770514244191594 6.806222386623038
      vertex 0 -3.7814276634023987 6.875598771356377
    endloop
  endfacet
  facet normal 0 0.1950903220161287 0.9807852804032303
    outer loop
      vertex 1.145 -3.5770514244191594 6.806222386623038
      vertex 0 -3.3653682171630854 6.764115978733213
      vertex 0 -3.5770514244191594 6.806222386623038
    endloop
  endfacet
  facet normal 2.843506044602722e-18 0.3214394653031609 0.9469301294951059
    outer loop
      vertex 1.145 -3.7814276634023987 6.875598771356377
      vertex 1.145 -3.5770514244191594 6.806222386623038
      vertex 0 -3.5770514244191594 6.806222386623038
    endloop
  endfacet
  facet normal 0 0.5555702330196013 0.8314696123025458
    outer loop
      vertex 1.145 -4.154456357864389 7.090966988519463
      vertex 0 -3.9750000000000005 6.971058083755677
      vertex 0 -4.154456357864389 7.090966988519463
    endloop
  endfacet
  facet normal 0 0.44228869021900424 0.8968727415326868
    outer loop
      vertex 1.145 -3.9750000000000005 6.971058083755677
      vertex 0 -3.7814276634023987 6.875598771356377
      vertex 0 -3.9750000000000005 6.971058083755677
    endloop
  endfacet
  facet normal -2.6319155904533764e-18 0.5555702330196013 0.8314696123025458
    outer loop
      vertex 1.145 -4.154456357864389 7.090966988519463
      vertex 1.145 -3.9750000000000005 6.971058083755677
      vertex 0 -3.9750000000000005 6.971058083755677
    endloop
  endfacet
  facet normal 3.736001757818243e-18 0.44228869021900424 0.8968727415326868
    outer loop
      vertex 1.145 -3.9750000000000005 6.971058083755677
      vertex 1.145 -3.7814276634023987 6.875598771356377
      vertex 0 -3.7814276634023987 6.875598771356377
    endloop
  endfacet
  facet normal 0 0.06540312923014399 0.9978589232386034
    outer loop
      vertex 1.145 -3.3653682171630854 6.764115978733213
      vertex 0 -3.1500000000000004 6.75
      vertex 0 -3.3653682171630854 6.764115978733213
    endloop
  endfacet
  facet normal -8.853885387071641e-19 0.1950903220161287 0.9807852804032303
    outer loop
      vertex 1.145 -3.5770514244191594 6.806222386623038
      vertex 1.145 -3.3653682171630854 6.764115978733213
      vertex 0 -3.3653682171630854 6.764115978733213
    endloop
  endfacet
  facet normal 8.745280665348811e-19 0.06540312923014399 0.9978589232386034
    outer loop
      vertex 1.145 -3.3653682171630854 6.764115978733213
      vertex 1.145 -3.1500000000000004 6.75
      vertex 0 -3.1500000000000004 6.75
    endloop
  endfacet
  facet normal 0 0 1
    outer loop
      vertex 1.145 -3.1500000000000004 6.75
      vertex 0 3.1500000000000004 6.75
      vertex 0 -3.1500000000000004 6.75
    endloop
  endfacet
  facet normal 0 0.9978589232386036 -0.06540312923014387
    outer loop
      vertex 1.145 -4.785884021266788 8.615368217163086
      vertex 0 -4.800000000000001 8.4
      vertex 0 -4.785884021266788 8.615368217163086
    endloop
  endfacet
  facet normal 0 0.9807852804032304 -0.19509032201612828
    outer loop
      vertex 1.145 -4.743777613376963 8.82705142441916
      vertex 0 -4.785884021266788 8.615368217163086
      vertex 0 -4.743777613376963 8.82705142441916
    endloop
  endfacet
  facet normal 0 0.9807852804032304 -0.19509032201612828
    outer loop
      vertex 1.145 -4.785884021266788 8.615368217163086
      vertex 0 -4.785884021266788 8.615368217163086
      vertex 1.145 -4.743777613376963 8.82705142441916
    endloop
  endfacet
  facet normal 0 0.9469301294951055 -0.3214394653031622
    outer loop
      vertex 1.145 -4.674401228643624 9.031427663402399
      vertex 0 -4.743777613376963 8.82705142441916
      vertex 0 -4.674401228643624 9.031427663402399
    endloop
  endfacet
  facet normal 0 0.9469301294951055 -0.3214394653031622
    outer loop
      vertex 1.145 -4.743777613376963 8.82705142441916
      vertex 0 -4.743777613376963 8.82705142441916
      vertex 1.145 -4.674401228643624 9.031427663402399
    endloop
  endfacet
  facet normal 0 0.896872741532686 -0.4422886902190058
    outer loop
      vertex 1.145 -4.5789419162443235 9.225
      vertex 0 -4.674401228643624 9.031427663402399
      vertex 0 -4.5789419162443235 9.225
    endloop
  endfacet
  facet normal 0 0.896872741532686 -0.4422886902190058
    outer loop
      vertex 1.145 -4.674401228643624 9.031427663402399
      vertex 0 -4.674401228643624 9.031427663402399
      vertex 1.145 -4.5789419162443235 9.225
    endloop
  endfacet
  facet normal 0 0.8314696123025483 -0.5555702330195976
    outer loop
      vertex 1.145 -4.5789419162443235 9.225
      vertex 0 -4.5789419162443235 9.225
      vertex 1.145 -4.459033011480538 9.40445635786439
    endloop
  endfacet
  facet normal 0 0.8314696123025483 -0.5555702330195976
    outer loop
      vertex 1.145 -4.459033011480538 9.40445635786439
      vertex 0 -4.5789419162443235 9.225
      vertex 0 -4.459033011480538 9.40445635786439
    endloop
  endfacet
  facet normal 0 0.751839807478974 -0.6593458151000727
    outer loop
      vertex 1.145 -4.316726188957803 9.566726188957803
      vertex 0 -4.459033011480538 9.40445635786439
      vertex 0 -4.316726188957803 9.566726188957803
    endloop
  endfacet
  facet normal 0 0.751839807478974 -0.6593458151000727
    outer loop
      vertex 1.145 -4.459033011480538 9.40445635786439
      vertex 0 -4.459033011480538 9.40445635786439
      vertex 1.145 -4.316726188957803 9.566726188957803
    endloop
  endfacet
  facet normal 0 0.6593458151000731 -0.7518398074789738
    outer loop
      vertex 1.145 -4.154456357864389 9.709033011480539
      vertex 0 -4.316726188957803 9.566726188957803
      vertex 0 -4.154456357864389 9.709033011480539
    endloop
  endfacet
  facet normal 0 0.6593458151000731 -0.7518398074789738
    outer loop
      vertex 1.145 -4.316726188957803 9.566726188957803
      vertex 0 -4.316726188957803 9.566726188957803
      vertex 1.145 -4.154456357864389 9.709033011480539
    endloop
  endfacet
  facet normal 0 0.5555702330195985 -0.8314696123025477
    outer loop
      vertex 1.145 -3.9750000000000005 9.828941916244323
      vertex 0 -4.154456357864389 9.709033011480539
      vertex 0 -3.9750000000000005 9.828941916244323
    endloop
  endfacet
  facet normal 0 0.5555702330195985 -0.8314696123025477
    outer loop
      vertex 1.145 -4.154456357864389 9.709033011480539
      vertex 0 -4.154456357864389 9.709033011480539
      vertex 1.145 -3.9750000000000005 9.828941916244323
    endloop
  endfacet
  facet normal 0 0.4422886902190009 -0.8968727415326885
    outer loop
      vertex 1.145 -3.7814276634023987 9.924401228643623
      vertex 0 -3.9750000000000005 9.828941916244323
      vertex 0 -3.7814276634023987 9.924401228643623
    endloop
  endfacet
  facet normal 0 0.4422886902190009 -0.8968727415326885
    outer loop
      vertex 1.145 -3.9750000000000005 9.828941916244323
      vertex 0 -3.9750000000000005 9.828941916244323
      vertex 1.145 -3.7814276634023987 9.924401228643623
    endloop
  endfacet
  facet normal 0 0.3214394653031646 -0.9469301294951046
    outer loop
      vertex 1.145 -3.5770514244191594 9.993777613376963
      vertex 0 -3.7814276634023987 9.924401228643623
      vertex 0 -3.5770514244191594 9.993777613376963
    endloop
  endfacet
  facet normal 0 0.3214394653031646 -0.9469301294951046
    outer loop
      vertex 1.145 -3.7814276634023987 9.924401228643623
      vertex 0 -3.7814276634023987 9.924401228643623
      vertex 1.145 -3.5770514244191594 9.993777613376963
    endloop
  endfacet
  facet normal 0 0.19509032201612475 -0.9807852804032311
    outer loop
      vertex 1.145 -3.5770514244191594 9.993777613376963
      vertex 0 -3.5770514244191594 9.993777613376963
      vertex 1.145 -3.3653682171630854 10.035884021266787
    endloop
  endfacet
  facet normal 0 0.19509032201612475 -0.9807852804032311
    outer loop
      vertex 1.145 -3.3653682171630854 10.035884021266787
      vertex 0 -3.5770514244191594 9.993777613376963
      vertex 0 -3.3653682171630854 10.035884021266787
    endloop
  endfacet
  facet normal 0 0.06540312923014809 -0.9978589232386031
    outer loop
      vertex 1.145 -3.1500000000000004 10.05
      vertex 0 -3.3653682171630854 10.035884021266787
      vertex 0 -3.1500000000000004 10.05
    endloop
  endfacet
  facet normal 0 0.06540312923014809 -0.9978589232386031
    outer loop
      vertex 1.145 -3.3653682171630854 10.035884021266787
      vertex 0 -3.3653682171630854 10.035884021266787
      vertex 1.145 -3.1500000000000004 10.05
    endloop
  endfacet
  facet normal 0 0 -1
    outer loop
      vertex 1.145 -3.1500000000000004 10.05
      vertex 0 -3.1500000000000004 10.05
      vertex 1.145 3.1500000000000004 10.05
    endloop
  endfacet
  facet normal 0 0 1
    outer loop
      vertex 1.145 -3.1500000000000004 6.75
      vertex 1.145 3.1500000000000004 6.75
      vertex 0 3.1500000000000004 6.75
    endloop
  endfacet
  facet normal 0 -0.06540312923014399 0.9978589232386034
    outer loop
      vertex 1.145 3.1500000000000004 6.75
      vertex 0 3.3653682171630854 6.764115978733213
      vertex 0 3.1500000000000004 6.75
    endloop
  endfacet
  facet normal 0 -0.1950903220161287 0.9807852804032303
    outer loop
      vertex 1.145 3.3653682171630854 6.764115978733213
      vertex 0 3.5770514244191594 6.806222386623038
      vertex 0 3.3653682171630854 6.764115978733213
    endloop
  endfacet
  facet normal -8.745280665348811e-19 -0.06540312923014399 0.9978589232386034
    outer loop
      vertex 1.145 3.1500000000000004 6.75
      vertex 1.145 3.3653682171630854 6.764115978733213
      vertex 0 3.3653682171630854 6.764115978733213
    endloop
  endfacet
  facet normal 0 -0.3214394653031609 0.9469301294951059
    outer loop
      vertex 1.145 3.5770514244191594 6.806222386623038
      vertex 0 3.7814276634023987 6.875598771356377
      vertex 0 3.5770514244191594 6.806222386623038
    endloop
  endfacet
  facet normal 8.853885387071641e-19 -0.1950903220161287 0.9807852804032303
    outer loop
      vertex 1.145 3.3653682171630854 6.764115978733213
      vertex 1.145 3.5770514244191594 6.806222386623038
      vertex 0 3.5770514244191594 6.806222386623038
    endloop
  endfacet
  facet normal -2.843506044602722e-18 -0.3214394653031609 0.9469301294951059
    outer loop
      vertex 1.145 3.5770514244191594 6.806222386623038
      vertex 1.145 3.7814276634023987 6.875598771356377
      vertex 0 3.7814276634023987 6.875598771356377
    endloop
  endfacet
  facet normal 0 -0.44228869021900424 0.8968727415326868
    outer loop
      vertex 1.145 3.7814276634023987 6.875598771356377
      vertex 0 3.9750000000000005 6.971058083755677
      vertex 0 3.7814276634023987 6.875598771356377
    endloop
  endfacet
  facet normal 0 -0.5555702330196013 0.8314696123025458
    outer loop
      vertex 1.145 3.9750000000000005 6.971058083755677
      vertex 0 4.154456357864389 7.090966988519463
      vertex 0 3.9750000000000005 6.971058083755677
    endloop
  endfacet
  facet normal -3.736001757818243e-18 -0.44228869021900424 0.8968727415326868
    outer loop
      vertex 1.145 3.7814276634023987 6.875598771356377
      vertex 1.145 3.9750000000000005 6.971058083755677
      vertex 0 3.9750000000000005 6.971058083755677
    endloop
  endfacet
  facet normal 2.6319155904533764e-18 -0.5555702330196013 0.8314696123025458
    outer loop
      vertex 1.145 3.9750000000000005 6.971058083755677
      vertex 1.145 4.154456357864389 7.090966988519463
      vertex 0 4.154456357864389 7.090966988519463
    endloop
  endfacet
  facet normal 0 -0.6593458151000706 0.7518398074789758
    outer loop
      vertex 1.145 4.154456357864389 7.090966988519463
      vertex 0 4.316726188957803 7.2332738110421975
      vertex 0 4.154456357864389 7.090966988519463
    endloop
  endfacet
  facet normal 0 -0.7518398074789758 0.6593458151000706
    outer loop
      vertex 1.145 4.316726188957803 7.2332738110421975
      vertex 0 4.459033011480538 7.395543642135611
      vertex 0 4.316726188957803 7.2332738110421975
    endloop
  endfacet
  facet normal 1.4255495829401786e-18 -0.6593458151000706 0.7518398074789758
    outer loop
      vertex 1.145 4.154456357864389 7.090966988519463
      vertex 1.145 4.316726188957803 7.2332738110421975
      vertex 0 4.316726188957803 7.2332738110421975
    endloop
  endfacet
  facet normal 1.4255495829401786e-18 -0.7518398074789758 0.6593458151000706
    outer loop
      vertex 1.145 4.316726188957803 7.2332738110421975
      vertex 1.145 4.459033011480538 7.395543642135611
      vertex 0 4.459033011480538 7.395543642135611
    endloop
  endfacet
  facet normal 0 -0.8314696123025458 0.5555702330196013
    outer loop
      vertex 1.145 4.459033011480538 7.395543642135611
      vertex 0 4.5789419162443235 7.575
      vertex 0 4.459033011480538 7.395543642135611
    endloop
  endfacet
  facet normal 0 -0.8968727415326868 0.44228869021900424
    outer loop
      vertex 1.145 4.5789419162443235 7.575
      vertex 0 4.674401228643624 7.768572336597602
      vertex 0 4.5789419162443235 7.575
    endloop
  endfacet
  facet normal 2.6319155904533764e-18 -0.8314696123025458 0.5555702330196013
    outer loop
      vertex 1.145 4.459033011480538 7.395543642135611
      vertex 1.145 4.5789419162443235 7.575
      vertex 0 4.5789419162443235 7.575
    endloop
  endfacet
  facet normal 0 -0.9469301294951059 0.3214394653031609
    outer loop
      vertex 1.145 4.674401228643624 7.768572336597602
      vertex 0 4.743777613376963 7.972948575580841
      vertex 0 4.674401228643624 7.768572336597602
    endloop
  endfacet
  facet normal -3.736001757818243e-18 -0.8968727415326868 0.44228869021900424
    outer loop
      vertex 1.145 4.5789419162443235 7.575
      vertex 1.145 4.674401228643624 7.768572336597602
      vertex 0 4.674401228643624 7.768572336597602
    endloop
  endfacet
  facet normal -2.843506044602722e-18 -0.9469301294951059 0.3214394653031609
    outer loop
      vertex 1.145 4.674401228643624 7.768572336597602
      vertex 1.145 4.743777613376963 7.972948575580841
      vertex 0 4.743777613376963 7.972948575580841
    endloop
  endfacet
  facet normal 0 -0.9807852804032303 0.19509032201612908
    outer loop
      vertex 1.145 4.743777613376963 7.972948575580841
      vertex 0 4.785884021266788 8.184631782836915
      vertex 0 4.743777613376963 7.972948575580841
    endloop
  endfacet
  facet normal 2.4350322603143396e-18 -0.9807852804032303 0.19509032201612908
    outer loop
      vertex 1.145 4.743777613376963 7.972948575580841
      vertex 1.145 4.785884021266788 8.184631782836915
      vertex 0 4.785884021266788 8.184631782836915
    endloop
  endfacet
  facet normal 0 -0.9978589232386036 0.06540312923014387
    outer loop
      vertex 1.145 4.785884021266788 8.184631782836915
      vertex 0 4.800000000000001 8.4
      vertex 0 4.785884021266788 8.184631782836915
    endloop
  endfacet
  facet normal 0 -0.9978589232386036 -0.06540312923014387
    outer loop
      vertex 1.145 4.800000000000001 8.4
      vertex 0 4.785884021266788 8.615368217163086
      vertex 0 4.800000000000001 8.4
    endloop
  endfacet
  facet normal -7.646595893833969e-20 -0.9978589232386036 0.06540312923014387
    outer loop
      vertex 1.145 4.785884021266788 8.184631782836915
      vertex 1.145 4.800000000000001 8.4
      vertex 0 4.800000000000001 8.4
    endloop
  endfacet
  facet normal 0 0 -1
    outer loop
      vertex 1.145 3.1500000000000004 10.05
      vertex 0 -3.1500000000000004 10.05
      vertex 0 3.1500000000000004 10.05
    endloop
  endfacet
  facet normal 0 -0.06540312923014809 -0.9978589232386031
    outer loop
      vertex 1.145 3.3653682171630854 10.035884021266787
      vertex 0 3.1500000000000004 10.05
      vertex 0 3.3653682171630854 10.035884021266787
    endloop
  endfacet
  facet normal 0 -0.06540312923014809 -0.9978589232386031
    outer loop
      vertex 1.145 3.1500000000000004 10.05
      vertex 0 3.1500000000000004 10.05
      vertex 1.145 3.3653682171630854 10.035884021266787
    endloop
  endfacet
  facet normal 0 -0.19509032201612475 -0.9807852804032311
    outer loop
      vertex 1.145 3.3653682171630854 10.035884021266787
      vertex 0 3.3653682171630854 10.035884021266787
      vertex 1.145 3.5770514244191594 9.993777613376963
    endloop
  endfacet
  facet normal 0 -0.19509032201612475 -0.9807852804032311
    outer loop
      vertex 1.145 3.5770514244191594 9.993777613376963
      vertex 0 3.3653682171630854 10.035884021266787
      vertex 0 3.5770514244191594 9.993777613376963
    endloop
  endfacet
  facet normal 0 -0.3214394653031646 -0.9469301294951046
    outer loop
      vertex 1.145 3.7814276634023987 9.924401228643623
      vertex 0 3.5770514244191594 9.993777613376963
      vertex 0 3.7814276634023987 9.924401228643623
    endloop
  endfacet
  facet normal 0 -0.3214394653031646 -0.9469301294951046
    outer loop
      vertex 1.145 3.5770514244191594 9.993777613376963
      vertex 0 3.5770514244191594 9.993777613376963
      vertex 1.145 3.7814276634023987 9.924401228643623
    endloop
  endfacet
  facet normal 0 -0.5555702330195985 -0.8314696123025477
    outer loop
      vertex 1.145 4.154456357864389 9.709033011480539
      vertex 0 3.9750000000000005 9.828941916244323
      vertex 0 4.154456357864389 9.709033011480539
    endloop
  endfacet
  facet normal 0 -0.5555702330195985 -0.8314696123025477
    outer loop
      vertex 1.145 3.9750000000000005 9.828941916244323
      vertex 0 3.9750000000000005 9.828941916244323
      vertex 1.145 4.154456357864389 9.709033011480539
    endloop
  endfacet
  facet normal 0 -0.4422886902190009 -0.8968727415326885
    outer loop
      vertex 1.145 3.9750000000000005 9.828941916244323
      vertex 0 3.7814276634023987 9.924401228643623
      vertex 0 3.9750000000000005 9.828941916244323
    endloop
  endfacet
  facet normal 0 -0.4422886902190009 -0.8968727415326885
    outer loop
      vertex 1.145 3.7814276634023987 9.924401228643623
      vertex 0 3.7814276634023987 9.924401228643623
      vertex 1.145 3.9750000000000005 9.828941916244323
    endloop
  endfacet
  facet normal 0 -0.9807852804032304 -0.19509032201612828
    outer loop
      vertex 1.145 4.785884021266788 8.615368217163086
      vertex 0 4.743777613376963 8.82705142441916
      vertex 0 4.785884021266788 8.615368217163086
    endloop
  endfacet
  facet normal 7.646595893833969e-20 -0.9978589232386036 -0.06540312923014387
    outer loop
      vertex 1.145 4.800000000000001 8.4
      vertex 1.145 4.785884021266788 8.615368217163086
      vertex 0 4.785884021266788 8.615368217163086
    endloop
  endfacet
  facet normal 6.642551829000049e-19 -0.9807852804032304 -0.19509032201612828
    outer loop
      vertex 1.145 4.785884021266788 8.615368217163086
      vertex 1.145 4.743777613376963 8.82705142441916
      vertex 0 4.743777613376963 8.82705142441916
    endloop
  endfacet
  facet normal 0 -0.9469301294951055 -0.3214394653031622
    outer loop
      vertex 1.145 4.743777613376963 8.82705142441916
      vertex 0 4.674401228643624 9.031427663402399
      vertex 0 4.743777613376963 8.82705142441916
    endloop
  endfacet
  facet normal 0 -0.9469301294951055 -0.3214394653031622
    outer loop
      vertex 1.145 4.674401228643624 9.031427663402399
      vertex 0 4.674401228643624 9.031427663402399
      vertex 1.145 4.743777613376963 8.82705142441916
    endloop
  endfacet
  facet normal 0 -0.751839807478974 -0.6593458151000727
    outer loop
      vertex 1.145 4.459033011480538 9.40445635786439
      vertex 0 4.316726188957803 9.566726188957803
      vertex 0 4.459033011480538 9.40445635786439
    endloop
  endfacet
  facet normal 4.618978876149869e-18 -0.751839807478974 -0.6593458151000727
    outer loop
      vertex 1.145 4.459033011480538 9.40445635786439
      vertex 1.145 4.316726188957803 9.566726188957803
      vertex 0 4.316726188957803 9.566726188957803
    endloop
  endfacet
  facet normal 0 -0.8314696123025483 -0.5555702330195976
    outer loop
      vertex 1.145 4.5789419162443235 9.225
      vertex 0 4.459033011480538 9.40445635786439
      vertex 0 4.5789419162443235 9.225
    endloop
  endfacet
  facet normal 0 -0.896872741532686 -0.4422886902190058
    outer loop
      vertex 1.145 4.674401228643624 9.031427663402399
      vertex 0 4.5789419162443235 9.225
      vertex 0 4.674401228643624 9.031427663402399
    endloop
  endfacet
  facet normal -4.159868151618486e-18 -0.896872741532686 -0.4422886902190058
    outer loop
      vertex 1.145 4.674401228643624 9.031427663402399
      vertex 1.145 4.5789419162443235 9.225
      vertex 0 4.5789419162443235 9.225
    endloop
  endfacet
  facet normal 0 -0.8314696123025483 -0.5555702330195976
    outer loop
      vertex 1.145 4.459033011480538 9.40445635786439
      vertex 0 4.459033011480538 9.40445635786439
      vertex 1.145 4.5789419162443235 9.225
    endloop
  endfacet
  facet normal 0 -0.6593458151000731 -0.7518398074789738
    outer loop
      vertex 1.145 4.316726188957803 9.566726188957803
      vertex 0 4.154456357864389 9.709033011480539
      vertex 0 4.316726188957803 9.566726188957803
    endloop
  endfacet
  facet normal 5.017364622992358e-18 -0.6593458151000731 -0.7518398074789738
    outer loop
      vertex 1.145 4.316726188957803 9.566726188957803
      vertex 1.145 4.154456357864389 9.709033011480539
      vertex 0 4.154456357864389 9.709033011480539
    endloop
  endfacet
  facet normal 0 0.3214394653031609 0.9469301294951059
    outer loop
      vertex 1.145 -3.751470637012325 6.344368040162387
      vertex 1.6 -3.751470637012325 6.344368040162387
      vertex 1.145 -3.4758723753531084 6.250815036506824
    endloop
  endfacet
  facet normal 0 0.3214394653031609 0.9469301294951059
    outer loop
      vertex 1.145 -3.4758723753531084 6.250815036506824
      vertex 1.6 -3.751470637012325 6.344368040162387
      vertex 1.6 -3.4758723753531084 6.250815036506824
    endloop
  endfacet
  facet normal 1 0 0
    outer loop
      vertex 1.145 -3.751470637012325 6.344368040162387
      vertex 1.145 -3.4758723753531084 6.250815036506824
      vertex 1.145 -2.9 6.175000000000001
    endloop
  endfacet
  facet normal 1 0 0
    outer loop
      vertex 1.145 -3.4758723753531084 6.250815036506824
      vertex 1.145 -3.1904207776896145 6.1940351834432725
      vertex 1.145 -2.9 6.175000000000001
    endloop
  endfacet
  facet normal 0 0.19509032201612764 0.9807852804032305
    outer loop
      vertex 1.145 -3.4758723753531084 6.250815036506824
      vertex 1.6 -3.4758723753531084 6.250815036506824
      vertex 1.145 -3.1904207776896145 6.1940351834432725
    endloop
  endfacet
  facet normal 0 0.19509032201612764 0.9807852804032305
    outer loop
      vertex 1.145 -3.1904207776896145 6.1940351834432725
      vertex 1.6 -3.4758723753531084 6.250815036506824
      vertex 1.6 -3.1904207776896145 6.1940351834432725
    endloop
  endfacet
  facet normal 0 0.06540312923014306 0.9978589232386036
    outer loop
      vertex 1.145 -3.1904207776896145 6.1940351834432725
      vertex 1.6 -3.1904207776896145 6.1940351834432725
      vertex 1.145 -2.9 6.175000000000001
    endloop
  endfacet
  facet normal 0 0.06540312923014306 0.9978589232386036
    outer loop
      vertex 1.145 -2.9 6.175000000000001
      vertex 1.6 -3.1904207776896145 6.1940351834432725
      vertex 1.6 -2.9 6.175000000000001
    endloop
  endfacet
  facet normal 1 0 0
    outer loop
      vertex 1.145 -4.826906523420376 7.2875000000000005
      vertex 1.145 -4.665211182147998 7.045505820455597
      vertex 1.145 -4.955631959837612 7.548529362987676
    endloop
  endfacet
  facet normal 0 0.8968727415326887 0.44228869021900064
    outer loop
      vertex 1.145 -4.826906523420376 7.2875000000000005
      vertex 1.6 -4.955631959837612 7.548529362987676
      vertex 1.6 -4.826906523420376 7.2875000000000005
    endloop
  endfacet
  facet normal 0 0.7518398074789782 0.6593458151000678
    outer loop
      vertex 1.145 -4.473312588140068 6.826687411859932
      vertex 1.6 -4.665211182147998 7.045505820455597
      vertex 1.6 -4.473312588140068 6.826687411859932
    endloop
  endfacet
  facet normal 1 0 0
    outer loop
      vertex 1.145 -4.254494179544404 6.634788817852002
      vertex 1.145 -3.751470637012325 6.344368040162387
      vertex 1.145 -4.473312588140068 6.826687411859932
    endloop
  endfacet
  facet normal 0 0.5555702330196015 0.8314696123025458
    outer loop
      vertex 1.145 -4.254494179544404 6.634788817852002
      vertex 1.6 -4.254494179544404 6.634788817852002
      vertex 1.145 -4.0125 6.473093476579624
    endloop
  endfacet
  facet normal -5.634770993961146e-18 0.6593458151000694 0.7518398074789769
    outer loop
      vertex 1.145 -4.254494179544404 6.634788817852002
      vertex 1.145 -4.473312588140068 6.826687411859932
      vertex 1.6 -4.473312588140068 6.826687411859932
    endloop
  endfacet
  facet normal 0 0.6593458151000694 0.7518398074789769
    outer loop
      vertex 1.145 -4.254494179544404 6.634788817852002
      vertex 1.6 -4.473312588140068 6.826687411859932
      vertex 1.6 -4.254494179544404 6.634788817852002
    endloop
  endfacet
  facet normal 1 0 0
    outer loop
      vertex 1.145 -4.665211182147998 7.045505820455597
      vertex 1.145 -4.473312588140068 6.826687411859932
      vertex 1.145 -4.955631959837612 7.548529362987676
    endloop
  endfacet
  facet normal 0 0.8314696123025458 0.5555702330196015
    outer loop
      vertex 1.145 -4.665211182147998 7.045505820455597
      vertex 1.6 -4.826906523420376 7.2875000000000005
      vertex 1.6 -4.665211182147998 7.045505820455597
    endloop
  endfacet
  facet normal 0 0.7518398074789782 0.6593458151000678
    outer loop
      vertex 1.145 -4.665211182147998 7.045505820455597
      vertex 1.6 -4.665211182147998 7.045505820455597
      vertex 1.145 -4.473312588140068 6.826687411859932
    endloop
  endfacet
  facet normal 1 0 0
    outer loop
      vertex 1.145 -4.5789419162443235 7.575
      vertex 1.145 -4.473312588140068 6.826687411859932
      vertex 1.145 -4.459033011480538 7.395543642135611
    endloop
  endfacet
  facet normal 1 0 0
    outer loop
      vertex 1.145 -4.5789419162443235 7.575
      vertex 1.145 -4.674401228643624 7.768572336597602
      vertex 1.145 -4.473312588140068 6.826687411859932
    endloop
  endfacet
  facet normal 0 0.8314696123025458 0.5555702330196015
    outer loop
      vertex 1.145 -4.826906523420376 7.2875000000000005
      vertex 1.6 -4.826906523420376 7.2875000000000005
      vertex 1.145 -4.665211182147998 7.045505820455597
    endloop
  endfacet
  facet normal 1 0 0
    outer loop
      vertex 1.145 -4.473312588140068 6.826687411859932
      vertex 1.145 -4.316726188957803 7.2332738110421975
      vertex 1.145 -4.459033011480538 7.395543642135611
    endloop
  endfacet
  facet normal 1 0 0
    outer loop
      vertex 1.145 -4.473312588140068 6.826687411859932
      vertex 1.145 -4.154456357864389 7.090966988519463
      vertex 1.145 -4.316726188957803 7.2332738110421975
    endloop
  endfacet
  facet normal 1 0 0
    outer loop
      vertex 1.145 -4.473312588140068 6.826687411859932
      vertex 1.145 -3.9750000000000005 6.971058083755677
      vertex 1.145 -4.154456357864389 7.090966988519463
    endloop
  endfacet
  facet normal 1 0 0
    outer loop
      vertex 1.145 -4.955631959837612 7.548529362987676
      vertex 1.145 -4.473312588140068 6.826687411859932
      vertex 1.145 -5.125 8.4
    endloop
  endfacet
  facet normal 0 0.9469301294951047 0.32143946530316453
    outer loop
      vertex 1.145 -4.955631959837612 7.548529362987676
      vertex 1.6 -5.049184963493177 7.824127624646891
      vertex 1.6 -4.955631959837612 7.548529362987676
    endloop
  endfacet
  facet normal -1.5964443099001231e-18 0.8968727415326887 0.44228869021900064
    outer loop
      vertex 1.145 -4.826906523420376 7.2875000000000005
      vertex 1.145 -4.955631959837612 7.548529362987676
      vertex 1.6 -4.955631959837612 7.548529362987676
    endloop
  endfacet
  facet normal 1 0 0
    outer loop
      vertex 1.145 -4.955631959837612 7.548529362987676
      vertex 1.145 -5.105964816556728 8.109579222310385
      vertex 1.145 -5.049184963493177 7.824127624646891
    endloop
  endfacet
  facet normal 7.065106376767243e-18 0.9469301294951047 0.32143946530316453
    outer loop
      vertex 1.145 -4.955631959837612 7.548529362987676
      vertex 1.145 -5.049184963493177 7.824127624646891
      vertex 1.6 -5.049184963493177 7.824127624646891
    endloop
  endfacet
  facet normal 0 0.9807852804032305 0.19509032201612764
    outer loop
      vertex 1.145 -5.049184963493177 7.824127624646891
      vertex 1.6 -5.105964816556728 8.109579222310385
      vertex 1.6 -5.049184963493177 7.824127624646891
    endloop
  endfacet
  facet normal 1 0 0
    outer loop
      vertex 1.145 -4.955631959837612 7.548529362987676
      vertex 1.145 -5.125 8.4
      vertex 1.145 -5.105964816556728 8.109579222310385
    endloop
  endfacet
  facet normal 1 0 0
    outer loop
      vertex 1.145 -5.125 8.4
      vertex 1.145 -4.743777613376963 7.972948575580841
      vertex 1.145 -4.785884021266788 8.184631782836915
    endloop
  endfacet
  facet normal -1.0225661705065724e-17 0.9807852804032305 0.19509032201612764
    outer loop
      vertex 1.145 -5.049184963493177 7.824127624646891
      vertex 1.145 -5.105964816556728 8.109579222310385
      vertex 1.6 -5.105964816556728 8.109579222310385
    endloop
  endfacet
  facet normal 0 0.9978589232386036 0.06540312923014295
    outer loop
      vertex 1.145 -5.105964816556728 8.109579222310385
      vertex 1.6 -5.125 8.4
      vertex 1.6 -5.105964816556728 8.109579222310385
    endloop
  endfacet
  facet normal 1 0 0
    outer loop
      vertex 1.145 -5.125 8.4
      vertex 1.145 -4.785884021266788 8.184631782836915
      vertex 1.145 -4.800000000000001 8.4
    endloop
  endfacet
  facet normal 1 0 0
    outer loop
      vertex 1.145 -5.125 8.4
      vertex 1.145 -4.800000000000001 8.4
      vertex 1.145 -4.785884021266788 8.615368217163086
    endloop
  endfacet
  facet normal 2.050659950193456e-18 0.9978589232386036 0.06540312923014295
    outer loop
      vertex 1.145 -5.105964816556728 8.109579222310385
      vertex 1.145 -5.125 8.4
      vertex 1.6 -5.125 8.4
    endloop
  endfacet
  facet normal 0 0.9978589232386036 -0.06540312923014295
    outer loop
      vertex 1.145 -5.125 8.4
      vertex 1.6 -5.105964816556728 8.690420777689615
      vertex 1.6 -5.125 8.4
    endloop
  endfacet
  facet normal 1 0 0
    outer loop
      vertex 1.145 -4.674401228643624 7.768572336597602
      vertex 1.145 -4.743777613376963 7.972948575580841
      vertex 1.145 -4.473312588140068 6.826687411859932
    endloop
  endfacet
  facet normal 1 0 0
    outer loop
      vertex 1.145 -5.125 8.4
      vertex 1.145 -4.473312588140068 6.826687411859932
      vertex 1.145 -4.743777613376963 7.972948575580841
    endloop
  endfacet
  facet normal 1 0 0
    outer loop
      vertex 1.145 -4.254494179544404 6.634788817852002
      vertex 1.145 -4.0125 6.473093476579624
      vertex 1.145 -3.751470637012325 6.344368040162387
    endloop
  endfacet
  facet normal 0 0.5555702330196015 0.8314696123025458
    outer loop
      vertex 1.145 -4.0125 6.473093476579624
      vertex 1.6 -4.254494179544404 6.634788817852002
      vertex 1.6 -4.0125 6.473093476579624
    endloop
  endfacet
  facet normal -1.5964443099001231e-18 0.44228869021900064 0.8968727415326887
    outer loop
      vertex 1.145 -3.751470637012325 6.344368040162387
      vertex 1.145 -4.0125 6.473093476579624
      vertex 1.6 -4.0125 6.473093476579624
    endloop
  endfacet
  facet normal 0 0.44228869021900064 0.8968727415326887
    outer loop
      vertex 1.145 -3.751470637012325 6.344368040162387
      vertex 1.6 -4.0125 6.473093476579624
      vertex 1.6 -3.751470637012325 6.344368040162387
    endloop
  endfacet
  facet normal 1 0 0
    outer loop
      vertex 1.145 -4.473312588140068 6.826687411859932
      vertex 1.145 -3.7814276634023987 6.875598771356377
      vertex 1.145 -3.9750000000000005 6.971058083755677
    endloop
  endfacet
  facet normal 1 0 0
    outer loop
      vertex 1.145 -4.473312588140068 6.826687411859932
      vertex 1.145 -3.5770514244191594 6.806222386623038
      vertex 1.145 -3.7814276634023987 6.875598771356377
    endloop
  endfacet
  facet normal 1 0 0
    outer loop
      vertex 1.145 -3.751470637012325 6.344368040162387
      vertex 1.145 -2.9 6.175000000000001
      vertex 1.145 -4.473312588140068 6.826687411859932
    endloop
  endfacet
  facet normal 1 0 0
    outer loop
      vertex 1.145 -4.473312588140068 6.826687411859932
      vertex 1.145 -2.9 6.175000000000001
      vertex 1.145 -3.5770514244191594 6.806222386623038
    endloop
  endfacet
  facet normal 1 0 0
    outer loop
      vertex 1.145 -3.5770514244191594 6.806222386623038
      vertex 1.145 -2.9 6.175000000000001
      vertex 1.145 -3.3653682171630854 6.764115978733213
    endloop
  endfacet
  facet normal 1 0 0
    outer loop
      vertex 1.145 -3.3653682171630854 6.764115978733213
      vertex 1.145 -2.9 6.175000000000001
      vertex 1.145 -3.1500000000000004 6.75
    endloop
  endfacet
  facet normal 0 0 1
    outer loop
      vertex 1.145 -2.9 6.175000000000001
      vertex 1.6 -2.9 6.175000000000001
      vertex 1.145 2.9 6.175000000000001
    endloop
  endfacet
  facet normal 1 0 0
    outer loop
      vertex 1.145 -3.1500000000000004 6.75
      vertex 1.145 -2.9 6.175000000000001
      vertex 1.145 3.4758723753531084 6.250815036506824
    endloop
  endfacet
  facet normal 1 0 0
    outer loop
      vertex 1.145 -5.125 8.4
      vertex 1.145 -5.049184963493177 8.97587237535311
      vertex 1.145 -5.105964816556728 8.690420777689615
    endloop
  endfacet
  facet normal 1 0 0
    outer loop
      vertex 1.145 -5.125 8.4
      vertex 1.145 -4.785884021266788 8.615368217163086
      vertex 1.145 -4.743777613376963 8.82705142441916
    endloop
  endfacet
  facet normal 1 0 0
    outer loop
      vertex 1.145 -5.125 8.4
      vertex 1.145 -4.743777613376963 8.82705142441916
      vertex 1.145 -4.674401228643624 9.031427663402399
    endloop
  endfacet
  facet normal -2.050659950193456e-18 0.9978589232386036 -0.06540312923014295
    outer loop
      vertex 1.145 -5.125 8.4
      vertex 1.145 -5.105964816556728 8.690420777689615
      vertex 1.6 -5.105964816556728 8.690420777689615
    endloop
  endfacet
  facet normal 1 0 0
    outer loop
      vertex 1.145 -5.125 8.4
      vertex 1.145 -4.955631959837612 9.251470637012325
      vertex 1.145 -5.049184963493177 8.97587237535311
    endloop
  endfacet
  facet normal 1.0225661705065724e-17 0.9807852804032305 -0.19509032201612764
    outer loop
      vertex 1.145 -5.105964816556728 8.690420777689615
      vertex 1.145 -5.049184963493177 8.97587237535311
      vertex 1.6 -5.049184963493177 8.97587237535311
    endloop
  endfacet
  facet normal 0 0.9807852804032305 -0.19509032201612764
    outer loop
      vertex 1.145 -5.105964816556728 8.690420777689615
      vertex 1.6 -5.049184963493177 8.97587237535311
      vertex 1.6 -5.105964816556728 8.690420777689615
    endloop
  endfacet
  facet normal 1 0 0
    outer loop
      vertex 1.145 -5.125 8.4
      vertex 1.145 -4.473312588140068 9.973312588140068
      vertex 1.145 -4.955631959837612 9.251470637012325
    endloop
  endfacet
  facet normal -7.065106376767243e-18 0.9469301294951047 -0.32143946530316453
    outer loop
      vertex 1.145 -5.049184963493177 8.97587237535311
      vertex 1.145 -4.955631959837612 9.251470637012325
      vertex 1.6 -4.955631959837612 9.251470637012325
    endloop
  endfacet
  facet normal 0 0.9469301294951047 -0.32143946530316453
    outer loop
      vertex 1.145 -5.049184963493177 8.97587237535311
      vertex 1.6 -4.955631959837612 9.251470637012325
      vertex 1.6 -5.049184963493177 8.97587237535311
    endloop
  endfacet
  facet normal 1 0 0
    outer loop
      vertex 1.145 -4.955631959837612 9.251470637012325
      vertex 1.145 -4.665211182147998 9.754494179544404
      vertex 1.145 -4.826906523420376 9.512500000000001
    endloop
  endfacet
  facet normal -2.581561580279196e-17 0.8968727415326893 -0.4422886902189994
    outer loop
      vertex 1.145 -4.955631959837612 9.251470637012325
      vertex 1.145 -4.826906523420376 9.512500000000001
      vertex 1.6 -4.826906523420376 9.512500000000001
    endloop
  endfacet
  facet normal 0 0.8968727415326893 -0.4422886902189994
    outer loop
      vertex 1.145 -4.955631959837612 9.251470637012325
      vertex 1.6 -4.826906523420376 9.512500000000001
      vertex 1.6 -4.955631959837612 9.251470637012325
    endloop
  endfacet
  facet normal 1 0 0
    outer loop
      vertex 1.145 -5.125 8.4
      vertex 1.145 -4.674401228643624 9.031427663402399
      vertex 1.145 -4.473312588140068 9.973312588140068
    endloop
  endfacet
  facet normal 1 0 0
    outer loop
      vertex 1.145 -4.674401228643624 9.031427663402399
      vertex 1.145 -4.5789419162443235 9.225
      vertex 1.145 -4.473312588140068 9.973312588140068
    endloop
  endfacet
  facet normal 1 0 0
    outer loop
      vertex 1.145 -4.5789419162443235 9.225
      vertex 1.145 -4.459033011480538 9.40445635786439
      vertex 1.145 -4.473312588140068 9.973312588140068
    endloop
  endfacet
  facet normal 1 0 0
    outer loop
      vertex 1.145 -4.955631959837612 9.251470637012325
      vertex 1.145 -4.473312588140068 9.973312588140068
      vertex 1.145 -4.665211182147998 9.754494179544404
    endloop
  endfacet
  facet normal -5.062650136115081e-18 0.8314696123025448 -0.555570233019603
    outer loop
      vertex 1.145 -4.826906523420376 9.512500000000001
      vertex 1.145 -4.665211182147998 9.754494179544404
      vertex 1.6 -4.665211182147998 9.754494179544404
    endloop
  endfacet
  facet normal 0 0.8314696123025448 -0.555570233019603
    outer loop
      vertex 1.145 -4.826906523420376 9.512500000000001
      vertex 1.6 -4.665211182147998 9.754494179544404
      vertex 1.6 -4.826906523420376 9.512500000000001
    endloop
  endfacet
  facet normal 0 0.7518398074789769 -0.6593458151000694
    outer loop
      vertex 1.145 -4.665211182147998 9.754494179544404
      vertex 1.6 -4.473312588140068 9.973312588140068
      vertex 1.6 -4.665211182147998 9.754494179544404
    endloop
  endfacet
  facet normal 5.634770993961146e-18 0.7518398074789769 -0.6593458151000694
    outer loop
      vertex 1.145 -4.665211182147998 9.754494179544404
      vertex 1.145 -4.473312588140068 9.973312588140068
      vertex 1.6 -4.473312588140068 9.973312588140068
    endloop
  endfacet
  facet normal 1 0 0
    outer loop
      vertex 1.145 -4.459033011480538 9.40445635786439
      vertex 1.145 -4.316726188957803 9.566726188957803
      vertex 1.145 -4.473312588140068 9.973312588140068
    endloop
  endfacet
  facet normal 1 0 0
    outer loop
      vertex 1.145 -4.316726188957803 9.566726188957803
      vertex 1.145 -4.154456357864389 9.709033011480539
      vertex 1.145 -4.473312588140068 9.973312588140068
    endloop
  endfacet
  facet normal 1 0 0
    outer loop
      vertex 1.145 -4.473312588140068 9.973312588140068
      vertex 1.145 -4.154456357864389 9.709033011480539
      vertex 1.145 -3.9750000000000005 9.828941916244323
    endloop
  endfacet
  facet normal 0 0.6593458151000711 -0.7518398074789753
    outer loop
      vertex 1.145 -4.473312588140068 9.973312588140068
      vertex 1.6 -4.254494179544404 10.165211182148
      vertex 1.6 -4.473312588140068 9.973312588140068
    endloop
  endfacet
  facet normal 1 0 0
    outer loop
      vertex 1.145 -4.473312588140068 9.973312588140068
      vertex 1.145 -4.0125 10.326906523420377
      vertex 1.145 -4.254494179544404 10.165211182148
    endloop
  endfacet
  facet normal 6.093589531673937e-18 0.6593458151000711 -0.7518398074789753
    outer loop
      vertex 1.145 -4.473312588140068 9.973312588140068
      vertex 1.145 -4.254494179544404 10.165211182148
      vertex 1.6 -4.254494179544404 10.165211182148
    endloop
  endfacet
  facet normal 0 0.5555702330196015 -0.8314696123025458
    outer loop
      vertex 1.145 -4.254494179544404 10.165211182148
      vertex 1.6 -4.0125 10.326906523420377
      vertex 1.6 -4.254494179544404 10.165211182148
    endloop
  endfacet
  facet normal 1 0 0
    outer loop
      vertex 1.145 -4.473312588140068 9.973312588140068
      vertex 1.145 -3.9750000000000005 9.828941916244323
      vertex 1.145 -3.7814276634023987 9.924401228643623
    endloop
  endfacet
  facet normal 1 0 0
    outer loop
      vertex 1.145 -4.473312588140068 9.973312588140068
      vertex 1.145 -3.7814276634023987 9.924401228643623
      vertex 1.145 -3.5770514244191594 9.993777613376963
    endloop
  endfacet
  facet normal 1 0 0
    outer loop
      vertex 1.145 -4.473312588140068 9.973312588140068
      vertex 1.145 -3.751470637012325 10.455631959837614
      vertex 1.145 -4.0125 10.326906523420377
    endloop
  endfacet
  facet normal -2.0939255925057595e-17 0.5555702330196015 -0.8314696123025458
    outer loop
      vertex 1.145 -4.254494179544404 10.165211182148
      vertex 1.145 -4.0125 10.326906523420377
      vertex 1.6 -4.0125 10.326906523420377
    endloop
  endfacet
  facet normal 2.317204248858782e-17 0.44228869021900313 -0.8968727415326876
    outer loop
      vertex 1.145 -4.0125 10.326906523420377
      vertex 1.145 -3.751470637012325 10.455631959837614
      vertex 1.6 -3.751470637012325 10.455631959837614
    endloop
  endfacet
  facet normal 0 0.44228869021900313 -0.8968727415326876
    outer loop
      vertex 1.145 -4.0125 10.326906523420377
      vertex 1.6 -3.751470637012325 10.455631959837614
      vertex 1.6 -4.0125 10.326906523420377
    endloop
  endfacet
  facet normal 1 0 0
    outer loop
      vertex 1.145 -4.473312588140068 9.973312588140068
      vertex 1.145 -3.5770514244191594 9.993777613376963
      vertex 1.145 -2.9 10.625
    endloop
  endfacet
  facet normal 1 0 0
    outer loop
      vertex 1.145 -4.473312588140068 9.973312588140068
      vertex 1.145 -2.9 10.625
      vertex 1.145 -3.751470637012325 10.455631959837614
    endloop
  endfacet
  facet normal 0 0.32143946530315815 -0.9469301294951067
    outer loop
      vertex 1.145 -3.751470637012325 10.455631959837614
      vertex 1.6 -3.4758723753531084 10.549184963493177
      vertex 1.6 -3.751470637012325 10.455631959837614
    endloop
  endfacet
  facet normal -1.1171617680997238e-17 0.32143946530315815 -0.9469301294951067
    outer loop
      vertex 1.145 -3.751470637012325 10.455631959837614
      vertex 1.145 -3.4758723753531084 10.549184963493177
      vertex 1.6 -3.4758723753531084 10.549184963493177
    endloop
  endfacet
  facet normal 1 0 0
    outer loop
      vertex 1.145 -3.5770514244191594 9.993777613376963
      vertex 1.145 -3.3653682171630854 10.035884021266787
      vertex 1.145 -2.9 10.625
    endloop
  endfacet
  facet normal 1 0 0
    outer loop
      vertex 1.145 -3.3653682171630854 10.035884021266787
      vertex 1.145 -3.1500000000000004 10.05
      vertex 1.145 -2.9 10.625
    endloop
  endfacet
  facet normal 1 0 0
    outer loop
      vertex 1.145 -3.751470637012325 10.455631959837614
      vertex 1.145 -2.9 10.625
      vertex 1.145 -3.4758723753531084 10.549184963493177
    endloop
  endfacet
  facet normal 1 0 0
    outer loop
      vertex 1.145 -3.4758723753531084 10.549184963493177
      vertex 1.145 -2.9 10.625
      vertex 1.145 -3.1904207776896145 10.605964816556728
    endloop
  endfacet
  facet normal 1.0225661705065724e-17 0.19509032201612764 -0.9807852804032305
    outer loop
      vertex 1.145 -3.4758723753531084 10.549184963493177
      vertex 1.145 -3.1904207776896145 10.605964816556728
      vertex 1.6 -3.1904207776896145 10.605964816556728
    endloop
  endfacet
  facet normal 0 0.19509032201612764 -0.9807852804032305
    outer loop
      vertex 1.145 -3.4758723753531084 10.549184963493177
      vertex 1.6 -3.1904207776896145 10.605964816556728
      vertex 1.6 -3.4758723753531084 10.549184963493177
    endloop
  endfacet
  facet normal -3.87093186725655e-19 0.06540312923014306 -0.9978589232386036
    outer loop
      vertex 1.145 -3.1904207776896145 10.605964816556728
      vertex 1.145 -2.9 10.625
      vertex 1.6 -2.9 10.625
    endloop
  endfacet
  facet normal 0 0.06540312923014306 -0.9978589232386036
    outer loop
      vertex 1.145 -3.1904207776896145 10.605964816556728
      vertex 1.6 -2.9 10.625
      vertex 1.6 -3.1904207776896145 10.605964816556728
    endloop
  endfacet
  facet normal 1 0 0
    outer loop
      vertex 1.145 -3.1500000000000004 10.05
      vertex 1.145 3.1500000000000004 10.05
      vertex 1.145 -2.9 10.625
    endloop
  endfacet
  facet normal 0 0 -1
    outer loop
      vertex 1.145 -2.9 10.625
      vertex 1.6 2.9 10.625
      vertex 1.6 -2.9 10.625
    endloop
  endfacet
  facet normal 0 0 1
    outer loop
      vertex 1.145 2.9 6.175000000000001
      vertex 1.6 -2.9 6.175000000000001
      vertex 1.6 2.9 6.175000000000001
    endloop
  endfacet
  facet normal 1 0 0
    outer loop
      vertex 1.145 -2.9 6.175000000000001
      vertex 1.145 2.9 6.175000000000001
      vertex 1.145 3.4758723753531084 6.250815036506824
    endloop
  endfacet
  facet normal 1 0 0
    outer loop
      vertex 1.145 -3.1500000000000004 6.75
      vertex 1.145 3.4758723753531084 6.250815036506824
      vertex 1.145 3.1500000000000004 6.75
    endloop
  endfacet
  facet normal 0 -0.06540312923014306 0.9978589232386036
    outer loop
      vertex 1.145 2.9 6.175000000000001
      vertex 1.6 2.9 6.175000000000001
      vertex 1.145 3.1904207776896145 6.1940351834432725
    endloop
  endfacet
  facet normal 0 -0.06540312923014306 0.9978589232386036
    outer loop
      vertex 1.145 3.1904207776896145 6.1940351834432725
      vertex 1.6 2.9 6.175000000000001
      vertex 1.6 3.1904207776896145 6.1940351834432725
    endloop
  endfacet
  facet normal 1 0 0
    outer loop
      vertex 1.145 2.9 6.175000000000001
      vertex 1.145 3.1904207776896145 6.1940351834432725
      vertex 1.145 3.4758723753531084 6.250815036506824
    endloop
  endfacet
  facet normal 0 -0.19509032201612764 0.9807852804032305
    outer loop
      vertex 1.145 3.1904207776896145 6.1940351834432725
      vertex 1.6 3.1904207776896145 6.1940351834432725
      vertex 1.145 3.4758723753531084 6.250815036506824
    endloop
  endfacet
  facet normal 0 -0.19509032201612764 0.9807852804032305
    outer loop
      vertex 1.145 3.4758723753531084 6.250815036506824
      vertex 1.6 3.1904207776896145 6.1940351834432725
      vertex 1.6 3.4758723753531084 6.250815036506824
    endloop
  endfacet
  facet normal 0 -0.3214394653031609 0.9469301294951059
    outer loop
      vertex 1.145 3.4758723753531084 6.250815036506824
      vertex 1.6 3.4758723753531084 6.250815036506824
      vertex 1.145 3.751470637012325 6.344368040162387
    endloop
  endfacet
  facet normal 0 -0.3214394653031609 0.9469301294951059
    outer loop
      vertex 1.145 3.751470637012325 6.344368040162387
      vertex 1.6 3.4758723753531084 6.250815036506824
      vertex 1.6 3.751470637012325 6.344368040162387
    endloop
  endfacet
  facet normal 1 0 0
    outer loop
      vertex 1.145 3.4758723753531084 6.250815036506824
      vertex 1.145 3.3653682171630854 6.764115978733213
      vertex 1.145 3.1500000000000004 6.75
    endloop
  endfacet
  facet normal 1 0 0
    outer loop
      vertex 1.145 3.4758723753531084 6.250815036506824
      vertex 1.145 3.5770514244191594 6.806222386623038
      vertex 1.145 3.3653682171630854 6.764115978733213
    endloop
  endfacet
  facet normal 1 0 0
    outer loop
      vertex 1.145 3.4758723753531084 6.250815036506824
      vertex 1.145 3.7814276634023987 6.875598771356377
      vertex 1.145 3.5770514244191594 6.806222386623038
    endloop
  endfacet
  facet normal 1 0 0
    outer loop
      vertex 1.145 3.4758723753531084 6.250815036506824
      vertex 1.145 3.9750000000000005 6.971058083755677
      vertex 1.145 3.7814276634023987 6.875598771356377
    endloop
  endfacet
  facet normal 1 0 0
    outer loop
      vertex 1.145 3.4758723753531084 6.250815036506824
      vertex 1.145 3.751470637012325 6.344368040162387
      vertex 1.145 4.254494179544404 6.634788817852002
    endloop
  endfacet
  facet normal 1 0 0
    outer loop
      vertex 1.145 3.751470637012325 6.344368040162387
      vertex 1.145 4.0125 6.473093476579624
      vertex 1.145 4.254494179544404 6.634788817852002
    endloop
  endfacet
  facet normal 0 -0.44228869021900064 0.8968727415326887
    outer loop
      vertex 1.145 3.751470637012325 6.344368040162387
      vertex 1.6 3.751470637012325 6.344368040162387
      vertex 1.145 4.0125 6.473093476579624
    endloop
  endfacet
  facet normal 0 -0.44228869021900064 0.8968727415326887
    outer loop
      vertex 1.145 4.0125 6.473093476579624
      vertex 1.6 3.751470637012325 6.344368040162387
      vertex 1.6 4.0125 6.473093476579624
    endloop
  endfacet
  facet normal 0 -0.5555702330196015 0.8314696123025458
    outer loop
      vertex 1.145 4.0125 6.473093476579624
      vertex 1.6 4.0125 6.473093476579624
      vertex 1.145 4.254494179544404 6.634788817852002
    endloop
  endfacet
  facet normal 1 0 0
    outer loop
      vertex 1.145 3.4758723753531084 6.250815036506824
      vertex 1.145 4.665211182147998 7.045505820455597
      vertex 1.145 3.9750000000000005 6.971058083755677
    endloop
  endfacet
  facet normal 0 -0.5555702330196015 0.8314696123025458
    outer loop
      vertex 1.145 4.254494179544404 6.634788817852002
      vertex 1.6 4.0125 6.473093476579624
      vertex 1.6 4.254494179544404 6.634788817852002
    endloop
  endfacet
  facet normal 1 0 0
    outer loop
      vertex 1.145 3.4758723753531084 6.250815036506824
      vertex 1.145 4.254494179544404 6.634788817852002
      vertex 1.145 4.665211182147998 7.045505820455597
    endloop
  endfacet
  facet normal 1 0 0
    outer loop
      vertex 1.145 4.254494179544404 6.634788817852002
      vertex 1.145 4.473312588140068 6.826687411859932
      vertex 1.145 4.665211182147998 7.045505820455597
    endloop
  endfacet
  facet normal 0 -0.6593458151000694 0.7518398074789769
    outer loop
      vertex 1.145 4.254494179544404 6.634788817852002
      vertex 1.6 4.254494179544404 6.634788817852002
      vertex 1.145 4.473312588140068 6.826687411859932
    endloop
  endfacet
  facet normal 0 -0.6593458151000694 0.7518398074789769
    outer loop
      vertex 1.145 4.473312588140068 6.826687411859932
      vertex 1.6 4.254494179544404 6.634788817852002
      vertex 1.6 4.473312588140068 6.826687411859932
    endloop
  endfacet
  facet normal 0 -0.7518398074789782 0.6593458151000678
    outer loop
      vertex 1.145 4.473312588140068 6.826687411859932
      vertex 1.6 4.473312588140068 6.826687411859932
      vertex 1.145 4.665211182147998 7.045505820455597
    endloop
  endfacet
  facet normal 1 0 0
    outer loop
      vertex 1.145 3.9750000000000005 6.971058083755677
      vertex 1.145 4.665211182147998 7.045505820455597
      vertex 1.145 4.154456357864389 7.090966988519463
    endloop
  endfacet
  facet normal 1 0 0
    outer loop
      vertex 1.145 4.154456357864389 7.090966988519463
      vertex 1.145 4.665211182147998 7.045505820455597
      vertex 1.145 4.316726188957803 7.2332738110421975
    endloop
  endfacet
  facet normal 0 -0.7518398074789782 0.6593458151000678
    outer loop
      vertex 1.145 4.665211182147998 7.045505820455597
      vertex 1.6 4.473312588140068 6.826687411859932
      vertex 1.6 4.665211182147998 7.045505820455597
    endloop
  endfacet
  facet normal 0 -0.8314696123025458 0.5555702330196015
    outer loop
      vertex 1.145 4.665211182147998 7.045505820455597
      vertex 1.6 4.665211182147998 7.045505820455597
      vertex 1.145 4.826906523420376 7.2875000000000005
    endloop
  endfacet
  facet normal 1 0 0
    outer loop
      vertex 1.145 4.316726188957803 7.2332738110421975
      vertex 1.145 4.665211182147998 7.045505820455597
      vertex 1.145 4.459033011480538 7.395543642135611
    endloop
  endfacet
  facet normal 1 0 0
    outer loop
      vertex 1.145 4.459033011480538 7.395543642135611
      vertex 1.145 4.665211182147998 7.045505820455597
      vertex 1.145 4.5789419162443235 7.575
    endloop
  endfacet
  facet normal 0 -0.8314696123025458 0.5555702330196015
    outer loop
      vertex 1.145 4.826906523420376 7.2875000000000005
      vertex 1.6 4.665211182147998 7.045505820455597
      vertex 1.6 4.826906523420376 7.2875000000000005
    endloop
  endfacet
  facet normal 1 0 0
    outer loop
      vertex 1.145 4.665211182147998 7.045505820455597
      vertex 1.145 4.826906523420376 7.2875000000000005
      vertex 1.145 5.049184963493177 7.824127624646891
    endloop
  endfacet
  facet normal 0 -0.8968727415326887 0.44228869021900064
    outer loop
      vertex 1.145 4.826906523420376 7.2875000000000005
      vertex 1.6 4.826906523420376 7.2875000000000005
      vertex 1.145 4.955631959837612 7.548529362987676
    endloop
  endfacet
  facet normal 1 0 0
    outer loop
      vertex 1.145 4.665211182147998 7.045505820455597
      vertex 1.145 5.125 8.4
      vertex 1.145 4.5789419162443235 7.575
    endloop
  endfacet
  facet normal 1 0 0
    outer loop
      vertex 1.145 4.5789419162443235 7.575
      vertex 1.145 5.125 8.4
      vertex 1.145 4.674401228643624 7.768572336597602
    endloop
  endfacet
  facet normal 1 0 0
    outer loop
      vertex 1.145 4.826906523420376 7.2875000000000005
      vertex 1.145 4.955631959837612 7.548529362987676
      vertex 1.145 5.049184963493177 7.824127624646891
    endloop
  endfacet
  facet normal 0 -0.8968727415326887 0.44228869021900064
    outer loop
      vertex 1.145 4.955631959837612 7.548529362987676
      vertex 1.6 4.826906523420376 7.2875000000000005
      vertex 1.6 4.955631959837612 7.548529362987676
    endloop
  endfacet
  facet normal 0 -0.9469301294951047 0.32143946530316453
    outer loop
      vertex 1.145 4.955631959837612 7.548529362987676
      vertex 1.6 4.955631959837612 7.548529362987676
      vertex 1.145 5.049184963493177 7.824127624646891
    endloop
  endfacet
  facet normal 1 0 0
    outer loop
      vertex 1.145 4.665211182147998 7.045505820455597
      vertex 1.145 5.049184963493177 7.824127624646891
      vertex 1.145 5.125 8.4
    endloop
  endfacet
  facet normal 0 -0.9469301294951047 0.32143946530316453
    outer loop
      vertex 1.145 5.049184963493177 7.824127624646891
      vertex 1.6 4.955631959837612 7.548529362987676
      vertex 1.6 5.049184963493177 7.824127624646891
    endloop
  endfacet
  facet normal 0 -0.9807852804032305 0.19509032201612764
    outer loop
      vertex 1.145 5.049184963493177 7.824127624646891
      vertex 1.6 5.049184963493177 7.824127624646891
      vertex 1.145 5.105964816556728 8.109579222310385
    endloop
  endfacet
  facet normal 1 0 0
    outer loop
      vertex 1.145 4.674401228643624 7.768572336597602
      vertex 1.145 5.125 8.4
      vertex 1.145 4.743777613376963 7.972948575580841
    endloop
  endfacet
  facet normal 1 0 0
    outer loop
      vertex 1.145 4.743777613376963 7.972948575580841
      vertex 1.145 5.125 8.4
      vertex 1.145 4.785884021266788 8.184631782836915
    endloop
  endfacet
  facet normal 1 0 0
    outer loop
      vertex 1.145 5.049184963493177 7.824127624646891
      vertex 1.145 5.105964816556728 8.109579222310385
      vertex 1.145 5.125 8.4
    endloop
  endfacet
  facet normal 0 -0.9807852804032305 0.19509032201612764
    outer loop
      vertex 1.145 5.105964816556728 8.109579222310385
      vertex 1.6 5.049184963493177 7.824127624646891
      vertex 1.6 5.105964816556728 8.109579222310385
    endloop
  endfacet
  facet normal 0 -0.9978589232386036 0.06540312923014295
    outer loop
      vertex 1.145 5.105964816556728 8.109579222310385
      vertex 1.6 5.105964816556728 8.109579222310385
      vertex 1.145 5.125 8.4
    endloop
  endfacet
  facet normal 1 0 0
    outer loop
      vertex 1.145 4.785884021266788 8.184631782836915
      vertex 1.145 5.125 8.4
      vertex 1.145 4.800000000000001 8.4
    endloop
  endfacet
  facet normal 1 0 0
    outer loop
      vertex 1.145 4.800000000000001 8.4
      vertex 1.145 5.125 8.4
      vertex 1.145 4.785884021266788 8.615368217163086
    endloop
  endfacet
  facet normal 0 -0.9978589232386036 0.06540312923014295
    outer loop
      vertex 1.145 5.125 8.4
      vertex 1.6 5.105964816556728 8.109579222310385
      vertex 1.6 5.125 8.4
    endloop
  endfacet
  facet normal 0 -0.9978589232386036 -0.06540312923014295
    outer loop
      vertex 1.145 5.125 8.4
      vertex 1.6 5.125 8.4
      vertex 1.145 5.105964816556728 8.690420777689615
    endloop
  endfacet
  facet normal 1 0 0
    outer loop
      vertex 1.145 -2.9 10.625
      vertex 1.145 3.4758723753531084 10.549184963493177
      vertex 1.145 2.9 10.625
    endloop
  endfacet
  facet normal 1 0 0
    outer loop
      vertex 1.145 -2.9 10.625
      vertex 1.145 3.1500000000000004 10.05
      vertex 1.145 3.4758723753531084 10.549184963493177
    endloop
  endfacet
  facet normal 0 0 -1
    outer loop
      vertex 1.145 -2.9 10.625
      vertex 1.145 2.9 10.625
      vertex 1.6 2.9 10.625
    endloop
  endfacet
  facet normal 3.87093186725655e-19 -0.06540312923014306 -0.9978589232386036
    outer loop
      vertex 1.145 2.9 10.625
      vertex 1.145 3.1904207776896145 10.605964816556728
      vertex 1.6 3.1904207776896145 10.605964816556728
    endloop
  endfacet
  facet normal 0 -0.06540312923014306 -0.9978589232386036
    outer loop
      vertex 1.145 2.9 10.625
      vertex 1.6 3.1904207776896145 10.605964816556728
      vertex 1.6 2.9 10.625
    endloop
  endfacet
  facet normal 1 0 0
    outer loop
      vertex 1.145 3.1500000000000004 10.05
      vertex 1.145 3.3653682171630854 10.035884021266787
      vertex 1.145 3.4758723753531084 10.549184963493177
    endloop
  endfacet
  facet normal 1 0 0
    outer loop
      vertex 1.145 2.9 10.625
      vertex 1.145 3.4758723753531084 10.549184963493177
      vertex 1.145 3.1904207776896145 10.605964816556728
    endloop
  endfacet
  facet normal -1.0225661705065724e-17 -0.19509032201612764 -0.9807852804032305
    outer loop
      vertex 1.145 3.1904207776896145 10.605964816556728
      vertex 1.145 3.4758723753531084 10.549184963493177
      vertex 1.6 3.4758723753531084 10.549184963493177
    endloop
  endfacet
  facet normal 0 -0.19509032201612764 -0.9807852804032305
    outer loop
      vertex 1.145 3.1904207776896145 10.605964816556728
      vertex 1.6 3.4758723753531084 10.549184963493177
      vertex 1.6 3.1904207776896145 10.605964816556728
    endloop
  endfacet
  facet normal 1 0 0
    outer loop
      vertex 1.145 3.4758723753531084 10.549184963493177
      vertex 1.145 3.9750000000000005 9.828941916244323
      vertex 1.145 4.154456357864389 9.709033011480539
    endloop
  endfacet
  facet normal 1 0 0
    outer loop
      vertex 1.145 3.4758723753531084 10.549184963493177
      vertex 1.145 4.154456357864389 9.709033011480539
      vertex 1.145 4.665211182147998 9.754494179544404
    endloop
  endfacet
  facet normal 1 0 0
    outer loop
      vertex 1.145 3.3653682171630854 10.035884021266787
      vertex 1.145 3.5770514244191594 9.993777613376963
      vertex 1.145 3.4758723753531084 10.549184963493177
    endloop
  endfacet
  facet normal 1 0 0
    outer loop
      vertex 1.145 3.5770514244191594 9.993777613376963
      vertex 1.145 3.7814276634023987 9.924401228643623
      vertex 1.145 3.4758723753531084 10.549184963493177
    endloop
  endfacet
  facet normal 1 0 0
    outer loop
      vertex 1.145 3.4758723753531084 10.549184963493177
      vertex 1.145 3.7814276634023987 9.924401228643623
      vertex 1.145 3.9750000000000005 9.828941916244323
    endloop
  endfacet
  facet normal 0 -0.32143946530315815 -0.9469301294951067
    outer loop
      vertex 1.145 3.4758723753531084 10.549184963493177
      vertex 1.6 3.751470637012325 10.455631959837614
      vertex 1.6 3.4758723753531084 10.549184963493177
    endloop
  endfacet
  facet normal 1.1171617680997238e-17 -0.32143946530315815 -0.9469301294951067
    outer loop
      vertex 1.145 3.4758723753531084 10.549184963493177
      vertex 1.145 3.751470637012325 10.455631959837614
      vertex 1.6 3.751470637012325 10.455631959837614
    endloop
  endfacet
  facet normal 1 0 0
    outer loop
      vertex 1.145 4.254494179544404 10.165211182148
      vertex 1.145 4.0125 10.326906523420377
      vertex 1.145 3.751470637012325 10.455631959837614
    endloop
  endfacet
  facet normal 0 -0.5555702330196015 -0.8314696123025458
    outer loop
      vertex 1.145 4.0125 10.326906523420377
      vertex 1.6 4.254494179544404 10.165211182148
      vertex 1.6 4.0125 10.326906523420377
    endloop
  endfacet
  facet normal 1 0 0
    outer loop
      vertex 1.145 3.4758723753531084 10.549184963493177
      vertex 1.145 4.254494179544404 10.165211182148
      vertex 1.145 3.751470637012325 10.455631959837614
    endloop
  endfacet
  facet normal -2.317204248858782e-17 -0.44228869021900313 -0.8968727415326876
    outer loop
      vertex 1.145 3.751470637012325 10.455631959837614
      vertex 1.145 4.0125 10.326906523420377
      vertex 1.6 4.0125 10.326906523420377
    endloop
  endfacet
  facet normal 0 -0.44228869021900313 -0.8968727415326876
    outer loop
      vertex 1.145 3.751470637012325 10.455631959837614
      vertex 1.6 4.0125 10.326906523420377
      vertex 1.6 3.751470637012325 10.455631959837614
    endloop
  endfacet
  facet normal 1 0 0
    outer loop
      vertex 1.145 4.674401228643624 9.031427663402399
      vertex 1.145 4.665211182147998 9.754494179544404
      vertex 1.145 4.5789419162443235 9.225
    endloop
  endfacet
  facet normal 1 0 0
    outer loop
      vertex 1.145 4.459033011480538 9.40445635786439
      vertex 1.145 4.5789419162443235 9.225
      vertex 1.145 4.665211182147998 9.754494179544404
    endloop
  endfacet
  facet normal 1 0 0
    outer loop
      vertex 1.145 5.125 8.4
      vertex 1.145 4.743777613376963 8.82705142441916
      vertex 1.145 4.785884021266788 8.615368217163086
    endloop
  endfacet
  facet normal 1 0 0
    outer loop
      vertex 1.145 5.125 8.4
      vertex 1.145 4.674401228643624 9.031427663402399
      vertex 1.145 4.743777613376963 8.82705142441916
    endloop
  endfacet
  facet normal 1 0 0
    outer loop
      vertex 1.145 5.125 8.4
      vertex 1.145 5.105964816556728 8.690420777689615
      vertex 1.145 5.049184963493177 8.97587237535311
    endloop
  endfacet
  facet normal 0 -0.9978589232386036 -0.06540312923014295
    outer loop
      vertex 1.145 5.105964816556728 8.690420777689615
      vertex 1.6 5.125 8.4
      vertex 1.6 5.105964816556728 8.690420777689615
    endloop
  endfacet
  facet normal 0 -0.9807852804032305 -0.19509032201612764
    outer loop
      vertex 1.145 5.105964816556728 8.690420777689615
      vertex 1.6 5.105964816556728 8.690420777689615
      vertex 1.145 5.049184963493177 8.97587237535311
    endloop
  endfacet
  facet normal 0 -0.9807852804032305 -0.19509032201612764
    outer loop
      vertex 1.145 5.049184963493177 8.97587237535311
      vertex 1.6 5.105964816556728 8.690420777689615
      vertex 1.6 5.049184963493177 8.97587237535311
    endloop
  endfacet
  facet normal 1 0 0
    outer loop
      vertex 1.145 5.125 8.4
      vertex 1.145 4.665211182147998 9.754494179544404
      vertex 1.145 4.674401228643624 9.031427663402399
    endloop
  endfacet
  facet normal 1 0 0
    outer loop
      vertex 1.145 5.125 8.4
      vertex 1.145 5.049184963493177 8.97587237535311
      vertex 1.145 4.665211182147998 9.754494179544404
    endloop
  endfacet
  facet normal 1 0 0
    outer loop
      vertex 1.145 5.049184963493177 8.97587237535311
      vertex 1.145 4.955631959837612 9.251470637012325
      vertex 1.145 4.826906523420376 9.512500000000001
    endloop
  endfacet
  facet normal 0 -0.9469301294951047 -0.32143946530316453
    outer loop
      vertex 1.145 5.049184963493177 8.97587237535311
      vertex 1.6 5.049184963493177 8.97587237535311
      vertex 1.145 4.955631959837612 9.251470637012325
    endloop
  endfacet
  facet normal 0 -0.9469301294951047 -0.32143946530316453
    outer loop
      vertex 1.145 4.955631959837612 9.251470637012325
      vertex 1.6 5.049184963493177 8.97587237535311
      vertex 1.6 4.955631959837612 9.251470637012325
    endloop
  endfacet
  facet normal 1 0 0
    outer loop
      vertex 1.145 5.049184963493177 8.97587237535311
      vertex 1.145 4.826906523420376 9.512500000000001
      vertex 1.145 4.665211182147998 9.754494179544404
    endloop
  endfacet
  facet normal 2.581561580279196e-17 -0.8968727415326893 -0.4422886902189994
    outer loop
      vertex 1.145 4.826906523420376 9.512500000000001
      vertex 1.145 4.955631959837612 9.251470637012325
      vertex 1.6 4.955631959837612 9.251470637012325
    endloop
  endfacet
  facet normal 0 -0.8968727415326893 -0.4422886902189994
    outer loop
      vertex 1.145 4.826906523420376 9.512500000000001
      vertex 1.6 4.955631959837612 9.251470637012325
      vertex 1.6 4.826906523420376 9.512500000000001
    endloop
  endfacet
  facet normal 1 0 0
    outer loop
      vertex 1.145 4.316726188957803 9.566726188957803
      vertex 1.145 4.665211182147998 9.754494179544404
      vertex 1.145 4.154456357864389 9.709033011480539
    endloop
  endfacet
  facet normal 1 0 0
    outer loop
      vertex 1.145 4.473312588140068 9.973312588140068
      vertex 1.145 4.254494179544404 10.165211182148
      vertex 1.145 4.665211182147998 9.754494179544404
    endloop
  endfacet
  facet normal 0 -0.6593458151000711 -0.7518398074789753
    outer loop
      vertex 1.145 4.473312588140068 9.973312588140068
      vertex 1.6 4.473312588140068 9.973312588140068
      vertex 1.145 4.254494179544404 10.165211182148
    endloop
  endfacet
  facet normal 1 0 0
    outer loop
      vertex 1.145 4.459033011480538 9.40445635786439
      vertex 1.145 4.665211182147998 9.754494179544404
      vertex 1.145 4.316726188957803 9.566726188957803
    endloop
  endfacet
  facet normal -5.634770993961146e-18 -0.7518398074789769 -0.6593458151000694
    outer loop
      vertex 1.145 4.473312588140068 9.973312588140068
      vertex 1.145 4.665211182147998 9.754494179544404
      vertex 1.6 4.665211182147998 9.754494179544404
    endloop
  endfacet
  facet normal 0 -0.8314696123025448 -0.555570233019603
    outer loop
      vertex 1.145 4.826906523420376 9.512500000000001
      vertex 1.6 4.826906523420376 9.512500000000001
      vertex 1.145 4.665211182147998 9.754494179544404
    endloop
  endfacet
  facet normal 0 -0.8314696123025448 -0.555570233019603
    outer loop
      vertex 1.145 4.665211182147998 9.754494179544404
      vertex 1.6 4.826906523420376 9.512500000000001
      vertex 1.6 4.665211182147998 9.754494179544404
    endloop
  endfacet
  facet normal 0 -0.7518398074789769 -0.6593458151000694
    outer loop
      vertex 1.145 4.473312588140068 9.973312588140068
      vertex 1.6 4.665211182147998 9.754494179544404
      vertex 1.6 4.473312588140068 9.973312588140068
    endloop
  endfacet
  facet normal 1 0 0
    outer loop
      vertex 1.145 3.4758723753531084 10.549184963493177
      vertex 1.145 4.665211182147998 9.754494179544404
      vertex 1.145 4.254494179544404 10.165211182148
    endloop
  endfacet
  facet normal 0 -0.5555702330196015 -0.8314696123025458
    outer loop
      vertex 1.145 4.254494179544404 10.165211182148
      vertex 1.6 4.254494179544404 10.165211182148
      vertex 1.145 4.0125 10.326906523420377
    endloop
  endfacet
  facet normal 0 -0.6593458151000711 -0.7518398074789753
    outer loop
      vertex 1.145 4.254494179544404 10.165211182148
      vertex 1.6 4.473312588140068 9.973312588140068
      vertex 1.6 4.254494179544404 10.165211182148
    endloop
  endfacet
  facet normal 0.6593458151000647 0.7518398074789809 1.0237594299283389e-18
    outer loop
      vertex 49.936895678166934 -8.333851839769393 15.365423376707547
      vertex 49.845926227402444 -8.254073772597557 15.408065642015522
      vertex 49.845926227402444 -8.254073772597557 17
    endloop
  endfacet
  facet normal 0.3214394653031652 0.9469301294951045 4.1029880668556713e-19
    outer loop
      vertex 50.18172847287227 -8.466710699058808 15.294408836907635
      vertex 50.146017825062295 -8.45458856757294 15.300888251178291
      vertex 50.146017825062295 -8.45458856757294 17
    endloop
  endfacet
  facet normal 0.32143946530315903 0.9469301294951065 -1.4195978005501623e-16
    outer loop
      vertex 50.18172847287227 -8.466710699058808 15.294408836907635
      vertex 50.146017825062295 -8.45458856757294 17
      vertex 50.26059238328017 -8.493481389317388 15.272438699196575
    endloop
  endfacet
  facet normal 0.19509032201612797 0.9807852804032305 0
    outer loop
      vertex 50.26059238328017 -8.493481389317388 15.272438699196575
      vertex 50.26059238328017 -8.493481389317388 17
      vertex 50.379263272196454 -8.517086496770775 15.25306648815435
    endloop
  endfacet
  facet normal 0.5555702330196008 0.8314696123025461 0
    outer loop
      vertex 49.936895678166934 -8.333851839769393 15.365423376707547
      vertex 49.936895678166934 -8.333851839769393 17
      vertex 50.0375 -8.401073498500606 15.32949265153863
    endloop
  endfacet
  facet normal 0.44228869021899747 0.8968727415326903 0
    outer loop
      vertex 50.0375 -8.401073498500606 15.32949265153863
      vertex 50.0375 -8.401073498500606 17
      vertex 50.146017825062295 -8.45458856757294 15.300888251178291
    endloop
  endfacet
  facet normal 0.06540312923014642 0.9978589232386034 0
    outer loop
      vertex 50.379263272196454 -8.517086496770775 15.25306648815435
      vertex 50.379263272196454 -8.517086496770775 17
      vertex 50.5 -8.525 15.246572043892971
    endloop
  endfacet
  facet normal -0.06540312923014643 0.9978589232386034 0
    outer loop
      vertex 50.5 -8.525 15.246572043892971
      vertex 50.5 -8.525 17
      vertex 50.620736727803546 -8.517086496770775 15.25306648815435
    endloop
  endfacet
  facet normal -0.19509032201612794 0.9807852804032307 0
    outer loop
      vertex 50.620736727803546 -8.517086496770775 15.25306648815435
      vertex 50.620736727803546 -8.517086496770775 17
      vertex 50.73940761671983 -8.493481389317388 15.272438699196575
    endloop
  endfacet
  facet normal -0.3214394653031591 0.9469301294951065 1.1559453518783358e-18
    outer loop
      vertex 50.81827152712773 -8.466710699058808 15.294408836907635
      vertex 50.73940761671983 -8.493481389317388 15.272438699196575
      vertex 50.73940761671983 -8.493481389317388 17
    endloop
  endfacet
  facet normal -0.32143946530316503 0.9469301294951044 -3.096199390728075e-16
    outer loop
      vertex 50.81827152712773 -8.466710699058808 15.294408836907635
      vertex 50.73940761671983 -8.493481389317388 17
      vertex 50.853982174937705 -8.45458856757294 15.300888251178291
    endloop
  endfacet
  facet normal -0.44228869021899747 0.8968727415326903 0
    outer loop
      vertex 50.853982174937705 -8.45458856757294 15.300888251178291
      vertex 50.853982174937705 -8.45458856757294 17
      vertex 50.9625 -8.401073498500606 15.32949265153863
    endloop
  endfacet
  facet normal -0.5555702330196007 0.8314696123025461 0
    outer loop
      vertex 50.9625 -8.401073498500606 15.32949265153863
      vertex 50.9625 -8.401073498500606 17
      vertex 51.063104321833066 -8.333851839769393 15.365423376707547
    endloop
  endfacet
  facet normal -0.6593458151000647 0.7518398074789809 0
    outer loop
      vertex 51.063104321833066 -8.333851839769393 15.365423376707547
      vertex 51.063104321833066 -8.333851839769393 17
      vertex 51.154073772597556 -8.254073772597557 15.408065642015522
    endloop
  endfacet
  facet normal 0.6593458151000647 0.7518398074789809 0
    outer loop
      vertex 49.936895678166934 -8.333851839769393 17
      vertex 49.936895678166934 -8.333851839769393 15.365423376707547
      vertex 49.845926227402444 -8.254073772597557 17
    endloop
  endfacet
  facet normal 0.44228869021899747 0.8968727415326903 0
    outer loop
      vertex 50.146017825062295 -8.45458856757294 17
      vertex 50.146017825062295 -8.45458856757294 15.300888251178291
      vertex 50.0375 -8.401073498500606 17
    endloop
  endfacet
  facet normal 0.19509032201612794 0.9807852804032307 0
    outer loop
      vertex 50.379263272196454 -8.517086496770775 17
      vertex 50.379263272196454 -8.517086496770775 15.25306648815435
      vertex 50.26059238328017 -8.493481389317388 17
    endloop
  endfacet
  facet normal 0.3214394653031609 0.9469301294951059 0
    outer loop
      vertex 50.26059238328017 -8.493481389317388 17
      vertex 50.26059238328017 -8.493481389317388 15.272438699196575
      vertex 50.146017825062295 -8.45458856757294 17
    endloop
  endfacet
  facet normal 0.5555702330196007 0.8314696123025461 0
    outer loop
      vertex 50.0375 -8.401073498500606 17
      vertex 50.0375 -8.401073498500606 15.32949265153863
      vertex 49.936895678166934 -8.333851839769393 17
    endloop
  endfacet
  facet normal 0.06540312923014643 0.9978589232386034 0
    outer loop
      vertex 50.5 -8.525 17
      vertex 50.5 -8.525 15.246572043892971
      vertex 50.379263272196454 -8.517086496770775 17
    endloop
  endfacet
  facet normal -0.06540312923014642 0.9978589232386034 0
    outer loop
      vertex 50.620736727803546 -8.517086496770775 15.25306648815435
      vertex 50.5 -8.525 17
      vertex 50.620736727803546 -8.517086496770775 17
    endloop
  endfacet
  facet normal -0.19509032201612797 0.9807852804032305 0
    outer loop
      vertex 50.73940761671983 -8.493481389317388 15.272438699196575
      vertex 50.620736727803546 -8.517086496770775 17
      vertex 50.73940761671983 -8.493481389317388 17
    endloop
  endfacet
  facet normal -0.321439465303161 0.9469301294951058 0
    outer loop
      vertex 50.853982174937705 -8.45458856757294 15.300888251178291
      vertex 50.73940761671983 -8.493481389317388 17
      vertex 50.853982174937705 -8.45458856757294 17
    endloop
  endfacet
  facet normal -0.44228869021899747 0.8968727415326903 0
    outer loop
      vertex 50.9625 -8.401073498500606 15.32949265153863
      vertex 50.853982174937705 -8.45458856757294 17
      vertex 50.9625 -8.401073498500606 17
    endloop
  endfacet
  facet normal -0.5555702330196008 0.8314696123025461 0
    outer loop
      vertex 51.063104321833066 -8.333851839769393 15.365423376707547
      vertex 50.9625 -8.401073498500606 17
      vertex 51.063104321833066 -8.333851839769393 17
    endloop
  endfacet
  facet normal -0.6593458151000647 0.7518398074789809 0
    outer loop
      vertex 51.154073772597556 -8.254073772597557 15.408065642015522
      vertex 51.063104321833066 -8.333851839769393 17
      vertex 51.154073772597556 -8.254073772597557 17
    endloop
  endfacet
  facet normal 0.8314696123025461 0.5555702330196007 -2.248682974922429e-18
    outer loop
      vertex 49.76614816023061 -8.163104321833067 15.45668982648047
      vertex 49.69892650149939 -8.0625 15.51046395682502
      vertex 49.69892650149939 -8.0625 17
    endloop
  endfacet
  facet normal 0.7518398074789736 0.6593458151000731 -3.6270273292570805e-19
    outer loop
      vertex 49.845926227402444 -8.254073772597557 15.408065642015522
      vertex 49.76614816023061 -8.163104321833067 15.45668982648047
      vertex 49.76614816023061 -8.163104321833067 17
    endloop
  endfacet
  facet normal 0.8968727415326931 0.4422886902189914 2.497902390820168e-18
    outer loop
      vertex 49.69892650149939 -8.0625 15.51046395682502
      vertex 49.64541143242706 -7.953982174937709 15.568467942769976
      vertex 49.64541143242706 -7.953982174937709 17
    endloop
  endfacet
  facet normal 0.9469301294951316 0.3214394653030852 4.615599076682512e-21
    outer loop
      vertex 49.64339783123039 -7.94805029709527 15.571638597533859
      vertex 49.64541143242706 -7.953982174937709 17
      vertex 49.64541143242706 -7.953982174937709 15.568467942769976
    endloop
  endfacet
  facet normal 0.946930129495106 0.32143946530316037 1.9052811892353993e-18
    outer loop
      vertex 49.64339783123039 -7.94805029709527 15.571638597533859
      vertex 49.60651861068261 -7.839407616719832 15.60459499432396
      vertex 49.60651861068261 -7.839407616719832 17
    endloop
  endfacet
  facet normal 0.9807852804032331 0.19509032201611523 1.0613095407633855e-18
    outer loop
      vertex 49.60651861068261 -7.839407616719832 15.60459499432396
      vertex 49.58291350322923 -7.720736727803549 15.64059341491745
      vertex 49.58291350322923 -7.720736727803549 17
    endloop
  endfacet
  facet normal 0.9978589232386035 0.06540312923014548 2.962825571519284e-19
    outer loop
      vertex 49.58291350322923 -7.720736727803549 15.64059341491745
      vertex 49.575 -7.6000000000000005 15.67721850088626
      vertex 49.575 -7.6000000000000005 17
    endloop
  endfacet
  facet normal 0.8314696123025461 0.5555702330196008 0
    outer loop
      vertex 49.76614816023061 -8.163104321833067 15.45668982648047
      vertex 49.69892650149939 -8.0625 17
      vertex 49.76614816023061 -8.163104321833067 17
    endloop
  endfacet
  facet normal 0.7518398074789736 0.6593458151000731 0
    outer loop
      vertex 49.845926227402444 -8.254073772597557 15.408065642015522
      vertex 49.76614816023061 -8.163104321833067 17
      vertex 49.845926227402444 -8.254073772597557 17
    endloop
  endfacet
  facet normal 0.8968727415326931 0.4422886902189914 0
    outer loop
      vertex 49.69892650149939 -8.0625 15.51046395682502
      vertex 49.64541143242706 -7.953982174937709 17
      vertex 49.69892650149939 -8.0625 17
    endloop
  endfacet
  facet normal 0.9469301294951075 0.32143946530315654 3.300897437278539e-16
    outer loop
      vertex 49.64339783123039 -7.94805029709527 15.571638597533859
      vertex 49.60651861068261 -7.839407616719832 17
      vertex 49.64541143242706 -7.953982174937709 17
    endloop
  endfacet
  facet normal 0.9807852804032331 0.19509032201611526 0
    outer loop
      vertex 49.60651861068261 -7.839407616719832 15.60459499432396
      vertex 49.58291350322923 -7.720736727803549 17
      vertex 49.60651861068261 -7.839407616719832 17
    endloop
  endfacet
  facet normal 0.9978589232386034 0.06540312923014548 0
    outer loop
      vertex 49.58291350322923 -7.720736727803549 15.64059341491745
      vertex 49.575 -7.6000000000000005 17
      vertex 49.58291350322923 -7.720736727803549 17
    endloop
  endfacet
  facet normal 0.9978589232386034 -0.06540312923014546 -3.047196134973644e-19
    outer loop
      vertex 49.575 -7.6000000000000005 15.67721850088626
      vertex 49.58291350322923 -7.4792632721964525 15.713843586855068
      vertex 49.58291350322923 -7.4792632721964525 17
    endloop
  endfacet
  facet normal 0.9807852804032359 -0.19509032201610058 7.241335371217473e-19
    outer loop
      vertex 49.60160973536061 -7.3852709660483855 15.74235584120969
      vertex 49.58291350322923 -7.4792632721964525 17
      vertex 49.58291350322923 -7.4792632721964525 15.713843586855068
    endloop
  endfacet
  facet normal 0.9807852804032219 -0.19509032201617094 -1.6767626609850768e-19
    outer loop
      vertex 49.60160973536061 -7.3852709660483855 15.74235584120969
      vertex 49.60651861068261 -7.360592383280169 15.744786469459397
      vertex 49.60651861068261 -7.360592383280169 17
    endloop
  endfacet
  facet normal 0.9469301294951075 -0.32143946530315654 -8.414307744349254e-19
    outer loop
      vertex 49.60651861068261 -7.360592383280169 15.744786469459397
      vertex 49.64541143242706 -7.246017825062292 15.756071078487304
      vertex 49.64541143242706 -7.246017825062292 17
    endloop
  endfacet
  facet normal 0.8968727415326947 -0.4422886902189885 1.7473589731336028e-18
    outer loop
      vertex 49.64541143242706 -7.246017825062292 15.756071078487304
      vertex 49.69892650149939 -7.1375 15.766759151366957
      vertex 49.69892650149939 -7.1375 17
    endloop
  endfacet
  facet normal 0.8314696123025439 -0.5555702330196043 -2.1548300482723396e-18
    outer loop
      vertex 49.69892650149939 -7.1375 15.766759151366957
      vertex 49.76614816023061 -7.036895678166934 15.77666781220809
      vertex 49.76614816023061 -7.036895678166934 17
    endloop
  endfacet
  facet normal 0.7518398074789737 -0.6593458151000731 4.609482077391937e-19
    outer loop
      vertex 49.76614816023061 -7.036895678166934 15.77666781220809
      vertex 49.845926227402444 -6.945926227402444 15.785627521076515
      vertex 49.845926227402444 -6.945926227402444 17
    endloop
  endfacet
  facet normal 0.6593458151000647 -0.7518398074789809 0
    outer loop
      vertex 49.936895678166934 -6.866148160230608 15.793484974869392
      vertex 49.936895678166934 -6.866148160230608 17
      vertex 49.845926227402444 -6.945926227402444 15.785627521076515
    endloop
  endfacet
  facet normal 0.9978589232386035 -0.06540312923014548 0
    outer loop
      vertex 49.575 -7.6000000000000005 15.67721850088626
      vertex 49.58291350322923 -7.4792632721964525 17
      vertex 49.575 -7.6000000000000005 17
    endloop
  endfacet
  facet normal 0.9807852804032331 -0.19509032201611523 -1.1366798361374088e-15
    outer loop
      vertex 49.60160973536061 -7.3852709660483855 15.74235584120969
      vertex 49.60651861068261 -7.360592383280169 17
      vertex 49.58291350322923 -7.4792632721964525 17
    endloop
  endfacet
  facet normal 0.9469301294951074 -0.3214394653031565 0
    outer loop
      vertex 49.60651861068261 -7.360592383280169 15.744786469459397
      vertex 49.64541143242706 -7.246017825062292 17
      vertex 49.60651861068261 -7.360592383280169 17
    endloop
  endfacet
  facet normal 0.8968727415326946 -0.44228869021898853 0
    outer loop
      vertex 49.64541143242706 -7.246017825062292 15.756071078487304
      vertex 49.69892650149939 -7.1375 17
      vertex 49.64541143242706 -7.246017825062292 17
    endloop
  endfacet
  facet normal 0.8314696123025439 -0.5555702330196043 0
    outer loop
      vertex 49.69892650149939 -7.1375 15.766759151366957
      vertex 49.76614816023061 -7.036895678166934 17
      vertex 49.69892650149939 -7.1375 17
    endloop
  endfacet
  facet normal 0.7518398074789737 -0.6593458151000731 0
    outer loop
      vertex 49.76614816023061 -7.036895678166934 15.77666781220809
      vertex 49.845926227402444 -6.945926227402444 17
      vertex 49.76614816023061 -7.036895678166934 17
    endloop
  endfacet
  facet normal 0.6593458151000648 -0.751839807478981 0
    outer loop
      vertex 49.845926227402444 -6.945926227402444 17
      vertex 49.845926227402444 -6.945926227402444 15.785627521076515
      vertex 49.936895678166934 -6.866148160230608 17
    endloop
  endfacet
  facet normal -0.7518398074789736 0.6593458151000731 0
    outer loop
      vertex 51.154073772597556 -8.254073772597557 15.408065642015522
      vertex 51.154073772597556 -8.254073772597557 17
      vertex 51.23385183976939 -8.163104321833067 15.45668982648047
    endloop
  endfacet
  facet normal -0.8314696123025461 0.5555702330196008 2.170331277725171e-18
    outer loop
      vertex 51.30107349850061 -8.0625 15.510463956825022
      vertex 51.23385183976939 -8.163104321833067 15.45668982648047
      vertex 51.23385183976939 -8.163104321833067 17
    endloop
  endfacet
  facet normal -0.8968727415326931 0.4422886902189914 -2.4006316360553713e-18
    outer loop
      vertex 51.35458856757294 -7.953982174937709 15.568467942769976
      vertex 51.30107349850061 -8.0625 15.510463956825022
      vertex 51.30107349850061 -8.0625 17
    endloop
  endfacet
  facet normal -0.9469301294951316 0.3214394653030852 -4.615599076682512e-21
    outer loop
      vertex 51.35660216876961 -7.94805029709527 15.571638597533859
      vertex 51.35458856757294 -7.953982174937709 15.568467942769976
      vertex 51.35458856757294 -7.953982174937709 17
    endloop
  endfacet
  facet normal -0.9469301294951061 0.3214394653031603 3.477745044341732e-16
    outer loop
      vertex 51.35660216876961 -7.94805029709527 15.571638597533859
      vertex 51.35458856757294 -7.953982174937709 17
      vertex 51.39348138931739 -7.839407616719832 15.60459499432396
    endloop
  endfacet
  facet normal -0.9807852804032331 0.19509032201611526 -1.0339300580520028e-18
    outer loop
      vertex 51.41708649677077 -7.720736727803549 15.64059341491745
      vertex 51.39348138931739 -7.839407616719832 15.60459499432396
      vertex 51.39348138931739 -7.839407616719832 17
    endloop
  endfacet
  facet normal -0.9978589232386034 0.06540312923014548 -2.883001225765587e-19
    outer loop
      vertex 51.425 -7.6000000000000005 15.677218500886259
      vertex 51.41708649677077 -7.720736727803549 15.64059341491745
      vertex 51.41708649677077 -7.720736727803549 17
    endloop
  endfacet
  facet normal -0.7518398074789737 0.6593458151000731 3.627027329257081e-19
    outer loop
      vertex 51.154073772597556 -8.254073772597557 17
      vertex 51.23385183976939 -8.163104321833067 17
      vertex 51.23385183976939 -8.163104321833067 15.45668982648047
    endloop
  endfacet
  facet normal -0.831469612302546 0.5555702330196008 2.2486829749224316e-18
    outer loop
      vertex 51.23385183976939 -8.163104321833067 17
      vertex 51.30107349850061 -8.0625 17
      vertex 51.30107349850061 -8.0625 15.510463956825022
    endloop
  endfacet
  facet normal -0.8968727415326931 0.4422886902189914 -2.497902390820168e-18
    outer loop
      vertex 51.30107349850061 -8.0625 17
      vertex 51.35458856757294 -7.953982174937709 17
      vertex 51.35458856757294 -7.953982174937709 15.568467942769976
    endloop
  endfacet
  facet normal -0.9469301294951074 0.3214394653031565 -7.500905267738654e-19
    outer loop
      vertex 51.35458856757294 -7.953982174937709 17
      vertex 51.39348138931739 -7.839407616719832 17
      vertex 51.39348138931739 -7.839407616719832 15.60459499432396
    endloop
  endfacet
  facet normal -0.9807852804032331 0.19509032201611523 -1.0613095407633855e-18
    outer loop
      vertex 51.39348138931739 -7.839407616719832 17
      vertex 51.41708649677077 -7.720736727803549 17
      vertex 51.41708649677077 -7.720736727803549 15.64059341491745
    endloop
  endfacet
  facet normal -0.9978589232386035 0.06540312923014546 -2.96282557151928e-19
    outer loop
      vertex 51.41708649677077 -7.720736727803549 17
      vertex 51.425 -7.6000000000000005 17
      vertex 51.425 -7.6000000000000005 15.677218500886259
    endloop
  endfacet
  facet normal -0.6593458151000648 -0.751839807478981 0
    outer loop
      vertex 51.154073772597556 -6.945926227402444 15.785627521076515
      vertex 51.154073772597556 -6.945926227402444 17
      vertex 51.063104321833066 -6.866148160230608 15.793484974869392
    endloop
  endfacet
  facet normal -0.9978589232386035 -0.06540312923014546 2.96282557151928e-19
    outer loop
      vertex 51.41708649677077 -7.4792632721964525 15.713843586855068
      vertex 51.425 -7.6000000000000005 15.677218500886259
      vertex 51.425 -7.6000000000000005 17
    endloop
  endfacet
  facet normal -0.9807852804032359 -0.19509032201610058 -7.241335371217473e-19
    outer loop
      vertex 51.39839026463939 -7.3852709660483855 15.74235584120969
      vertex 51.41708649677077 -7.4792632721964525 15.713843586855068
      vertex 51.41708649677077 -7.4792632721964525 17
    endloop
  endfacet
  facet normal -0.980785280403222 -0.1950903220161704 -5.426848060080531e-15
    outer loop
      vertex 51.39839026463939 -7.3852709660483855 15.74235584120969
      vertex 51.41708649677077 -7.4792632721964525 17
      vertex 51.39348138931739 -7.360592383280169 15.744786469459397
    endloop
  endfacet
  facet normal -0.9469301294951074 -0.3214394653031565 8.338661512990851e-19
    outer loop
      vertex 51.35458856757294 -7.246017825062292 15.756071078487304
      vertex 51.39348138931739 -7.360592383280169 15.744786469459397
      vertex 51.39348138931739 -7.360592383280169 17
    endloop
  endfacet
  facet normal -0.8968727415326946 -0.44228869021898853 -1.732345333906487e-18
    outer loop
      vertex 51.30107349850061 -7.1375 15.766759151366957
      vertex 51.35458856757294 -7.246017825062292 15.756071078487304
      vertex 51.35458856757294 -7.246017825062292 17
    endloop
  endfacet
  facet normal -0.8314696123025439 -0.5555702330196043 2.1375167390819396e-18
    outer loop
      vertex 51.23385183976939 -7.036895678166934 15.77666781220809
      vertex 51.30107349850061 -7.1375 15.766759151366957
      vertex 51.30107349850061 -7.1375 17
    endloop
  endfacet
  facet normal -0.7518398074789737 -0.6593458151000731 -4.575722140508238e-19
    outer loop
      vertex 51.154073772597556 -6.945926227402444 15.785627521076515
      vertex 51.23385183976939 -7.036895678166934 15.77666781220809
      vertex 51.23385183976939 -7.036895678166934 17
    endloop
  endfacet
  facet normal -0.7518398074789737 -0.6593458151000731 -4.609482077391937e-19
    outer loop
      vertex 51.23385183976939 -7.036895678166934 17
      vertex 51.154073772597556 -6.945926227402444 17
      vertex 51.154073772597556 -6.945926227402444 15.785627521076515
    endloop
  endfacet
  facet normal -0.6593458151000647 -0.7518398074789809 0
    outer loop
      vertex 51.063104321833066 -6.866148160230608 15.793484974869392
      vertex 51.154073772597556 -6.945926227402444 17
      vertex 51.063104321833066 -6.866148160230608 17
    endloop
  endfacet
  facet normal -0.9978589232386034 -0.06540312923014546 3.047196134973644e-19
    outer loop
      vertex 51.425 -7.6000000000000005 17
      vertex 51.41708649677077 -7.4792632721964525 17
      vertex 51.41708649677077 -7.4792632721964525 15.713843586855068
    endloop
  endfacet
  facet normal -0.9807852804032331 -0.19509032201611526 1.1494069681541036e-18
    outer loop
      vertex 51.41708649677077 -7.4792632721964525 17
      vertex 51.39348138931739 -7.360592383280169 17
      vertex 51.39348138931739 -7.360592383280169 15.744786469459397
    endloop
  endfacet
  facet normal -0.9469301294951075 -0.3214394653031565 8.414307744349254e-19
    outer loop
      vertex 51.39348138931739 -7.360592383280169 17
      vertex 51.35458856757294 -7.246017825062292 17
      vertex 51.35458856757294 -7.246017825062292 15.756071078487304
    endloop
  endfacet
  facet normal -0.8968727415326947 -0.4422886902189885 -1.7473589731336028e-18
    outer loop
      vertex 51.35458856757294 -7.246017825062292 17
      vertex 51.30107349850061 -7.1375 17
      vertex 51.30107349850061 -7.1375 15.766759151366957
    endloop
  endfacet
  facet normal -0.8314696123025439 -0.5555702330196043 2.1548300482723396e-18
    outer loop
      vertex 51.30107349850061 -7.1375 17
      vertex 51.23385183976939 -7.036895678166934 17
      vertex 51.23385183976939 -7.036895678166934 15.77666781220809
    endloop
  endfacet
  facet normal 0.5555702330196142 -0.8314696123025372 -1.6032614986227176e-15
    outer loop
      vertex 50.03589339595778 -6.800000000000001 15.799999999999999
      vertex 50.0375 -6.798926501499395 17
      vertex 49.936895678166934 -6.866148160230608 15.793484974869392
    endloop
  endfacet
  facet normal 0.5555702330187864 -0.8314696123030905 1.877665562583466e-20
    outer loop
      vertex 50.03589339595778 -6.800000000000001 15.799999999999999
      vertex 50.0375 -6.798926501499395 15.799999999999999
      vertex 50.0375 -6.798926501499395 17
    endloop
  endfacet
  facet normal 0.44228869021899747 -0.8968727415326901 0
    outer loop
      vertex 50.146017825062295 -6.74541143242706 17
      vertex 50.0375 -6.798926501499395 15.799999999999999
      vertex 50.146017825062295 -6.74541143242706 15.799999999999999
    endloop
  endfacet
  facet normal 0.3214394653031676 -0.9469301294951036 0
    outer loop
      vertex 50.26059238328017 -6.706518610682612 17
      vertex 50.146017825062295 -6.74541143242706 15.799999999999999
      vertex 50.26059238328017 -6.706518610682612 15.799999999999999
    endloop
  endfacet
  facet normal 0.19509032201612794 -0.9807852804032305 0
    outer loop
      vertex 50.379263272196454 -6.6829135032292255 17
      vertex 50.26059238328017 -6.706518610682612 15.799999999999999
      vertex 50.379263272196454 -6.6829135032292255 15.799999999999999
    endloop
  endfacet
  facet normal 0.5555702330196008 -0.8314696123025461 0
    outer loop
      vertex 49.936895678166934 -6.866148160230608 17
      vertex 49.936895678166934 -6.866148160230608 15.793484974869392
      vertex 50.0375 -6.798926501499395 17
    endloop
  endfacet
  facet normal 0.44228869021899747 -0.8968727415326901 0
    outer loop
      vertex 50.0375 -6.798926501499395 17
      vertex 50.0375 -6.798926501499395 15.799999999999999
      vertex 50.146017825062295 -6.74541143242706 17
    endloop
  endfacet
  facet normal 0.3214394653031676 -0.9469301294951036 0
    outer loop
      vertex 50.146017825062295 -6.74541143242706 17
      vertex 50.146017825062295 -6.74541143242706 15.799999999999999
      vertex 50.26059238328017 -6.706518610682612 17
    endloop
  endfacet
  facet normal 0.19509032201612794 -0.9807852804032305 0
    outer loop
      vertex 50.26059238328017 -6.706518610682612 17
      vertex 50.26059238328017 -6.706518610682612 15.799999999999999
      vertex 50.379263272196454 -6.6829135032292255 17
    endloop
  endfacet
  facet normal 0.0654031292301391 -0.9978589232386037 0
    outer loop
      vertex 50.5 -6.675000000000001 17
      vertex 50.379263272196454 -6.6829135032292255 15.799999999999999
      vertex 50.5 -6.675000000000001 15.799999999999999
    endloop
  endfacet
  facet normal -0.0654031292301391 -0.9978589232386037 0
    outer loop
      vertex 50.620736727803546 -6.6829135032292255 17
      vertex 50.5 -6.675000000000001 15.799999999999999
      vertex 50.620736727803546 -6.6829135032292255 15.799999999999999
    endloop
  endfacet
  facet normal -0.19509032201612794 -0.9807852804032305 0
    outer loop
      vertex 50.73940761671983 -6.706518610682612 17
      vertex 50.620736727803546 -6.6829135032292255 15.799999999999999
      vertex 50.73940761671983 -6.706518610682612 15.799999999999999
    endloop
  endfacet
  facet normal -0.5555702330187864 -0.8314696123030905 -1.877665562583466e-20
    outer loop
      vertex 50.96410660404222 -6.800000000000001 15.799999999999999
      vertex 50.9625 -6.798926501499395 17
      vertex 50.9625 -6.798926501499395 15.799999999999999
    endloop
  endfacet
  facet normal -0.3214394653031676 -0.9469301294951036 0
    outer loop
      vertex 50.853982174937705 -6.74541143242706 17
      vertex 50.73940761671983 -6.706518610682612 15.799999999999999
      vertex 50.853982174937705 -6.74541143242706 15.799999999999999
    endloop
  endfacet
  facet normal -0.44228869021899747 -0.8968727415326901 0
    outer loop
      vertex 50.9625 -6.798926501499395 17
      vertex 50.853982174937705 -6.74541143242706 15.799999999999999
      vertex 50.9625 -6.798926501499395 15.799999999999999
    endloop
  endfacet
  facet normal -0.5555702330196141 -0.8314696123025372 2.196496430005551e-18
    outer loop
      vertex 50.96410660404222 -6.800000000000001 15.799999999999999
      vertex 51.063104321833066 -6.866148160230608 15.793484974869392
      vertex 51.063104321833066 -6.866148160230608 17
    endloop
  endfacet
  facet normal -0.3214394653031676 -0.9469301294951036 0
    outer loop
      vertex 50.73940761671983 -6.706518610682612 17
      vertex 50.73940761671983 -6.706518610682612 15.799999999999999
      vertex 50.853982174937705 -6.74541143242706 17
    endloop
  endfacet
  facet normal 0.0654031292301391 -0.9978589232386037 0
    outer loop
      vertex 50.379263272196454 -6.6829135032292255 17
      vertex 50.379263272196454 -6.6829135032292255 15.799999999999999
      vertex 50.5 -6.675000000000001 17
    endloop
  endfacet
  facet normal -0.0654031292301391 -0.9978589232386037 0
    outer loop
      vertex 50.5 -6.675000000000001 17
      vertex 50.5 -6.675000000000001 15.799999999999999
      vertex 50.620736727803546 -6.6829135032292255 17
    endloop
  endfacet
  facet normal -0.19509032201612794 -0.9807852804032305 0
    outer loop
      vertex 50.620736727803546 -6.6829135032292255 17
      vertex 50.620736727803546 -6.6829135032292255 15.799999999999999
      vertex 50.73940761671983 -6.706518610682612 17
    endloop
  endfacet
  facet normal -0.44228869021899747 -0.8968727415326901 0
    outer loop
      vertex 50.853982174937705 -6.74541143242706 17
      vertex 50.853982174937705 -6.74541143242706 15.799999999999999
      vertex 50.9625 -6.798926501499395 17
    endloop
  endfacet
  facet normal -0.5555702330196008 -0.8314696123025462 -1.5775516744609154e-15
    outer loop
      vertex 50.96410660404222 -6.800000000000001 15.799999999999999
      vertex 51.063104321833066 -6.866148160230608 17
      vertex 50.9625 -6.798926501499395 17
    endloop
  endfacet
  facet normal 0.19509032201612794 0.9807852804032305 0
    outer loop
      vertex 50.26059238328017 6.706518610682612 15.799999999999999
      vertex 50.26059238328017 6.706518610682612 17
      vertex 50.379263272196454 6.6829135032292255 15.799999999999999
    endloop
  endfacet
  facet normal 0.44228869021899747 0.8968727415326901 0
    outer loop
      vertex 50.0375 6.798926501499395 15.799999999999999
      vertex 50.0375 6.798926501499395 17
      vertex 50.146017825062295 6.74541143242706 15.799999999999999
    endloop
  endfacet
  facet normal 0.5555702330187864 0.8314696123030905 -1.877665562583466e-20
    outer loop
      vertex 50.03589339595778 6.800000000000001 15.799999999999999
      vertex 50.0375 6.798926501499395 17
      vertex 50.0375 6.798926501499395 15.799999999999999
    endloop
  endfacet
  facet normal 0.5555702330196141 0.8314696123025372 0
    outer loop
      vertex 49.936895678166934 6.866148160230608 17
      vertex 50.03589339595778 6.800000000000001 15.799999999999999
      vertex 49.936895678166934 6.866148160230608 15.793484974869392
    endloop
  endfacet
  facet normal 0.3214394653031676 0.9469301294951036 0
    outer loop
      vertex 50.146017825062295 6.74541143242706 15.799999999999999
      vertex 50.146017825062295 6.74541143242706 17
      vertex 50.26059238328017 6.706518610682612 15.799999999999999
    endloop
  endfacet
  facet normal 0.19509032201612794 0.9807852804032305 0
    outer loop
      vertex 50.379263272196454 6.6829135032292255 15.799999999999999
      vertex 50.26059238328017 6.706518610682612 17
      vertex 50.379263272196454 6.6829135032292255 17
    endloop
  endfacet
  facet normal 0.44228869021899747 0.8968727415326901 0
    outer loop
      vertex 50.146017825062295 6.74541143242706 15.799999999999999
      vertex 50.0375 6.798926501499395 17
      vertex 50.146017825062295 6.74541143242706 17
    endloop
  endfacet
  facet normal 0.5555702330196008 0.8314696123025462 -1.5775516744609154e-15
    outer loop
      vertex 50.03589339595778 6.800000000000001 15.799999999999999
      vertex 49.936895678166934 6.866148160230608 17
      vertex 50.0375 6.798926501499395 17
    endloop
  endfacet
  facet normal 0.3214394653031676 0.9469301294951036 0
    outer loop
      vertex 50.26059238328017 6.706518610682612 15.799999999999999
      vertex 50.146017825062295 6.74541143242706 17
      vertex 50.26059238328017 6.706518610682612 17
    endloop
  endfacet
  facet normal 0.0654031292301391 0.9978589232386037 0
    outer loop
      vertex 50.379263272196454 6.6829135032292255 15.799999999999999
      vertex 50.379263272196454 6.6829135032292255 17
      vertex 50.5 6.675000000000001 15.799999999999999
    endloop
  endfacet
  facet normal -0.0654031292301391 0.9978589232386037 0
    outer loop
      vertex 50.5 6.675000000000001 15.799999999999999
      vertex 50.5 6.675000000000001 17
      vertex 50.620736727803546 6.6829135032292255 15.799999999999999
    endloop
  endfacet
  facet normal -0.19509032201612794 0.9807852804032305 0
    outer loop
      vertex 50.620736727803546 6.6829135032292255 15.799999999999999
      vertex 50.620736727803546 6.6829135032292255 17
      vertex 50.73940761671983 6.706518610682612 15.799999999999999
    endloop
  endfacet
  facet normal -0.3214394653031676 0.9469301294951036 0
    outer loop
      vertex 50.73940761671983 6.706518610682612 15.799999999999999
      vertex 50.73940761671983 6.706518610682612 17
      vertex 50.853982174937705 6.74541143242706 15.799999999999999
    endloop
  endfacet
  facet normal -0.44228869021899747 0.8968727415326901 0
    outer loop
      vertex 50.853982174937705 6.74541143242706 15.799999999999999
      vertex 50.853982174937705 6.74541143242706 17
      vertex 50.9625 6.798926501499395 15.799999999999999
    endloop
  endfacet
  facet normal -0.5555702330187864 0.8314696123030905 1.877665562583466e-20
    outer loop
      vertex 50.96410660404222 6.800000000000001 15.799999999999999
      vertex 50.9625 6.798926501499395 15.799999999999999
      vertex 50.9625 6.798926501499395 17
    endloop
  endfacet
  facet normal -0.5555702330196142 0.8314696123025372 -1.6032614986227176e-15
    outer loop
      vertex 50.96410660404222 6.800000000000001 15.799999999999999
      vertex 50.9625 6.798926501499395 17
      vertex 51.063104321833066 6.866148160230608 15.793484974869392
    endloop
  endfacet
  facet normal 0.0654031292301391 0.9978589232386037 0
    outer loop
      vertex 50.5 6.675000000000001 15.799999999999999
      vertex 50.379263272196454 6.6829135032292255 17
      vertex 50.5 6.675000000000001 17
    endloop
  endfacet
  facet normal -0.0654031292301391 0.9978589232386037 0
    outer loop
      vertex 50.620736727803546 6.6829135032292255 15.799999999999999
      vertex 50.5 6.675000000000001 17
      vertex 50.620736727803546 6.6829135032292255 17
    endloop
  endfacet
  facet normal -0.19509032201612794 0.9807852804032305 0
    outer loop
      vertex 50.73940761671983 6.706518610682612 15.799999999999999
      vertex 50.620736727803546 6.6829135032292255 17
      vertex 50.73940761671983 6.706518610682612 17
    endloop
  endfacet
  facet normal -0.3214394653031676 0.9469301294951036 0
    outer loop
      vertex 50.853982174937705 6.74541143242706 15.799999999999999
      vertex 50.73940761671983 6.706518610682612 17
      vertex 50.853982174937705 6.74541143242706 17
    endloop
  endfacet
  facet normal -0.44228869021899747 0.8968727415326901 0
    outer loop
      vertex 50.9625 6.798926501499395 15.799999999999999
      vertex 50.853982174937705 6.74541143242706 17
      vertex 50.9625 6.798926501499395 17
    endloop
  endfacet
  facet normal -0.5555702330196008 0.8314696123025461 0
    outer loop
      vertex 51.063104321833066 6.866148160230608 17
      vertex 51.063104321833066 6.866148160230608 15.793484974869392
      vertex 50.9625 6.798926501499395 17
    endloop
  endfacet
  facet normal 0.6593458151000648 0.751839807478981 1.3420575969065693e-18
    outer loop
      vertex 49.936895678166934 6.866148160230608 15.793484974869392
      vertex 49.845926227402444 6.945926227402444 15.785627521076515
      vertex 49.845926227402444 6.945926227402444 17
    endloop
  endfacet
  facet normal 0.7518398074789737 0.6593458151000731 -4.575722140508238e-19
    outer loop
      vertex 49.845926227402444 6.945926227402444 15.785627521076515
      vertex 49.76614816023061 7.036895678166934 15.77666781220809
      vertex 49.76614816023061 7.036895678166934 17
    endloop
  endfacet
  facet normal 0.8314696123025439 0.5555702330196043 2.137516739081937e-18
    outer loop
      vertex 49.76614816023061 7.036895678166934 15.77666781220809
      vertex 49.69892650149939 7.1375 15.766759151366955
      vertex 49.69892650149939 7.1375 17
    endloop
  endfacet
  facet normal 0.8968727415326946 0.44228869021898853 -1.732345333906487e-18
    outer loop
      vertex 49.69892650149939 7.1375 15.766759151366955
      vertex 49.64541143242706 7.246017825062292 15.756071078487304
      vertex 49.64541143242706 7.246017825062292 17
    endloop
  endfacet
  facet normal 0.9469301294951074 0.3214394653031565 8.338661512990851e-19
    outer loop
      vertex 49.64541143242706 7.246017825062292 15.756071078487304
      vertex 49.60651861068261 7.360592383280169 15.744786469459397
      vertex 49.60651861068261 7.360592383280169 17
    endloop
  endfacet
  facet normal 0.980785280403222 0.1950903220161704 -5.426848060080531e-15
    outer loop
      vertex 49.60160973536061 7.3852709660483855 15.74235584120969
      vertex 49.58291350322923 7.4792632721964525 17
      vertex 49.60651861068261 7.360592383280169 15.744786469459397
    endloop
  endfacet
  facet normal 0.9807852804032359 0.19509032201610058 -7.241335371217473e-19
    outer loop
      vertex 49.60160973536061 7.3852709660483855 15.74235584120969
      vertex 49.58291350322923 7.4792632721964525 15.713843586855068
      vertex 49.58291350322923 7.4792632721964525 17
    endloop
  endfacet
  facet normal 0.9978589232386035 0.06540312923014546 2.96282557151928e-19
    outer loop
      vertex 49.58291350322923 7.4792632721964525 15.713843586855068
      vertex 49.575 7.6000000000000005 15.677218500886259
      vertex 49.575 7.6000000000000005 17
    endloop
  endfacet
  facet normal 0.6593458151000647 0.7518398074789809 0
    outer loop
      vertex 49.936895678166934 6.866148160230608 17
      vertex 49.936895678166934 6.866148160230608 15.793484974869392
      vertex 49.845926227402444 6.945926227402444 17
    endloop
  endfacet
  facet normal 0.7518398074789737 0.6593458151000731 -4.609482077391937e-19
    outer loop
      vertex 49.76614816023061 7.036895678166934 17
      vertex 49.845926227402444 6.945926227402444 17
      vertex 49.845926227402444 6.945926227402444 15.785627521076515
    endloop
  endfacet
  facet normal 0.8314696123025439 0.5555702330196043 2.1548300482723396e-18
    outer loop
      vertex 49.69892650149939 7.1375 17
      vertex 49.76614816023061 7.036895678166934 17
      vertex 49.76614816023061 7.036895678166934 15.77666781220809
    endloop
  endfacet
  facet normal 0.8968727415326946 0.44228869021898853 -1.7473589731336005e-18
    outer loop
      vertex 49.64541143242706 7.246017825062292 17
      vertex 49.69892650149939 7.1375 17
      vertex 49.69892650149939 7.1375 15.766759151366955
    endloop
  endfacet
  facet normal 0.9469301294951075 0.3214394653031565 8.414307744349254e-19
    outer loop
      vertex 49.60651861068261 7.360592383280169 17
      vertex 49.64541143242706 7.246017825062292 17
      vertex 49.64541143242706 7.246017825062292 15.756071078487304
    endloop
  endfacet
  facet normal 0.9807852804032331 0.19509032201611526 1.1494069681541036e-18
    outer loop
      vertex 49.58291350322923 7.4792632721964525 17
      vertex 49.60651861068261 7.360592383280169 17
      vertex 49.60651861068261 7.360592383280169 15.744786469459397
    endloop
  endfacet
  facet normal 0.9978589232386034 0.06540312923014546 3.047196134973644e-19
    outer loop
      vertex 49.575 7.6000000000000005 17
      vertex 49.58291350322923 7.4792632721964525 17
      vertex 49.58291350322923 7.4792632721964525 15.713843586855068
    endloop
  endfacet
  facet normal 0.9978589232386034 -0.06540312923014548 -2.883001225765587e-19
    outer loop
      vertex 49.575 7.6000000000000005 15.677218500886259
      vertex 49.58291350322923 7.720736727803549 15.64059341491745
      vertex 49.58291350322923 7.720736727803549 17
    endloop
  endfacet
  facet normal 0.9807852804032331 -0.19509032201611526 -1.0339300580520028e-18
    outer loop
      vertex 49.58291350322923 7.720736727803549 15.64059341491745
      vertex 49.60651861068261 7.839407616719832 15.60459499432396
      vertex 49.60651861068261 7.839407616719832 17
    endloop
  endfacet
  facet normal 0.9469301294951061 -0.3214394653031603 3.477745044341732e-16
    outer loop
      vertex 49.64339783123039 7.94805029709527 15.571638597533859
      vertex 49.64541143242706 7.953982174937709 17
      vertex 49.60651861068261 7.839407616719832 15.60459499432396
    endloop
  endfacet
  facet normal 0.9469301294951316 -0.3214394653030852 -4.615599076682512e-21
    outer loop
      vertex 49.64339783123039 7.94805029709527 15.571638597533859
      vertex 49.64541143242706 7.953982174937709 15.568467942769976
      vertex 49.64541143242706 7.953982174937709 17
    endloop
  endfacet
  facet normal 0.8968727415326931 -0.4422886902189914 -2.4006316360553682e-18
    outer loop
      vertex 49.64541143242706 7.953982174937709 15.568467942769976
      vertex 49.69892650149939 8.0625 15.51046395682502
      vertex 49.69892650149939 8.0625 17
    endloop
  endfacet
  facet normal 0.831469612302546 -0.5555702330196008 2.1703312777251687e-18
    outer loop
      vertex 49.69892650149939 8.0625 15.51046395682502
      vertex 49.76614816023061 8.163104321833067 15.456689826480469
      vertex 49.76614816023061 8.163104321833067 17
    endloop
  endfacet
  facet normal 0.7518398074789738 -0.6593458151000732 3.516243084270694e-19
    outer loop
      vertex 49.76614816023061 8.163104321833067 15.456689826480469
      vertex 49.845926227402444 8.254073772597557 15.408065642015524
      vertex 49.845926227402444 8.254073772597557 17
    endloop
  endfacet
  facet normal 0.9978589232386035 -0.06540312923014546 -2.96282557151928e-19
    outer loop
      vertex 49.58291350322923 7.720736727803549 17
      vertex 49.575 7.6000000000000005 17
      vertex 49.575 7.6000000000000005 15.677218500886259
    endloop
  endfacet
  facet normal 0.9807852804032331 -0.19509032201611523 -1.0613095407633855e-18
    outer loop
      vertex 49.60651861068261 7.839407616719832 17
      vertex 49.58291350322923 7.720736727803549 17
      vertex 49.58291350322923 7.720736727803549 15.64059341491745
    endloop
  endfacet
  facet normal 0.9469301294951074 -0.3214394653031565 -7.500905267738654e-19
    outer loop
      vertex 49.64541143242706 7.953982174937709 17
      vertex 49.60651861068261 7.839407616719832 17
      vertex 49.60651861068261 7.839407616719832 15.60459499432396
    endloop
  endfacet
  facet normal 0.8968727415326931 -0.4422886902189914 -2.497902390820168e-18
    outer loop
      vertex 49.69892650149939 8.0625 17
      vertex 49.64541143242706 7.953982174937709 17
      vertex 49.64541143242706 7.953982174937709 15.568467942769976
    endloop
  endfacet
  facet normal 0.8314696123025461 -0.5555702330196008 2.248682974922429e-18
    outer loop
      vertex 49.76614816023061 8.163104321833067 17
      vertex 49.69892650149939 8.0625 17
      vertex 49.69892650149939 8.0625 15.51046395682502
    endloop
  endfacet
  facet normal 0.7518398074789738 -0.6593458151000731 3.627027329257077e-19
    outer loop
      vertex 49.845926227402444 8.254073772597557 17
      vertex 49.76614816023061 8.163104321833067 17
      vertex 49.76614816023061 8.163104321833067 15.456689826480469
    endloop
  endfacet
  facet normal -0.6593458151000647 0.7518398074789809 0
    outer loop
      vertex 51.063104321833066 6.866148160230608 15.793484974869392
      vertex 51.063104321833066 6.866148160230608 17
      vertex 51.154073772597556 6.945926227402444 15.785627521076515
    endloop
  endfacet
  facet normal -0.7518398074789737 0.6593458151000731 0
    outer loop
      vertex 51.154073772597556 6.945926227402444 15.785627521076515
      vertex 51.154073772597556 6.945926227402444 17
      vertex 51.23385183976939 7.036895678166934 15.77666781220809
    endloop
  endfacet
  facet normal -0.8314696123025439 0.5555702330196043 0
    outer loop
      vertex 51.23385183976939 7.036895678166934 17
      vertex 51.30107349850061 7.1375 15.766759151366955
      vertex 51.23385183976939 7.036895678166934 15.77666781220809
    endloop
  endfacet
  facet normal -0.8968727415326946 0.44228869021898853 0
    outer loop
      vertex 51.30107349850061 7.1375 17
      vertex 51.35458856757294 7.246017825062292 15.756071078487304
      vertex 51.30107349850061 7.1375 15.766759151366955
    endloop
  endfacet
  facet normal -0.9469301294951075 0.3214394653031565 0
    outer loop
      vertex 51.35458856757294 7.246017825062292 17
      vertex 51.39348138931739 7.360592383280169 15.744786469459399
      vertex 51.35458856757294 7.246017825062292 15.756071078487304
    endloop
  endfacet
  facet normal -0.980785280403222 0.19509032201617096 -1.6767626609850792e-19
    outer loop
      vertex 51.39839026463939 7.3852709660483855 15.74235584120969
      vertex 51.39348138931739 7.360592383280169 15.744786469459399
      vertex 51.39348138931739 7.360592383280169 17
    endloop
  endfacet
  facet normal -0.9807852804032359 0.19509032201610058 7.241335371217473e-19
    outer loop
      vertex 51.39839026463939 7.3852709660483855 15.74235584120969
      vertex 51.41708649677077 7.4792632721964525 17
      vertex 51.41708649677077 7.4792632721964525 15.713843586855068
    endloop
  endfacet
  facet normal -0.9978589232386034 0.06540312923014546 0
    outer loop
      vertex 51.41708649677077 7.4792632721964525 17
      vertex 51.425 7.6000000000000005 15.677218500886259
      vertex 51.41708649677077 7.4792632721964525 15.713843586855068
    endloop
  endfacet
  facet normal -0.6593458151000648 0.751839807478981 0
    outer loop
      vertex 51.154073772597556 6.945926227402444 17
      vertex 51.154073772597556 6.945926227402444 15.785627521076515
      vertex 51.063104321833066 6.866148160230608 17
    endloop
  endfacet
  facet normal -0.7518398074789737 0.6593458151000731 4.575722140508238e-19
    outer loop
      vertex 51.154073772597556 6.945926227402444 17
      vertex 51.23385183976939 7.036895678166934 17
      vertex 51.23385183976939 7.036895678166934 15.77666781220809
    endloop
  endfacet
  facet normal -0.8314696123025439 0.5555702330196043 -2.137516739081937e-18
    outer loop
      vertex 51.23385183976939 7.036895678166934 17
      vertex 51.30107349850061 7.1375 17
      vertex 51.30107349850061 7.1375 15.766759151366955
    endloop
  endfacet
  facet normal -0.8968727415326946 0.44228869021898853 1.732345333906487e-18
    outer loop
      vertex 51.30107349850061 7.1375 17
      vertex 51.35458856757294 7.246017825062292 17
      vertex 51.35458856757294 7.246017825062292 15.756071078487304
    endloop
  endfacet
  facet normal -0.9469301294951074 0.32143946530315654 -8.338661512990863e-19
    outer loop
      vertex 51.35458856757294 7.246017825062292 17
      vertex 51.39348138931739 7.360592383280169 17
      vertex 51.39348138931739 7.360592383280169 15.744786469459399
    endloop
  endfacet
  facet normal -0.9807852804032331 0.19509032201611523 -1.1366798361374088e-15
    outer loop
      vertex 51.39839026463939 7.3852709660483855 15.74235584120969
      vertex 51.39348138931739 7.360592383280169 17
      vertex 51.41708649677077 7.4792632721964525 17
    endloop
  endfacet
  facet normal -0.9978589232386035 0.06540312923014546 -2.96282557151928e-19
    outer loop
      vertex 51.41708649677077 7.4792632721964525 17
      vertex 51.425 7.6000000000000005 17
      vertex 51.425 7.6000000000000005 15.677218500886259
    endloop
  endfacet
  facet normal -0.9978589232386035 -0.06540312923014546 0
    outer loop
      vertex 51.425 7.6000000000000005 17
      vertex 51.41708649677077 7.720736727803549 15.64059341491745
      vertex 51.425 7.6000000000000005 15.677218500886259
    endloop
  endfacet
  facet normal -0.946930129495106 -0.32143946530316037 0
    outer loop
      vertex 51.39348138931739 7.839407616719832 17
      vertex 51.35660216876961 7.94805029709527 15.571638597533859
      vertex 51.39348138931739 7.839407616719832 15.60459499432396
    endloop
  endfacet
  facet normal -0.9807852804032331 -0.19509032201611523 0
    outer loop
      vertex 51.41708649677077 7.720736727803549 17
      vertex 51.39348138931739 7.839407616719832 15.60459499432396
      vertex 51.41708649677077 7.720736727803549 15.64059341491745
    endloop
  endfacet
  facet normal -0.8968727415326931 -0.4422886902189914 0
    outer loop
      vertex 51.35458856757294 7.953982174937709 17
      vertex 51.30107349850061 8.0625 15.51046395682502
      vertex 51.35458856757294 7.953982174937709 15.568467942769976
    endloop
  endfacet
  facet normal -0.9469301294951316 -0.3214394653030852 4.615599076682512e-21
    outer loop
      vertex 51.35660216876961 7.94805029709527 15.571638597533859
      vertex 51.35458856757294 7.953982174937709 17
      vertex 51.35458856757294 7.953982174937709 15.568467942769976
    endloop
  endfacet
  facet normal -0.8314696123025461 -0.5555702330196008 0
    outer loop
      vertex 51.30107349850061 8.0625 17
      vertex 51.23385183976939 8.163104321833067 15.456689826480469
      vertex 51.30107349850061 8.0625 15.51046395682502
    endloop
  endfacet
  facet normal -0.7518398074789738 -0.6593458151000731 0
    outer loop
      vertex 51.23385183976939 8.163104321833067 17
      vertex 51.154073772597556 8.254073772597557 15.408065642015522
      vertex 51.23385183976939 8.163104321833067 15.456689826480469
    endloop
  endfacet
  facet normal -0.7518398074789736 -0.6593458151000731 -3.5162430842706896e-19
    outer loop
      vertex 51.23385183976939 8.163104321833067 17
      vertex 51.154073772597556 8.254073772597557 17
      vertex 51.154073772597556 8.254073772597557 15.408065642015522
    endloop
  endfacet
  facet normal -0.9978589232386034 -0.06540312923014548 2.883001225765587e-19
    outer loop
      vertex 51.425 7.6000000000000005 17
      vertex 51.41708649677077 7.720736727803549 17
      vertex 51.41708649677077 7.720736727803549 15.64059341491745
    endloop
  endfacet
  facet normal -0.9807852804032331 -0.19509032201611526 1.0339300580520028e-18
    outer loop
      vertex 51.41708649677077 7.720736727803549 17
      vertex 51.39348138931739 7.839407616719832 17
      vertex 51.39348138931739 7.839407616719832 15.60459499432396
    endloop
  endfacet
  facet normal -0.9469301294951075 -0.32143946530315654 3.28185506069985e-16
    outer loop
      vertex 51.39348138931739 7.839407616719832 17
      vertex 51.35458856757294 7.953982174937709 17
      vertex 51.35660216876961 7.94805029709527 15.571638597533859
    endloop
  endfacet
  facet normal -0.8968727415326931 -0.4422886902189914 2.4006316360553682e-18
    outer loop
      vertex 51.35458856757294 7.953982174937709 17
      vertex 51.30107349850061 8.0625 17
      vertex 51.30107349850061 8.0625 15.51046395682502
    endloop
  endfacet
  facet normal -0.831469612302546 -0.5555702330196008 -2.1703312777251687e-18
    outer loop
      vertex 51.30107349850061 8.0625 17
      vertex 51.23385183976939 8.163104321833067 17
      vertex 51.23385183976939 8.163104321833067 15.456689826480469
    endloop
  endfacet
  facet normal 0.6593458151000647 -0.7518398074789809 0
    outer loop
      vertex 49.936895678166934 8.333851839769393 17
      vertex 49.845926227402444 8.254073772597557 15.408065642015524
      vertex 49.936895678166934 8.333851839769393 15.365423376707547
    endloop
  endfacet
  facet normal 0.5555702330196007 -0.8314696123025461 0
    outer loop
      vertex 50.0375 8.401073498500606 17
      vertex 49.936895678166934 8.333851839769393 15.365423376707547
      vertex 50.0375 8.401073498500606 15.32949265153863
    endloop
  endfacet
  facet normal 0.44228869021899747 -0.8968727415326903 1.4536266991095006e-18
    outer loop
      vertex 50.0375 8.401073498500606 15.32949265153863
      vertex 50.146017825062295 8.45458856757294 15.300888251178291
      vertex 50.146017825062295 8.45458856757294 17
    endloop
  endfacet
  facet normal 0.32143946530316503 -0.9469301294951044 -3.096199390728075e-16
    outer loop
      vertex 50.18172847287227 8.466710699058808 15.294408836907635
      vertex 50.26059238328017 8.493481389317388 17
      vertex 50.146017825062295 8.45458856757294 15.300888251178291
    endloop
  endfacet
  facet normal 0.3214394653031591 -0.9469301294951065 1.1559453518783358e-18
    outer loop
      vertex 50.18172847287227 8.466710699058808 15.294408836907635
      vertex 50.26059238328017 8.493481389317388 15.272438699196575
      vertex 50.26059238328017 8.493481389317388 17
    endloop
  endfacet
  facet normal 0.19509032201612794 -0.9807852804032307 0
    outer loop
      vertex 50.379263272196454 8.517086496770775 17
      vertex 50.26059238328017 8.493481389317388 15.272438699196575
      vertex 50.379263272196454 8.517086496770775 15.25306648815435
    endloop
  endfacet
  facet normal 0.06540312923014643 -0.9978589232386034 0
    outer loop
      vertex 50.5 8.525 17
      vertex 50.379263272196454 8.517086496770775 15.25306648815435
      vertex 50.5 8.525 15.24657204389297
    endloop
  endfacet
  facet normal -0.19509032201612797 -0.9807852804032305 0
    outer loop
      vertex 50.73940761671983 8.493481389317388 15.272438699196575
      vertex 50.73940761671983 8.493481389317388 17
      vertex 50.620736727803546 8.517086496770775 15.25306648815435
    endloop
  endfacet
  facet normal -0.06540312923014642 -0.9978589232386034 0
    outer loop
      vertex 50.620736727803546 8.517086496770775 15.25306648815435
      vertex 50.620736727803546 8.517086496770775 17
      vertex 50.5 8.525 15.24657204389297
    endloop
  endfacet
  facet normal -0.44228869021899747 -0.8968727415326903 0
    outer loop
      vertex 50.9625 8.401073498500606 15.32949265153863
      vertex 50.9625 8.401073498500606 17
      vertex 50.853982174937705 8.45458856757294 15.300888251178291
    endloop
  endfacet
  facet normal -0.6593458151000647 -0.7518398074789809 0
    outer loop
      vertex 51.154073772597556 8.254073772597557 15.408065642015522
      vertex 51.154073772597556 8.254073772597557 17
      vertex 51.063104321833066 8.333851839769393 15.365423376707547
    endloop
  endfacet
  facet normal -0.5555702330196008 -0.8314696123025461 0
    outer loop
      vertex 51.063104321833066 8.333851839769393 15.365423376707547
      vertex 51.063104321833066 8.333851839769393 17
      vertex 50.9625 8.401073498500606 15.32949265153863
    endloop
  endfacet
  facet normal -0.3214394653031652 -0.9469301294951045 4.1029880668556713e-19
    outer loop
      vertex 50.81827152712773 8.466710699058808 15.294408836907635
      vertex 50.853982174937705 8.45458856757294 15.300888251178291
      vertex 50.853982174937705 8.45458856757294 17
    endloop
  endfacet
  facet normal -0.32143946530315903 -0.9469301294951065 -1.4195978005501623e-16
    outer loop
      vertex 50.81827152712773 8.466710699058808 15.294408836907635
      vertex 50.853982174937705 8.45458856757294 17
      vertex 50.73940761671983 8.493481389317388 15.272438699196575
    endloop
  endfacet
  facet normal 0.5555702330196008 -0.8314696123025461 0
    outer loop
      vertex 49.936895678166934 8.333851839769393 17
      vertex 49.936895678166934 8.333851839769393 15.365423376707547
      vertex 50.0375 8.401073498500606 17
    endloop
  endfacet
  facet normal 0.44228869021899747 -0.8968727415326903 0
    outer loop
      vertex 50.0375 8.401073498500606 17
      vertex 50.0375 8.401073498500606 15.32949265153863
      vertex 50.146017825062295 8.45458856757294 17
    endloop
  endfacet
  facet normal 0.321439465303161 -0.9469301294951058 0
    outer loop
      vertex 50.146017825062295 8.45458856757294 17
      vertex 50.146017825062295 8.45458856757294 15.300888251178291
      vertex 50.26059238328017 8.493481389317388 17
    endloop
  endfacet
  facet normal 0.19509032201612797 -0.9807852804032305 0
    outer loop
      vertex 50.26059238328017 8.493481389317388 17
      vertex 50.26059238328017 8.493481389317388 15.272438699196575
      vertex 50.379263272196454 8.517086496770775 17
    endloop
  endfacet
  facet normal 0.6593458151000648 -0.751839807478981 -1.02375942992834e-18
    outer loop
      vertex 49.936895678166934 8.333851839769393 17
      vertex 49.845926227402444 8.254073772597557 17
      vertex 49.845926227402444 8.254073772597557 15.408065642015524
    endloop
  endfacet
  facet normal 0.06540312923014642 -0.9978589232386034 0
    outer loop
      vertex 50.379263272196454 8.517086496770775 17
      vertex 50.379263272196454 8.517086496770775 15.25306648815435
      vertex 50.5 8.525 17
    endloop
  endfacet
  facet normal -0.06540312923014643 -0.9978589232386034 0
    outer loop
      vertex 50.5 8.525 17
      vertex 50.5 8.525 15.24657204389297
      vertex 50.620736727803546 8.517086496770775 17
    endloop
  endfacet
  facet normal -0.3214394653031609 -0.9469301294951059 0
    outer loop
      vertex 50.73940761671983 8.493481389317388 17
      vertex 50.73940761671983 8.493481389317388 15.272438699196575
      vertex 50.853982174937705 8.45458856757294 17
    endloop
  endfacet
  facet normal -0.19509032201612794 -0.9807852804032307 0
    outer loop
      vertex 50.620736727803546 8.517086496770775 17
      vertex 50.620736727803546 8.517086496770775 15.25306648815435
      vertex 50.73940761671983 8.493481389317388 17
    endloop
  endfacet
  facet normal -0.6593458151000647 -0.7518398074789809 0
    outer loop
      vertex 51.063104321833066 8.333851839769393 17
      vertex 51.063104321833066 8.333851839769393 15.365423376707547
      vertex 51.154073772597556 8.254073772597557 17
    endloop
  endfacet
  facet normal -0.5555702330196007 -0.8314696123025461 0
    outer loop
      vertex 50.9625 8.401073498500606 17
      vertex 50.9625 8.401073498500606 15.32949265153863
      vertex 51.063104321833066 8.333851839769393 17
    endloop
  endfacet
  facet normal -0.44228869021899747 -0.8968727415326903 0
    outer loop
      vertex 50.853982174937705 8.45458856757294 17
      vertex 50.853982174937705 8.45458856757294 15.300888251178291
      vertex 50.9625 8.401073498500606 17
    endloop
  endfacet
  facet normal 1 0 0
    outer loop
      vertex 42.9 -10.031370849898476 0.9686291501015238
      vertex 42.9 -10.66293922460509 0.8888595339607956
      vertex 42.9 -10.414213562373096 0.5857864376269049
    endloop
  endfacet
  facet normal 1 0 0
    outer loop
      vertex 42.9 -9.212144515225805 0.5307435513548313
      vertex 42.9 -10.111140466039204 0.33706077539490953
      vertex 42.9 -9.76536686473018 0.15224093497742652
    endloop
  endfacet
  facet normal 1 0 0
    outer loop
      vertex 42.9 -9.788912372831364 0.7696486203159276
      vertex 42.9 -10.414213562373096 0.5857864376269049
      vertex 42.9 -10.111140466039204 0.33706077539490953
    endloop
  endfacet
  facet normal 1 0 0
    outer loop
      vertex 42.9 -9.788912372831364 0.7696486203159276
      vertex 42.9 -10.031370849898476 0.9686291501015238
      vertex 42.9 -10.414213562373096 0.5857864376269049
    endloop
  endfacet
  facet normal 1 0 0
    outer loop
      vertex 42.9 -10.230351379684073 1.2110876271686366
      vertex 42.9 -10.66293922460509 0.8888595339607956
      vertex 42.9 -10.031370849898476 0.9686291501015238
    endloop
  endfacet
  facet normal 1 0 0
    outer loop
      vertex 42.9 -9.788912372831364 0.7696486203159276
      vertex 42.9 -10.111140466039204 0.33706077539490953
      vertex 42.9 -9.512293491784144 0.6217927479819412
    endloop
  endfacet
  facet normal -1 0 0
    outer loop
      vertex 45.1 -10.37820725201806 1.4877065082158563
      vertex 45.1 -10.414213562373096 0.5857864376269049
      vertex 45.1 -10.66293922460509 0.8888595339607956
    endloop
  endfacet
  facet normal -1 0 0
    outer loop
      vertex 45.1 -9.788912372831364 0.7696486203159276
      vertex 45.1 -9.76536686473018 0.15224093497742652
      vertex 45.1 -10.111140466039204 0.33706077539490953
    endloop
  endfacet
  facet normal -1 0 0
    outer loop
      vertex 45.1 -9.788912372831364 0.7696486203159276
      vertex 45.1 -9.512293491784144 0.6217927479819412
      vertex 45.1 -9.76536686473018 0.15224093497742652
    endloop
  endfacet
  facet normal -1 0 0
    outer loop
      vertex 45.1 -10.031370849898476 0.9686291501015238
      vertex 45.1 -10.111140466039204 0.33706077539490953
      vertex 45.1 -10.414213562373096 0.5857864376269049
    endloop
  endfacet
  facet normal -1 0 0
    outer loop
      vertex 45.1 -9.788912372831364 0.7696486203159276
      vertex 45.1 -10.111140466039204 0.33706077539490953
      vertex 45.1 -10.031370849898476 0.9686291501015238
    endloop
  endfacet
  facet normal -1 0 0
    outer loop
      vertex 45.1 -10.230351379684073 1.2110876271686366
      vertex 45.1 -10.031370849898476 0.9686291501015238
      vertex 45.1 -10.414213562373096 0.5857864376269049
    endloop
  endfacet
  facet normal 1 0 0
    outer loop
      vertex 42.9 -10.37820725201806 1.4877065082158563
      vertex 42.9 -10.847759065022574 1.2346331352698203
      vertex 42.9 -10.66293922460509 0.8888595339607956
    endloop
  endfacet
  facet normal 1 0 0
    outer loop
      vertex 42.9 -10.230351379684073 1.2110876271686366
      vertex 42.9 -10.37820725201806 1.4877065082158563
      vertex 42.9 -10.66293922460509 0.8888595339607956
    endloop
  endfacet
  facet normal 1 0 0
    outer loop
      vertex 42.9 -10.37820725201806 1.4877065082158563
      vertex 42.9 -10.469256448645169 1.787855484774195
      vertex 42.9 -10.847759065022574 1.2346331352698203
    endloop
  endfacet
  facet normal 1 0 0
    outer loop
      vertex 42.9 -10.5 2.1
      vertex 42.9 -10.96157056080646 1.6098193559677436
      vertex 42.9 -10.847759065022574 1.2346331352698203
    endloop
  endfacet
  facet normal 1 0 0
    outer loop
      vertex 42.9 -10.5 2.1
      vertex 42.9 -11 2
      vertex 42.9 -10.96157056080646 1.6098193559677436
    endloop
  endfacet
  facet normal 1 0 0
    outer loop
      vertex 42.9 -10.469256448645169 1.787855484774195
      vertex 42.9 -10.5 2.1
      vertex 42.9 -10.847759065022574 1.2346331352698203
    endloop
  endfacet
  facet normal -1 0 0
    outer loop
      vertex 45.1 -10.5 2.1
      vertex 45.1 -10.66293922460509 0.8888595339607956
      vertex 45.1 -10.847759065022574 1.2346331352698203
    endloop
  endfacet
  facet normal -1 0 0
    outer loop
      vertex 45.1 -10.230351379684073 1.2110876271686366
      vertex 45.1 -10.414213562373096 0.5857864376269049
      vertex 45.1 -10.37820725201806 1.4877065082158563
    endloop
  endfacet
  facet normal -1 0 0
    outer loop
      vertex 45.1 -10.37820725201806 1.4877065082158563
      vertex 45.1 -10.66293922460509 0.8888595339607956
      vertex 45.1 -10.469256448645169 1.787855484774195
    endloop
  endfacet
  facet normal -1 0 0
    outer loop
      vertex 45.1 -10.469256448645169 1.787855484774195
      vertex 45.1 -10.66293922460509 0.8888595339607956
      vertex 45.1 -10.5 2.1
    endloop
  endfacet
  facet normal -1 0 0
    outer loop
      vertex 45.1 -10.5 2.1
      vertex 45.1 -10.847759065022574 1.2346331352698203
      vertex 45.1 -10.96157056080646 1.6098193559677436
    endloop
  endfacet
  facet normal -1 0 0
    outer loop
      vertex 45.1 -10.5 2.1
      vertex 45.1 -10.96157056080646 1.6098193559677436
      vertex 45.1 -11 2
    endloop
  endfacet
  facet normal 1 0 0
    outer loop
      vertex 42.9 -8.9 0.5
      vertex 42.9 -9.76536686473018 0.15224093497742652
      vertex 42.9 -9.390180644032256 0.03842943919353914
    endloop
  endfacet
  facet normal 1 0 0
    outer loop
      vertex 42.9 -9.512293491784144 0.6217927479819412
      vertex 42.9 -10.111140466039204 0.33706077539490953
      vertex 42.9 -9.212144515225805 0.5307435513548313
    endloop
  endfacet
  facet normal 1 0 0
    outer loop
      vertex 42.9 -9.212144515225805 0.5307435513548313
      vertex 42.9 -9.76536686473018 0.15224093497742652
      vertex 42.9 -8.9 0.5
    endloop
  endfacet
  facet normal 1 0 0
    outer loop
      vertex 42.9 -8.9 0.5
      vertex 42.9 -9.390180644032256 0.03842943919353914
      vertex 42.9 -9 0
    endloop
  endfacet
  facet normal -1 0 0
    outer loop
      vertex 45.1 -9.212144515225805 0.5307435513548313
      vertex 45.1 -9.390180644032256 0.03842943919353914
      vertex 45.1 -9.76536686473018 0.15224093497742652
    endloop
  endfacet
  facet normal -1 0 0
    outer loop
      vertex 45.1 -9.512293491784144 0.6217927479819412
      vertex 45.1 -9.212144515225805 0.5307435513548313
      vertex 45.1 -9.76536686473018 0.15224093497742652
    endloop
  endfacet
  facet normal -1 0 0
    outer loop
      vertex 45.1 -8.9 0.5
      vertex 45.1 -9 0
      vertex 45.1 -9.390180644032256 0.03842943919353914
    endloop
  endfacet
  facet normal -1 0 0
    outer loop
      vertex 45.1 -9.212144515225805 0.5307435513548313
      vertex 45.1 -8.9 0.5
      vertex 45.1 -9.390180644032256 0.03842943919353914
    endloop
  endfacet
  facet normal 1 0 0
    outer loop
      vertex 42.9 -10.5 2.1
      vertex 42.9 -11 15
      vertex 42.9 -11 2
    endloop
  endfacet
  facet normal -1 0 0
    outer loop
      vertex 45.1 -10.5 2.1
      vertex 45.1 -11 2
      vertex 45.1 -10.5 14.9
    endloop
  endfacet
  facet normal 1 0 0
    outer loop
      vertex 42.9 -8.9 0.5
      vertex 42.9 -9 0
      vertex 42.9 8.9 0.5
    endloop
  endfacet
  facet normal -1 0 0
    outer loop
      vertex 45.1 -8.9 0.5
      vertex 45.1 9 0
      vertex 45.1 -9 0
    endloop
  endfacet
  facet normal 1 0 0
    outer loop
      vertex 42.9 -10.5 2.1
      vertex 42.9 -10.5 14.9
      vertex 42.9 -11 15
    endloop
  endfacet
  facet normal -1 0 0
    outer loop
      vertex 45.1 -10.5 14.9
      vertex 45.1 -11 2
      vertex 45.1 -11 15
    endloop
  endfacet
  facet normal 1 0 0
    outer loop
      vertex 42.9 -11 15
      vertex 42.9 -10.847759065022574 15.76536686473018
      vertex 42.9 -10.96157056080646 15.390180644032256
    endloop
  endfacet
  facet normal 1 0 0
    outer loop
      vertex 42.9 -10.66293922460509 16.111140466039203
      vertex 42.9 -10.847759065022574 15.76536686473018
      vertex 42.9 -11 15
    endloop
  endfacet
  facet normal 1 0 0
    outer loop
      vertex 42.9 -10.66293922460509 16.111140466039203
      vertex 42.9 -11 15
      vertex 42.9 -10.414213562373096 16.414213562373096
    endloop
  endfacet
  facet normal 1 0 0
    outer loop
      vertex 42.9 -10.5 14.9
      vertex 42.9 -10.414213562373096 16.414213562373096
      vertex 42.9 -11 15
    endloop
  endfacet
  facet normal 1 0 0
    outer loop
      vertex 42.9 -10.5 14.9
      vertex 42.9 -10.469256448645169 15.212144515225805
      vertex 42.9 -10.414213562373096 16.414213562373096
    endloop
  endfacet
  facet normal 1 0 0
    outer loop
      vertex 42.9 -10.469256448645169 15.212144515225805
      vertex 42.9 -10.37820725201806 15.512293491784144
      vertex 42.9 -10.414213562373096 16.414213562373096
    endloop
  endfacet
  facet normal -1 0 0
    outer loop
      vertex 45.1 -11 15
      vertex 45.1 -10.96157056080646 15.390180644032256
      vertex 45.1 -10.847759065022574 15.76536686473018
    endloop
  endfacet
  facet normal -1 0 0
    outer loop
      vertex 45.1 -10.5 14.9
      vertex 45.1 -11 15
      vertex 45.1 -10.847759065022574 15.76536686473018
    endloop
  endfacet
  facet normal -1 0 0
    outer loop
      vertex 45.1 -10.5 14.9
      vertex 45.1 -10.847759065022574 15.76536686473018
      vertex 45.1 -10.469256448645169 15.212144515225805
    endloop
  endfacet
  facet normal -1 0 0
    outer loop
      vertex 45.1 -10.469256448645169 15.212144515225805
      vertex 45.1 -10.847759065022574 15.76536686473018
      vertex 45.1 -10.37820725201806 15.512293491784144
    endloop
  endfacet
  facet normal -1 0 0
    outer loop
      vertex 45.1 -10.37820725201806 15.512293491784144
      vertex 45.1 -10.847759065022574 15.76536686473018
      vertex 45.1 -10.66293922460509 16.111140466039203
    endloop
  endfacet
  facet normal -1 0 0
    outer loop
      vertex 45.1 -10.37820725201806 15.512293491784144
      vertex 45.1 -10.66293922460509 16.111140466039203
      vertex 45.1 -10.230351379684073 15.788912372831364
    endloop
  endfacet
  facet normal 1 0 0
    outer loop
      vertex 42.9 -10.37820725201806 15.512293491784144
      vertex 42.9 -10.230351379684073 15.788912372831364
      vertex 42.9 -10.111140466039204 16.66293922460509
    endloop
  endfacet
  facet normal 1 0 0
    outer loop
      vertex 42.9 -10.37820725201806 15.512293491784144
      vertex 42.9 -10.111140466039204 16.66293922460509
      vertex 42.9 -10.414213562373096 16.414213562373096
    endloop
  endfacet
  facet normal 1 0 0
    outer loop
      vertex 42.9 -10.230351379684073 15.788912372831364
      vertex 42.9 -10.031370849898476 16.031370849898476
      vertex 42.9 -10.111140466039204 16.66293922460509
    endloop
  endfacet
  facet normal 1 0 0
    outer loop
      vertex 42.9 -10.031370849898476 16.031370849898476
      vertex 42.9 -9.788912372831364 16.230351379684073
      vertex 42.9 -10.111140466039204 16.66293922460509
    endloop
  endfacet
  facet normal 1 0 0
    outer loop
      vertex 42.9 -9.788912372831364 16.230351379684073
      vertex 42.9 -9.76536686473018 16.847759065022572
      vertex 42.9 -10.111140466039204 16.66293922460509
    endloop
  endfacet
  facet normal 1 0 0
    outer loop
      vertex 42.9 -9.788912372831364 16.230351379684073
      vertex 42.9 -9.512293491784144 16.378207252018058
      vertex 42.9 -9.76536686473018 16.847759065022572
    endloop
  endfacet
  facet normal -1 0 0
    outer loop
      vertex 45.1 -10.031370849898476 16.031370849898476
      vertex 45.1 -10.66293922460509 16.111140466039203
      vertex 45.1 -10.414213562373096 16.414213562373096
    endloop
  endfacet
  facet normal -1 0 0
    outer loop
      vertex 45.1 -10.230351379684073 15.788912372831364
      vertex 45.1 -10.66293922460509 16.111140466039203
      vertex 45.1 -10.031370849898476 16.031370849898476
    endloop
  endfacet
  facet normal -1 0 0
    outer loop
      vertex 45.1 -10.031370849898476 16.031370849898476
      vertex 45.1 -10.414213562373096 16.414213562373096
      vertex 45.1 -9.788912372831364 16.230351379684073
    endloop
  endfacet
  facet normal -1 0 0
    outer loop
      vertex 45.1 -9.788912372831364 16.230351379684073
      vertex 45.1 -10.414213562373096 16.414213562373096
      vertex 45.1 -10.111140466039204 16.66293922460509
    endloop
  endfacet
  facet normal -1 0 0
    outer loop
      vertex 45.1 -9.788912372831364 16.230351379684073
      vertex 45.1 -10.111140466039204 16.66293922460509
      vertex 45.1 -9.512293491784144 16.378207252018058
    endloop
  endfacet
  facet normal -1 0 0
    outer loop
      vertex 45.1 -9.212144515225805 16.46925644864517
      vertex 45.1 -10.111140466039204 16.66293922460509
      vertex 45.1 -9.76536686473018 16.847759065022572
    endloop
  endfacet
  facet normal 1 0 0
    outer loop
      vertex 42.9 -9.512293491784144 16.378207252018058
      vertex 42.9 -9.390180644032256 16.96157056080646
      vertex 42.9 -9.76536686473018 16.847759065022572
    endloop
  endfacet
  facet normal 1 0 0
    outer loop
      vertex 42.9 -9.512293491784144 16.378207252018058
      vertex 42.9 -9.212144515225805 16.46925644864517
      vertex 42.9 -9.390180644032256 16.96157056080646
    endloop
  endfacet
  facet normal 1 0 0
    outer loop
      vertex 42.9 -9.212144515225805 16.46925644864517
      vertex 42.9 -8.9 16.5
      vertex 42.9 -9 17
    endloop
  endfacet
  facet normal 1 0 0
    outer loop
      vertex 42.9 -9.212144515225805 16.46925644864517
      vertex 42.9 -9 17
      vertex 42.9 -9.390180644032256 16.96157056080646
    endloop
  endfacet
  facet normal -1 0 0
    outer loop
      vertex 45.1 -9.512293491784144 16.378207252018058
      vertex 45.1 -10.111140466039204 16.66293922460509
      vertex 45.1 -9.212144515225805 16.46925644864517
    endloop
  endfacet
  facet normal -1 0 0
    outer loop
      vertex 45.1 -9.212144515225805 16.46925644864517
      vertex 45.1 -9.76536686473018 16.847759065022572
      vertex 45.1 -8.9 16.5
    endloop
  endfacet
  facet normal -1 0 0
    outer loop
      vertex 45.1 -8.9 16.5
      vertex 45.1 -9.76536686473018 16.847759065022572
      vertex 45.1 -9.390180644032256 16.96157056080646
    endloop
  endfacet
  facet normal -1 0 0
    outer loop
      vertex 45.1 -8.9 16.5
      vertex 45.1 -9.390180644032256 16.96157056080646
      vertex 45.1 -9 17
    endloop
  endfacet
  facet normal 1 0 0
    outer loop
      vertex 42.9 -8.9 16.5
      vertex 42.9 9 17
      vertex 42.9 -9 17
    endloop
  endfacet
  facet normal -1 0 0
    outer loop
      vertex 45.1 -8.9 16.5
      vertex 45.1 -9 17
      vertex 45.1 8.9 16.5
    endloop
  endfacet
  facet normal 1 0 0
    outer loop
      vertex 42.9 9.390180644032256 0.03842943919353914
      vertex 42.9 -9 0
      vertex 42.9 9 0
    endloop
  endfacet
  facet normal 1 0 0
    outer loop
      vertex 42.9 9.390180644032256 0.03842943919353914
      vertex 42.9 9.76536686473018 0.15224093497742652
      vertex 42.9 -9 0
    endloop
  endfacet
  facet normal 1 0 0
    outer loop
      vertex 42.9 8.9 0.5
      vertex 42.9 -9 0
      vertex 42.9 10.111140466039204 0.33706077539490953
    endloop
  endfacet
  facet normal 1 0 0
    outer loop
      vertex 42.9 10.111140466039204 0.33706077539490953
      vertex 42.9 -9 0
      vertex 42.9 9.76536686473018 0.15224093497742652
    endloop
  endfacet
  facet normal -1 0 0
    outer loop
      vertex 45.1 -8.9 0.5
      vertex 45.1 8.9 0.5
      vertex 45.1 9 0
    endloop
  endfacet
  facet normal 1 0 0
    outer loop
      vertex 42.9 8.9 0.5
      vertex 42.9 10.111140466039204 0.33706077539490953
      vertex 42.9 9.212144515225805 0.5307435513548313
    endloop
  endfacet
  facet normal 1 0 0
    outer loop
      vertex 42.9 9.212144515225805 0.5307435513548313
      vertex 42.9 10.111140466039204 0.33706077539490953
      vertex 42.9 9.512293491784144 0.6217927479819412
    endloop
  endfacet
  facet normal -1 0 0
    outer loop
      vertex 45.1 8.9 0.5
      vertex 45.1 9.390180644032256 0.03842943919353914
      vertex 45.1 9 0
    endloop
  endfacet
  facet normal -1 0 0
    outer loop
      vertex 45.1 8.9 0.5
      vertex 45.1 9.76536686473018 0.15224093497742652
      vertex 45.1 9.390180644032256 0.03842943919353914
    endloop
  endfacet
  facet normal -1 0 0
    outer loop
      vertex 45.1 8.9 0.5
      vertex 45.1 9.212144515225805 0.5307435513548313
      vertex 45.1 9.76536686473018 0.15224093497742652
    endloop
  endfacet
  facet normal -1 0 0
    outer loop
      vertex 45.1 9.212144515225805 0.5307435513548313
      vertex 45.1 9.512293491784144 0.6217927479819412
      vertex 45.1 10.111140466039204 0.33706077539490953
    endloop
  endfacet
  facet normal 1 0 0
    outer loop
      vertex 42.9 9.512293491784144 0.6217927479819412
      vertex 42.9 10.111140466039204 0.33706077539490953
      vertex 42.9 10.414213562373096 0.5857864376269049
    endloop
  endfacet
  facet normal 1 0 0
    outer loop
      vertex 42.9 9.512293491784144 0.6217927479819412
      vertex 42.9 10.414213562373096 0.5857864376269049
      vertex 42.9 9.788912372831364 0.7696486203159276
    endloop
  endfacet
  facet normal 1 0 0
    outer loop
      vertex 42.9 9.788912372831364 0.7696486203159276
      vertex 42.9 10.414213562373096 0.5857864376269049
      vertex 42.9 10.031370849898476 0.9686291501015238
    endloop
  endfacet
  facet normal 1 0 0
    outer loop
      vertex 42.9 10.031370849898476 0.9686291501015238
      vertex 42.9 10.414213562373096 0.5857864376269049
      vertex 42.9 10.230351379684073 1.2110876271686366
    endloop
  endfacet
  facet normal 1 0 0
    outer loop
      vertex 42.9 10.230351379684073 1.2110876271686366
      vertex 42.9 10.414213562373096 0.5857864376269049
      vertex 42.9 10.66293922460509 0.8888595339607956
    endloop
  endfacet
  facet normal -1 0 0
    outer loop
      vertex 45.1 9.212144515225805 0.5307435513548313
      vertex 45.1 10.111140466039204 0.33706077539490953
      vertex 45.1 9.76536686473018 0.15224093497742652
    endloop
  endfacet
  facet normal -1 0 0
    outer loop
      vertex 45.1 9.512293491784144 0.6217927479819412
      vertex 45.1 9.788912372831364 0.7696486203159276
      vertex 45.1 10.111140466039204 0.33706077539490953
    endloop
  endfacet
  facet normal -1 0 0
    outer loop
      vertex 45.1 9.788912372831364 0.7696486203159276
      vertex 45.1 10.414213562373096 0.5857864376269049
      vertex 45.1 10.111140466039204 0.33706077539490953
    endloop
  endfacet
  facet normal -1 0 0
    outer loop
      vertex 45.1 9.788912372831364 0.7696486203159276
      vertex 45.1 10.031370849898476 0.9686291501015238
      vertex 45.1 10.414213562373096 0.5857864376269049
    endloop
  endfacet
  facet normal -1 0 0
    outer loop
      vertex 45.1 10.031370849898476 0.9686291501015238
      vertex 45.1 10.230351379684073 1.2110876271686366
      vertex 45.1 10.66293922460509 0.8888595339607956
    endloop
  endfacet
  facet normal -1 0 0
    outer loop
      vertex 45.1 10.031370849898476 0.9686291501015238
      vertex 45.1 10.66293922460509 0.8888595339607956
      vertex 45.1 10.414213562373096 0.5857864376269049
    endloop
  endfacet
  facet normal 1 0 0
    outer loop
      vertex 42.9 10.230351379684073 1.2110876271686366
      vertex 42.9 10.66293922460509 0.8888595339607956
      vertex 42.9 10.37820725201806 1.4877065082158563
    endloop
  endfacet
  facet normal 1 0 0
    outer loop
      vertex 42.9 10.37820725201806 1.4877065082158563
      vertex 42.9 10.66293922460509 0.8888595339607956
      vertex 42.9 10.847759065022574 1.2346331352698203
    endloop
  endfacet
  facet normal 1 0 0
    outer loop
      vertex 42.9 10.37820725201806 1.4877065082158563
      vertex 42.9 10.847759065022574 1.2346331352698203
      vertex 42.9 10.469256448645169 1.787855484774195
    endloop
  endfacet
  facet normal 1 0 0
    outer loop
      vertex 42.9 10.469256448645169 1.787855484774195
      vertex 42.9 10.847759065022574 1.2346331352698203
      vertex 42.9 10.96157056080646 1.6098193559677436
    endloop
  endfacet
  facet normal 1 0 0
    outer loop
      vertex 42.9 10.469256448645169 1.787855484774195
      vertex 42.9 10.96157056080646 1.6098193559677436
      vertex 42.9 10.5 2.1
    endloop
  endfacet
  facet normal 1 0 0
    outer loop
      vertex 42.9 10.5 2.1
      vertex 42.9 10.96157056080646 1.6098193559677436
      vertex 42.9 11 2
    endloop
  endfacet
  facet normal -1 0 0
    outer loop
      vertex 45.1 10.230351379684073 1.2110876271686366
      vertex 45.1 10.37820725201806 1.4877065082158563
      vertex 45.1 10.66293922460509 0.8888595339607956
    endloop
  endfacet
  facet normal -1 0 0
    outer loop
      vertex 45.1 10.37820725201806 1.4877065082158563
      vertex 45.1 10.847759065022574 1.2346331352698203
      vertex 45.1 10.66293922460509 0.8888595339607956
    endloop
  endfacet
  facet normal -1 0 0
    outer loop
      vertex 45.1 10.37820725201806 1.4877065082158563
      vertex 45.1 10.469256448645169 1.787855484774195
      vertex 45.1 10.847759065022574 1.2346331352698203
    endloop
  endfacet
  facet normal -1 0 0
    outer loop
      vertex 45.1 10.469256448645169 1.787855484774195
      vertex 45.1 10.5 2.1
      vertex 45.1 10.847759065022574 1.2346331352698203
    endloop
  endfacet
  facet normal -1 0 0
    outer loop
      vertex 45.1 10.5 2.1
      vertex 45.1 10.96157056080646 1.6098193559677436
      vertex 45.1 10.847759065022574 1.2346331352698203
    endloop
  endfacet
  facet normal -1 0 0
    outer loop
      vertex 45.1 10.5 2.1
      vertex 45.1 11 2
      vertex 45.1 10.96157056080646 1.6098193559677436
    endloop
  endfacet
  facet normal 1 0 0
    outer loop
      vertex 42.9 10.5 2.1
      vertex 42.9 11 2
      vertex 42.9 10.5 14.9
    endloop
  endfacet
  facet normal -1 0 0
    outer loop
      vertex 45.1 10.5 2.1
      vertex 45.1 11 15
      vertex 45.1 11 2
    endloop
  endfacet
  facet normal 1 0 0
    outer loop
      vertex 42.9 -8.9 16.5
      vertex 42.9 8.9 16.5
      vertex 42.9 9 17
    endloop
  endfacet
  facet normal -1 0 0
    outer loop
      vertex 45.1 8.9 16.5
      vertex 45.1 -9 17
      vertex 45.1 9 17
    endloop
  endfacet
  facet normal 1 0 0
    outer loop
      vertex 42.9 10.5 14.9
      vertex 42.9 11 2
      vertex 42.9 11 15
    endloop
  endfacet
  facet normal -1 0 0
    outer loop
      vertex 45.1 10.5 2.1
      vertex 45.1 10.5 14.9
      vertex 45.1 11 15
    endloop
  endfacet
  facet normal 1 0 0
    outer loop
      vertex 42.9 8.9 16.5
      vertex 42.9 9.390180644032256 16.96157056080646
      vertex 42.9 9 17
    endloop
  endfacet
  facet normal 1 0 0
    outer loop
      vertex 42.9 8.9 16.5
      vertex 42.9 9.212144515225805 16.46925644864517
      vertex 42.9 9.76536686473018 16.847759065022572
    endloop
  endfacet
  facet normal 1 0 0
    outer loop
      vertex 42.9 9.212144515225805 16.46925644864517
      vertex 42.9 9.512293491784144 16.378207252018058
      vertex 42.9 10.111140466039204 16.66293922460509
    endloop
  endfacet
  facet normal 1 0 0
    outer loop
      vertex 42.9 8.9 16.5
      vertex 42.9 9.76536686473018 16.847759065022572
      vertex 42.9 9.390180644032256 16.96157056080646
    endloop
  endfacet
  facet normal -1 0 0
    outer loop
      vertex 45.1 8.9 16.5
      vertex 45.1 9.390180644032256 16.96157056080646
      vertex 45.1 9.212144515225805 16.46925644864517
    endloop
  endfacet
  facet normal -1 0 0
    outer loop
      vertex 45.1 8.9 16.5
      vertex 45.1 9 17
      vertex 45.1 9.390180644032256 16.96157056080646
    endloop
  endfacet
  facet normal -1 0 0
    outer loop
      vertex 45.1 9.212144515225805 16.46925644864517
      vertex 45.1 9.76536686473018 16.847759065022572
      vertex 45.1 9.512293491784144 16.378207252018058
    endloop
  endfacet
  facet normal -1 0 0
    outer loop
      vertex 45.1 9.212144515225805 16.46925644864517
      vertex 45.1 9.390180644032256 16.96157056080646
      vertex 45.1 9.76536686473018 16.847759065022572
    endloop
  endfacet
  facet normal 1 0 0
    outer loop
      vertex 42.9 10.469256448645169 15.212144515225805
      vertex 42.9 10.5 14.9
      vertex 42.9 11 15
    endloop
  endfacet
  facet normal 1 0 0
    outer loop
      vertex 42.9 10.469256448645169 15.212144515225805
      vertex 42.9 11 15
      vertex 42.9 10.96157056080646 15.390180644032256
    endloop
  endfacet
  facet normal 1 0 0
    outer loop
      vertex 42.9 10.469256448645169 15.212144515225805
      vertex 42.9 10.847759065022574 15.76536686473018
      vertex 42.9 10.37820725201806 15.512293491784144
    endloop
  endfacet
  facet normal 1 0 0
    outer loop
      vertex 42.9 10.37820725201806 15.512293491784144
      vertex 42.9 10.66293922460509 16.111140466039203
      vertex 42.9 10.230351379684073 15.788912372831364
    endloop
  endfacet
  facet normal 1 0 0
    outer loop
      vertex 42.9 10.37820725201806 15.512293491784144
      vertex 42.9 10.847759065022574 15.76536686473018
      vertex 42.9 10.66293922460509 16.111140466039203
    endloop
  endfacet
  facet normal 1 0 0
    outer loop
      vertex 42.9 10.469256448645169 15.212144515225805
      vertex 42.9 10.96157056080646 15.390180644032256
      vertex 42.9 10.847759065022574 15.76536686473018
    endloop
  endfacet
  facet normal -1 0 0
    outer loop
      vertex 45.1 10.5 14.9
      vertex 45.1 10.96157056080646 15.390180644032256
      vertex 45.1 11 15
    endloop
  endfacet
  facet normal -1 0 0
    outer loop
      vertex 45.1 10.5 14.9
      vertex 45.1 10.847759065022574 15.76536686473018
      vertex 45.1 10.96157056080646 15.390180644032256
    endloop
  endfacet
  facet normal -1 0 0
    outer loop
      vertex 45.1 10.469256448645169 15.212144515225805
      vertex 45.1 10.66293922460509 16.111140466039203
      vertex 45.1 10.5 14.9
    endloop
  endfacet
  facet normal -1 0 0
    outer loop
      vertex 45.1 10.469256448645169 15.212144515225805
      vertex 45.1 10.37820725201806 15.512293491784144
      vertex 45.1 10.66293922460509 16.111140466039203
    endloop
  endfacet
  facet normal -1 0 0
    outer loop
      vertex 45.1 10.37820725201806 15.512293491784144
      vertex 45.1 10.230351379684073 15.788912372831364
      vertex 45.1 10.414213562373096 16.414213562373096
    endloop
  endfacet
  facet normal -1 0 0
    outer loop
      vertex 45.1 10.5 14.9
      vertex 45.1 10.66293922460509 16.111140466039203
      vertex 45.1 10.847759065022574 15.76536686473018
    endloop
  endfacet
  facet normal 1 0 0
    outer loop
      vertex 42.9 9.512293491784144 16.378207252018058
      vertex 42.9 9.788912372831364 16.230351379684073
      vertex 42.9 10.111140466039204 16.66293922460509
    endloop
  endfacet
  facet normal 1 0 0
    outer loop
      vertex 42.9 10.031370849898476 16.031370849898476
      vertex 42.9 10.230351379684073 15.788912372831364
      vertex 42.9 10.66293922460509 16.111140466039203
    endloop
  endfacet
  facet normal 1 0 0
    outer loop
      vertex 42.9 10.031370849898476 16.031370849898476
      vertex 42.9 10.414213562373096 16.414213562373096
      vertex 42.9 9.788912372831364 16.230351379684073
    endloop
  endfacet
  facet normal 1 0 0
    outer loop
      vertex 42.9 9.788912372831364 16.230351379684073
      vertex 42.9 10.414213562373096 16.414213562373096
      vertex 42.9 10.111140466039204 16.66293922460509
    endloop
  endfacet
  facet normal 1 0 0
    outer loop
      vertex 42.9 9.212144515225805 16.46925644864517
      vertex 42.9 10.111140466039204 16.66293922460509
      vertex 42.9 9.76536686473018 16.847759065022572
    endloop
  endfacet
  facet normal 1 0 0
    outer loop
      vertex 42.9 10.031370849898476 16.031370849898476
      vertex 42.9 10.66293922460509 16.111140466039203
      vertex 42.9 10.414213562373096 16.414213562373096
    endloop
  endfacet
  facet normal -1 0 0
    outer loop
      vertex 45.1 10.031370849898476 16.031370849898476
      vertex 45.1 10.414213562373096 16.414213562373096
      vertex 45.1 10.230351379684073 15.788912372831364
    endloop
  endfacet
  facet normal -1 0 0
    outer loop
      vertex 45.1 10.031370849898476 16.031370849898476
      vertex 45.1 9.788912372831364 16.230351379684073
      vertex 45.1 10.111140466039204 16.66293922460509
    endloop
  endfacet
  facet normal -1 0 0
    outer loop
      vertex 45.1 10.031370849898476 16.031370849898476
      vertex 45.1 10.111140466039204 16.66293922460509
      vertex 45.1 10.414213562373096 16.414213562373096
    endloop
  endfacet
  facet normal -1 0 0
    outer loop
      vertex 45.1 9.512293491784144 16.378207252018058
      vertex 45.1 9.76536686473018 16.847759065022572
      vertex 45.1 9.788912372831364 16.230351379684073
    endloop
  endfacet
  facet normal -1 0 0
    outer loop
      vertex 45.1 9.788912372831364 16.230351379684073
      vertex 45.1 9.76536686473018 16.847759065022572
      vertex 45.1 10.111140466039204 16.66293922460509
    endloop
  endfacet
  facet normal -1 0 0
    outer loop
      vertex 45.1 10.37820725201806 15.512293491784144
      vertex 45.1 10.414213562373096 16.414213562373096
      vertex 45.1 10.66293922460509 16.111140466039203
    endloop
  endfacet
  facet normal 0 -0.47139673682599736 -0.881921264348355
    outer loop
      vertex 42.9 -9.788912372831364 0.7696486203159276
      vertex 42.9 -9.512293491784144 0.6217927479819412
      vertex 45.1 -9.788912372831364 0.7696486203159276
    endloop
  endfacet
  facet normal -7.212741178851385e-19 -0.6343932841636458 -0.7730104533627367
    outer loop
      vertex 42.9 -9.788912372831364 0.7696486203159276
      vertex 45.1 -10.031370849898476 0.9686291501015238
      vertex 42.9 -10.031370849898476 0.9686291501015238
    endloop
  endfacet
  facet normal 0 -0.7730104533627358 -0.6343932841636469
    outer loop
      vertex 42.9 -10.031370849898476 0.9686291501015238
      vertex 45.1 -10.031370849898476 0.9686291501015238
      vertex 45.1 -10.230351379684073 1.2110876271686366
    endloop
  endfacet
  facet normal 0 -0.6343932841636458 -0.7730104533627367
    outer loop
      vertex 42.9 -9.788912372831364 0.7696486203159276
      vertex 45.1 -9.788912372831364 0.7696486203159276
      vertex 45.1 -10.031370849898476 0.9686291501015238
    endloop
  endfacet
  facet normal 2.987498784486662e-19 -0.8819212643483552 -0.47139673682599753
    outer loop
      vertex 42.9 -10.230351379684073 1.2110876271686366
      vertex 45.1 -10.37820725201806 1.4877065082158563
      vertex 42.9 -10.37820725201806 1.4877065082158563
    endloop
  endfacet
  facet normal 1.9128531833567836e-18 -0.9569403357322096 -0.29028467725446
    outer loop
      vertex 42.9 -10.37820725201806 1.4877065082158563
      vertex 45.1 -10.469256448645169 1.787855484774195
      vertex 42.9 -10.469256448645169 1.787855484774195
    endloop
  endfacet
  facet normal 9.336534075205781e-19 -0.9951847266721969 -0.09801714032956074
    outer loop
      vertex 42.9 -10.469256448645169 1.787855484774195
      vertex 45.1 -10.5 2.1
      vertex 42.9 -10.5 2.1
    endloop
  endfacet
  facet normal 0 -0.7730104533627358 -0.6343932841636469
    outer loop
      vertex 42.9 -10.230351379684073 1.2110876271686366
      vertex 42.9 -10.031370849898476 0.9686291501015238
      vertex 45.1 -10.230351379684073 1.2110876271686366
    endloop
  endfacet
  facet normal 0 -0.9569403357322096 -0.29028467725446
    outer loop
      vertex 42.9 -10.37820725201806 1.4877065082158563
      vertex 45.1 -10.37820725201806 1.4877065082158563
      vertex 45.1 -10.469256448645169 1.787855484774195
    endloop
  endfacet
  facet normal 0 -0.9951847266721969 -0.09801714032956074
    outer loop
      vertex 42.9 -10.469256448645169 1.787855484774195
      vertex 45.1 -10.469256448645169 1.787855484774195
      vertex 45.1 -10.5 2.1
    endloop
  endfacet
  facet normal 0 -0.8819212643483552 -0.47139673682599753
    outer loop
      vertex 42.9 -10.230351379684073 1.2110876271686366
      vertex 45.1 -10.230351379684073 1.2110876271686366
      vertex 45.1 -10.37820725201806 1.4877065082158563
    endloop
  endfacet
  facet normal 0 -0.09801714032956074 -0.9951847266721969
    outer loop
      vertex 42.9 -9.212144515225805 0.5307435513548313
      vertex 42.9 -8.9 0.5
      vertex 45.1 -9.212144515225805 0.5307435513548313
    endloop
  endfacet
  facet normal 0 -0.29028467725446233 -0.9569403357322089
    outer loop
      vertex 42.9 -9.512293491784144 0.6217927479819412
      vertex 42.9 -9.212144515225805 0.5307435513548313
      vertex 45.1 -9.512293491784144 0.6217927479819412
    endloop
  endfacet
  facet normal 0 -0.09801714032956074 -0.9951847266721969
    outer loop
      vertex 42.9 -8.9 0.5
      vertex 45.1 -8.9 0.5
      vertex 45.1 -9.212144515225805 0.5307435513548313
    endloop
  endfacet
  facet normal 0 -0.47139673682599736 -0.881921264348355
    outer loop
      vertex 42.9 -9.512293491784144 0.6217927479819412
      vertex 45.1 -9.512293491784144 0.6217927479819412
      vertex 45.1 -9.788912372831364 0.7696486203159276
    endloop
  endfacet
  facet normal 0 -0.29028467725446233 -0.9569403357322089
    outer loop
      vertex 42.9 -9.212144515225805 0.5307435513548313
      vertex 45.1 -9.212144515225805 0.5307435513548313
      vertex 45.1 -9.512293491784144 0.6217927479819412
    endloop
  endfacet
  facet normal 0 -1 0
    outer loop
      vertex 42.9 -10.5 2.1
      vertex 45.1 -10.5 2.1
      vertex 45.1 -10.5 14.9
    endloop
  endfacet
  facet normal 0 0 -1
    outer loop
      vertex 42.9 -8.9 0.5
      vertex 42.9 8.9 0.5
      vertex 45.1 -8.9 0.5
    endloop
  endfacet
  facet normal 0 -1 0
    outer loop
      vertex 42.9 -10.5 2.1
      vertex 45.1 -10.5 14.9
      vertex 42.9 -10.5 14.9
    endloop
  endfacet
  facet normal -9.336534075205781e-19 -0.9951847266721969 0.09801714032956074
    outer loop
      vertex 42.9 -10.5 14.9
      vertex 45.1 -10.469256448645169 15.212144515225805
      vertex 42.9 -10.469256448645169 15.212144515225805
    endloop
  endfacet
  facet normal -1.74698185271474e-19 -0.9569403357322095 0.29028467725446044
    outer loop
      vertex 42.9 -10.469256448645169 15.212144515225805
      vertex 45.1 -10.37820725201806 15.512293491784144
      vertex 42.9 -10.37820725201806 15.512293491784144
    endloop
  endfacet
  facet normal 4.354819875643576e-18 -0.8819212643483555 0.471396736825997
    outer loop
      vertex 42.9 -10.37820725201806 15.512293491784144
      vertex 45.1 -10.230351379684073 15.788912372831364
      vertex 42.9 -10.230351379684073 15.788912372831364
    endloop
  endfacet
  facet normal 0 -0.9951847266721969 0.09801714032956074
    outer loop
      vertex 42.9 -10.5 14.9
      vertex 45.1 -10.5 14.9
      vertex 45.1 -10.469256448645169 15.212144515225805
    endloop
  endfacet
  facet normal 0 -0.9569403357322095 0.29028467725446044
    outer loop
      vertex 42.9 -10.469256448645169 15.212144515225805
      vertex 45.1 -10.469256448645169 15.212144515225805
      vertex 45.1 -10.37820725201806 15.512293491784144
    endloop
  endfacet
  facet normal 0 -0.8819212643483555 0.471396736825997
    outer loop
      vertex 42.9 -10.37820725201806 15.512293491784144
      vertex 45.1 -10.37820725201806 15.512293491784144
      vertex 45.1 -10.230351379684073 15.788912372831364
    endloop
  endfacet
  facet normal 0 -0.773010453362735 0.634393284163648
    outer loop
      vertex 42.9 -10.230351379684073 15.788912372831364
      vertex 45.1 -10.230351379684073 15.788912372831364
      vertex 45.1 -10.031370849898476 16.031370849898476
    endloop
  endfacet
  facet normal -1.356688187214206e-18 -0.773010453362735 0.634393284163648
    outer loop
      vertex 42.9 -10.230351379684073 15.788912372831364
      vertex 45.1 -10.031370849898476 16.031370849898476
      vertex 42.9 -10.031370849898476 16.031370849898476
    endloop
  endfacet
  facet normal -1.356688187214206e-18 -0.634393284163648 0.773010453362735
    outer loop
      vertex 42.9 -10.031370849898476 16.031370849898476
      vertex 45.1 -9.788912372831364 16.230351379684073
      vertex 42.9 -9.788912372831364 16.230351379684073
    endloop
  endfacet
  facet normal 0 -0.634393284163648 0.773010453362735
    outer loop
      vertex 42.9 -10.031370849898476 16.031370849898476
      vertex 45.1 -10.031370849898476 16.031370849898476
      vertex 45.1 -9.788912372831364 16.230351379684073
    endloop
  endfacet
  facet normal 0 -0.4713967368259924 0.8819212643483577
    outer loop
      vertex 42.9 -9.788912372831364 16.230351379684073
      vertex 45.1 -9.788912372831364 16.230351379684073
      vertex 45.1 -9.512293491784144 16.378207252018058
    endloop
  endfacet
  facet normal -3.834940880054466e-18 -0.4713967368259924 0.8819212643483577
    outer loop
      vertex 42.9 -9.788912372831364 16.230351379684073
      vertex 45.1 -9.512293491784144 16.378207252018058
      vertex 42.9 -9.512293491784144 16.378207252018058
    endloop
  endfacet
  facet normal -1.802346097462316e-18 -0.29028467725446555 0.9569403357322078
    outer loop
      vertex 42.9 -9.512293491784144 16.378207252018058
      vertex 45.1 -9.212144515225805 16.46925644864517
      vertex 42.9 -9.212144515225805 16.46925644864517
    endloop
  endfacet
  facet normal -9.336534075205781e-19 -0.09801714032956074 0.9951847266721969
    outer loop
      vertex 42.9 -9.212144515225805 16.46925644864517
      vertex 45.1 -8.9 16.5
      vertex 42.9 -8.9 16.5
    endloop
  endfacet
  facet normal 0 -0.29028467725446555 0.9569403357322078
    outer loop
      vertex 42.9 -9.512293491784144 16.378207252018058
      vertex 45.1 -9.512293491784144 16.378207252018058
      vertex 45.1 -9.212144515225805 16.46925644864517
    endloop
  endfacet
  facet normal 0 -0.09801714032956074 0.9951847266721969
    outer loop
      vertex 42.9 -9.212144515225805 16.46925644864517
      vertex 45.1 -9.212144515225805 16.46925644864517
      vertex 45.1 -8.9 16.5
    endloop
  endfacet
  facet normal 0 0 1
    outer loop
      vertex 42.9 -8.9 16.5
      vertex 45.1 -8.9 16.5
      vertex 45.1 8.9 16.5
    endloop
  endfacet
  facet normal 0 0 -1
    outer loop
      vertex 45.1 -8.9 0.5
      vertex 42.9 8.9 0.5
      vertex 45.1 8.9 0.5
    endloop
  endfacet
  facet normal 0 0.09801714032956074 -0.9951847266721969
    outer loop
      vertex 42.9 8.9 0.5
      vertex 42.9 9.212144515225805 0.5307435513548313
      vertex 45.1 8.9 0.5
    endloop
  endfacet
  facet normal 0 0.29028467725446233 -0.9569403357322089
    outer loop
      vertex 42.9 9.212144515225805 0.5307435513548313
      vertex 42.9 9.512293491784144 0.6217927479819412
      vertex 45.1 9.212144515225805 0.5307435513548313
    endloop
  endfacet
  facet normal 0 0.47139673682599736 -0.881921264348355
    outer loop
      vertex 42.9 9.512293491784144 0.6217927479819412
      vertex 42.9 9.788912372831364 0.7696486203159276
      vertex 45.1 9.512293491784144 0.6217927479819412
    endloop
  endfacet
  facet normal 0 0.09801714032956074 -0.9951847266721969
    outer loop
      vertex 42.9 9.212144515225805 0.5307435513548313
      vertex 45.1 9.212144515225805 0.5307435513548313
      vertex 45.1 8.9 0.5
    endloop
  endfacet
  facet normal 0 0.29028467725446233 -0.9569403357322089
    outer loop
      vertex 42.9 9.512293491784144 0.6217927479819412
      vertex 45.1 9.512293491784144 0.6217927479819412
      vertex 45.1 9.212144515225805 0.5307435513548313
    endloop
  endfacet
  facet normal 0 0.6343932841636458 -0.7730104533627367
    outer loop
      vertex 42.9 9.788912372831364 0.7696486203159276
      vertex 42.9 10.031370849898476 0.9686291501015238
      vertex 45.1 9.788912372831364 0.7696486203159276
    endloop
  endfacet
  facet normal 0 0.7730104533627358 -0.6343932841636469
    outer loop
      vertex 42.9 10.031370849898476 0.9686291501015238
      vertex 42.9 10.230351379684073 1.2110876271686366
      vertex 45.1 10.031370849898476 0.9686291501015238
    endloop
  endfacet
  facet normal 0 0.47139673682599736 -0.881921264348355
    outer loop
      vertex 42.9 9.788912372831364 0.7696486203159276
      vertex 45.1 9.788912372831364 0.7696486203159276
      vertex 45.1 9.512293491784144 0.6217927479819412
    endloop
  endfacet
  facet normal 0 0.6343932841636458 -0.7730104533627367
    outer loop
      vertex 42.9 10.031370849898476 0.9686291501015238
      vertex 45.1 10.031370849898476 0.9686291501015238
      vertex 45.1 9.788912372831364 0.7696486203159276
    endloop
  endfacet
  facet normal 0 0.8819212643483552 -0.47139673682599753
    outer loop
      vertex 42.9 10.230351379684073 1.2110876271686366
      vertex 42.9 10.37820725201806 1.4877065082158563
      vertex 45.1 10.230351379684073 1.2110876271686366
    endloop
  endfacet
  facet normal 0 0.9569403357322096 -0.29028467725446
    outer loop
      vertex 42.9 10.37820725201806 1.4877065082158563
      vertex 42.9 10.469256448645169 1.787855484774195
      vertex 45.1 10.37820725201806 1.4877065082158563
    endloop
  endfacet
  facet normal 0 0.9951847266721969 -0.09801714032956074
    outer loop
      vertex 42.9 10.469256448645169 1.787855484774195
      vertex 42.9 10.5 2.1
      vertex 45.1 10.469256448645169 1.787855484774195
    endloop
  endfacet
  facet normal 0 0.7730104533627358 -0.6343932841636469
    outer loop
      vertex 42.9 10.230351379684073 1.2110876271686366
      vertex 45.1 10.230351379684073 1.2110876271686366
      vertex 45.1 10.031370849898476 0.9686291501015238
    endloop
  endfacet
  facet normal 0 0.8819212643483552 -0.47139673682599753
    outer loop
      vertex 42.9 10.37820725201806 1.4877065082158563
      vertex 45.1 10.37820725201806 1.4877065082158563
      vertex 45.1 10.230351379684073 1.2110876271686366
    endloop
  endfacet
  facet normal 0 0.9569403357322096 -0.29028467725446
    outer loop
      vertex 42.9 10.469256448645169 1.787855484774195
      vertex 45.1 10.469256448645169 1.787855484774195
      vertex 45.1 10.37820725201806 1.4877065082158563
    endloop
  endfacet
  facet normal 0 0.9951847266721969 -0.09801714032956074
    outer loop
      vertex 42.9 10.5 2.1
      vertex 45.1 10.5 2.1
      vertex 45.1 10.469256448645169 1.787855484774195
    endloop
  endfacet
  facet normal 0 1 0
    outer loop
      vertex 42.9 10.5 2.1
      vertex 42.9 10.5 14.9
      vertex 45.1 10.5 2.1
    endloop
  endfacet
  facet normal 0 0 1
    outer loop
      vertex 42.9 -8.9 16.5
      vertex 45.1 8.9 16.5
      vertex 42.9 8.9 16.5
    endloop
  endfacet
  facet normal 0 1 0
    outer loop
      vertex 45.1 10.5 2.1
      vertex 42.9 10.5 14.9
      vertex 45.1 10.5 14.9
    endloop
  endfacet
  facet normal 1.802346097462316e-18 0.29028467725446555 0.9569403357322078
    outer loop
      vertex 42.9 9.212144515225805 16.46925644864517
      vertex 45.1 9.512293491784144 16.378207252018058
      vertex 42.9 9.512293491784144 16.378207252018058
    endloop
  endfacet
  facet normal 9.336534075205781e-19 0.09801714032956074 0.9951847266721969
    outer loop
      vertex 42.9 8.9 16.5
      vertex 45.1 9.212144515225805 16.46925644864517
      vertex 42.9 9.212144515225805 16.46925644864517
    endloop
  endfacet
  facet normal 0 0.29028467725446555 0.9569403357322078
    outer loop
      vertex 42.9 9.212144515225805 16.46925644864517
      vertex 45.1 9.212144515225805 16.46925644864517
      vertex 45.1 9.512293491784144 16.378207252018058
    endloop
  endfacet
  facet normal 0 0.4713967368259924 0.8819212643483577
    outer loop
      vertex 42.9 9.512293491784144 16.378207252018058
      vertex 45.1 9.512293491784144 16.378207252018058
      vertex 45.1 9.788912372831364 16.230351379684073
    endloop
  endfacet
  facet normal 0 0.09801714032956074 0.9951847266721969
    outer loop
      vertex 42.9 8.9 16.5
      vertex 45.1 8.9 16.5
      vertex 45.1 9.212144515225805 16.46925644864517
    endloop
  endfacet
  facet normal 1.356688187214206e-18 0.773010453362735 0.634393284163648
    outer loop
      vertex 42.9 10.031370849898476 16.031370849898476
      vertex 45.1 10.230351379684073 15.788912372831364
      vertex 42.9 10.230351379684073 15.788912372831364
    endloop
  endfacet
  facet normal 9.336534075205781e-19 0.9951847266721969 0.09801714032956074
    outer loop
      vertex 42.9 10.469256448645169 15.212144515225805
      vertex 45.1 10.5 14.9
      vertex 42.9 10.5 14.9
    endloop
  endfacet
  facet normal 0 0.9569403357322095 0.29028467725446044
    outer loop
      vertex 42.9 10.469256448645169 15.212144515225805
      vertex 42.9 10.37820725201806 15.512293491784144
      vertex 45.1 10.469256448645169 15.212144515225805
    endloop
  endfacet
  facet normal 0 0.8819212643483555 0.471396736825997
    outer loop
      vertex 42.9 10.37820725201806 15.512293491784144
      vertex 42.9 10.230351379684073 15.788912372831364
      vertex 45.1 10.37820725201806 15.512293491784144
    endloop
  endfacet
  facet normal 0 0.8819212643483555 0.471396736825997
    outer loop
      vertex 42.9 10.230351379684073 15.788912372831364
      vertex 45.1 10.230351379684073 15.788912372831364
      vertex 45.1 10.37820725201806 15.512293491784144
    endloop
  endfacet
  facet normal 0 0.9951847266721969 0.09801714032956074
    outer loop
      vertex 42.9 10.469256448645169 15.212144515225805
      vertex 45.1 10.469256448645169 15.212144515225805
      vertex 45.1 10.5 14.9
    endloop
  endfacet
  facet normal 0 0.9569403357322095 0.29028467725446044
    outer loop
      vertex 42.9 10.37820725201806 15.512293491784144
      vertex 45.1 10.37820725201806 15.512293491784144
      vertex 45.1 10.469256448645169 15.212144515225805
    endloop
  endfacet
  facet normal 0 0.634393284163648 0.773010453362735
    outer loop
      vertex 42.9 10.031370849898476 16.031370849898476
      vertex 42.9 9.788912372831364 16.230351379684073
      vertex 45.1 10.031370849898476 16.031370849898476
    endloop
  endfacet
  facet normal 3.834940880054466e-18 0.4713967368259924 0.8819212643483577
    outer loop
      vertex 42.9 9.512293491784144 16.378207252018058
      vertex 45.1 9.788912372831364 16.230351379684073
      vertex 42.9 9.788912372831364 16.230351379684073
    endloop
  endfacet
  facet normal 0 0.634393284163648 0.773010453362735
    outer loop
      vertex 42.9 9.788912372831364 16.230351379684073
      vertex 45.1 9.788912372831364 16.230351379684073
      vertex 45.1 10.031370849898476 16.031370849898476
    endloop
  endfacet
  facet normal 0 0.773010453362735 0.634393284163648
    outer loop
      vertex 42.9 10.031370849898476 16.031370849898476
      vertex 45.1 10.031370849898476 16.031370849898476
      vertex 45.1 10.230351379684073 15.788912372831364
    endloop
  endfacet
  facet normal 0.5795237867184622 0.8149553243138512 0
    outer loop
      vertex 12 -3.2000000029802322 16.7
      vertex 7.5 0 16.7
      vertex 7.5 0 17
    endloop
  endfacet
  facet normal 0.5795237867184622 0.8149553243138512 0
    outer loop
      vertex 12 -3.2000000029802322 16.7
      vertex 7.5 0 17
      vertex 12 -3.2000000029802322 17
    endloop
  endfacet
  facet normal 0 0 1
    outer loop
      vertex 12 -3.2000000029802322 16.7
      vertex 12 -1.2000000029802322 16.7
      vertex 7.5 0 16.7
    endloop
  endfacet
  facet normal -1 0 0
    outer loop
      vertex 12 -3.2000000029802322 16.7
      vertex 12 -3.2000000029802322 17
      vertex 12 -1.2000000029802322 16.7
    endloop
  endfacet
  facet normal -1 0 0
    outer loop
      vertex 12 -1.2000000029802322 16.7
      vertex 12 -3.2000000029802322 17
      vertex 12 -1.2000000029802322 17
    endloop
  endfacet
  facet normal 0 1 0
    outer loop
      vertex 12 -1.2000000029802322 16.7
      vertex 12 -1.2000000029802322 17
      vertex 17.5 -1.2000000029802322 16.7
    endloop
  endfacet
  facet normal 0 1 0
    outer loop
      vertex 17.5 -1.2000000029802322 16.7
      vertex 12 -1.2000000029802322 17
      vertex 17.5 -1.2000000029802322 17
    endloop
  endfacet
  facet normal 0 0 1
    outer loop
      vertex 12 -1.2000000029802322 16.7
      vertex 17.5 -1.2000000029802322 16.7
      vertex 17.5 1.2000000029802322 16.7
    endloop
  endfacet
  facet normal -1 0 0
    outer loop
      vertex 17.5 -1.2000000029802322 16.7
      vertex 17.5 -1.2000000029802322 17
      vertex 17.5 1.2000000029802322 16.7
    endloop
  endfacet
  facet normal 0.5795237867184622 -0.8149553243138512 0
    outer loop
      vertex 7.5 0 16.7
      vertex 12 3.2000000029802322 17
      vertex 7.5 0 17
    endloop
  endfacet
  facet normal 0 0 1
    outer loop
      vertex 12 -1.2000000029802322 16.7
      vertex 12 1.2000000029802322 16.7
      vertex 7.5 0 16.7
    endloop
  endfacet
  facet normal 0 0 1
    outer loop
      vertex 7.5 0 16.7
      vertex 12 1.2000000029802322 16.7
      vertex 12 3.2000000029802322 16.7
    endloop
  endfacet
  facet normal 0.5795237867184622 -0.8149553243138512 0
    outer loop
      vertex 7.5 0 16.7
      vertex 12 3.2000000029802322 16.7
      vertex 12 3.2000000029802322 17
    endloop
  endfacet
  facet normal -1 0 0
    outer loop
      vertex 12 1.2000000029802322 16.7
      vertex 12 1.2000000029802322 17
      vertex 12 3.2000000029802322 16.7
    endloop
  endfacet
  facet normal -1 0 0
    outer loop
      vertex 12 3.2000000029802322 16.7
      vertex 12 1.2000000029802322 17
      vertex 12 3.2000000029802322 17
    endloop
  endfacet
  facet normal 0 0 1
    outer loop
      vertex 12 -1.2000000029802322 16.7
      vertex 17.5 1.2000000029802322 16.7
      vertex 12 1.2000000029802322 16.7
    endloop
  endfacet
  facet normal 0 -1 0
    outer loop
      vertex 12 1.2000000029802322 16.7
      vertex 17.5 1.2000000029802322 17
      vertex 12 1.2000000029802322 17
    endloop
  endfacet
  facet normal 0 -1 0
    outer loop
      vertex 12 1.2000000029802322 16.7
      vertex 17.5 1.2000000029802322 16.7
      vertex 17.5 1.2000000029802322 17
    endloop
  endfacet
  facet normal -1 0 0
    outer loop
      vertex 17.5 1.2000000029802322 16.7
      vertex 17.5 -1.2000000029802322 17
      vertex 17.5 1.2000000029802322 17
    endloop
  endfacet
  facet normal 0 1 0
    outer loop
      vertex 20.501291997730732 -2.6 16.7
      vertex 20.501291997730732 -2.6 17
      vertex 21.008524000644684 -2.6 16.7
    endloop
  endfacet
  facet normal 0 1 0
    outer loop
      vertex 21.008524000644684 -2.6 16.7
      vertex 20.501291997730732 -2.6 17
      vertex 21.008524000644684 -2.6 17
    endloop
  endfacet
  facet normal 0 0 1
    outer loop
      vertex 20.501291997730732 -2.6 16.7
      vertex 21.008524000644684 -2.6 16.7
      vertex 21.008524000644684 0.19281199723482123 16.7
    endloop
  endfacet
  facet normal -1 0 0
    outer loop
      vertex 21.008524000644684 -2.6 16.7
      vertex 21.008524000644684 -2.6 17
      vertex 21.008524000644684 0.19281199723482123 16.7
    endloop
  endfacet
  facet normal 0 0 1
    outer loop
      vertex 23.228412002325058 -2.6 16.7
      vertex 23.914679996669292 -2.6 16.7
      vertex 20.97869200259447 0.9804999992251395 16.7
    endloop
  endfacet
  facet normal 0.8467302993194851 0.5320223681522567 0
    outer loop
      vertex 23.228412002325058 -2.6 16.7
      vertex 20.97869200259447 0.9804999992251395 17
      vertex 23.228412002325058 -2.6 17
    endloop
  endfacet
  facet normal 1 0 0
    outer loop
      vertex 20.501291997730732 -2.6 16.7
      vertex 20.501291997730732 1.6041120007634162 17
      vertex 20.501291997730732 -2.6 17
    endloop
  endfacet
  facet normal -1 0 0
    outer loop
      vertex 21.008524000644684 0.19281199723482123 16.7
      vertex 21.008524000644684 -2.6 17
      vertex 21.008524000644684 0.19281199723482123 17
    endloop
  endfacet
  facet normal 0 0 1
    outer loop
      vertex 20.501291997730732 -2.6 16.7
      vertex 21.008524000644684 0.19281199723482123 16.7
      vertex 20.501291997730732 1.6041120007634162 16.7
    endloop
  endfacet
  facet normal -0.845790294442286 -0.533515489772538 0
    outer loop
      vertex 23.437279999256134 -2.000279998779297 16.7
      vertex 23.437279999256134 -2.000279998779297 17
      vertex 21.163667999207973 1.6041120007634162 17
    endloop
  endfacet
  facet normal 0.8467302993194851 0.5320223681522567 1.3127488816585394e-16
    outer loop
      vertex 23.228412002325058 -2.6 16.7
      vertex 20.97869200259447 0.9804999992251395 16.7
      vertex 20.97869200259447 0.9804999992251395 17
    endloop
  endfacet
  facet normal 0 1 0
    outer loop
      vertex 23.228412002325058 -2.6 16.7
      vertex 23.228412002325058 -2.6 17
      vertex 23.914679996669292 -2.6 16.7
    endloop
  endfacet
  facet normal 0 1 0
    outer loop
      vertex 23.914679996669292 -2.6 16.7
      vertex 23.228412002325058 -2.6 17
      vertex 23.914679996669292 -2.6 17
    endloop
  endfacet
  facet normal 0.9982525267610464 0.05909223988973693 0
    outer loop
      vertex 23.437279999256134 -2.000279998779297 16.7
      vertex 23.42777779698372 -1.8397581189870835 16.7
      vertex 23.42777779698372 -1.8397581189870835 17
    endloop
  endfacet
  facet normal 0.9982525267610464 0.05909223988973693 0
    outer loop
      vertex 23.437279999256134 -2.000279998779297 16.7
      vertex 23.42777779698372 -1.8397581189870835 17
      vertex 23.437279999256134 -2.000279998779297 17
    endloop
  endfacet
  facet normal 0.99851491783526 0.0544789763160437 0
    outer loop
      vertex 23.42777779698372 -1.8397581189870835 16.7
      vertex 23.419737465679646 -1.692391349375248 16.7
      vertex 23.419737465679646 -1.692391349375248 17
    endloop
  endfacet
  facet normal 0.99851491783526 0.0544789763160437 0
    outer loop
      vertex 23.42777779698372 -1.8397581189870835 16.7
      vertex 23.419737465679646 -1.692391349375248 17
      vertex 23.42777779698372 -1.8397581189870835 17
    endloop
  endfacet
  facet normal 0.9988009030991368 0.048956674400420015 0
    outer loop
      vertex 23.419737465679646 -1.692391349375248 16.7
      vertex 23.413159020245075 -1.5581796750426293 16.7
      vertex 23.413159020245075 -1.5581796750426293 17
    endloop
  endfacet
  facet normal 0.9988009030991368 0.048956674400420015 0
    outer loop
      vertex 23.419737465679646 -1.692391349375248 16.7
      vertex 23.413159020245075 -1.5581796750426293 17
      vertex 23.419737465679646 -1.692391349375248 17
    endloop
  endfacet
  facet normal 0.9991079884739256 0.04222827687209548 0
    outer loop
      vertex 23.413159020245075 -1.5581796750426293 16.7
      vertex 23.408042445778847 -1.437123103439808 16.7
      vertex 23.408042445778847 -1.437123103439808 17
    endloop
  endfacet
  facet normal 0.9991079884739256 0.04222827687209548 0
    outer loop
      vertex 23.413159020245075 -1.5581796750426293 16.7
      vertex 23.408042445778847 -1.437123103439808 17
      vertex 23.413159020245075 -1.5581796750426293 17
    endloop
  endfacet
  facet normal 0.9994268839506936 0.033851198451559115 0
    outer loop
      vertex 23.408042445778847 -1.437123103439808 16.7
      vertex 23.40438775718212 -1.329221634566784 17
      vertex 23.408042445778847 -1.437123103439808 17
    endloop
  endfacet
  facet normal 0.4508693290184734 0.8925899664181933 0
    outer loop
      vertex 25.805801793932915 -2.4667715936899186 16.7
      vertex 25.667903997004032 -2.397115996479988 16.7
      vertex 25.667903997004032 -2.397115996479988 17
    endloop
  endfacet
  facet normal 0.37624110947539063 0.9265217901057303 0
    outer loop
      vertex 25.805801793932915 -2.4667715936899186 16.7
      vertex 25.805801793932915 -2.4667715936899186 17
      vertex 25.95094432681799 -2.525710938870907 16.7
    endloop
  endfacet
  facet normal 0.4508693290184734 0.8925899664181933 0
    outer loop
      vertex 25.805801793932915 -2.4667715936899186 16.7
      vertex 25.667903997004032 -2.397115996479988 17
      vertex 25.805801793932915 -2.4667715936899186 17
    endloop
  endfacet
  facet normal 0.37624110947539063 0.9265217901057303 0
    outer loop
      vertex 25.95094432681799 -2.525710938870907 16.7
      vertex 25.805801793932915 -2.4667715936899186 17
      vertex 25.95094432681799 -2.525710938870907 17
    endloop
  endfacet
  facet normal 0 0 1
    outer loop
      vertex 25.538176737725735 -2.317310778796673 16.7
      vertex 25.799939915537834 -1.8563290596008302 16.7
      vertex 25.41752064973116 -2.227947673201561 16.7
    endloop
  endfacet
  facet normal 0 0 1
    outer loop
      vertex 25.805801793932915 -2.4667715936899186 16.7
      vertex 25.95094432681799 -2.525710938870907 16.7
      vertex 26.077980406582355 -2.0456906914711 16.7
    endloop
  endfacet
  facet normal 0 0 1
    outer loop
      vertex 25.805801793932915 -2.4667715936899186 16.7
      vertex 25.9326573908329 -1.960477961599827 16.7
      vertex 25.667903997004032 -2.397115996479988 16.7
    endloop
  endfacet
  facet normal 0 0 1
    outer loop
      vertex 25.538176737725735 -2.317310778796673 16.7
      vertex 25.667903997004032 -2.397115996479988 16.7
      vertex 25.9326573908329 -1.960477961599827 16.7
    endloop
  endfacet
  facet normal 0 0 1
    outer loop
      vertex 25.805801793932915 -2.4667715936899186 16.7
      vertex 26.077980406582355 -2.0456906914711 16.7
      vertex 25.9326573908329 -1.960477961599827 16.7
    endloop
  endfacet
  facet normal 0.5239691178532164 0.851737262033382 0
    outer loop
      vertex 25.538176737725735 -2.317310778796673 16.7
      vertex 25.538176737725735 -2.317310778796673 17
      vertex 25.667903997004032 -2.397115996479988 16.7
    endloop
  endfacet
  facet normal 0.5951769133464254 0.8035946999697182 0
    outer loop
      vertex 25.538176737725735 -2.317310778796673 16.7
      vertex 25.41752064973116 -2.227947673201561 16.7
      vertex 25.41752064973116 -2.227947673201561 17
    endloop
  endfacet
  facet normal 0.5951769133464254 0.8035946999697182 0
    outer loop
      vertex 25.538176737725735 -2.317310778796673 16.7
      vertex 25.41752064973116 -2.227947673201561 17
      vertex 25.538176737725735 -2.317310778796673 17
    endloop
  endfacet
  facet normal 0.6633682988259213 0.7482930576403893 0
    outer loop
      vertex 25.305935755372047 -2.129026694595814 16.7
      vertex 25.305935755372047 -2.129026694595814 17
      vertex 25.41752064973116 -2.227947673201561 16.7
    endloop
  endfacet
  facet normal 0.6633682988259213 0.7482930576403893 0
    outer loop
      vertex 25.41752064973116 -2.227947673201561 16.7
      vertex 25.305935755372047 -2.129026694595814 17
      vertex 25.41752064973116 -2.227947673201561 17
    endloop
  endfacet
  facet normal 0.7268075656066991 0.6868411479933798 0
    outer loop
      vertex 25.305935755372047 -2.129026694595814 16.7
      vertex 25.203422039747238 -2.0205478355288506 17
      vertex 25.305935755372047 -2.129026694595814 17
    endloop
  endfacet
  facet normal 0.5239691178532164 0.851737262033382 0
    outer loop
      vertex 25.667903997004032 -2.397115996479988 16.7
      vertex 25.538176737725735 -2.317310778796673 17
      vertex 25.667903997004032 -2.397115996479988 17
    endloop
  endfacet
  facet normal 0.7840562230204844 0.6206898091179301 0
    outer loop
      vertex 25.203422039747238 -2.0205478355288506 16.7
      vertex 25.109979510307312 -1.902511103451252 16.7
      vertex 25.109979510307312 -1.902511103451252 17
    endloop
  endfacet
  facet normal 0.7840562230204844 0.6206898091179301 0
    outer loop
      vertex 25.203422039747238 -2.0205478355288506 16.7
      vertex 25.109979510307312 -1.902511103451252 17
      vertex 25.203422039747238 -2.0205478355288506 17
    endloop
  endfacet
  facet normal 0.8341315040559553 0.5515656207028768 0
    outer loop
      vertex 25.109979510307312 -1.902511103451252 16.7
      vertex 25.02560815960169 -1.7749164909124375 16.7
      vertex 25.02560815960169 -1.7749164909124375 17
    endloop
  endfacet
  facet normal 0.8341315040559553 0.5515656207028768 0
    outer loop
      vertex 25.109979510307312 -1.902511103451252 16.7
      vertex 25.02560815960169 -1.7749164909124375 17
      vertex 25.109979510307312 -1.902511103451252 17
    endloop
  endfacet
  facet normal 0.8765765309009169 0.48126249123915116 0
    outer loop
      vertex 25.02560815960169 -1.7749164909124375 16.7
      vertex 24.95030800253153 -1.637763997912407 17
      vertex 25.02560815960169 -1.7749164909124375 17
    endloop
  endfacet
  facet normal 0 0 1
    outer loop
      vertex 25.02560815960169 -1.7749164909124375 16.7
      vertex 25.48472661525011 -1.4414395898580552 16.7
      vertex 24.95030800253153 -1.637763997912407 16.7
    endloop
  endfacet
  facet normal 0 0 1
    outer loop
      vertex 24.95030800253153 -1.637763997912407 16.7
      vertex 25.411563590168953 -1.2755326539278031 16.7
      vertex 24.88460971415043 -1.4924400806427003 16.7
    endloop
  endfacet
  facet normal 0.8765765309009169 0.48126249123915116 0
    outer loop
      vertex 25.02560815960169 -1.7749164909124375 16.7
      vertex 24.95030800253153 -1.637763997912407 16.7
      vertex 24.95030800253153 -1.637763997912407 17
    endloop
  endfacet
  facet normal 0.9112102834510911 0.4119415241669407 0
    outer loop
      vertex 24.95030800253153 -1.637763997912407 16.7
      vertex 24.88460971415043 -1.4924400806427003 17
      vertex 24.95030800253153 -1.637763997912407 17
    endloop
  endfacet
  facet normal 0.9112102834510911 0.4119415241669407 0
    outer loop
      vertex 24.95030800253153 -1.637763997912407 16.7
      vertex 24.88460971415043 -1.4924400806427003 16.7
      vertex 24.88460971415043 -1.4924400806427003 17
    endloop
  endfacet
  facet normal 0.9392215256304706 0.34331170354704094 0
    outer loop
      vertex 24.88460971415043 -1.4924400806427003 16.7
      vertex 24.829018853604794 -1.3403563261032105 16.7
      vertex 24.829018853604794 -1.3403563261032105 17
    endloop
  endfacet
  facet normal 0.9392215256304706 0.34331170354704094 0
    outer loop
      vertex 24.88460971415043 -1.4924400806427003 16.7
      vertex 24.829018853604794 -1.3403563261032105 17
      vertex 24.88460971415043 -1.4924400806427003 17
    endloop
  endfacet
  facet normal 0 0 1
    outer loop
      vertex 25.305935755372047 -2.129026694595814 16.7
      vertex 25.41752064973116 -2.227947673201561 16.7
      vertex 25.679828003048897 -1.733244000375271 16.7
    endloop
  endfacet
  facet normal 0 0 1
    outer loop
      vertex 25.203422039747238 -2.0205478355288506 16.7
      vertex 25.305935755372047 -2.129026694595814 16.7
      vertex 25.679828003048897 -1.733244000375271 16.7
    endloop
  endfacet
  facet normal 0 0 1
    outer loop
      vertex 25.203422039747238 -2.0205478355288506 16.7
      vertex 25.574148081243038 -1.5940100386738778 16.7
      vertex 25.109979510307312 -1.902511103451252 16.7
    endloop
  endfacet
  facet normal 0 0 1
    outer loop
      vertex 25.109979510307312 -1.902511103451252 16.7
      vertex 25.574148081243038 -1.5940100386738778 16.7
      vertex 25.02560815960169 -1.7749164909124375 16.7
    endloop
  endfacet
  facet normal 0 0 1
    outer loop
      vertex 25.203422039747238 -2.0205478355288506 16.7
      vertex 25.679828003048897 -1.733244000375271 16.7
      vertex 25.574148081243038 -1.5940100386738778 16.7
    endloop
  endfacet
  facet normal 0 0 1
    outer loop
      vertex 25.538176737725735 -2.317310778796673 16.7
      vertex 25.9326573908329 -1.960477961599827 16.7
      vertex 25.799939915537834 -1.8563290596008302 16.7
    endloop
  endfacet
  facet normal 0 0 1
    outer loop
      vertex 25.41752064973116 -2.227947673201561 16.7
      vertex 25.799939915537834 -1.8563290596008302 16.7
      vertex 25.679828003048897 -1.733244000375271 16.7
    endloop
  endfacet
  facet normal 0.7268075656066991 0.6868411479933798 0
    outer loop
      vertex 25.203422039747238 -2.0205478355288506 16.7
      vertex 25.203422039747238 -2.0205478355288506 17
      vertex 25.305935755372047 -2.129026694595814 16.7
    endloop
  endfacet
  facet normal -0.6173482379333407 -0.7866899981063693 0
    outer loop
      vertex 25.9326573908329 -1.960477961599827 16.7
      vertex 25.9326573908329 -1.960477961599827 17
      vertex 25.799939915537834 -1.8563290596008302 16.7
    endloop
  endfacet
  facet normal -0.5058227670310137 -0.8626374257781126 0
    outer loop
      vertex 25.9326573908329 -1.960477961599827 16.7
      vertex 26.077980406582355 -2.0456906914711 17
      vertex 25.9326573908329 -1.960477961599827 17
    endloop
  endfacet
  facet normal -0.6173482379333407 -0.7866899981063693 0
    outer loop
      vertex 25.799939915537834 -1.8563290596008302 16.7
      vertex 25.9326573908329 -1.960477961599827 17
      vertex 25.799939915537834 -1.8563290596008302 17
    endloop
  endfacet
  facet normal -0.7156978659219834 -0.6984100262129108 0
    outer loop
      vertex 25.799939915537834 -1.8563290596008302 16.7
      vertex 25.799939915537834 -1.8563290596008302 17
      vertex 25.679828003048897 -1.733244000375271 16.7
    endloop
  endfacet
  facet normal -0.7156978659219834 -0.6984100262129108 0
    outer loop
      vertex 25.679828003048897 -1.733244000375271 16.7
      vertex 25.799939915537834 -1.8563290596008302 17
      vertex 25.679828003048897 -1.733244000375271 17
    endloop
  endfacet
  facet normal 0 0 1
    outer loop
      vertex 25.02560815960169 -1.7749164909124375 16.7
      vertex 25.574148081243038 -1.5940100386738778 16.7
      vertex 25.48472661525011 -1.4414395898580552 16.7
    endloop
  endfacet
  facet normal 0 0 1
    outer loop
      vertex 24.95030800253153 -1.637763997912407 16.7
      vertex 25.48472661525011 -1.4414395898580552 16.7
      vertex 25.411563590168953 -1.2755326539278031 16.7
    endloop
  endfacet
  facet normal -0.8627383857220519 -0.5056505490966149 0
    outer loop
      vertex 25.574148081243038 -1.5940100386738778 16.7
      vertex 25.574148081243038 -1.5940100386738778 17
      vertex 25.48472661525011 -1.4414395898580552 16.7
    endloop
  endfacet
  facet normal -0.9149813579822484 -0.40349611465906393 0
    outer loop
      vertex 25.48472661525011 -1.4414395898580552 16.7
      vertex 25.48472661525011 -1.4414395898580552 17
      vertex 25.411563590168953 -1.2755326539278031 16.7
    endloop
  endfacet
  facet normal -0.8627383857220519 -0.5056505490966149 0
    outer loop
      vertex 25.48472661525011 -1.4414395898580552 16.7
      vertex 25.574148081243038 -1.5940100386738778 17
      vertex 25.48472661525011 -1.4414395898580552 17
    endloop
  endfacet
  facet normal -0.7965420603123116 -0.604583117654982 0
    outer loop
      vertex 25.574148081243038 -1.5940100386738778 16.7
      vertex 25.679828003048897 -1.733244000375271 16.7
      vertex 25.679828003048897 -1.733244000375271 17
    endloop
  endfacet
  facet normal -0.7965420603123116 -0.604583117654982 0
    outer loop
      vertex 25.574148081243038 -1.5940100386738778 16.7
      vertex 25.679828003048897 -1.733244000375271 17
      vertex 25.574148081243038 -1.5940100386738778 17
    endloop
  endfacet
  facet normal 0 0 1
    outer loop
      vertex 23.437279999256134 -2.000279998779297 16.7
      vertex 20.97869200259447 0.9804999992251395 16.7
      vertex 23.914679996669292 -2.6 16.7
    endloop
  endfacet
  facet normal 0.9994268839506936 0.033851198451559115 0
    outer loop
      vertex 23.408042445778847 -1.437123103439808 16.7
      vertex 23.40438775718212 -1.329221634566784 16.7
      vertex 23.40438775718212 -1.329221634566784 17
    endloop
  endfacet
  facet normal 0.999732283290419 0.023137885532723154 0
    outer loop
      vertex 23.40438775718212 -1.329221634566784 16.7
      vertex 23.402194939553738 -1.2344752684235574 16.7
      vertex 23.402194939553738 -1.2344752684235574 17
    endloop
  endfacet
  facet normal 0.999732283290419 0.023137885532723154 0
    outer loop
      vertex 23.40438775718212 -1.329221634566784 16.7
      vertex 23.402194939553738 -1.2344752684235574 17
      vertex 23.40438775718212 -1.329221634566784 17
    endloop
  endfacet
  facet normal 0.9999598746358057 0.008958187224187912 0
    outer loop
      vertex 23.402194939553738 -1.2344752684235574 16.7
      vertex 23.401464000344276 -1.1528839975595475 17
      vertex 23.402194939553738 -1.2344752684235574 17
    endloop
  endfacet
  facet normal 0.9999598746358057 0.008958187224187912 0
    outer loop
      vertex 23.402194939553738 -1.2344752684235574 16.7
      vertex 23.401464000344276 -1.1528839975595475 16.7
      vertex 23.401464000344276 -1.1528839975595475 17
    endloop
  endfacet
  facet normal -1 0 0
    outer loop
      vertex 23.914679996669292 -2.6 16.7
      vertex 23.914679996669292 -2.6 17
      vertex 23.914679996669292 1.6041120007634162 16.7
    endloop
  endfacet
  facet normal 0 0 1
    outer loop
      vertex 23.437279999256134 -2.000279998779297 16.7
      vertex 23.914679996669292 -2.6 16.7
      vertex 23.914679996669292 1.6041120007634162 16.7
    endloop
  endfacet
  facet normal 0 0 1
    outer loop
      vertex 23.437279999256134 -2.000279998779297 16.7
      vertex 23.914679996669292 1.6041120007634162 16.7
      vertex 23.42777779698372 -1.8397581189870835 16.7
    endloop
  endfacet
  facet normal 1 0 0
    outer loop
      vertex 23.401464000344276 -1.1528839975595475 16.7
      vertex 23.401464000344276 1.6041120007634162 17
      vertex 23.401464000344276 -1.1528839975595475 17
    endloop
  endfacet
  facet normal 0 0 1
    outer loop
      vertex 23.42777779698372 -1.8397581189870835 16.7
      vertex 23.914679996669292 1.6041120007634162 16.7
      vertex 23.419737465679646 -1.692391349375248 16.7
    endloop
  endfacet
  facet normal 0 0 1
    outer loop
      vertex 23.419737465679646 -1.692391349375248 16.7
      vertex 23.914679996669292 1.6041120007634162 16.7
      vertex 23.413159020245075 -1.5581796750426293 16.7
    endloop
  endfacet
  facet normal 0 0 1
    outer loop
      vertex 23.413159020245075 -1.5581796750426293 16.7
      vertex 23.914679996669292 1.6041120007634162 16.7
      vertex 23.408042445778847 -1.437123103439808 16.7
    endloop
  endfacet
  facet normal 0 0 1
    outer loop
      vertex 23.408042445778847 -1.437123103439808 16.7
      vertex 23.914679996669292 1.6041120007634162 16.7
      vertex 23.40438775718212 -1.329221634566784 16.7
    endloop
  endfacet
  facet normal 0 0 1
    outer loop
      vertex 23.40438775718212 -1.329221634566784 16.7
      vertex 23.914679996669292 1.6041120007634162 16.7
      vertex 23.402194939553738 -1.2344752684235574 16.7
    endloop
  endfacet
  facet normal 0 0 1
    outer loop
      vertex 23.402194939553738 -1.2344752684235574 16.7
      vertex 23.914679996669292 1.6041120007634162 16.7
      vertex 23.401464000344276 -1.1528839975595475 16.7
    endloop
  endfacet
  facet normal 0 0 1
    outer loop
      vertex 24.88460971415043 -1.4924400806427003 16.7
      vertex 25.411563590168953 -1.2755326539278031 16.7
      vertex 24.829018853604794 -1.3403563261032105 16.7
    endloop
  endfacet
  facet normal 0 0 1
    outer loop
      vertex 24.783535428345203 -1.1815127342939378 16.7
      vertex 24.829018853604794 -1.3403563261032105 16.7
      vertex 25.354659020900726 -1.096289223432541 16.7
    endloop
  endfacet
  facet normal 0 0 1
    outer loop
      vertex 24.783535428345203 -1.1815127342939378 16.7
      vertex 25.31401289999485 -0.9037093058228494 16.7
      vertex 24.748159430921078 -1.015909305214882 16.7
    endloop
  endfacet
  facet normal 0 0 1
    outer loop
      vertex 24.783535428345203 -1.1815127342939378 16.7
      vertex 25.354659020900726 -1.096289223432541 16.7
      vertex 25.31401289999485 -0.9037093058228494 16.7
    endloop
  endfacet
  facet normal 0.9779358466825318 0.20890543260844083 0
    outer loop
      vertex 24.783535428345203 -1.1815127342939378 16.7
      vertex 24.748159430921078 -1.015909305214882 16.7
      vertex 24.748159430921078 -1.015909305214882 17
    endloop
  endfacet
  facet normal 0.9779358466825318 0.20890543260844083 0
    outer loop
      vertex 24.783535428345203 -1.1815127342939378 16.7
      vertex 24.748159430921078 -1.015909305214882 17
      vertex 24.783535428345203 -1.1815127342939378 17
    endloop
  endfacet
  facet normal 0.9613646473707064 0.2752780681162183 0
    outer loop
      vertex 24.783535428345203 -1.1815127342939378 16.7
      vertex 24.783535428345203 -1.1815127342939378 17
      vertex 24.829018853604794 -1.3403563261032105 16.7
    endloop
  endfacet
  facet normal 0.9613646473707064 0.2752780681162183 0
    outer loop
      vertex 24.829018853604794 -1.3403563261032105 16.7
      vertex 24.783535428345203 -1.1815127342939378 17
      vertex 24.829018853604794 -1.3403563261032105 17
    endloop
  endfacet
  facet normal 0 0 1
    outer loop
      vertex 24.748159430921078 -1.015909305214882 16.7
      vertex 25.31401289999485 -0.9037093058228494 16.7
      vertex 24.722890853881836 -0.8435460388660432 16.7
    endloop
  endfacet
  facet normal 0 0 1
    outer loop
      vertex 24.722890853881836 -0.8435460388660432 16.7
      vertex 25.289625227451324 -0.6977929010987283 16.7
      vertex 24.70772971212864 -0.6644229352474214 16.7
    endloop
  endfacet
  facet normal 0 0 1
    outer loop
      vertex 24.722890853881836 -0.8435460388660432 16.7
      vertex 25.31401289999485 -0.9037093058228494 16.7
      vertex 25.289625227451324 -0.6977929010987283 16.7
    endloop
  endfacet
  facet normal 0.9894242821582252 0.14505030119127846 0
    outer loop
      vertex 24.748159430921078 -1.015909305214882 16.7
      vertex 24.722890853881836 -0.8435460388660432 16.7
      vertex 24.722890853881836 -0.8435460388660432 17
    endloop
  endfacet
  facet normal 0.9894242821582252 0.14505030119127846 0
    outer loop
      vertex 24.748159430921078 -1.015909305214882 16.7
      vertex 24.722890853881836 -0.8435460388660432 17
      vertex 24.748159430921078 -1.015909305214882 17
    endloop
  endfacet
  facet normal 0.9964370908706537 0.08433933801749059 0
    outer loop
      vertex 24.722890853881836 -0.8435460388660432 16.7
      vertex 24.70772971212864 -0.6644229352474214 16.7
      vertex 24.70772971212864 -0.6644229352474214 17
    endloop
  endfacet
  facet normal 0.9964370908706537 0.08433933801749059 0
    outer loop
      vertex 24.722890853881836 -0.8435460388660432 16.7
      vertex 24.70772971212864 -0.6644229352474214 17
      vertex 24.722890853881836 -0.8435460388660432 17
    endloop
  endfacet
  facet normal 0 0 1
    outer loop
      vertex 24.829018853604794 -1.3403563261032105 16.7
      vertex 25.411563590168953 -1.2755326539278031 16.7
      vertex 25.354659020900726 -1.096289223432541 16.7
    endloop
  endfacet
  facet normal -0.9531213642423729 -0.30258827641658187 0
    outer loop
      vertex 25.411563590168953 -1.2755326539278031 16.7
      vertex 25.411563590168953 -1.2755326539278031 17
      vertex 25.354659020900726 -1.096289223432541 16.7
    endloop
  endfacet
  facet normal -0.9149813579822484 -0.40349611465906393 0
    outer loop
      vertex 25.411563590168953 -1.2755326539278031 16.7
      vertex 25.48472661525011 -1.4414395898580552 17
      vertex 25.411563590168953 -1.2755326539278031 17
    endloop
  endfacet
  facet normal -0.9784441812068572 -0.20651146278703927 0
    outer loop
      vertex 25.354659020900726 -1.096289223432541 16.7
      vertex 25.354659020900726 -1.096289223432541 17
      vertex 25.31401289999485 -0.9037093058228494 16.7
    endloop
  endfacet
  facet normal -0.9531213642423729 -0.30258827641658187 0
    outer loop
      vertex 25.354659020900726 -1.096289223432541 16.7
      vertex 25.411563590168953 -1.2755326539278031 17
      vertex 25.354659020900726 -1.096289223432541 17
    endloop
  endfacet
  facet normal -0.9784441812068572 -0.20651146278703927 0
    outer loop
      vertex 25.31401289999485 -0.9037093058228494 16.7
      vertex 25.354659020900726 -1.096289223432541 17
      vertex 25.31401289999485 -0.9037093058228494 17
    endloop
  endfacet
  facet normal -0.9930595263413257 -0.1176128272882769 0
    outer loop
      vertex 25.31401289999485 -0.9037093058228494 16.7
      vertex 25.31401289999485 -0.9037093058228494 17
      vertex 25.289625227451324 -0.6977929010987283 16.7
    endloop
  endfacet
  facet normal -0.9930595263413257 -0.1176128272882769 0
    outer loop
      vertex 25.289625227451324 -0.6977929010987283 16.7
      vertex 25.31401289999485 -0.9037093058228494 17
      vertex 25.289625227451324 -0.6977929010987283 17
    endloop
  endfacet
  facet normal 0 0 1
    outer loop
      vertex 24.70772971212864 -0.6644229352474214 16.7
      vertex 25.28149600327015 -0.4785400018095971 16.7
      vertex 24.702675998210907 -0.4785400018095971 16.7
    endloop
  endfacet
  facet normal 0 0 1
    outer loop
      vertex 24.70772971212864 -0.6644229352474214 16.7
      vertex 25.289625227451324 -0.6977929010987283 16.7
      vertex 25.28149600327015 -0.4785400018095971 16.7
    endloop
  endfacet
  facet normal 0 0 1
    outer loop
      vertex 24.702675998210907 -0.4785400018095971 16.7
      vertex 25.28149600327015 -0.4785400018095971 16.7
      vertex 25.289533630013466 -0.2581682413816453 16.7
    endloop
  endfacet
  facet normal 0.9996306215146716 0.02717757403064553 0
    outer loop
      vertex 24.70772971212864 -0.6644229352474214 16.7
      vertex 24.702675998210907 -0.4785400018095971 16.7
      vertex 24.702675998210907 -0.4785400018095971 17
    endloop
  endfacet
  facet normal 0.9996306215146716 0.02717757403064553 0
    outer loop
      vertex 24.70772971212864 -0.6644229352474214 16.7
      vertex 24.702675998210907 -0.4785400018095971 17
      vertex 24.70772971212864 -0.6644229352474214 17
    endloop
  endfacet
  facet normal 0.9991867925525321 -0.04032063477406172 0
    outer loop
      vertex 24.702675998210907 -0.4785400018095971 16.7
      vertex 24.713940896093845 -0.19938424825668344 17
      vertex 24.702675998210907 -0.4785400018095971 17
    endloop
  endfacet
  facet normal 0 0 1
    outer loop
      vertex 24.702675998210907 -0.4785400018095971 16.7
      vertex 25.289533630013466 -0.2581682413816453 16.7
      vertex 24.713940896093845 -0.19938424825668344 16.7
    endloop
  endfacet
  facet normal 0 0 1
    outer loop
      vertex 24.713940896093845 -0.19938424825668344 16.7
      vertex 25.313646532595158 -0.052289551496505826 16.7
      vertex 24.74773558974266 0.06180873662233344 16.7
    endloop
  endfacet
  facet normal 0 0 1
    outer loop
      vertex 24.713940896093845 -0.19938424825668344 16.7
      vertex 25.289533630013466 -0.2581682413816453 16.7
      vertex 25.313646532595158 -0.052289551496505826 16.7
    endloop
  endfacet
  facet normal 0.9991867925525321 -0.04032063477406172 0
    outer loop
      vertex 24.702675998210907 -0.4785400018095971 16.7
      vertex 24.713940896093845 -0.19938424825668344 16.7
      vertex 24.713940896093845 -0.19938424825668344 17
    endloop
  endfacet
  facet normal 0.9917332917065593 -0.1283163205553867 0
    outer loop
      vertex 24.713940896093845 -0.19938424825668344 16.7
      vertex 24.74773558974266 0.06180873662233344 16.7
      vertex 24.74773558974266 0.06180873662233344 17
    endloop
  endfacet
  facet normal 0.9917332917065593 -0.1283163205553867 0
    outer loop
      vertex 24.713940896093845 -0.19938424825668344 16.7
      vertex 24.74773558974266 0.06180873662233344 17
      vertex 24.713940896093845 -0.19938424825668344 17
    endloop
  endfacet
  facet normal -0.9993133585305517 -0.03705147044840333 0
    outer loop
      vertex 25.289625227451324 -0.6977929010987283 16.7
      vertex 25.289625227451324 -0.6977929010987283 17
      vertex 25.28149600327015 -0.4785400018095971 16.7
    endloop
  endfacet
  facet normal -0.9993133585305517 -0.03705147044840333 0
    outer loop
      vertex 25.28149600327015 -0.4785400018095971 16.7
      vertex 25.289625227451324 -0.6977929010987283 17
      vertex 25.28149600327015 -0.4785400018095971 17
    endloop
  endfacet
  facet normal -0.9993355217742562 0.03644879861085981 0
    outer loop
      vertex 25.28149600327015 -0.4785400018095971 16.7
      vertex 25.28149600327015 -0.4785400018095971 17
      vertex 25.289533630013466 -0.2581682413816453 16.7
    endloop
  endfacet
  facet normal -0.9932109976958678 0.11632675554651468 0
    outer loop
      vertex 25.289533630013466 -0.2581682413816453 16.7
      vertex 25.289533630013466 -0.2581682413816453 17
      vertex 25.313646532595158 -0.052289551496505826 16.7
    endloop
  endfacet
  facet normal -0.9993355217742562 0.03644879861085981 0
    outer loop
      vertex 25.289533630013466 -0.2581682413816453 16.7
      vertex 25.28149600327015 -0.4785400018095971 17
      vertex 25.289533630013466 -0.2581682413816453 17
    endloop
  endfacet
  facet normal -0.9932109976958678 0.11632675554651468 0
    outer loop
      vertex 25.313646532595158 -0.052289551496505826 16.7
      vertex 25.289533630013466 -0.2581682413816453 17
      vertex 25.313646532595158 -0.052289551496505826 17
    endloop
  endfacet
  facet normal 1 0 0
    outer loop
      vertex 20.501291997730732 -2.6 16.7
      vertex 20.501291997730732 1.6041120007634162 16.7
      vertex 20.501291997730732 1.6041120007634162 17
    endloop
  endfacet
  facet normal -0.9995522062348098 -0.02992301808181315 0
    outer loop
      vertex 21.008524000644684 0.19281199723482123 16.7
      vertex 21.008524000644684 0.19281199723482123 17
      vertex 20.993607997894287 0.6910680025815963 16.7
    endloop
  endfacet
  facet normal -0.9995522062348098 -0.02992301808181315 0
    outer loop
      vertex 20.993607997894287 0.6910680025815963 16.7
      vertex 21.008524000644684 0.19281199723482123 17
      vertex 20.993607997894287 0.6910680025815963 17
    endloop
  endfacet
  facet normal 0 0 1
    outer loop
      vertex 21.008524000644684 0.19281199723482123 16.7
      vertex 20.993607997894287 0.6910680025815963 16.7
      vertex 20.501291997730732 1.6041120007634162 16.7
    endloop
  endfacet
  facet normal -0.998674690324091 -0.051467105087435336 0
    outer loop
      vertex 20.993607997894287 0.6910680025815963 16.7
      vertex 20.993607997894287 0.6910680025815963 17
      vertex 20.97869200259447 0.9804999992251395 16.7
    endloop
  endfacet
  facet normal -0.998674690324091 -0.051467105087435336 0
    outer loop
      vertex 20.97869200259447 0.9804999992251395 16.7
      vertex 20.993607997894287 0.6910680025815963 17
      vertex 20.97869200259447 0.9804999992251395 17
    endloop
  endfacet
  facet normal 0 0 1
    outer loop
      vertex 20.993607997894287 0.6910680025815963 16.7
      vertex 20.97869200259447 0.9804999992251395 16.7
      vertex 20.501291997730732 1.6041120007634162 16.7
    endloop
  endfacet
  facet normal 0 0 1
    outer loop
      vertex 23.437279999256134 -2.000279998779297 16.7
      vertex 20.501291997730732 1.6041120007634162 16.7
      vertex 20.97869200259447 0.9804999992251395 16.7
    endloop
  endfacet
  facet normal 0 0 1
    outer loop
      vertex 23.437279999256134 -2.000279998779297 16.7
      vertex 21.163667999207973 1.6041120007634162 16.7
      vertex 20.501291997730732 1.6041120007634162 16.7
    endloop
  endfacet
  facet normal -0.845790294442286 -0.533515489772538 4.7761982460786325e-16
    outer loop
      vertex 23.437279999256134 -2.000279998779297 16.7
      vertex 21.163667999207973 1.6041120007634162 17
      vertex 21.163667999207973 1.6041120007634162 16.7
    endloop
  endfacet
  facet normal 0 -1 0
    outer loop
      vertex 20.501291997730732 1.6041120007634162 16.7
      vertex 21.163667999207973 1.6041120007634162 16.7
      vertex 21.163667999207973 1.6041120007634162 17
    endloop
  endfacet
  facet normal 0 -1 0
    outer loop
      vertex 20.501291997730732 1.6041120007634162 16.7
      vertex 21.163667999207973 1.6041120007634162 17
      vertex 20.501291997730732 1.6041120007634162 17
    endloop
  endfacet
  facet normal 1 0 0
    outer loop
      vertex 23.401464000344276 -1.1528839975595475 16.7
      vertex 23.401464000344276 1.6041120007634162 16.7
      vertex 23.401464000344276 1.6041120007634162 17
    endloop
  endfacet
  facet normal -1 0 0
    outer loop
      vertex 23.914679996669292 1.6041120007634162 16.7
      vertex 23.914679996669292 -2.6 17
      vertex 23.914679996669292 1.6041120007634162 17
    endloop
  endfacet
  facet normal 0 0 1
    outer loop
      vertex 23.401464000344276 -1.1528839975595475 16.7
      vertex 23.914679996669292 1.6041120007634162 16.7
      vertex 23.401464000344276 1.6041120007634162 16.7
    endloop
  endfacet
  facet normal 0 0 1
    outer loop
      vertex 24.74773558974266 0.06180873662233344 16.7
      vertex 25.353834696114063 0.13909608274698249 16.7
      vertex 24.804060079157352 0.30503893792629233 16.7
    endloop
  endfacet
  facet normal 0 0 1
    outer loop
      vertex 24.74773558974266 0.06180873662233344 16.7
      vertex 25.313646532595158 -0.052289551496505826 16.7
      vertex 25.353834696114063 0.13909608274698249 16.7
    endloop
  endfacet
  facet normal 0.974220276838103 -0.22559887454836744 0
    outer loop
      vertex 24.74773558974266 0.06180873662233344 16.7
      vertex 24.804060079157352 0.30503893792629233 17
      vertex 24.74773558974266 0.06180873662233344 17
    endloop
  endfacet
  facet normal 0.974220276838103 -0.22559887454836744 0
    outer loop
      vertex 24.74773558974266 0.06180873662233344 16.7
      vertex 24.804060079157352 0.30503893792629233 16.7
      vertex 24.804060079157352 0.30503893792629233 17
    endloop
  endfacet
  facet normal 0 0 1
    outer loop
      vertex 24.804060079157352 0.30503893792629233 16.7
      vertex 25.410098120570183 0.31598865389823905 16.7
      vertex 24.88291436433792 0.5303063705563544 16.7
    endloop
  endfacet
  facet normal 0 0 1
    outer loop
      vertex 24.88291436433792 0.5303063705563544 16.7
      vertex 25.482436813414097 0.47838816195726386 16.7
      vertex 24.984298445284367 0.7376110196113586 16.7
    endloop
  endfacet
  facet normal 0.9438443980178943 -0.3303903030208948 0
    outer loop
      vertex 24.804060079157352 0.30503893792629233 16.7
      vertex 24.88291436433792 0.5303063705563544 16.7
      vertex 24.88291436433792 0.5303063705563544 17
    endloop
  endfacet
  facet normal 0.9438443980178943 -0.3303903030208948 0
    outer loop
      vertex 24.804060079157352 0.30503893792629233 16.7
      vertex 24.88291436433792 0.5303063705563544 17
      vertex 24.804060079157352 0.30503893792629233 17
    endloop
  endfacet
  facet normal 0.8983242658905434 -0.43933303234814536 0
    outer loop
      vertex 24.88291436433792 0.5303063705563544 16.7
      vertex 24.984298445284367 0.7376110196113586 16.7
      vertex 24.984298445284367 0.7376110196113586 17
    endloop
  endfacet
  facet normal 0.8983242658905434 -0.43933303234814536 0
    outer loop
      vertex 24.88291436433792 0.5303063705563544 16.7
      vertex 24.984298445284367 0.7376110196113586 17
      vertex 24.88291436433792 0.5303063705563544 17
    endloop
  endfacet
  facet normal 0 0 1
    outer loop
      vertex 24.804060079157352 0.30503893792629233 16.7
      vertex 25.353834696114063 0.13909608274698249 16.7
      vertex 25.410098120570183 0.31598865389823905 16.7
    endloop
  endfacet
  facet normal -0.9786563964960661 0.20550342478249528 0
    outer loop
      vertex 25.313646532595158 -0.052289551496505826 16.7
      vertex 25.313646532595158 -0.052289551496505826 17
      vertex 25.353834696114063 0.13909608274698249 16.7
    endloop
  endfacet
  facet normal -0.9786563964960661 0.20550342478249528 0
    outer loop
      vertex 25.353834696114063 0.13909608274698249 16.7
      vertex 25.313646532595158 -0.052289551496505826 17
      vertex 25.353834696114063 0.13909608274698249 17
    endloop
  endfacet
  facet normal -0.9529578010181037 0.303103001434727 0
    outer loop
      vertex 25.353834696114063 0.13909608274698249 16.7
      vertex 25.353834696114063 0.13909608274698249 17
      vertex 25.410098120570183 0.31598865389823905 16.7
    endloop
  endfacet
  facet normal -0.9529578010181037 0.303103001434727 0
    outer loop
      vertex 25.410098120570183 0.31598865389823905 16.7
      vertex 25.353834696114063 0.13909608274698249 17
      vertex 25.410098120570183 0.31598865389823905 17
    endloop
  endfacet
  facet normal 0 0 1
    outer loop
      vertex 24.88291436433792 0.5303063705563544 16.7
      vertex 25.410098120570183 0.31598865389823905 16.7
      vertex 25.482436813414097 0.47838816195726386 16.7
    endloop
  endfacet
  facet normal 0 0 1
    outer loop
      vertex 25.10821232944727 0.9269528999924659 16.7
      vertex 25.482436813414097 0.47838816195726386 16.7
      vertex 25.570850774645805 0.6262946143746375 16.7
    endloop
  endfacet
  facet normal -0.9134748560560688 0.4068951798108997 0
    outer loop
      vertex 25.410098120570183 0.31598865389823905 16.7
      vertex 25.410098120570183 0.31598865389823905 17
      vertex 25.482436813414097 0.47838816195726386 16.7
    endloop
  endfacet
  facet normal -0.9134748560560688 0.4068951798108997 0
    outer loop
      vertex 25.482436813414097 0.47838816195726386 16.7
      vertex 25.410098120570183 0.31598865389823905 17
      vertex 25.482436813414097 0.47838816195726386 17
    endloop
  endfacet
  facet normal -0.8583364235415915 0.5130873064321798 0
    outer loop
      vertex 25.482436813414097 0.47838816195726386 16.7
      vertex 25.482436813414097 0.47838816195726386 17
      vertex 25.570850774645805 0.6262946143746375 16.7
    endloop
  endfacet
  facet normal -0.8583364235415915 0.5130873064321798 0
    outer loop
      vertex 25.570850774645805 0.6262946143746375 16.7
      vertex 25.482436813414097 0.47838816195726386 17
      vertex 25.570850774645805 0.6262946143746375 17
    endloop
  endfacet
  facet normal -0.7872794226677833 0.6165963920133508 0
    outer loop
      vertex 25.570850774645805 0.6262946143746375 16.7
      vertex 25.570850774645805 0.6262946143746375 17
      vertex 25.675339996814728 0.7597080036997794 16.7
    endloop
  endfacet
  facet normal 0.8367399553743281 -0.5476004447406587 0
    outer loop
      vertex 24.984298445284367 0.7376110196113586 16.7
      vertex 25.10821232944727 0.9269528999924659 17
      vertex 24.984298445284367 0.7376110196113586 17
    endloop
  endfacet
  facet normal 0.8367399553743281 -0.5476004447406587 0
    outer loop
      vertex 24.984298445284367 0.7376110196113586 16.7
      vertex 25.10821232944727 0.9269528999924659 16.7
      vertex 25.10821232944727 0.9269528999924659 17
    endloop
  endfacet
  facet normal 0.7602480007754544 -0.649632955842701 0
    outer loop
      vertex 25.10821232944727 0.9269528999924659 16.7
      vertex 25.25465600192547 1.0983319967985152 17
      vertex 25.10821232944727 0.9269528999924659 17
    endloop
  endfacet
  facet normal 0 0 1
    outer loop
      vertex 24.984298445284367 0.7376110196113586 16.7
      vertex 25.482436813414097 0.47838816195726386 16.7
      vertex 25.10821232944727 0.9269528999924659 16.7
    endloop
  endfacet
  facet normal 0 0 1
    outer loop
      vertex 25.570850774645805 0.6262946143746375 16.7
      vertex 25.675339996814728 0.7597080036997794 16.7
      vertex 25.25465600192547 1.0983319967985152 16.7
    endloop
  endfacet
  facet normal 0 0 1
    outer loop
      vertex 25.10821232944727 0.9269528999924659 16.7
      vertex 25.570850774645805 0.6262946143746375 16.7
      vertex 25.25465600192547 1.0983319967985152 16.7
    endloop
  endfacet
  facet normal 0 0 1
    outer loop
      vertex 25.675339996814728 0.7597080036997794 16.7
      vertex 25.794577307999134 0.8768629372119903 16.7
      vertex 25.42119510471821 1.249141553044319 16.7
    endloop
  endfacet
  facet normal -0.7008506904660673 0.7133080047729989 0
    outer loop
      vertex 25.675339996814728 0.7597080036997794 16.7
      vertex 25.675339996814728 0.7597080036997794 17
      vertex 25.794577307999134 0.8768629372119903 16.7
    endloop
  endfacet
  facet normal -0.7872794226677833 0.6165963920133508 0
    outer loop
      vertex 25.675339996814728 0.7597080036997794 16.7
      vertex 25.570850774645805 0.6262946143746375 17
      vertex 25.675339996814728 0.7597080036997794 17
    endloop
  endfacet
  facet normal -0.7008506904660673 0.7133080047729989 0
    outer loop
      vertex 25.794577307999134 0.8768629372119903 16.7
      vertex 25.675339996814728 0.7597080036997794 17
      vertex 25.794577307999134 0.8768629372119903 17
    endloop
  endfacet
  facet normal -0.5986707642336774 0.8009952035136443 0
    outer loop
      vertex 25.794577307999134 0.8768629372119903 16.7
      vertex 25.794577307999134 0.8768629372119903 17
      vertex 25.927210368216038 0.9759940370917319 16.7
    endloop
  endfacet
  facet normal -0.4855521033610659 0.8742077298455126 0
    outer loop
      vertex 25.927210368216038 0.9759940370917319 16.7
      vertex 25.927210368216038 0.9759940370917319 17
      vertex 26.07323918491602 1.0571013033390044 16.7
    endloop
  endfacet
  facet normal -0.5986707642336774 0.8009952035136443 0
    outer loop
      vertex 25.927210368216038 0.9759940370917319 16.7
      vertex 25.794577307999134 0.8768629372119903 17
      vertex 25.927210368216038 0.9759940370917319 17
    endloop
  endfacet
  facet normal 0 0 1
    outer loop
      vertex 25.25465600192547 1.0983319967985152 16.7
      vertex 25.675339996814728 0.7597080036997794 16.7
      vertex 25.42119510471821 1.249141553044319 16.7
    endloop
  endfacet
  facet normal 0 0 1
    outer loop
      vertex 25.794577307999134 0.8768629372119903 16.7
      vertex 25.927210368216038 0.9759940370917319 16.7
      vertex 25.605395264923573 1.3767496362328528 16.7
    endloop
  endfacet
  facet normal 0 0 1
    outer loop
      vertex 25.794577307999134 0.8768629372119903 16.7
      vertex 25.605395264923573 1.3767496362328528 16.7
      vertex 25.42119510471821 1.249141553044319 16.7
    endloop
  endfacet
  facet normal 0 0 1
    outer loop
      vertex 25.927210368216038 0.9759940370917319 16.7
      vertex 26.07323918491602 1.0571013033390044 16.7
      vertex 25.80725648999214 1.4811562463641166 16.7
    endloop
  endfacet
  facet normal 0 0 1
    outer loop
      vertex 25.927210368216038 0.9759940370917319 16.7
      vertex 25.80725648999214 1.4811562463641166 16.7
      vertex 25.605395264923573 1.3767496362328528 16.7
    endloop
  endfacet
  facet normal 0 0 1
    outer loop
      vertex 25.80725648999214 1.4811562463641166 16.7
      vertex 26.07323918491602 1.0571013033390044 16.7
      vertex 26.026778772473335 1.5623613908886909 16.7
    endloop
  endfacet
  facet normal 0.7602480007754544 -0.649632955842701 0
    outer loop
      vertex 25.10821232944727 0.9269528999924659 16.7
      vertex 25.25465600192547 1.0983319967985152 16.7
      vertex 25.25465600192547 1.0983319967985152 17
    endloop
  endfacet
  facet normal 0.6712346579986779 -0.7412449216698878 0
    outer loop
      vertex 25.25465600192547 1.0983319967985152 16.7
      vertex 25.42119510471821 1.249141553044319 16.7
      vertex 25.42119510471821 1.249141553044319 17
    endloop
  endfacet
  facet normal 0.6712346579986779 -0.7412449216698878 0
    outer loop
      vertex 25.25465600192547 1.0983319967985152 16.7
      vertex 25.42119510471821 1.249141553044319 17
      vertex 25.25465600192547 1.0983319967985152 17
    endloop
  endfacet
  facet normal 0.569466057525453 -0.8220148473880612 0
    outer loop
      vertex 25.42119510471821 1.249141553044319 16.7
      vertex 25.605395264923573 1.3767496362328528 16.7
      vertex 25.605395264923573 1.3767496362328528 17
    endloop
  endfacet
  facet normal 0.569466057525453 -0.8220148473880612 0
    outer loop
      vertex 25.42119510471821 1.249141553044319 16.7
      vertex 25.605395264923573 1.3767496362328528 17
      vertex 25.42119510471821 1.249141553044319 17
    endloop
  endfacet
  facet normal 0 -1 0
    outer loop
      vertex 23.401464000344276 1.6041120007634162 16.7
      vertex 23.914679996669292 1.6041120007634162 16.7
      vertex 23.914679996669292 1.6041120007634162 17
    endloop
  endfacet
  facet normal 0 -1 0
    outer loop
      vertex 23.401464000344276 1.6041120007634162 16.7
      vertex 23.914679996669292 1.6041120007634162 17
      vertex 23.401464000344276 1.6041120007634162 17
    endloop
  endfacet
  facet normal 0.4594077543523519 -0.8882254867098384 0
    outer loop
      vertex 25.605395264923573 1.3767496362328528 16.7
      vertex 25.80725648999214 1.4811562463641166 16.7
      vertex 25.80725648999214 1.4811562463641166 17
    endloop
  endfacet
  facet normal 0.3469408622210639 -0.9378870071182909 0
    outer loop
      vertex 25.80725648999214 1.4811562463641166 16.7
      vertex 26.026778772473335 1.5623613908886909 16.7
      vertex 26.026778772473335 1.5623613908886909 17
    endloop
  endfacet
  facet normal 0.4594077543523519 -0.8882254867098384 0
    outer loop
      vertex 25.605395264923573 1.3767496362328528 16.7
      vertex 25.80725648999214 1.4811562463641166 17
      vertex 25.605395264923573 1.3767496362328528 17
    endloop
  endfacet
  facet normal 0.3469408622210639 -0.9378870071182909 0
    outer loop
      vertex 25.80725648999214 1.4811562463641166 16.7
      vertex 26.026778772473335 1.5623613908886909 17
      vertex 25.80725648999214 1.4811562463641166 17
    endloop
  endfacet
  facet normal 0 0 1
    outer loop
      vertex 26.103331588208675 -2.5739340394735337 16.7
      vertex 26.262963593006134 -2.611440895497799 16.7
      vertex 26.23590897768736 -2.1119672641158105 16.7
    endloop
  endfacet
  facet normal 0 0 1
    outer loop
      vertex 26.429840326309204 -2.638231506943703 16.7
      vertex 26.40644310414791 -2.159307672083378 16.7
      vertex 26.262963593006134 -2.611440895497799 16.7
    endloop
  endfacet
  facet normal 0 0 1
    outer loop
      vertex 26.429840326309204 -2.638231506943703 16.7
      vertex 26.603961795568466 -2.6543058812618257 16.7
      vertex 26.58958277851343 -2.1877119153738023 16.7
    endloop
  endfacet
  facet normal 0 0 1
    outer loop
      vertex 26.603961795568466 -2.6543058812618257 16.7
      vertex 26.78532800078392 -2.6596640035510064 16.7
      vertex 26.78532800078392 -2.197180001437664 16.7
    endloop
  endfacet
  facet normal 0.22872950782479384 0.9734900165128698 0
    outer loop
      vertex 26.103331588208675 -2.5739340394735337 16.7
      vertex 26.103331588208675 -2.5739340394735337 17
      vertex 26.262963593006134 -2.611440895497799 16.7
    endloop
  endfacet
  facet normal 0.1585116165287689 0.987357112409404 0
    outer loop
      vertex 26.429840326309204 -2.638231506943703 16.7
      vertex 26.262963593006134 -2.611440895497799 16.7
      vertex 26.262963593006134 -2.611440895497799 17
    endloop
  endfacet
  facet normal 0.22872950782479384 0.9734900165128698 0
    outer loop
      vertex 26.262963593006134 -2.611440895497799 16.7
      vertex 26.103331588208675 -2.5739340394735337 17
      vertex 26.262963593006134 -2.611440895497799 17
    endloop
  endfacet
  facet normal 0.1585116165287689 0.987357112409404 0
    outer loop
      vertex 26.429840326309204 -2.638231506943703 16.7
      vertex 26.262963593006134 -2.611440895497799 17
      vertex 26.429840326309204 -2.638231506943703 17
    endloop
  endfacet
  facet normal 0.30170481792591053 0.9534013860071178 0
    outer loop
      vertex 25.95094432681799 -2.525710938870907 16.7
      vertex 25.95094432681799 -2.525710938870907 17
      vertex 26.103331588208675 -2.5739340394735337 16.7
    endloop
  endfacet
  facet normal 0.30170481792591053 0.9534013860071178 0
    outer loop
      vertex 26.103331588208675 -2.5739340394735337 16.7
      vertex 25.95094432681799 -2.525710938870907 17
      vertex 26.103331588208675 -2.5739340394735337 17
    endloop
  endfacet
  facet normal 0.09192612916293713 0.9957658292877493 0
    outer loop
      vertex 26.429840326309204 -2.638231506943703 16.7
      vertex 26.429840326309204 -2.638231506943703 17
      vertex 26.603961795568466 -2.6543058812618257 16.7
    endloop
  endfacet
  facet normal 0.029530228852482632 0.9995638876949887 0
    outer loop
      vertex 26.603961795568466 -2.6543058812618257 16.7
      vertex 26.603961795568466 -2.6543058812618257 17
      vertex 26.78532800078392 -2.6596640035510064 16.7
    endloop
  endfacet
  facet normal 0.09192612916293713 0.9957658292877493 0
    outer loop
      vertex 26.603961795568466 -2.6543058812618257 16.7
      vertex 26.429840326309204 -2.638231506943703 17
      vertex 26.603961795568466 -2.6543058812618257 17
    endloop
  endfacet
  facet normal 0.029530228852482632 0.9995638876949887 0
    outer loop
      vertex 26.78532800078392 -2.6596640035510064 16.7
      vertex 26.603961795568466 -2.6543058812618257 17
      vertex 26.78532800078392 -2.6596640035510064 17
    endloop
  endfacet
  facet normal 0 0 1
    outer loop
      vertex 25.95094432681799 -2.525710938870907 16.7
      vertex 26.103331588208675 -2.5739340394735337 16.7
      vertex 26.23590897768736 -2.1119672641158105 16.7
    endloop
  endfacet
  facet normal 0 0 1
    outer loop
      vertex 26.262963593006134 -2.611440895497799 16.7
      vertex 26.40644310414791 -2.159307672083378 16.7
      vertex 26.23590897768736 -2.1119672641158105 16.7
    endloop
  endfacet
  facet normal 0 0 1
    outer loop
      vertex 25.95094432681799 -2.525710938870907 16.7
      vertex 26.23590897768736 -2.1119672641158105 16.7
      vertex 26.077980406582355 -2.0456906914711 16.7
    endloop
  endfacet
  facet normal 0 0 1
    outer loop
      vertex 26.429840326309204 -2.638231506943703 16.7
      vertex 26.58958277851343 -2.1877119153738023 16.7
      vertex 26.40644310414791 -2.159307672083378 16.7
    endloop
  endfacet
  facet normal 0 0 1
    outer loop
      vertex 26.603961795568466 -2.6543058812618257 16.7
      vertex 26.78532800078392 -2.197180001437664 16.7
      vertex 26.58958277851343 -2.1877119153738023 16.7
    endloop
  endfacet
  facet normal -0.3869672999313362 -0.922093438206699 0
    outer loop
      vertex 26.23590897768736 -2.1119672641158105 16.7
      vertex 26.23590897768736 -2.1119672641158105 17
      vertex 26.077980406582355 -2.0456906914711 16.7
    endloop
  endfacet
  facet normal -0.2674855363722062 -0.9635618754556831 0
    outer loop
      vertex 26.23590897768736 -2.1119672641158105 16.7
      vertex 26.40644310414791 -2.159307672083378 16.7
      vertex 26.40644310414791 -2.159307672083378 17
    endloop
  endfacet
  facet normal -0.3869672999313362 -0.922093438206699 0
    outer loop
      vertex 26.077980406582355 -2.0456906914711 16.7
      vertex 26.23590897768736 -2.1119672641158105 17
      vertex 26.077980406582355 -2.0456906914711 17
    endloop
  endfacet
  facet normal -0.2674855363722062 -0.9635618754556831 0
    outer loop
      vertex 26.23590897768736 -2.1119672641158105 16.7
      vertex 26.40644310414791 -2.159307672083378 17
      vertex 26.23590897768736 -2.1119672641158105 17
    endloop
  endfacet
  facet normal -0.15326365895358812 -0.988185332234879 0
    outer loop
      vertex 26.40644310414791 -2.159307672083378 16.7
      vertex 26.58958277851343 -2.1877119153738023 16.7
      vertex 26.58958277851343 -2.1877119153738023 17
    endloop
  endfacet
  facet normal -0.04831295279008298 -0.9988322474733698 0
    outer loop
      vertex 26.58958277851343 -2.1877119153738023 16.7
      vertex 26.78532800078392 -2.197180001437664 16.7
      vertex 26.78532800078392 -2.197180001437664 17
    endloop
  endfacet
  facet normal -0.15326365895358812 -0.988185332234879 0
    outer loop
      vertex 26.40644310414791 -2.159307672083378 16.7
      vertex 26.58958277851343 -2.1877119153738023 17
      vertex 26.40644310414791 -2.159307672083378 17
    endloop
  endfacet
  facet normal -0.04831295279008298 -0.9988322474733698 0
    outer loop
      vertex 26.58958277851343 -2.1877119153738023 16.7
      vertex 26.78532800078392 -2.197180001437664 17
      vertex 26.58958277851343 -2.1877119153738023 17
    endloop
  endfacet
  facet normal 0 0 1
    outer loop
      vertex 26.78532800078392 -2.6596640035510064 16.7
      vertex 26.96514791995287 -2.6542448163032533 16.7
      vertex 26.78532800078392 -2.197180001437664 16.7
    endloop
  endfacet
  facet normal 0 0 1
    outer loop
      vertex 26.96514791995287 -2.6542448163032533 16.7
      vertex 27.1380248144269 -2.6379872620105744 16.7
      vertex 26.986423268914223 -2.188016323745251 16.7
    endloop
  endfacet
  facet normal 0 0 1
    outer loop
      vertex 27.1380248144269 -2.6379872620105744 16.7
      vertex 27.30395869165659 -2.6108913481235505 16.7
      vertex 27.173695348203182 -2.160525305569172 16.7
    endloop
  endfacet
  facet normal 0 0 1
    outer loop
      vertex 27.30395869165659 -2.6108913481235505 16.7
      vertex 27.46294955164194 -2.5729570597410203 16.7
      vertex 27.34714424610138 -2.114706939458847 16.7
    endloop
  endfacet
  facet normal -0.03012306996524434 0.9995461973595162 0
    outer loop
      vertex 26.78532800078392 -2.6596640035510064 16.7
      vertex 26.78532800078392 -2.6596640035510064 17
      vertex 26.96514791995287 -2.6542448163032533 16.7
    endloop
  endfacet
  facet normal -0.09362812073211085 0.9956072393309388 0
    outer loop
      vertex 26.96514791995287 -2.6542448163032533 16.7
      vertex 26.96514791995287 -2.6542448163032533 17
      vertex 27.1380248144269 -2.6379872620105744 16.7
    endloop
  endfacet
  facet normal -0.16115894557657132 0.986928464611619 0
    outer loop
      vertex 27.1380248144269 -2.6379872620105744 16.7
      vertex 27.1380248144269 -2.6379872620105744 17
      vertex 27.30395869165659 -2.6108913481235505 16.7
    endloop
  endfacet
  facet normal -0.03012306996524434 0.9995461973595162 0
    outer loop
      vertex 26.96514791995287 -2.6542448163032533 16.7
      vertex 26.78532800078392 -2.6596640035510064 17
      vertex 26.96514791995287 -2.6542448163032533 17
    endloop
  endfacet
  facet normal -0.09362812073211085 0.9956072393309388 0
    outer loop
      vertex 27.1380248144269 -2.6379872620105744 16.7
      vertex 26.96514791995287 -2.6542448163032533 17
      vertex 27.1380248144269 -2.6379872620105744 17
    endloop
  endfacet
  facet normal -0.2320797524877877 0.9726967608073994 0
    outer loop
      vertex 27.30395869165659 -2.6108913481235505 16.7
      vertex 27.30395869165659 -2.6108913481235505 17
      vertex 27.46294955164194 -2.5729570597410203 16.7
    endloop
  endfacet
  facet normal -0.16115894557657132 0.986928464611619 0
    outer loop
      vertex 27.30395869165659 -2.6108913481235505 16.7
      vertex 27.1380248144269 -2.6379872620105744 17
      vertex 27.30395869165659 -2.6108913481235505 17
    endloop
  endfacet
  facet normal -0.2320797524877877 0.9726967608073994 0
    outer loop
      vertex 27.46294955164194 -2.5729570597410203 16.7
      vertex 27.30395869165659 -2.6108913481235505 17
      vertex 27.46294955164194 -2.5729570597410203 17
    endloop
  endfacet
  facet normal -0.30544224765717337 0.9522106034623506 0
    outer loop
      vertex 27.46294955164194 -2.5729570597410203 16.7
      vertex 27.46294955164194 -2.5729570597410203 17
      vertex 27.614997386932373 -2.524184411764145 16.7
    endloop
  endfacet
  facet normal -0.30544224765717337 0.9522106034623506 0
    outer loop
      vertex 27.614997386932373 -2.524184411764145 16.7
      vertex 27.46294955164194 -2.5729570597410203 17
      vertex 27.614997386932373 -2.524184411764145 17
    endloop
  endfacet
  facet normal 0 0 1
    outer loop
      vertex 26.78532800078392 -2.197180001437664 16.7
      vertex 26.96514791995287 -2.6542448163032533 16.7
      vertex 26.986423268914223 -2.188016323745251 16.7
    endloop
  endfacet
  facet normal 0 0 1
    outer loop
      vertex 27.1380248144269 -2.6379872620105744 16.7
      vertex 27.173695348203182 -2.160525305569172 16.7
      vertex 26.986423268914223 -2.188016323745251 16.7
    endloop
  endfacet
  facet normal 0 0 1
    outer loop
      vertex 27.30395869165659 -2.6108913481235505 16.7
      vertex 27.34714424610138 -2.114706939458847 16.7
      vertex 27.173695348203182 -2.160525305569172 16.7
    endloop
  endfacet
  facet normal 0 0 1
    outer loop
      vertex 27.46294955164194 -2.5729570597410203 16.7
      vertex 27.614997386932373 -2.524184411764145 16.7
      vertex 27.34714424610138 -2.114706939458847 16.7
    endloop
  endfacet
  facet normal 0 0 1
    outer loop
      vertex 27.614997386932373 -2.524184411764145 16.7
      vertex 27.506769962608814 -2.050561225414276 16.7
      vertex 27.34714424610138 -2.114706939458847 16.7
    endloop
  endfacet
  facet normal 0.04552159925971749 -0.9989633546836628 0
    outer loop
      vertex 26.78532800078392 -2.197180001437664 16.7
      vertex 26.986423268914223 -2.188016323745251 16.7
      vertex 26.986423268914223 -2.188016323745251 17
    endloop
  endfacet
  facet normal 0.14524062252279707 -0.9893963622174838 0
    outer loop
      vertex 26.986423268914223 -2.188016323745251 16.7
      vertex 27.173695348203182 -2.160525305569172 16.7
      vertex 27.173695348203182 -2.160525305569172 17
    endloop
  endfacet
  facet normal 0.04552159925971749 -0.9989633546836628 0
    outer loop
      vertex 26.78532800078392 -2.197180001437664 16.7
      vertex 26.986423268914223 -2.188016323745251 17
      vertex 26.78532800078392 -2.197180001437664 17
    endloop
  endfacet
  facet normal 0.14524062252279707 -0.9893963622174838 0
    outer loop
      vertex 26.986423268914223 -2.188016323745251 16.7
      vertex 27.173695348203182 -2.160525305569172 17
      vertex 26.986423268914223 -2.188016323745251 17
    endloop
  endfacet
  facet normal 0.2553998563221925 -0.9668355151682231 0
    outer loop
      vertex 27.173695348203182 -2.160525305569172 16.7
      vertex 27.34714424610138 -2.114706939458847 16.7
      vertex 27.34714424610138 -2.114706939458847 17
    endloop
  endfacet
  facet normal 0.37287061887795214 -0.927883344810959 0
    outer loop
      vertex 27.34714424610138 -2.114706939458847 16.7
      vertex 27.506769962608814 -2.050561225414276 16.7
      vertex 27.506769962608814 -2.050561225414276 17
    endloop
  endfacet
  facet normal 0.2553998563221925 -0.9668355151682231 0
    outer loop
      vertex 27.173695348203182 -2.160525305569172 16.7
      vertex 27.34714424610138 -2.114706939458847 17
      vertex 27.173695348203182 -2.160525305569172 17
    endloop
  endfacet
  facet normal 0.37287061887795214 -0.927883344810959 0
    outer loop
      vertex 27.34714424610138 -2.114706939458847 16.7
      vertex 27.506769962608814 -2.050561225414276 17
      vertex 27.34714424610138 -2.114706939458847 17
    endloop
  endfacet
  facet normal -0.5058227670310137 -0.8626374257781126 0
    outer loop
      vertex 25.9326573908329 -1.960477961599827 16.7
      vertex 26.077980406582355 -2.0456906914711 16.7
      vertex 26.077980406582355 -2.0456906914711 17
    endloop
  endfacet
  facet normal 0.4923419815006583 -0.8704018458459318 0
    outer loop
      vertex 27.506769962608814 -2.050561225414276 16.7
      vertex 27.652572490274906 -1.9680881634354592 16.7
      vertex 27.652572490274906 -1.9680881634354592 17
    endloop
  endfacet
  facet normal 0.4923419815006583 -0.8704018458459318 0
    outer loop
      vertex 27.506769962608814 -2.050561225414276 16.7
      vertex 27.652572490274906 -1.9680881634354592 17
      vertex 27.506769962608814 -2.050561225414276 17
    endloop
  endfacet
  facet normal -0.3799974018480303 0.9249875537480203 0
    outer loop
      vertex 27.614997386932373 -2.524184411764145 16.7
      vertex 27.614997386932373 -2.524184411764145 17
      vertex 27.760102204978466 -2.4645733892917634 16.7
    endloop
  endfacet
  facet normal -0.45425891951303615 0.890869706546838 0
    outer loop
      vertex 27.760102204978466 -2.4645733892917634 16.7
      vertex 27.760102204978466 -2.4645733892917634 17
      vertex 27.89826399832964 -2.394123999774456 16.7
    endloop
  endfacet
  facet normal -0.3799974018480303 0.9249875537480203 0
    outer loop
      vertex 27.760102204978466 -2.4645733892917634 16.7
      vertex 27.614997386932373 -2.524184411764145 17
      vertex 27.760102204978466 -2.4645733892917634 17
    endloop
  endfacet
  facet normal -0.45425891951303615 0.890869706546838 0
    outer loop
      vertex 27.89826399832964 -2.394123999774456 16.7
      vertex 27.760102204978466 -2.4645733892917634 17
      vertex 27.89826399832964 -2.394123999774456 17
    endloop
  endfacet
  facet normal 0 0 1
    outer loop
      vertex 27.614997386932373 -2.524184411764145 16.7
      vertex 27.760102204978466 -2.4645733892917634 16.7
      vertex 27.506769962608814 -2.050561225414276 16.7
    endloop
  endfacet
  facet normal 0 0 1
    outer loop
      vertex 27.760102204978466 -2.4645733892917634 16.7
      vertex 27.89826399832964 -2.394123999774456 16.7
      vertex 27.652572490274906 -1.9680881634354592 16.7
    endloop
  endfacet
  facet normal 0 0 1
    outer loop
      vertex 27.760102204978466 -2.4645733892917634 16.7
      vertex 27.652572490274906 -1.9680881634354592 16.7
      vertex 27.506769962608814 -2.050561225414276 16.7
    endloop
  endfacet
  facet normal 0 0 1
    outer loop
      vertex 27.89826399832964 -2.394123999774456 16.7
      vertex 28.028478860855103 -2.3135662883520127 16.7
      vertex 27.652572490274906 -1.9680881634354592 16.7
    endloop
  endfacet
  facet normal 0 0 1
    outer loop
      vertex 28.028478860855103 -2.3135662883520127 16.7
      vertex 28.149742856621742 -2.2236302852630616 16.7
      vertex 27.784551836550236 -1.8672877535223962 16.7
    endloop
  endfacet
  facet normal -0.5261114872199047 0.8504156060511002 0
    outer loop
      vertex 27.89826399832964 -2.394123999774456 16.7
      vertex 27.89826399832964 -2.394123999774456 17
      vertex 28.028478860855103 -2.3135662883520127 16.7
    endloop
  endfacet
  facet normal -0.5261114872199047 0.8504156060511002 0
    outer loop
      vertex 28.028478860855103 -2.3135662883520127 16.7
      vertex 27.89826399832964 -2.394123999774456 17
      vertex 28.028478860855103 -2.3135662883520127 17
    endloop
  endfacet
  facet normal -0.5957014170856915 0.8032059646703946 0
    outer loop
      vertex 28.028478860855103 -2.3135662883520127 16.7
      vertex 28.028478860855103 -2.3135662883520127 17
      vertex 28.149742856621742 -2.2236302852630616 16.7
    endloop
  endfacet
  facet normal -0.5957014170856915 0.8032059646703946 0
    outer loop
      vertex 28.149742856621742 -2.2236302852630616 16.7
      vertex 28.028478860855103 -2.3135662883520127 17
      vertex 28.149742856621742 -2.2236302852630616 17
    endloop
  endfacet
  facet normal -0.662425513970841 0.7491277851211147 0
    outer loop
      vertex 28.149742856621742 -2.2236302852630616 16.7
      vertex 28.149742856621742 -2.2236302852630616 17
      vertex 28.26205600053072 -2.1243159979581834 16.7
    endloop
  endfacet
  facet normal -0.7246519762090737 0.6891150218768156 0
    outer loop
      vertex 28.26205600053072 -2.1243159979581834 16.7
      vertex 28.26205600053072 -2.1243159979581834 17
      vertex 28.365418285131454 -2.015623426437378 16.7
    endloop
  endfacet
  facet normal -0.662425513970841 0.7491277851211147 0
    outer loop
      vertex 28.26205600053072 -2.1243159979581834 16.7
      vertex 28.149742856621742 -2.2236302852630616 17
      vertex 28.26205600053072 -2.1243159979581834 17
    endloop
  endfacet
  facet normal 0 0 1
    outer loop
      vertex 28.028478860855103 -2.3135662883520127 16.7
      vertex 27.784551836550236 -1.8672877535223962 16.7
      vertex 27.652572490274906 -1.9680881634354592 16.7
    endloop
  endfacet
  facet normal 0 0 1
    outer loop
      vertex 28.149742856621742 -2.2236302852630616 16.7
      vertex 27.902708001434803 -1.7481600031256677 16.7
      vertex 27.784551836550236 -1.8672877535223962 16.7
    endloop
  endfacet
  facet normal 0 0 1
    outer loop
      vertex 28.149742856621742 -2.2236302852630616 16.7
      vertex 28.26205600053072 -2.1243159979581834 16.7
      vertex 27.902708001434803 -1.7481600031256677 16.7
    endloop
  endfacet
  facet normal 0 0 1
    outer loop
      vertex 28.26205600053072 -2.1243159979581834 16.7
      vertex 28.365418285131454 -2.015623426437378 16.7
      vertex 27.902708001434803 -1.7481600031256677 16.7
    endloop
  endfacet
  facet normal 0 0 1
    outer loop
      vertex 28.365418285131454 -2.015623426437378 16.7
      vertex 28.006018206477165 -1.6122745335102082 16.7
      vertex 27.902708001434803 -1.7481600031256677 16.7
    endloop
  endfacet
  facet normal 0 0 1
    outer loop
      vertex 28.365418285131454 -2.015623426437378 16.7
      vertex 28.459829717874527 -1.8975525707006455 16.7
      vertex 28.006018206477165 -1.6122745335102082 16.7
    endloop
  endfacet
  facet normal 0 0 1
    outer loop
      vertex 28.459829717874527 -1.8975525707006455 16.7
      vertex 28.545290283858776 -1.770103430747986 16.7
      vertex 28.006018206477165 -1.6122745335102082 16.7
    endloop
  endfacet
  facet normal 0.6069751500148541 -0.7947208108917531 0
    outer loop
      vertex 27.652572490274906 -1.9680881634354592 16.7
      vertex 27.784551836550236 -1.8672877535223962 16.7
      vertex 27.784551836550236 -1.8672877535223962 17
    endloop
  endfacet
  facet normal 0.6069751500148541 -0.7947208108917531 0
    outer loop
      vertex 27.652572490274906 -1.9680881634354592 16.7
      vertex 27.784551836550236 -1.8672877535223962 17
      vertex 27.652572490274906 -1.9680881634354592 17
    endloop
  endfacet
  facet normal 0.7099961571168951 -0.7042055501621961 0
    outer loop
      vertex 27.784551836550236 -1.8672877535223962 16.7
      vertex 27.902708001434803 -1.7481600031256677 16.7
      vertex 27.902708001434803 -1.7481600031256677 17
    endloop
  endfacet
  facet normal 0.7099961571168951 -0.7042055501621961 0
    outer loop
      vertex 27.784551836550236 -1.8672877535223962 16.7
      vertex 27.902708001434803 -1.7481600031256677 17
      vertex 27.784551836550236 -1.8672877535223962 17
    endloop
  endfacet
  facet normal -0.7810148036246466 0.6245125110989809 0
    outer loop
      vertex 28.365418285131454 -2.015623426437378 16.7
      vertex 28.365418285131454 -2.015623426437378 17
      vertex 28.459829717874527 -1.8975525707006455 16.7
    endloop
  endfacet
  facet normal -0.7246519762090737 0.6891150218768156 0
    outer loop
      vertex 28.365418285131454 -2.015623426437378 16.7
      vertex 28.26205600053072 -2.1243159979581834 17
      vertex 28.365418285131454 -2.015623426437378 17
    endloop
  endfacet
  facet normal -0.7810148036246466 0.6245125110989809 0
    outer loop
      vertex 28.459829717874527 -1.8975525707006455 16.7
      vertex 28.365418285131454 -2.015623426437378 17
      vertex 28.459829717874527 -1.8975525707006455 17
    endloop
  endfacet
  facet normal 0 0 1
    outer loop
      vertex 28.006018206477165 -1.6122745335102082 16.7
      vertex 28.545290283858776 -1.770103430747986 16.7
      vertex 28.093434527516365 -1.4612261191010476 16.7
    endloop
  endfacet
  facet normal 0 0 1
    outer loop
      vertex 28.093434527516365 -1.4612261191010476 16.7
      vertex 28.545290283858776 -1.770103430747986 16.7
      vertex 28.621799997985363 -1.6332759991288186 16.7
    endloop
  endfacet
  facet normal 0 0 1
    outer loop
      vertex 28.093434527516365 -1.4612261191010476 16.7
      vertex 28.621799997985363 -1.6332759991288186 16.7
      vertex 28.164956979453564 -1.295014774799347 16.7
    endloop
  endfacet
  facet normal 0.7960570604016961 -0.6052215764367712 0
    outer loop
      vertex 27.902708001434803 -1.7481600031256677 16.7
      vertex 28.006018206477165 -1.6122745335102082 16.7
      vertex 28.006018206477165 -1.6122745335102082 17
    endloop
  endfacet
  facet normal 0.7960570604016961 -0.6052215764367712 0
    outer loop
      vertex 27.902708001434803 -1.7481600031256677 16.7
      vertex 28.006018206477165 -1.6122745335102082 17
      vertex 27.902708001434803 -1.7481600031256677 17
    endloop
  endfacet
  facet normal 0.8655076715441439 -0.5008956682765727 0
    outer loop
      vertex 28.006018206477165 -1.6122745335102082 16.7
      vertex 28.093434527516365 -1.4612261191010476 17
      vertex 28.006018206477165 -1.6122745335102082 17
    endloop
  endfacet
  facet normal 0.8655076715441439 -0.5008956682765727 0
    outer loop
      vertex 28.006018206477165 -1.6122745335102082 16.7
      vertex 28.093434527516365 -1.4612261191010476 16.7
      vertex 28.093434527516365 -1.4612261191010476 17
    endloop
  endfacet
  facet normal 0.9185657214024098 -0.3952682828971612 0
    outer loop
      vertex 28.093434527516365 -1.4612261191010476 16.7
      vertex 28.164956979453564 -1.295014774799347 17
      vertex 28.093434527516365 -1.4612261191010476 17
    endloop
  endfacet
  facet normal -0.8305600524288684 0.5569290792456031 0
    outer loop
      vertex 28.459829717874527 -1.8975525707006455 16.7
      vertex 28.459829717874527 -1.8975525707006455 17
      vertex 28.545290283858776 -1.770103430747986 16.7
    endloop
  endfacet
  facet normal -0.8728148951864169 0.4880513894465665 0
    outer loop
      vertex 28.545290283858776 -1.770103430747986 16.7
      vertex 28.545290283858776 -1.770103430747986 17
      vertex 28.621799997985363 -1.6332759991288186 16.7
    endloop
  endfacet
  facet normal -0.8305600524288684 0.5569290792456031 0
    outer loop
      vertex 28.545290283858776 -1.770103430747986 16.7
      vertex 28.459829717874527 -1.8975525707006455 17
      vertex 28.545290283858776 -1.770103430747986 17
    endloop
  endfacet
  facet normal 0 0 1
    outer loop
      vertex 28.164956979453564 -1.295014774799347 16.7
      vertex 28.621799997985363 -1.6332759991288186 16.7
      vertex 28.688700653612614 -1.4884100392460824 16.7
    endloop
  endfacet
  facet normal -0.9078653092354121 0.4192619471009614 0
    outer loop
      vertex 28.621799997985363 -1.6332759991288186 16.7
      vertex 28.621799997985363 -1.6332759991288186 17
      vertex 28.688700653612614 -1.4884100392460824 16.7
    endloop
  endfacet
  facet normal -0.8728148951864169 0.4880513894465665 0
    outer loop
      vertex 28.621799997985363 -1.6332759991288186 16.7
      vertex 28.545290283858776 -1.770103430747986 17
      vertex 28.621799997985363 -1.6332759991288186 17
    endloop
  endfacet
  facet normal -0.9367927419460785 0.3498847790875563 0
    outer loop
      vertex 28.688700653612614 -1.4884100392460824 16.7
      vertex 28.688700653612614 -1.4884100392460824 17
      vertex 28.74530889838934 -1.3368453070521356 16.7
    endloop
  endfacet
  facet normal -0.9078653092354121 0.4192619471009614 0
    outer loop
      vertex 28.688700653612614 -1.4884100392460824 16.7
      vertex 28.621799997985363 -1.6332759991288186 17
      vertex 28.688700653612614 -1.4884100392460824 17
    endloop
  endfacet
  facet normal -0.9367927419460785 0.3498847790875563 0
    outer loop
      vertex 28.74530889838934 -1.3368453070521356 16.7
      vertex 28.688700653612614 -1.4884100392460824 17
      vertex 28.74530889838934 -1.3368453070521356 17
    endloop
  endfacet
  facet normal 0 0 1
    outer loop
      vertex 28.164956979453564 -1.295014774799347 16.7
      vertex 28.74530889838934 -1.3368453070521356 16.7
      vertex 28.2205855473876 -1.1136404931545258 16.7
    endloop
  endfacet
  facet normal 0 0 1
    outer loop
      vertex 28.2205855473876 -1.1136404931545258 16.7
      vertex 28.79162473231554 -1.1785817950963975 16.7
      vertex 28.260320246219635 -0.9171032667160035 16.7
    endloop
  endfacet
  facet normal 0.9185657214024098 -0.3952682828971612 0
    outer loop
      vertex 28.093434527516365 -1.4612261191010476 16.7
      vertex 28.164956979453564 -1.295014774799347 16.7
      vertex 28.164956979453564 -1.295014774799347 17
    endloop
  endfacet
  facet normal 0.9560436853217601 -0.29322426870296286 0
    outer loop
      vertex 28.164956979453564 -1.295014774799347 16.7
      vertex 28.2205855473876 -1.1136404931545258 17
      vertex 28.164956979453564 -1.295014774799347 17
    endloop
  endfacet
  facet normal 0.9560436853217601 -0.29322426870296286 0
    outer loop
      vertex 28.164956979453564 -1.295014774799347 16.7
      vertex 28.2205855473876 -1.1136404931545258 16.7
      vertex 28.2205855473876 -1.1136404931545258 17
    endloop
  endfacet
  facet normal 0.9801687669381456 -0.19816454859271698 0
    outer loop
      vertex 28.2205855473876 -1.1136404931545258 16.7
      vertex 28.260320246219635 -0.9171032667160035 17
      vertex 28.2205855473876 -1.1136404931545258 17
    endloop
  endfacet
  facet normal 0.9801687669381456 -0.19816454859271698 0
    outer loop
      vertex 28.2205855473876 -1.1136404931545258 16.7
      vertex 28.260320246219635 -0.9171032667160035 16.7
      vertex 28.260320246219635 -0.9171032667160035 17
    endloop
  endfacet
  facet normal 0.9937185093337697 -0.11190855287899455 0
    outer loop
      vertex 28.260320246219635 -0.9171032667160035 16.7
      vertex 28.284161061048508 -0.7054031029343606 16.7
      vertex 28.284161061048508 -0.7054031029343606 17
    endloop
  endfacet
  facet normal 0.9937185093337697 -0.11190855287899455 0
    outer loop
      vertex 28.260320246219635 -0.9171032667160035 16.7
      vertex 28.284161061048508 -0.7054031029343606 17
      vertex 28.260320246219635 -0.9171032667160035 17
    endloop
  endfacet
  facet normal 0 0 1
    outer loop
      vertex 28.164956979453564 -1.295014774799347 16.7
      vertex 28.688700653612614 -1.4884100392460824 16.7
      vertex 28.74530889838934 -1.3368453070521356 16.7
    endloop
  endfacet
  facet normal 0 0 1
    outer loop
      vertex 28.2205855473876 -1.1136404931545258 16.7
      vertex 28.74530889838934 -1.3368453070521356 16.7
      vertex 28.79162473231554 -1.1785817950963975 16.7
    endloop
  endfacet
  facet normal 0 0 1
    outer loop
      vertex 28.260320246219635 -0.9171032667160035 16.7
      vertex 28.79162473231554 -1.1785817950963975 16.7
      vertex 28.827648162841797 -1.0136195108294488 16.7
    endloop
  endfacet
  facet normal -0.9597458979164962 0.28086974104103546 0
    outer loop
      vertex 28.74530889838934 -1.3368453070521356 16.7
      vertex 28.74530889838934 -1.3368453070521356 17
      vertex 28.79162473231554 -1.1785817950963975 16.7
    endloop
  endfacet
  facet normal -0.9597458979164962 0.28086974104103546 0
    outer loop
      vertex 28.79162473231554 -1.1785817950963975 16.7
      vertex 28.74530889838934 -1.3368453070521356 17
      vertex 28.79162473231554 -1.1785817950963975 17
    endloop
  endfacet
  facet normal -0.9769766947405941 0.2133460520697392 0
    outer loop
      vertex 28.79162473231554 -1.1785817950963975 16.7
      vertex 28.79162473231554 -1.1785817950963975 17
      vertex 28.827648162841797 -1.0136195108294488 16.7
    endloop
  endfacet
  facet normal -0.9769766947405941 0.2133460520697392 0
    outer loop
      vertex 28.827648162841797 -1.0136195108294488 16.7
      vertex 28.79162473231554 -1.1785817950963975 17
      vertex 28.827648162841797 -1.0136195108294488 17
    endloop
  endfacet
  facet normal 0 0 1
    outer loop
      vertex 28.260320246219635 -0.9171032667160035 16.7
      vertex 28.827648162841797 -1.0136195108294488 16.7
      vertex 28.85337918251753 -0.8419584468007089 16.7
    endloop
  endfacet
  facet normal 0 0 1
    outer loop
      vertex 28.260320246219635 -0.9171032667160035 16.7
      vertex 28.85337918251753 -0.8419584468007089 16.7
      vertex 28.284161061048508 -0.7054031029343606 16.7
    endloop
  endfacet
  facet normal 0 0 1
    outer loop
      vertex 28.284161061048508 -0.7054031029343606 16.7
      vertex 28.85337918251753 -0.8419584468007089 16.7
      vertex 28.868817798793316 -0.6635986104607583 16.7
    endloop
  endfacet
  facet normal -0.9889516784563567 0.14823824634133692 0
    outer loop
      vertex 28.827648162841797 -1.0136195108294488 16.7
      vertex 28.827648162841797 -1.0136195108294488 17
      vertex 28.85337918251753 -0.8419584468007089 16.7
    endloop
  endfacet
  facet normal -0.9889516784563567 0.14823824634133692 0
    outer loop
      vertex 28.85337918251753 -0.8419584468007089 16.7
      vertex 28.827648162841797 -1.0136195108294488 17
      vertex 28.85337918251753 -0.8419584468007089 17
    endloop
  endfacet
  facet normal -0.9962747062779934 0.08623635909926826 0
    outer loop
      vertex 28.85337918251753 -0.8419584468007089 16.7
      vertex 28.85337918251753 -0.8419584468007089 17
      vertex 28.868817798793316 -0.6635986104607583 16.7
    endloop
  endfacet
  facet normal -0.9962747062779934 0.08623635909926826 0
    outer loop
      vertex 28.868817798793316 -0.6635986104607583 16.7
      vertex 28.85337918251753 -0.8419584468007089 17
      vertex 28.868817798793316 -0.6635986104607583 17
    endloop
  endfacet
  facet normal 0.9993870253770529 -0.03500819201281065 0
    outer loop
      vertex 28.284161061048508 -0.7054031029343606 16.7
      vertex 28.2921079993248 -0.4785400018095971 16.7
      vertex 28.2921079993248 -0.4785400018095971 17
    endloop
  endfacet
  facet normal 0.9993870253770529 -0.03500819201281065 0
    outer loop
      vertex 28.284161061048508 -0.7054031029343606 16.7
      vertex 28.2921079993248 -0.4785400018095971 17
      vertex 28.284161061048508 -0.7054031029343606 17
    endloop
  endfacet
  facet normal 0.9993219142853593 0.0368199895307575 0
    outer loop
      vertex 28.2921079993248 -0.4785400018095971 16.7
      vertex 28.284100897610188 -0.26122130304574975 17
      vertex 28.2921079993248 -0.4785400018095971 17
    endloop
  endfacet
  facet normal 0.9993219142853593 0.0368199895307575 0
    outer loop
      vertex 28.2921079993248 -0.4785400018095971 16.7
      vertex 28.284100897610188 -0.26122130304574975 16.7
      vertex 28.284100897610188 -0.26122130304574975 17
    endloop
  endfacet
  facet normal 0.9931090653878785 0.11719378927406722 0
    outer loop
      vertex 28.284100897610188 -0.26122130304574975 16.7
      vertex 28.260079592466354 -0.05766294002532968 17
      vertex 28.284100897610188 -0.26122130304574975 17
    endloop
  endfacet
  facet normal 0.9931090653878785 0.11719378927406722 0
    outer loop
      vertex 28.284100897610188 -0.26122130304574975 16.7
      vertex 28.260079592466354 -0.05766294002532968 16.7
      vertex 28.260079592466354 -0.05766294002532968 17
    endloop
  endfacet
  facet normal 0 0 1
    outer loop
      vertex 28.284161061048508 -0.7054031029343606 16.7
      vertex 28.868817798793316 -0.6635986104607583 16.7
      vertex 28.2921079993248 -0.4785400018095971 16.7
    endloop
  endfacet
  facet normal 0 0 1
    outer loop
      vertex 28.2921079993248 -0.4785400018095971 16.7
      vertex 28.868817798793316 -0.6635986104607583 16.7
      vertex 28.873963996767998 -0.4785400018095971 16.7
    endloop
  endfacet
  facet normal 0 0 1
    outer loop
      vertex 28.2921079993248 -0.4785400018095971 16.7
      vertex 28.868878856301308 -0.2928824484348298 16.7
      vertex 28.284100897610188 -0.26122130304574975 16.7
    endloop
  endfacet
  facet normal 0 0 1
    outer loop
      vertex 28.2921079993248 -0.4785400018095971 16.7
      vertex 28.873963996767998 -0.4785400018095971 16.7
      vertex 28.868878856301308 -0.2928824484348298 16.7
    endloop
  endfacet
  facet normal -0.9996135684261495 0.027797730453037604 0
    outer loop
      vertex 28.868817798793316 -0.6635986104607583 16.7
      vertex 28.868817798793316 -0.6635986104607583 17
      vertex 28.873963996767998 -0.4785400018095971 16.7
    endloop
  endfacet
  facet normal -0.9996135684261495 0.027797730453037604 0
    outer loop
      vertex 28.873963996767998 -0.4785400018095971 16.7
      vertex 28.868817798793316 -0.6635986104607583 17
      vertex 28.873963996767998 -0.4785400018095971 17
    endloop
  endfacet
  facet normal -0.9996251078104795 -0.027379624447519776 0
    outer loop
      vertex 28.873963996767998 -0.4785400018095971 16.7
      vertex 28.873963996767998 -0.4785400018095971 17
      vertex 28.868878856301308 -0.2928824484348298 16.7
    endloop
  endfacet
  facet normal -0.9996251078104795 -0.027379624447519776 0
    outer loop
      vertex 28.868878856301308 -0.2928824484348298 16.7
      vertex 28.873963996767998 -0.4785400018095971 17
      vertex 28.868878856301308 -0.2928824484348298 17
    endloop
  endfacet
  facet normal 0 0 1
    outer loop
      vertex 28.284100897610188 -0.26122130304574975 16.7
      vertex 28.868878856301308 -0.2928824484348298 16.7
      vertex 28.853623427450657 -0.11441036909818658 16.7
    endloop
  endfacet
  facet normal 0 0 1
    outer loop
      vertex 28.284100897610188 -0.26122130304574975 16.7
      vertex 28.853623427450657 -0.11441036909818658 16.7
      vertex 28.260079592466354 -0.05766294002532968 16.7
    endloop
  endfacet
  facet normal 0 0 1
    outer loop
      vertex 28.260079592466354 -0.05766294002532968 16.7
      vertex 28.853623427450657 -0.11441036909818658 16.7
      vertex 28.828197717666626 0.05687624365091315 16.7
    endloop
  endfacet
  facet normal -0.9891616347698449 -0.14683071987648866 0
    outer loop
      vertex 28.828197717666626 0.05687624365091315 16.7
      vertex 28.853623427450657 -0.11441036909818658 17
      vertex 28.828197717666626 0.05687624365091315 17
    endloop
  endfacet
  facet normal -0.9963666575054388 -0.08516738701779757 0
    outer loop
      vertex 28.868878856301308 -0.2928824484348298 16.7
      vertex 28.868878856301308 -0.2928824484348298 17
      vertex 28.853623427450657 -0.11441036909818658 16.7
    endloop
  endfacet
  facet normal -0.9963666575054388 -0.08516738701779757 0
    outer loop
      vertex 28.853623427450657 -0.11441036909818658 16.7
      vertex 28.868878856301308 -0.2928824484348298 17
      vertex 28.853623427450657 -0.11441036909818658 17
    endloop
  endfacet
  facet normal -0.9891616347698449 -0.14683071987648866 0
    outer loop
      vertex 28.853623427450657 -0.11441036909818658 16.7
      vertex 28.853623427450657 -0.11441036909818658 17
      vertex 28.828197717666626 0.05687624365091315 16.7
    endloop
  endfacet
  facet normal 0.5142870025660312 0.8576181428769142 0
    outer loop
      vertex 30.145631350576878 -2.463466203212738 16.7
      vertex 29.891160488128662 -2.3108679190278054 17
      vertex 30.145631350576878 -2.463466203212738 17
    endloop
  endfacet
  facet normal 0 0 1
    outer loop
      vertex 29.891160488128662 -2.3108679190278054 16.7
      vertex 30.175401389598846 -1.8483812272548676 16.7
      vertex 29.689424976706505 -2.1146701261401177 16.7
    endloop
  endfacet
  facet normal 0.5142870025660312 0.8576181428769142 0
    outer loop
      vertex 29.891160488128662 -2.3108679190278054 16.7
      vertex 29.891160488128662 -2.3108679190278054 17
      vertex 30.145631350576878 -2.463466203212738 16.7
    endloop
  endfacet
  facet normal 0.6971990367148378 0.716877606850641 0
    outer loop
      vertex 29.891160488128662 -2.3108679190278054 16.7
      vertex 29.689424976706505 -2.1146701261401177 17
      vertex 29.891160488128662 -2.3108679190278054 17
    endloop
  endfacet
  facet normal 0.6971990367148378 0.716877606850641 0
    outer loop
      vertex 29.891160488128662 -2.3108679190278054 16.7
      vertex 29.689424976706505 -2.1146701261401177 16.7
      vertex 29.689424976706505 -2.1146701261401177 17
    endloop
  endfacet
  facet normal 0 0 1
    outer loop
      vertex 30.81277909874916 -2.6378642454743386 16.7
      vertex 30.70900195837021 -2.1571157559752465 16.7
      vertex 30.45283754914999 -2.572464978694916 16.7
    endloop
  endfacet
  facet normal 0.3343829369253306 0.94243729313583 0
    outer loop
      vertex 30.145631350576878 -2.463466203212738 16.7
      vertex 30.145631350576878 -2.463466203212738 17
      vertex 30.45283754914999 -2.572464978694916 16.7
    endloop
  endfacet
  facet normal 0.3343829369253306 0.94243729313583 0
    outer loop
      vertex 30.45283754914999 -2.572464978694916 16.7
      vertex 30.145631350576878 -2.463466203212738 17
      vertex 30.45283754914999 -2.572464978694916 17
    endloop
  endfacet
  facet normal 0.17876728930374905 0.9838913843890441 0
    outer loop
      vertex 30.81277909874916 -2.6378642454743386 16.7
      vertex 30.45283754914999 -2.572464978694916 16.7
      vertex 30.45283754914999 -2.572464978694916 17
    endloop
  endfacet
  facet normal 0.17876728930374905 0.9838913843890441 0
    outer loop
      vertex 30.81277909874916 -2.6378642454743386 16.7
      vertex 30.45283754914999 -2.572464978694916 17
      vertex 30.81277909874916 -2.6378642454743386 17
    endloop
  endfacet
  facet normal 0 0 1
    outer loop
      vertex 29.891160488128662 -2.3108679190278054 16.7
      vertex 30.145631350576878 -2.463466203212738 16.7
      vertex 30.317638121545315 -1.9827123269438744 16.7
    endloop
  endfacet
  facet normal 0 0 1
    outer loop
      vertex 30.145631350576878 -2.463466203212738 16.7
      vertex 30.45283754914999 -2.572464978694916 16.7
      vertex 30.49514041095972 -2.0846504479646684 16.7
    endloop
  endfacet
  facet normal 0 0 1
    outer loop
      vertex 29.891160488128662 -2.3108679190278054 16.7
      vertex 30.317638121545315 -1.9827123269438744 16.7
      vertex 30.242135919630527 -1.9196567371487618 16.7
    endloop
  endfacet
  facet normal 0 0 1
    outer loop
      vertex 30.145631350576878 -2.463466203212738 16.7
      vertex 30.49514041095972 -2.0846504479646684 16.7
      vertex 30.40190800279379 -2.0375479966402055 16.7
    endloop
  endfacet
  facet normal 0 0 1
    outer loop
      vertex 30.145631350576878 -2.463466203212738 16.7
      vertex 30.40190800279379 -2.0375479966402055 16.7
      vertex 30.317638121545315 -1.9827123269438744 16.7
    endloop
  endfacet
  facet normal 0 0 1
    outer loop
      vertex 30.45283754914999 -2.572464978694916 16.7
      vertex 30.597505062818527 -2.1245063677430154 16.7
      vertex 30.49514041095972 -2.0846504479646684 16.7
    endloop
  endfacet
  facet normal 0 0 1
    outer loop
      vertex 30.45283754914999 -2.572464978694916 16.7
      vertex 30.70900195837021 -2.1571157559752465 16.7
      vertex 30.597505062818527 -2.1245063677430154 16.7
    endloop
  endfacet
  facet normal 0 0 1
    outer loop
      vertex 30.81277909874916 -2.6378642454743386 16.7
      vertex 30.829631105065346 -2.182478612661362 16.7
      vertex 30.70900195837021 -2.1571157559752465 16.7
    endloop
  endfacet
  facet normal 0 0 1
    outer loop
      vertex 30.81277909874916 -2.6378642454743386 16.7
      vertex 30.959392488002777 -2.200594937801361 16.7
      vertex 30.829631105065346 -2.182478612661362 16.7
    endloop
  endfacet
  facet normal -0.4509337767367251 -0.8925574093569295 0
    outer loop
      vertex 30.49514041095972 -2.0846504479646684 16.7
      vertex 30.49514041095972 -2.0846504479646684 17
      vertex 30.40190800279379 -2.0375479966402055 16.7
    endloop
  endfacet
  facet normal -0.36282139309264666 -0.9318586999724321 0
    outer loop
      vertex 30.49514041095972 -2.0846504479646684 16.7
      vertex 30.597505062818527 -2.1245063677430154 16.7
      vertex 30.597505062818527 -2.1245063677430154 17
    endloop
  endfacet
  facet normal -0.28070964472677795 -0.9597927356243983 0
    outer loop
      vertex 30.70900195837021 -2.1571157559752465 16.7
      vertex 30.70900195837021 -2.1571157559752465 17
      vertex 30.597505062818527 -2.1245063677430154 16.7
    endloop
  endfacet
  facet normal -0.20575604117925192 -0.9786033167316787 0
    outer loop
      vertex 30.70900195837021 -2.1571157559752465 16.7
      vertex 30.829631105065346 -2.182478612661362 16.7
      vertex 30.829631105065346 -2.182478612661362 17
    endloop
  endfacet
  facet normal -0.36282139309264666 -0.9318586999724321 0
    outer loop
      vertex 30.49514041095972 -2.0846504479646684 16.7
      vertex 30.597505062818527 -2.1245063677430154 17
      vertex 30.49514041095972 -2.0846504479646684 17
    endloop
  endfacet
  facet normal -0.28070964472677795 -0.9597927356243983 0
    outer loop
      vertex 30.597505062818527 -2.1245063677430154 16.7
      vertex 30.70900195837021 -2.1571157559752465 17
      vertex 30.597505062818527 -2.1245063677430154 17
    endloop
  endfacet
  facet normal -0.20575604117925192 -0.9786033167316787 0
    outer loop
      vertex 30.70900195837021 -2.1571157559752465 16.7
      vertex 30.829631105065346 -2.182478612661362 17
      vertex 30.70900195837021 -2.1571157559752465 17
    endloop
  endfacet
  facet normal -0.13827153944375067 -0.9903943564963681 0
    outer loop
      vertex 30.829631105065346 -2.182478612661362 16.7
      vertex 30.959392488002777 -2.200594937801361 17
      vertex 30.829631105065346 -2.182478612661362 17
    endloop
  endfacet
  facet normal 0 0 1
    outer loop
      vertex 29.689424976706505 -2.1146701261401177 16.7
      vertex 30.175401389598846 -1.8483812272548676 16.7
      vertex 30.11743453145027 -1.7688857972621919 16.7
    endloop
  endfacet
  facet normal 0 0 1
    outer loop
      vertex 29.689424976706505 -2.1146701261401177 16.7
      vertex 30.068235345184803 -1.6811704471707345 16.7
      vertex 29.540424816310406 -1.8748728170990945 16.7
    endloop
  endfacet
  facet normal 0 0 1
    outer loop
      vertex 29.689424976706505 -2.1146701261401177 16.7
      vertex 30.11743453145027 -1.7688857972621919 16.7
      vertex 30.068235345184803 -1.6811704471707345 16.7
    endloop
  endfacet
  facet normal 0.8493854143688103 0.5277730742066371 0
    outer loop
      vertex 29.689424976706505 -2.1146701261401177 16.7
      vertex 29.540424816310406 -1.8748728170990945 16.7
      vertex 29.540424816310406 -1.8748728170990945 17
    endloop
  endfacet
  facet normal 0.8493854143688103 0.5277730742066371 0
    outer loop
      vertex 29.689424976706505 -2.1146701261401177 16.7
      vertex 29.540424816310406 -1.8748728170990945 17
      vertex 29.689424976706505 -2.1146701261401177 17
    endloop
  endfacet
  facet normal 0.9468644537907138 0.32163287479300573 0
    outer loop
      vertex 29.540424816310406 -1.8748728170990945 16.7
      vertex 29.444159999489784 -1.5914759993553163 17
      vertex 29.540424816310406 -1.8748728170990945 17
    endloop
  endfacet
  facet normal 0 0 1
    outer loop
      vertex 29.540424816310406 -1.8748728170990945 16.7
      vertex 30.02780383825302 -1.5852351844310761 16.7
      vertex 29.444159999489784 -1.5914759993553163 16.7
    endloop
  endfacet
  facet normal 0 0 1
    outer loop
      vertex 29.444159999489784 -1.5914759993553163 16.7
      vertex 30.02780383825302 -1.5852351844310761 16.7
      vertex 29.996140003204346 -1.4810800015926362 16.7
    endloop
  endfacet
  facet normal 0 0 1
    outer loop
      vertex 29.540424816310406 -1.8748728170990945 16.7
      vertex 30.068235345184803 -1.6811704471707345 16.7
      vertex 30.02780383825302 -1.5852351844310761 16.7
    endloop
  endfacet
  facet normal 0.9468644537907138 0.32163287479300573 0
    outer loop
      vertex 29.540424816310406 -1.8748728170990945 16.7
      vertex 29.444159999489784 -1.5914759993553163 16.7
      vertex 29.444159999489784 -1.5914759993553163 17
    endloop
  endfacet
  facet normal 0.1961161300474928 -0.9805806767090584 0
    outer loop
      vertex 29.444159999489784 -1.5914759993553163 16.7
      vertex 29.996140003204346 -1.4810800015926362 17
      vertex 29.444159999489784 -1.5914759993553163 17
    endloop
  endfacet
  facet normal -0.9215057685020063 -0.38836467220581083 0
    outer loop
      vertex 30.068235345184803 -1.6811704471707345 16.7
      vertex 30.068235345184803 -1.6811704471707345 17
      vertex 30.02780383825302 -1.5852351844310761 16.7
    endloop
  endfacet
  facet normal -0.9567648432472284 -0.29086257017035744 0
    outer loop
      vertex 30.02780383825302 -1.5852351844310761 16.7
      vertex 30.02780383825302 -1.5852351844310761 17
      vertex 29.996140003204346 -1.4810800015926362 16.7
    endloop
  endfacet
  facet normal -0.9215057685020063 -0.38836467220581083 0
    outer loop
      vertex 30.02780383825302 -1.5852351844310761 16.7
      vertex 30.068235345184803 -1.6811704471707345 17
      vertex 30.02780383825302 -1.5852351844310761 17
    endloop
  endfacet
  facet normal 0.1961161300474928 -0.9805806767090584 0
    outer loop
      vertex 29.444159999489784 -1.5914759993553163 16.7
      vertex 29.996140003204346 -1.4810800015926362 16.7
      vertex 29.996140003204346 -1.4810800015926362 17
    endloop
  endfacet
  facet normal -0.9567648432472284 -0.29086257017035744 0
    outer loop
      vertex 29.996140003204346 -1.4810800015926362 16.7
      vertex 30.02780383825302 -1.5852351844310761 17
      vertex 29.996140003204346 -1.4810800015926362 17
    endloop
  endfacet
  facet normal 0 0 1
    outer loop
      vertex 29.891160488128662 -2.3108679190278054 16.7
      vertex 30.242135919630527 -1.9196567371487618 16.7
      vertex 30.175401389598846 -1.8483812272548676 16.7
    endloop
  endfacet
  facet normal -0.7299778585806274 -0.6834707938032477 0
    outer loop
      vertex 30.242135919630527 -1.9196567371487618 16.7
      vertex 30.242135919630527 -1.9196567371487618 17
      vertex 30.175401389598846 -1.8483812272548676 16.7
    endloop
  endfacet
  facet normal -0.5454095337312197 -0.8381696967291848 0
    outer loop
      vertex 30.317638121545315 -1.9827123269438744 16.7
      vertex 30.40190800279379 -2.0375479966402055 16.7
      vertex 30.40190800279379 -2.0375479966402055 17
    endloop
  endfacet
  facet normal -0.6410064866943306 -0.7675354610803277 0
    outer loop
      vertex 30.317638121545315 -1.9827123269438744 16.7
      vertex 30.317638121545315 -1.9827123269438744 17
      vertex 30.242135919630527 -1.9196567371487618 16.7
    endloop
  endfacet
  facet normal -0.5454095337312197 -0.8381696967291848 0
    outer loop
      vertex 30.317638121545315 -1.9827123269438744 16.7
      vertex 30.40190800279379 -2.0375479966402055 17
      vertex 30.317638121545315 -1.9827123269438744 17
    endloop
  endfacet
  facet normal -0.4509337767367251 -0.8925574093569295 0
    outer loop
      vertex 30.40190800279379 -2.0375479966402055 16.7
      vertex 30.49514041095972 -2.0846504479646684 17
      vertex 30.40190800279379 -2.0375479966402055 17
    endloop
  endfacet
  facet normal -0.6410064866943306 -0.7675354610803277 0
    outer loop
      vertex 30.242135919630527 -1.9196567371487618 16.7
      vertex 30.317638121545315 -1.9827123269438744 17
      vertex 30.242135919630527 -1.9196567371487618 17
    endloop
  endfacet
  facet normal -0.8080005603010632 -0.5891817160716786 0
    outer loop
      vertex 30.11743453145027 -1.7688857972621919 16.7
      vertex 30.175401389598846 -1.8483812272548676 16.7
      vertex 30.175401389598846 -1.8483812272548676 17
    endloop
  endfacet
  facet normal -0.8721726781709324 -0.48919813925662414 0
    outer loop
      vertex 30.11743453145027 -1.7688857972621919 16.7
      vertex 30.11743453145027 -1.7688857972621919 17
      vertex 30.068235345184803 -1.6811704471707345 16.7
    endloop
  endfacet
  facet normal -0.7299778585806274 -0.6834707938032477 0
    outer loop
      vertex 30.175401389598846 -1.8483812272548676 16.7
      vertex 30.242135919630527 -1.9196567371487618 17
      vertex 30.175401389598846 -1.8483812272548676 17
    endloop
  endfacet
  facet normal -0.8080005603010632 -0.5891817160716786 0
    outer loop
      vertex 30.11743453145027 -1.7688857972621919 16.7
      vertex 30.175401389598846 -1.8483812272548676 17
      vertex 30.11743453145027 -1.7688857972621919 17
    endloop
  endfacet
  facet normal -0.8721726781709324 -0.48919813925662414 0
    outer loop
      vertex 30.068235345184803 -1.6811704471707345 16.7
      vertex 30.11743453145027 -1.7688857972621919 17
      vertex 30.068235345184803 -1.6811704471707345 17
    endloop
  endfacet
  facet normal 0 0 1
    outer loop
      vertex 30.81277909874916 -2.6378642454743386 16.7
      vertex 31.22545599937439 -2.6596640035510064 16.7
      vertex 31.098286122083664 -2.2114647313952447 16.7
    endloop
  endfacet
  facet normal 0 0 1
    outer loop
      vertex 31.22545599937439 -2.6596640035510064 16.7
      vertex 31.454016245901585 -2.6531484112143517 16.7
      vertex 31.39888694137335 -2.2112213879823686 16.7
    endloop
  endfacet
  facet normal 0 0 1
    outer loop
      vertex 31.454016245901585 -2.6531484112143517 16.7
      vertex 31.66741354763508 -2.6336016342043878 16.7
      vertex 31.541169472038746 -2.1996215492486955 16.7
    endloop
  endfacet
  facet normal 0.052751693566744286 0.9986076601077324 0
    outer loop
      vertex 30.81277909874916 -2.6378642454743386 16.7
      vertex 30.81277909874916 -2.6378642454743386 17
      vertex 31.22545599937439 -2.6596640035510064 16.7
    endloop
  endfacet
  facet normal 0.052751693566744286 0.9986076601077324 0
    outer loop
      vertex 31.22545599937439 -2.6596640035510064 16.7
      vertex 30.81277909874916 -2.6378642454743386 17
      vertex 31.22545599937439 -2.6596640035510064 17
    endloop
  endfacet
  facet normal -0.028495534908364754 0.9995939197945766 0
    outer loop
      vertex 31.22545599937439 -2.6596640035510064 16.7
      vertex 31.22545599937439 -2.6596640035510064 17
      vertex 31.454016245901585 -2.6531484112143517 16.7
    endloop
  endfacet
  facet normal -0.09121618951400018 0.9958311135782745 0
    outer loop
      vertex 31.454016245901585 -2.6531484112143517 16.7
      vertex 31.454016245901585 -2.6531484112143517 17
      vertex 31.66741354763508 -2.6336016342043878 16.7
    endloop
  endfacet
  facet normal -0.028495534908364754 0.9995939197945766 0
    outer loop
      vertex 31.454016245901585 -2.6531484112143517 16.7
      vertex 31.22545599937439 -2.6596640035510064 17
      vertex 31.454016245901585 -2.6531484112143517 17
    endloop
  endfacet
  facet normal -0.09121618951400018 0.9958311135782745 0
    outer loop
      vertex 31.66741354763508 -2.6336016342043878 16.7
      vertex 31.454016245901585 -2.6531484112143517 17
      vertex 31.66741354763508 -2.6336016342043878 17
    endloop
  endfacet
  facet normal 0 0 1
    outer loop
      vertex 30.81277909874916 -2.6378642454743386 16.7
      vertex 31.098286122083664 -2.2114647313952447 16.7
      vertex 30.959392488002777 -2.200594937801361 16.7
    endloop
  endfacet
  facet normal 0 0 1
    outer loop
      vertex 31.22545599937439 -2.6596640035510064 16.7
      vertex 31.246311999857426 -2.215088000893593 16.7
      vertex 31.098286122083664 -2.2114647313952447 16.7
    endloop
  endfacet
  facet normal 0 0 1
    outer loop
      vertex 31.22545599937439 -2.6596640035510064 16.7
      vertex 31.39888694137335 -2.2112213879823686 16.7
      vertex 31.246311999857426 -2.215088000893593 16.7
    endloop
  endfacet
  facet normal 0 0 1
    outer loop
      vertex 31.454016245901585 -2.6531484112143517 16.7
      vertex 31.541169472038746 -2.1996215492486955 16.7
      vertex 31.39888694137335 -2.2112213879823686 16.7
    endloop
  endfacet
  facet normal 0 0 1
    outer loop
      vertex 31.66741354763508 -2.6336016342043878 16.7
      vertex 31.67315959185362 -2.1802884921431542 16.7
      vertex 31.541169472038746 -2.1996215492486955 16.7
    endloop
  endfacet
  facet normal -0.13827153944375067 -0.9903943564963681 0
    outer loop
      vertex 30.829631105065346 -2.182478612661362 16.7
      vertex 30.959392488002777 -2.200594937801361 16.7
      vertex 30.959392488002777 -2.200594937801361 17
    endloop
  endfacet
  facet normal -0.07802128014570946 -0.9969516938369806 0
    outer loop
      vertex 30.959392488002777 -2.200594937801361 16.7
      vertex 31.098286122083664 -2.2114647313952447 16.7
      vertex 31.098286122083664 -2.2114647313952447 17
    endloop
  endfacet
  facet normal -0.02446994149464555 -0.9997005661513095 0
    outer loop
      vertex 31.098286122083664 -2.2114647313952447 16.7
      vertex 31.246311999857426 -2.215088000893593 16.7
      vertex 31.246311999857426 -2.215088000893593 17
    endloop
  endfacet
  facet normal -0.07802128014570946 -0.9969516938369806 0
    outer loop
      vertex 30.959392488002777 -2.200594937801361 16.7
      vertex 31.098286122083664 -2.2114647313952447 17
      vertex 30.959392488002777 -2.200594937801361 17
    endloop
  endfacet
  facet normal -0.02446994149464555 -0.9997005661513095 0
    outer loop
      vertex 31.098286122083664 -2.2114647313952447 16.7
      vertex 31.246311999857426 -2.215088000893593 17
      vertex 31.098286122083664 -2.2114647313952447 17
    endloop
  endfacet
  facet normal 0.025334251028644107 -0.9996790363535777 0
    outer loop
      vertex 31.246311999857426 -2.215088000893593 16.7
      vertex 31.39888694137335 -2.2112213879823686 16.7
      vertex 31.39888694137335 -2.2112213879823686 17
    endloop
  endfacet
  facet normal 0.0812571996055131 -0.9966931661811823 0
    outer loop
      vertex 31.39888694137335 -2.2112213879823686 16.7
      vertex 31.541169472038746 -2.1996215492486955 16.7
      vertex 31.541169472038746 -2.1996215492486955 17
    endloop
  endfacet
  facet normal 0.14492709915002686 -0.9894423358296117 0
    outer loop
      vertex 31.541169472038746 -2.1996215492486955 16.7
      vertex 31.67315959185362 -2.1802884921431542 16.7
      vertex 31.67315959185362 -2.1802884921431542 17
    endloop
  endfacet
  facet normal 0.025334251028644107 -0.9996790363535777 0
    outer loop
      vertex 31.246311999857426 -2.215088000893593 16.7
      vertex 31.39888694137335 -2.2112213879823686 17
      vertex 31.246311999857426 -2.215088000893593 17
    endloop
  endfacet
  facet normal 0.0812571996055131 -0.9966931661811823 0
    outer loop
      vertex 31.39888694137335 -2.2112213879823686 16.7
      vertex 31.541169472038746 -2.1996215492486955 17
      vertex 31.39888694137335 -2.2112213879823686 17
    endloop
  endfacet
  facet normal 0.14492709915002686 -0.9894423358296117 0
    outer loop
      vertex 31.541169472038746 -2.1996215492486955 16.7
      vertex 31.67315959185362 -2.1802884921431542 17
      vertex 31.541169472038746 -2.1996215492486955 17
    endloop
  endfacet
  facet normal 0 0 1
    outer loop
      vertex 31.66741354763508 -2.6336016342043878 16.7
      vertex 31.865647919476032 -2.6010236725211144 16.7
      vertex 31.67315959185362 -2.1802884921431542 16.7
    endloop
  endfacet
  facet normal 0 0 1
    outer loop
      vertex 31.865647919476032 -2.6010236725211144 16.7
      vertex 32.048719346523285 -2.5554145336151124 16.7
      vertex 31.794857308268547 -2.1532222017645837 16.7
    endloop
  endfacet
  facet normal -0.16216535201232468 0.9867635981362095 0
    outer loop
      vertex 31.66741354763508 -2.6336016342043878 16.7
      vertex 31.66741354763508 -2.6336016342043878 17
      vertex 31.865647919476032 -2.6010236725211144 16.7
    endloop
  endfacet
  facet normal -0.24174377202280933 0.9703401201064419 0
    outer loop
      vertex 31.865647919476032 -2.6010236725211144 16.7
      vertex 31.865647919476032 -2.6010236725211144 17
      vertex 32.048719346523285 -2.5554145336151124 16.7
    endloop
  endfacet
  facet normal -0.16216535201232468 0.9867635981362095 0
    outer loop
      vertex 31.865647919476032 -2.6010236725211144 16.7
      vertex 31.66741354763508 -2.6336016342043878 17
      vertex 31.865647919476032 -2.6010236725211144 17
    endloop
  endfacet
  facet normal -0.24174377202280933 0.9703401201064419 0
    outer loop
      vertex 32.048719346523285 -2.5554145336151124 16.7
      vertex 31.865647919476032 -2.6010236725211144 17
      vertex 32.048719346523285 -2.5554145336151124 17
    endloop
  endfacet
  facet normal -0.32971099887193195 0.9440819123481146 0
    outer loop
      vertex 32.048719346523285 -2.5554145336151124 16.7
      vertex 32.048719346523285 -2.5554145336151124 17
      vertex 32.21662783622742 -2.4967742025852204 16.7
    endloop
  endfacet
  facet normal -0.42478385085533776 0.9052948028418755 0
    outer loop
      vertex 32.21662783622742 -2.4967742025852204 16.7
      vertex 32.21662783622742 -2.4967742025852204 17
      vertex 32.36937338858843 -2.4251026943325997 16.7
    endloop
  endfacet
  facet normal -0.32971099887193195 0.9440819123481146 0
    outer loop
      vertex 32.21662783622742 -2.4967742025852204 16.7
      vertex 32.048719346523285 -2.5554145336151124 17
      vertex 32.21662783622742 -2.4967742025852204 17
    endloop
  endfacet
  facet normal -0.42478385085533776 0.9052948028418755 0
    outer loop
      vertex 32.36937338858843 -2.4251026943325997 16.7
      vertex 32.21662783622742 -2.4967742025852204 17
      vertex 32.36937338858843 -2.4251026943325997 17
    endloop
  endfacet
  facet normal 0 0 1
    outer loop
      vertex 31.67315959185362 -2.1802884921431542 16.7
      vertex 31.865647919476032 -2.6010236725211144 16.7
      vertex 31.794857308268547 -2.1532222017645837 16.7
    endloop
  endfacet
  facet normal 0 0 1
    outer loop
      vertex 32.048719346523285 -2.5554145336151124 16.7
      vertex 32.21662783622742 -2.4967742025852204 16.7
      vertex 31.90626261383295 -2.118422693014145 16.7
    endloop
  endfacet
  facet normal 0 0 1
    outer loop
      vertex 32.048719346523285 -2.5554145336151124 16.7
      vertex 31.90626261383295 -2.118422693014145 16.7
      vertex 31.794857308268547 -2.1532222017645837 16.7
    endloop
  endfacet
  facet normal 0 0 1
    outer loop
      vertex 32.21662783622742 -2.4967742025852204 16.7
      vertex 32.00737550854683 -2.0758899584412576 16.7
      vertex 31.90626261383295 -2.118422693014145 16.7
    endloop
  endfacet
  facet normal 0 0 1
    outer loop
      vertex 32.21662783622742 -2.4967742025852204 16.7
      vertex 32.36937338858843 -2.4251026943325997 16.7
      vertex 32.09819599986076 -2.0256239980459214 16.7
    endloop
  endfacet
  facet normal 0 0 1
    outer loop
      vertex 32.36937338858843 -2.4251026943325997 16.7
      vertex 32.50695600360632 -2.3404000014066697 16.7
      vertex 32.17775069177151 -1.9678681626915933 16.7
    endloop
  endfacet
  facet normal 0 0 1
    outer loop
      vertex 32.21662783622742 -2.4967742025852204 16.7
      vertex 32.09819599986076 -2.0256239980459214 16.7
      vertex 32.00737550854683 -2.0758899584412576 16.7
    endloop
  endfacet
  facet normal 0 0 1
    outer loop
      vertex 32.36937338858843 -2.4251026943325997 16.7
      vertex 32.17775069177151 -1.9678681626915933 16.7
      vertex 32.09819599986076 -2.0256239980459214 16.7
    endloop
  endfacet
  facet normal 0 0 1
    outer loop
      vertex 32.50695600360632 -2.3404000014066697 16.7
      vertex 32.62768302112818 -2.2438235938549043 16.7
      vertex 32.245066203176975 -1.9028657957911492 16.7
    endloop
  endfacet
  facet normal 0 0 1
    outer loop
      vertex 32.50695600360632 -2.3404000014066697 16.7
      vertex 32.245066203176975 -1.9028657957911492 16.7
      vertex 32.17775069177151 -1.9678681626915933 16.7
    endloop
  endfacet
  facet normal 0.217101315656486 -0.9761490760842951 0
    outer loop
      vertex 31.67315959185362 -2.1802884921431542 16.7
      vertex 31.794857308268547 -2.1532222017645837 16.7
      vertex 31.794857308268547 -2.1532222017645837 17
    endloop
  endfacet
  facet normal 0.29816064369998485 -0.9545157047154388 0
    outer loop
      vertex 31.794857308268547 -2.1532222017645837 16.7
      vertex 31.90626261383295 -2.118422693014145 16.7
      vertex 31.90626261383295 -2.118422693014145 17
    endloop
  endfacet
  facet normal 0.38773859887052275 -0.9217693740550963 0
    outer loop
      vertex 31.90626261383295 -2.118422693014145 16.7
      vertex 32.00737550854683 -2.0758899584412576 16.7
      vertex 32.00737550854683 -2.0758899584412576 17
    endloop
  endfacet
  facet normal 0.217101315656486 -0.9761490760842951 0
    outer loop
      vertex 31.67315959185362 -2.1802884921431542 16.7
      vertex 31.794857308268547 -2.1532222017645837 17
      vertex 31.67315959185362 -2.1802884921431542 17
    endloop
  endfacet
  facet normal 0.29816064369998485 -0.9545157047154388 0
    outer loop
      vertex 31.794857308268547 -2.1532222017645837 16.7
      vertex 31.90626261383295 -2.118422693014145 17
      vertex 31.794857308268547 -2.1532222017645837 17
    endloop
  endfacet
  facet normal 0.38773859887052275 -0.9217693740550963 0
    outer loop
      vertex 31.90626261383295 -2.118422693014145 16.7
      vertex 32.00737550854683 -2.0758899584412576 17
      vertex 31.90626261383295 -2.118422693014145 17
    endloop
  endfacet
  facet normal -0.5242611340977786 0.8515575513578112 0
    outer loop
      vertex 32.36937338858843 -2.4251026943325997 16.7
      vertex 32.36937338858843 -2.4251026943325997 17
      vertex 32.50695600360632 -2.3404000014066697 16.7
    endloop
  endfacet
  facet normal -0.5242611340977786 0.8515575513578112 0
    outer loop
      vertex 32.50695600360632 -2.3404000014066697 16.7
      vertex 32.36937338858843 -2.4251026943325997 17
      vertex 32.50695600360632 -2.3404000014066697 17
    endloop
  endfacet
  facet normal 0 0 1
    outer loop
      vertex 32.245066203176975 -1.9028657957911492 16.7
      vertex 32.72983665019274 -2.1365309417247773 16.7
      vertex 32.30014253407717 -1.8306168973445893 16.7
    endloop
  endfacet
  facet normal 0 0 1
    outer loop
      vertex 32.30014253407717 -1.8306168973445893 16.7
      vertex 32.81341689825058 -2.0185220375657082 16.7
      vertex 32.3429796770215 -1.7511214673519135 16.7
    endloop
  endfacet
  facet normal 0.484244584601649 -0.8749326730006008 0
    outer loop
      vertex 32.00737550854683 -2.0758899584412576 16.7
      vertex 32.09819599986076 -2.0256239980459214 16.7
      vertex 32.09819599986076 -2.0256239980459214 17
    endloop
  endfacet
  facet normal 0.484244584601649 -0.8749326730006008 0
    outer loop
      vertex 32.00737550854683 -2.0758899584412576 16.7
      vertex 32.09819599986076 -2.0256239980459214 17
      vertex 32.00737550854683 -2.0758899584412576 17
    endloop
  endfacet
  facet normal 0.587492066268023 -0.8092299253439215 0
    outer loop
      vertex 32.09819599986076 -2.0256239980459214 16.7
      vertex 32.17775069177151 -1.9678681626915933 16.7
      vertex 32.17775069177151 -1.9678681626915933 17
    endloop
  endfacet
  facet normal 0.6946391998036512 -0.7193583127316618 0
    outer loop
      vertex 32.17775069177151 -1.9678681626915933 16.7
      vertex 32.245066203176975 -1.9028657957911492 16.7
      vertex 32.245066203176975 -1.9028657957911492 17
    endloop
  endfacet
  facet normal 0.587492066268023 -0.8092299253439215 0
    outer loop
      vertex 32.09819599986076 -2.0256239980459214 16.7
      vertex 32.17775069177151 -1.9678681626915933 17
      vertex 32.09819599986076 -2.0256239980459214 17
    endloop
  endfacet
  facet normal 0.6946391998036512 -0.7193583127316618 0
    outer loop
      vertex 32.17775069177151 -1.9678681626915933 16.7
      vertex 32.245066203176975 -1.9028657957911492 17
      vertex 32.17775069177151 -1.9678681626915933 17
    endloop
  endfacet
  facet normal 0.7952748859721543 -0.606249004734834 0
    outer loop
      vertex 32.245066203176975 -1.9028657957911492 16.7
      vertex 32.30014253407717 -1.8306168973445893 16.7
      vertex 32.30014253407717 -1.8306168973445893 17
    endloop
  endfacet
  facet normal 0.8803235440483479 -0.47437375327283476 0
    outer loop
      vertex 32.30014253407717 -1.8306168973445893 16.7
      vertex 32.3429796770215 -1.7511214673519135 16.7
      vertex 32.3429796770215 -1.7511214673519135 17
    endloop
  endfacet
  facet normal 0.7952748859721543 -0.606249004734834 0
    outer loop
      vertex 32.245066203176975 -1.9028657957911492 16.7
      vertex 32.30014253407717 -1.8306168973445893 17
      vertex 32.245066203176975 -1.9028657957911492 17
    endloop
  endfacet
  facet normal 0.8803235440483479 -0.47437375327283476 0
    outer loop
      vertex 32.30014253407717 -1.8306168973445893 16.7
      vertex 32.3429796770215 -1.7511214673519135 17
      vertex 32.30014253407717 -1.8306168973445893 17
    endloop
  endfacet
  facet normal 0.943047821310746 -0.3326571909955583 0
    outer loop
      vertex 32.3429796770215 -1.7511214673519135 16.7
      vertex 32.37357763200998 -1.6643795132637025 17
      vertex 32.3429796770215 -1.7511214673519135 17
    endloop
  endfacet
  facet normal 0.943047821310746 -0.3326571909955583 0
    outer loop
      vertex 32.3429796770215 -1.7511214673519135 16.7
      vertex 32.37357763200998 -1.6643795132637025 16.7
      vertex 32.37357763200998 -1.6643795132637025 17
    endloop
  endfacet
  facet normal 0.981452187446186 -0.19170707800469047 0
    outer loop
      vertex 32.37357763200998 -1.6643795132637025 16.7
      vertex 32.39193640649319 -1.570391020178795 16.7
      vertex 32.39193640649319 -1.570391020178795 17
    endloop
  endfacet
  facet normal 0.981452187446186 -0.19170707800469047 0
    outer loop
      vertex 32.37357763200998 -1.6643795132637025 16.7
      vertex 32.39193640649319 -1.570391020178795 17
      vertex 32.37357763200998 -1.6643795132637025 17
    endloop
  endfacet
  facet normal 0.9981779282995245 -0.06033923645248953 0
    outer loop
      vertex 32.39193640649319 -1.570391020178795 16.7
      vertex 32.398056000471115 -1.4691560029983521 16.7
      vertex 32.398056000471115 -1.4691560029983521 17
    endloop
  endfacet
  facet normal 0.9994390274475627 0.03349075118103322 0
    outer loop
      vertex 32.398056000471115 -1.4691560029983521 16.7
      vertex 32.396137960255146 -1.4119173869490624 16.7
      vertex 32.396137960255146 -1.4119173869490624 17
    endloop
  endfacet
  facet normal 0.9943855532258805 0.10581763338716019 0
    outer loop
      vertex 32.396137960255146 -1.4119173869490624 16.7
      vertex 32.39038383960724 -1.357844977080822 16.7
      vertex 32.39038383960724 -1.357844977080822 17
    endloop
  endfacet
  facet normal 0.9981779282995245 -0.06033923645248953 0
    outer loop
      vertex 32.39193640649319 -1.570391020178795 16.7
      vertex 32.398056000471115 -1.4691560029983521 17
      vertex 32.39193640649319 -1.570391020178795 17
    endloop
  endfacet
  facet normal 0.9994390274475627 0.03349075118103322 0
    outer loop
      vertex 32.398056000471115 -1.4691560029983521 16.7
      vertex 32.396137960255146 -1.4119173869490624 17
      vertex 32.398056000471115 -1.4691560029983521 17
    endloop
  endfacet
  facet normal 0.9943855532258805 0.10581763338716019 0
    outer loop
      vertex 32.396137960255146 -1.4119173869490624 16.7
      vertex 32.39038383960724 -1.357844977080822 17
      vertex 32.396137960255146 -1.4119173869490624 17
    endloop
  endfacet
  facet normal 0 0 1
    outer loop
      vertex 29.948399998247623 -0.1936399996280671 16.7
      vertex 30.330222122371197 0.21554024666547766 16.7
      vertex 29.907201632857323 -0.15390171706676492 16.7
    endloop
  endfacet
  facet normal 0 0 1
    outer loop
      vertex 29.907201632857323 -0.15390171706676492 16.7
      vertex 30.298947997391224 0.2509799987077712 16.7
      vertex 29.868865959346294 -0.1122777149081231 16.7
    endloop
  endfacet
  facet normal 0.5586661904433763 0.8293926016401915 0
    outer loop
      vertex 30.096283100545406 -0.30533355325460443 16.7
      vertex 30.0425456315279 -0.2691368147730828 16.7
      vertex 30.0425456315279 -0.2691368147730828 17
    endloop
  endfacet
  facet normal 0.6026944907781505 0.7979720238114026 0
    outer loop
      vertex 29.993251264095306 -0.23190563023090371 16.7
      vertex 29.993251264095306 -0.23190563023090371 17
      vertex 30.0425456315279 -0.2691368147730828 16.7
    endloop
  endfacet
  facet normal 0.6490461520228258 0.7607490338767201 0
    outer loop
      vertex 29.948399998247623 -0.1936399996280671 16.7
      vertex 29.948399998247623 -0.1936399996280671 17
      vertex 29.993251264095306 -0.23190563023090371 16.7
    endloop
  endfacet
  facet normal 0.6942377442677826 0.7197457568016508 0
    outer loop
      vertex 29.948399998247623 -0.1936399996280671 16.7
      vertex 29.907201632857323 -0.15390171706676492 17
      vertex 29.948399998247623 -0.1936399996280671 17
    endloop
  endfacet
  facet normal 0.6490461520228258 0.7607490338767201 0
    outer loop
      vertex 29.993251264095306 -0.23190563023090371 16.7
      vertex 29.948399998247623 -0.1936399996280671 17
      vertex 29.993251264095306 -0.23190563023090371 17
    endloop
  endfacet
  facet normal 0.6026944907781505 0.7979720238114026 0
    outer loop
      vertex 30.0425456315279 -0.2691368147730828 16.7
      vertex 29.993251264095306 -0.23190563023090371 17
      vertex 30.0425456315279 -0.2691368147730828 17
    endloop
  endfacet
  facet normal 0.7750550673553538 0.6318936956219677 0
    outer loop
      vertex 29.868865959346294 -0.1122777149081231 16.7
      vertex 29.83339297771454 -0.06876800060272226 16.7
      vertex 29.83339297771454 -0.06876800060272226 17
    endloop
  endfacet
  facet normal 0.8121652551206123 0.5834274576799338 0
    outer loop
      vertex 29.800782695412636 -0.023372574150562375 16.7
      vertex 29.800782695412636 -0.023372574150562375 17
      vertex 29.83339297771454 -0.06876800060272226 16.7
    endloop
  endfacet
  facet normal 0.6942377442677826 0.7197457568016508 0
    outer loop
      vertex 29.948399998247623 -0.1936399996280671 16.7
      vertex 29.907201632857323 -0.15390171706676492 16.7
      vertex 29.907201632857323 -0.15390171706676492 17
    endloop
  endfacet
  facet normal 0.7355646825387562 0.677454498694679 0
    outer loop
      vertex 29.907201632857323 -0.15390171706676492 16.7
      vertex 29.868865959346294 -0.1122777149081231 16.7
      vertex 29.868865959346294 -0.1122777149081231 17
    endloop
  endfacet
  facet normal 0.7750550673553538 0.6318936956219677 0
    outer loop
      vertex 29.868865959346294 -0.1122777149081231 16.7
      vertex 29.83339297771454 -0.06876800060272226 17
      vertex 29.868865959346294 -0.1122777149081231 17
    endloop
  endfacet
  facet normal 0.8121652551206123 0.5834274576799338 0
    outer loop
      vertex 29.83339297771454 -0.06876800060272226 16.7
      vertex 29.800782695412636 -0.023372574150562375 17
      vertex 29.83339297771454 -0.06876800060272226 17
    endloop
  endfacet
  facet normal 0.8464105293865343 0.5325309528502608 0
    outer loop
      vertex 29.800782695412636 -0.023372574150562375 16.7
      vertex 29.771035104990005 0.023908571898937137 17
      vertex 29.800782695412636 -0.023372574150562375 17
    endloop
  endfacet
  facet normal 0.7355646825387562 0.677454498694679 0
    outer loop
      vertex 29.907201632857323 -0.15390171706676492 16.7
      vertex 29.868865959346294 -0.1122777149081231 17
      vertex 29.907201632857323 -0.15390171706676492 17
    endloop
  endfacet
  facet normal 0 0 1
    outer loop
      vertex 30.522759839892387 -0.502859427034855 16.7
      vertex 30.62101363390684 -0.5344011396169663 16.7
      vertex 30.738111101090908 -0.017447835206985562 16.7
    endloop
  endfacet
  facet normal 0 0 1
    outer loop
      vertex 30.729071348905563 -0.5659428596496583 16.7
      vertex 30.832802690565586 -0.04670334458351144 16.7
      vertex 30.62101363390684 -0.5344011396169663 16.7
    endloop
  endfacet
  facet normal 0 0 1
    outer loop
      vertex 30.729071348905563 -0.5659428596496583 16.7
      vertex 30.846932977437973 -0.5974845722317697 16.7
      vertex 30.94320497661829 -0.07760391980409631 16.7
    endloop
  endfacet
  facet normal 0.47852220345437935 0.8780754527950121 0
    outer loop
      vertex 30.154463671147823 -0.34049583822488794 16.7
      vertex 30.154463671147823 -0.34049583822488794 17
      vertex 30.21708734333515 -0.37462367713451394 16.7
    endloop
  endfacet
  facet normal 0.4425006598517173 0.8967681785337807 0
    outer loop
      vertex 30.284154124557972 -0.40771706253290185 16.7
      vertex 30.21708734333515 -0.37462367713451394 16.7
      vertex 30.21708734333515 -0.37462367713451394 17
    endloop
  endfacet
  facet normal 0.33588746435565825 0.9419021240493761 0
    outer loop
      vertex 30.43430995941162 -0.4713177144527436 16.7
      vertex 30.43430995941162 -0.4713177144527436 17
      vertex 30.522759839892387 -0.502859427034855 16.7
    endloop
  endfacet
  facet normal 0.3722382813381961 0.9281371999367259 0
    outer loop
      vertex 30.43430995941162 -0.4713177144527436 16.7
      vertex 30.355663999915123 -0.43977600187063226 16.7
      vertex 30.355663999915123 -0.43977600187063226 17
    endloop
  endfacet
  facet normal 0.4090855304567859 0.9124960431535526 0
    outer loop
      vertex 30.284154124557972 -0.40771706253290185 16.7
      vertex 30.284154124557972 -0.40771706253290185 17
      vertex 30.355663999915123 -0.43977600187063226 16.7
    endloop
  endfacet
  facet normal 0.4425006598517173 0.8967681785337807 0
    outer loop
      vertex 30.284154124557972 -0.40771706253290185 16.7
      vertex 30.21708734333515 -0.37462367713451394 17
      vertex 30.284154124557972 -0.40771706253290185 17
    endloop
  endfacet
  facet normal 0.47852220345437935 0.8780754527950121 0
    outer loop
      vertex 30.21708734333515 -0.37462367713451394 16.7
      vertex 30.154463671147823 -0.34049583822488794 17
      vertex 30.21708734333515 -0.37462367713451394 17
    endloop
  endfacet
  facet normal 0.3722382813381961 0.9281371999367259 0
    outer loop
      vertex 30.43430995941162 -0.4713177144527436 16.7
      vertex 30.355663999915123 -0.43977600187063226 17
      vertex 30.43430995941162 -0.4713177144527436 17
    endloop
  endfacet
  facet normal 0.4090855304567859 0.9124960431535526 0
    outer loop
      vertex 30.355663999915123 -0.43977600187063226 16.7
      vertex 30.284154124557972 -0.40771706253290185 17
      vertex 30.355663999915123 -0.43977600187063226 17
    endloop
  endfacet
  facet normal 0.2802037423236164 0.9599405516946561 0
    outer loop
      vertex 30.729071348905563 -0.5659428596496583 16.7
      vertex 30.62101363390684 -0.5344011396169663 16.7
      vertex 30.62101363390684 -0.5344011396169663 17
    endloop
  endfacet
  facet normal 0.25851914822088046 0.9660061335225312 0
    outer loop
      vertex 30.729071348905563 -0.5659428596496583 16.7
      vertex 30.729071348905563 -0.5659428596496583 17
      vertex 30.846932977437973 -0.5974845722317697 16.7
    endloop
  endfacet
  facet normal 0.30565902635321235 0.9521410397671167 0
    outer loop
      vertex 30.62101363390684 -0.5344011396169663 16.7
      vertex 30.522759839892387 -0.502859427034855 17
      vertex 30.62101363390684 -0.5344011396169663 17
    endloop
  endfacet
  facet normal 0.2802037423236164 0.9599405516946561 0
    outer loop
      vertex 30.729071348905563 -0.5659428596496583 16.7
      vertex 30.62101363390684 -0.5344011396169663 17
      vertex 30.729071348905563 -0.5659428596496583 17
    endloop
  endfacet
  facet normal 0.25851914822088046 0.9660061335225312 0
    outer loop
      vertex 30.846932977437973 -0.5974845722317697 16.7
      vertex 30.729071348905563 -0.5659428596496583 17
      vertex 30.846932977437973 -0.5974845722317697 17
    endloop
  endfacet
  facet normal 0.30565902635321235 0.9521410397671167 0
    outer loop
      vertex 30.522759839892387 -0.502859427034855 16.7
      vertex 30.522759839892387 -0.502859427034855 17
      vertex 30.62101363390684 -0.5344011396169663 16.7
    endloop
  endfacet
  facet normal 0.33588746435565825 0.9419021240493761 0
    outer loop
      vertex 30.522759839892387 -0.502859427034855 16.7
      vertex 30.43430995941162 -0.4713177144527436 17
      vertex 30.522759839892387 -0.502859427034855 17
    endloop
  endfacet
  facet normal 0 0 1
    outer loop
      vertex 30.096283100545406 -0.30533355325460443 16.7
      vertex 30.154463671147823 -0.34049583822488794 16.7
      vertex 30.44632824510336 0.11871420741081229 16.7
    endloop
  endfacet
  facet normal 0 0 1
    outer loop
      vertex 30.284154124557972 -0.40771706253290185 16.7
      vertex 30.355663999915123 -0.43977600187063226 16.7
      vertex 30.54230212420225 0.0620745286345481 16.7
    endloop
  endfacet
  facet normal 0 0 1
    outer loop
      vertex 30.43430995941162 -0.4713177144527436 16.7
      vertex 30.59585999697447 0.03612800091505042 16.7
      vertex 30.355663999915123 -0.43977600187063226 16.7
    endloop
  endfacet
  facet normal 0 0 1
    outer loop
      vertex 30.284154124557972 -0.40771706253290185 16.7
      vertex 30.492458201944828 0.08960326164960852 16.7
      vertex 30.21708734333515 -0.37462367713451394 16.7
    endloop
  endfacet
  facet normal 0 0 1
    outer loop
      vertex 30.154463671147823 -0.34049583822488794 16.7
      vertex 30.21708734333515 -0.37462367713451394 16.7
      vertex 30.44632824510336 0.11871420741081229 16.7
    endloop
  endfacet
  facet normal 0 0 1
    outer loop
      vertex 29.993251264095306 -0.23190563023090371 16.7
      vertex 30.0425456315279 -0.2691368147730828 16.7
      vertex 30.365210205316544 0.18168269246816626 16.7
    endloop
  endfacet
  facet normal 0 0 1
    outer loop
      vertex 30.096283100545406 -0.30533355325460443 16.7
      vertex 30.403912246227264 0.1494073435664176 16.7
      vertex 30.0425456315279 -0.2691368147730828 16.7
    endloop
  endfacet
  facet normal 0 0 1
    outer loop
      vertex 29.948399998247623 -0.1936399996280671 16.7
      vertex 29.993251264095306 -0.23190563023090371 16.7
      vertex 30.365210205316544 0.18168269246816626 16.7
    endloop
  endfacet
  facet normal 0 0 1
    outer loop
      vertex 30.096283100545406 -0.30533355325460443 16.7
      vertex 30.44632824510336 0.11871420741081229 16.7
      vertex 30.403912246227264 0.1494073435664176 16.7
    endloop
  endfacet
  facet normal 0 0 1
    outer loop
      vertex 30.21708734333515 -0.37462367713451394 16.7
      vertex 30.492458201944828 0.08960326164960852 16.7
      vertex 30.44632824510336 0.11871420741081229 16.7
    endloop
  endfacet
  facet normal 0 0 1
    outer loop
      vertex 30.284154124557972 -0.40771706253290185 16.7
      vertex 30.54230212420225 0.0620745286345481 16.7
      vertex 30.492458201944828 0.08960326164960852 16.7
    endloop
  endfacet
  facet normal 0 0 1
    outer loop
      vertex 30.43430995941162 -0.4713177144527436 16.7
      vertex 30.522759839892387 -0.502859427034855 16.7
      vertex 30.659130200743675 0.010162615776061923 16.7
    endloop
  endfacet
  facet normal 0 0 1
    outer loop
      vertex 30.62101363390684 -0.5344011396169663 16.7
      vertex 30.832802690565586 -0.04670334458351144 16.7
      vertex 30.738111101090908 -0.017447835206985562 16.7
    endloop
  endfacet
  facet normal 0 0 1
    outer loop
      vertex 30.729071348905563 -0.5659428596496583 16.7
      vertex 30.94320497661829 -0.07760391980409631 16.7
      vertex 30.832802690565586 -0.04670334458351144 16.7
    endloop
  endfacet
  facet normal 0 0 1
    outer loop
      vertex 30.43430995941162 -0.4713177144527436 16.7
      vertex 30.659130200743675 0.010162615776061923 16.7
      vertex 30.59585999697447 0.03612800091505042 16.7
    endloop
  endfacet
  facet normal 0 0 1
    outer loop
      vertex 30.355663999915123 -0.43977600187063226 16.7
      vertex 30.59585999697447 0.03612800091505042 16.7
      vertex 30.54230212420225 0.0620745286345481 16.7
    endloop
  endfacet
  facet normal 0 0 1
    outer loop
      vertex 30.522759839892387 -0.502859427034855 16.7
      vertex 30.738111101090908 -0.017447835206985562 16.7
      vertex 30.659130200743675 0.010162615776061923 16.7
    endloop
  endfacet
  facet normal 0.5172398178777762 0.8558405054691937 0
    outer loop
      vertex 30.096283100545406 -0.30533355325460443 16.7
      vertex 30.096283100545406 -0.30533355325460443 17
      vertex 30.154463671147823 -0.34049583822488794 16.7
    endloop
  endfacet
  facet normal 0.5172398178777762 0.8558405054691937 0
    outer loop
      vertex 30.154463671147823 -0.34049583822488794 16.7
      vertex 30.096283100545406 -0.30533355325460443 17
      vertex 30.154463671147823 -0.34049583822488794 17
    endloop
  endfacet
  facet normal 0.5586661904433763 0.8293926016401915 0
    outer loop
      vertex 30.096283100545406 -0.30533355325460443 16.7
      vertex 30.0425456315279 -0.2691368147730828 17
      vertex 30.096283100545406 -0.30533355325460443 17
    endloop
  endfacet
  facet normal -0.33000047541660404 -0.9439807658129563 0
    outer loop
      vertex 30.738111101090908 -0.017447835206985562 16.7
      vertex 30.738111101090908 -0.017447835206985562 17
      vertex 30.659130200743675 0.010162615776061923 16.7
    endloop
  endfacet
  facet normal -0.29518837839076784 -0.9554390725017629 0
    outer loop
      vertex 30.738111101090908 -0.017447835206985562 16.7
      vertex 30.832802690565586 -0.04670334458351144 16.7
      vertex 30.832802690565586 -0.04670334458351144 17
    endloop
  endfacet
  facet normal -0.29518837839076784 -0.9554390725017629 0
    outer loop
      vertex 30.738111101090908 -0.017447835206985562 16.7
      vertex 30.832802690565586 -0.04670334458351144 17
      vertex 30.738111101090908 -0.017447835206985562 17
    endloop
  endfacet
  facet normal -0.2695323381993555 -0.9629913388316576 0
    outer loop
      vertex 30.832802690565586 -0.04670334458351144 16.7
      vertex 30.94320497661829 -0.07760391980409631 17
      vertex 30.832802690565586 -0.04670334458351144 17
    endloop
  endfacet
  facet normal 0.22533337172377996 0.9742817208526457 0
    outer loop
      vertex 31.271606609225273 -0.6973519980907441 16.7
      vertex 31.192872650921345 -0.6791422873735429 17
      vertex 31.271606609225273 -0.6973519980907441 17
    endloop
  endfacet
  facet normal 0.22671210157940216 0.9739618180388032 0
    outer loop
      vertex 31.348269879817963 -0.7151971444487573 16.7
      vertex 31.271606609225273 -0.6973519980907441 16.7
      vertex 31.271606609225273 -0.6973519980907441 17
    endloop
  endfacet
  facet normal 0.22816576006923192 0.9736223014763116 0
    outer loop
      vertex 31.348269879817963 -0.7151971444487573 16.7
      vertex 31.348269879817963 -0.7151971444487573 17
      vertex 31.422862447798252 -0.7326777115464211 16.7
    endloop
  endfacet
  facet normal 0.22970091786073765 0.9732612641700762 0
    outer loop
      vertex 31.422862447798252 -0.7326777115464211 16.7
      vertex 31.422862447798252 -0.7326777115464211 17
      vertex 31.495384328067303 -0.7497937142848969 16.7
    endloop
  endfacet
  facet normal 0.24584184316536498 0.9693099546321888 0
    outer loop
      vertex 31.634216003119946 -0.7829319968819619 16.7
      vertex 31.634216003119946 -0.7829319968819619 17
      vertex 31.70022138953209 -0.7996726542711259 16.7
    endloop
  endfacet
  facet normal 0.23132437682700394 0.9728766790737653 0
    outer loop
      vertex 31.565835513174534 -0.7665451452136041 16.7
      vertex 31.495384328067303 -0.7497937142848969 16.7
      vertex 31.495384328067303 -0.7497937142848969 17
    endloop
  endfacet
  facet normal 0.23304394934943437 0.9724662038711773 0
    outer loop
      vertex 31.565835513174534 -0.7665451452136041 16.7
      vertex 31.565835513174534 -0.7665451452136041 17
      vertex 31.634216003119946 -0.7829319968819619 16.7
    endloop
  endfacet
  facet normal 0.22671210157940216 0.9739618180388032 0
    outer loop
      vertex 31.348269879817963 -0.7151971444487573 16.7
      vertex 31.271606609225273 -0.6973519980907441 17
      vertex 31.348269879817963 -0.7151971444487573 17
    endloop
  endfacet
  facet normal 0.22970091786073765 0.9732612641700762 0
    outer loop
      vertex 31.495384328067303 -0.7497937142848969 16.7
      vertex 31.422862447798252 -0.7326777115464211 17
      vertex 31.495384328067303 -0.7497937142848969 17
    endloop
  endfacet
  facet normal 0.22816576006923192 0.9736223014763116 0
    outer loop
      vertex 31.422862447798252 -0.7326777115464211 16.7
      vertex 31.348269879817963 -0.7151971444487573 17
      vertex 31.422862447798252 -0.7326777115464211 17
    endloop
  endfacet
  facet normal 0.23304394934943437 0.9724662038711773 0
    outer loop
      vertex 31.634216003119946 -0.7829319968819619 16.7
      vertex 31.565835513174534 -0.7665451452136041 17
      vertex 31.634216003119946 -0.7829319968819619 17
    endloop
  endfacet
  facet normal 0.24584184316536498 0.9693099546321888 0
    outer loop
      vertex 31.70022138953209 -0.7996726542711259 16.7
      vertex 31.634216003119946 -0.7829319968819619 17
      vertex 31.70022138953209 -0.7996726542711259 17
    endloop
  endfacet
  facet normal 0.23132437682700394 0.9728766790737653 0
    outer loop
      vertex 31.565835513174534 -0.7665451452136041 16.7
      vertex 31.495384328067303 -0.7497937142848969 17
      vertex 31.565835513174534 -0.7665451452136041 17
    endloop
  endfacet
  facet normal 0 0 1
    outer loop
      vertex 32.329006530344486 -1.173217384517193 16.7
      vertex 32.78108587861061 -0.819383753836155 16.7
      vertex 32.30407200008631 -1.1349759981036187 16.7
    endloop
  endfacet
  facet normal 0.9827134422326592 0.18513316951653458 0
    outer loop
      vertex 32.39038383960724 -1.357844977080822 16.7
      vertex 32.38079363107681 -1.306938773393631 16.7
      vertex 32.38079363107681 -1.306938773393631 17
    endloop
  endfacet
  facet normal 0.9626540555101467 0.27073449985154746 0
    outer loop
      vertex 32.36736734956503 -1.2591987758874894 16.7
      vertex 32.36736734956503 -1.2591987758874894 17
      vertex 32.38079363107681 -1.306938773393631 16.7
    endloop
  endfacet
  facet normal 0.9325117736953523 0.3611395740147403 0
    outer loop
      vertex 32.36736734956503 -1.2591987758874894 16.7
      vertex 32.35010498017073 -1.2146249771118165 16.7
      vertex 32.35010498017073 -1.2146249771118165 17
    endloop
  endfacet
  facet normal 0.9827134422326592 0.18513316951653458 0
    outer loop
      vertex 32.39038383960724 -1.357844977080822 16.7
      vertex 32.38079363107681 -1.306938773393631 17
      vertex 32.39038383960724 -1.357844977080822 17
    endloop
  endfacet
  facet normal 0.9626540555101467 0.27073449985154746 0
    outer loop
      vertex 32.38079363107681 -1.306938773393631 16.7
      vertex 32.36736734956503 -1.2591987758874894 17
      vertex 32.38079363107681 -1.306938773393631 17
    endloop
  endfacet
  facet normal 0.9325117736953523 0.3611395740147403 0
    outer loop
      vertex 32.36736734956503 -1.2591987758874894 16.7
      vertex 32.35010498017073 -1.2146249771118165 17
      vertex 32.36736734956503 -1.2591987758874894 17
    endloop
  endfacet
  facet normal 0.7828871151919626 0.622163776562415 0
    outer loop
      vertex 32.30407200008631 -1.1349759981036187 16.7
      vertex 32.27566596120596 -1.0992318376898766 16.7
      vertex 32.27566596120596 -1.0992318376898766 17
    endloop
  endfacet
  facet normal 0.732582066395084 0.6806787171612674 0
    outer loop
      vertex 32.27566596120596 -1.0992318376898766 16.7
      vertex 32.24415297806263 -1.065315915644169 16.7
      vertex 32.24415297806263 -1.065315915644169 17
    endloop
  endfacet
  facet normal 0.6797750773823367 0.7334206461300623 0
    outer loop
      vertex 32.2095330581069 -1.0332282468676568 16.7
      vertex 32.2095330581069 -1.0332282468676568 17
      vertex 32.24415297806263 -1.065315915644169 16.7
    endloop
  endfacet
  facet normal 0.8910045431360466 0.4539943877526733 0
    outer loop
      vertex 32.35010498017073 -1.2146249771118165 16.7
      vertex 32.329006530344486 -1.173217384517193 16.7
      vertex 32.329006530344486 -1.173217384517193 17
    endloop
  endfacet
  facet normal 0.8376657611292229 0.546183185965844 0
    outer loop
      vertex 32.329006530344486 -1.173217384517193 16.7
      vertex 32.30407200008631 -1.1349759981036187 16.7
      vertex 32.30407200008631 -1.1349759981036187 17
    endloop
  endfacet
  facet normal 0.7828871151919626 0.622163776562415 0
    outer loop
      vertex 32.30407200008631 -1.1349759981036187 16.7
      vertex 32.27566596120596 -1.0992318376898766 17
      vertex 32.30407200008631 -1.1349759981036187 17
    endloop
  endfacet
  facet normal 0.732582066395084 0.6806787171612674 0
    outer loop
      vertex 32.27566596120596 -1.0992318376898766 16.7
      vertex 32.24415297806263 -1.065315915644169 17
      vertex 32.27566596120596 -1.0992318376898766 17
    endloop
  endfacet
  facet normal 0.6797750773823367 0.7334206461300623 0
    outer loop
      vertex 32.24415297806263 -1.065315915644169 16.7
      vertex 32.2095330581069 -1.0332282468676568 17
      vertex 32.24415297806263 -1.065315915644169 17
    endloop
  endfacet
  facet normal 0.8910045431360466 0.4539943877526733 0
    outer loop
      vertex 32.35010498017073 -1.2146249771118165 16.7
      vertex 32.329006530344486 -1.173217384517193 17
      vertex 32.35010498017073 -1.2146249771118165 17
    endloop
  endfacet
  facet normal 0.8376657611292229 0.546183185965844 0
    outer loop
      vertex 32.329006530344486 -1.173217384517193 16.7
      vertex 32.30407200008631 -1.1349759981036187 17
      vertex 32.329006530344486 -1.173217384517193 17
    endloop
  endfacet
  facet normal 0 0 1
    outer loop
      vertex 31.882160492241383 -0.8564784511923791 16.7
      vertex 31.93744783848524 -0.8776083275675775 16.7
      vertex 32.07290677726269 -0.36360032707452783 16.7
    endloop
  endfacet
  facet normal 0 0 1
    outer loop
      vertex 31.990055672824383 -0.8998355105519296 16.7
      vertex 32.03998400270939 -0.9231600001454354 16.7
      vertex 32.222308330237865 -0.42005053013563165 16.7
    endloop
  endfacet
  facet normal 0 0 1
    outer loop
      vertex 31.93744783848524 -0.8776083275675775 16.7
      vertex 31.990055672824383 -0.8998355105519296 16.7
      vertex 32.173381224274635 -0.40035020411014566 16.7
    endloop
  endfacet
  facet normal 0 0 1
    outer loop
      vertex 32.17180620133877 -1.002968816459179 16.7
      vertex 32.2095330581069 -1.0332282468676568 16.7
      vertex 32.496321469545364 -0.5577723294496537 16.7
    endloop
  endfacet
  facet normal 0 0 1
    outer loop
      vertex 32.27566596120596 -1.0992318376898766 16.7
      vertex 32.652228735387325 -0.6756635889410973 16.7
      vertex 32.24415297806263 -1.065315915644169 16.7
    endloop
  endfacet
  facet normal 0 0 1
    outer loop
      vertex 32.30407200008631 -1.1349759981036187 16.7
      vertex 32.720311999320984 -0.7441240012645722 16.7
      vertex 32.27566596120596 -1.0992318376898766 16.7
    endloop
  endfacet
  facet normal 0 0 1
    outer loop
      vertex 32.2095330581069 -1.0332282468676568 16.7
      vertex 32.24415297806263 -1.065315915644169 16.7
      vertex 32.57756522297859 -0.6135463699698449 16.7
    endloop
  endfacet
  facet normal 0 0 1
    outer loop
      vertex 32.08703166991472 -0.9479346930980683 16.7
      vertex 32.130972407758236 -0.9745376318693162 16.7
      vertex 32.36360489577055 -0.4846362456679345 16.7
    endloop
  endfacet
  facet normal 0 0 1
    outer loop
      vertex 32.08703166991472 -0.9479346930980683 16.7
      vertex 32.31742016226053 -0.4621935546398164 16.7
      vertex 32.03998400270939 -0.9231600001454354 16.7
    endloop
  endfacet
  facet normal 0 0 1
    outer loop
      vertex 32.17180620133877 -1.002968816459179 16.7
      vertex 32.45323199778795 -0.5322640001773835 16.7
      vertex 32.130972407758236 -0.9745376318693162 16.7
    endloop
  endfacet
  facet normal 0 0 1
    outer loop
      vertex 32.24415297806263 -1.065315915644169 16.7
      vertex 32.61571951210499 -0.6438120812177659 16.7
      vertex 32.57756522297859 -0.6135463699698449 16.7
    endloop
  endfacet
  facet normal 0 0 1
    outer loop
      vertex 32.17180620133877 -1.002968816459179 16.7
      vertex 32.496321469545364 -0.5577723294496537 16.7
      vertex 32.45323199778795 -0.5322640001773835 16.7
    endloop
  endfacet
  facet normal 0 0 1
    outer loop
      vertex 32.2095330581069 -1.0332282468676568 16.7
      vertex 32.57756522297859 -0.6135463699698449 16.7
      vertex 32.53776587545872 -0.5848664477467538 16.7
    endloop
  endfacet
  facet normal 0 0 1
    outer loop
      vertex 32.2095330581069 -1.0332282468676568 16.7
      vertex 32.53776587545872 -0.5848664477467538 16.7
      vertex 32.496321469545364 -0.5577723294496537 16.7
    endloop
  endfacet
  facet normal 0.3569988564912506 0.9341048209189049 0
    outer loop
      vertex 31.882160492241383 -0.8564784511923791 16.7
      vertex 31.882160492241383 -0.8564784511923791 17
      vertex 31.93744783848524 -0.8776083275675775 16.7
    endloop
  endfacet
  facet normal 0.3891947309356012 0.9211555033825531 0
    outer loop
      vertex 31.93744783848524 -0.8776083275675775 16.7
      vertex 31.93744783848524 -0.8776083275675775 17
      vertex 31.990055672824383 -0.8998355105519296 16.7
    endloop
  endfacet
  facet normal 0.42325203271101447 0.9060119849130002 0
    outer loop
      vertex 31.990055672824383 -0.8998355105519296 16.7
      vertex 31.990055672824383 -0.8998355105519296 17
      vertex 32.03998400270939 -0.9231600001454354 16.7
    endloop
  endfacet
  facet normal 0.4659343844039067 0.8848192750105259 0
    outer loop
      vertex 32.08703166991472 -0.9479346930980683 16.7
      vertex 32.03998400270939 -0.9231600001454354 16.7
      vertex 32.03998400270939 -0.9231600001454354 17
    endloop
  endfacet
  facet normal 0.3569988564912506 0.9341048209189049 0
    outer loop
      vertex 31.93744783848524 -0.8776083275675775 16.7
      vertex 31.882160492241383 -0.8564784511923791 17
      vertex 31.93744783848524 -0.8776083275675775 17
    endloop
  endfacet
  facet normal 0.3891947309356012 0.9211555033825531 0
    outer loop
      vertex 31.990055672824383 -0.8998355105519296 16.7
      vertex 31.93744783848524 -0.8776083275675775 17
      vertex 31.990055672824383 -0.8998355105519296 17
    endloop
  endfacet
  facet normal 0.42325203271101447 0.9060119849130002 0
    outer loop
      vertex 32.03998400270939 -0.9231600001454354 16.7
      vertex 31.990055672824383 -0.8998355105519296 17
      vertex 32.03998400270939 -0.9231600001454354 17
    endloop
  endfacet
  facet normal 0.4659343844039067 0.8848192750105259 0
    outer loop
      vertex 32.08703166991472 -0.9479346930980683 16.7
      vertex 32.03998400270939 -0.9231600001454354 17
      vertex 32.08703166991472 -0.9479346930980683 17
    endloop
  endfacet
  facet normal 0.2980351223032583 0.9545549045883542 0
    outer loop
      vertex 31.763547264039516 -0.817510610818863 16.7
      vertex 31.763547264039516 -0.817510610818863 17
      vertex 31.824193634092808 -0.8364458739757539 16.7
    endloop
  endfacet
  facet normal 0.27113367497343144 0.9625417031461035 0
    outer loop
      vertex 31.70022138953209 -0.7996726542711259 16.7
      vertex 31.70022138953209 -0.7996726542711259 17
      vertex 31.763547264039516 -0.817510610818863 16.7
    endloop
  endfacet
  facet normal 0.32663186881381157 0.9451516398309833 0
    outer loop
      vertex 31.882160492241383 -0.8564784511923791 16.7
      vertex 31.824193634092808 -0.8364458739757539 16.7
      vertex 31.824193634092808 -0.8364458739757539 17
    endloop
  endfacet
  facet normal 0.27113367497343144 0.9625417031461035 0
    outer loop
      vertex 31.763547264039516 -0.817510610818863 16.7
      vertex 31.70022138953209 -0.7996726542711259 17
      vertex 31.763547264039516 -0.817510610818863 17
    endloop
  endfacet
  facet normal 0.2980351223032583 0.9545549045883542 0
    outer loop
      vertex 31.824193634092808 -0.8364458739757539 16.7
      vertex 31.763547264039516 -0.817510610818863 17
      vertex 31.824193634092808 -0.8364458739757539 17
    endloop
  endfacet
  facet normal 0.32663186881381157 0.9451516398309833 0
    outer loop
      vertex 31.882160492241383 -0.8564784511923791 16.7
      vertex 31.824193634092808 -0.8364458739757539 17
      vertex 31.882160492241383 -0.8564784511923791 17
    endloop
  endfacet
  facet normal 0.6256772824003642 0.7800820074121021 0
    outer loop
      vertex 32.17180620133877 -1.002968816459179 16.7
      vertex 32.17180620133877 -1.002968816459179 17
      vertex 32.2095330581069 -1.0332282468676568 16.7
    endloop
  endfacet
  facet normal 0.5179056765060241 0.8554377301959725 0
    outer loop
      vertex 32.08703166991472 -0.9479346930980683 16.7
      vertex 32.08703166991472 -0.9479346930980683 17
      vertex 32.130972407758236 -0.9745376318693162 16.7
    endloop
  endfacet
  facet normal 0.5714039412034811 0.8206689563868788 0
    outer loop
      vertex 32.17180620133877 -1.002968816459179 16.7
      vertex 32.130972407758236 -0.9745376318693162 16.7
      vertex 32.130972407758236 -0.9745376318693162 17
    endloop
  endfacet
  facet normal 0.5714039412034811 0.8206689563868788 0
    outer loop
      vertex 32.17180620133877 -1.002968816459179 16.7
      vertex 32.130972407758236 -0.9745376318693162 17
      vertex 32.17180620133877 -1.002968816459179 17
    endloop
  endfacet
  facet normal 0.5179056765060241 0.8554377301959725 0
    outer loop
      vertex 32.130972407758236 -0.9745376318693162 16.7
      vertex 32.08703166991472 -0.9479346930980683 17
      vertex 32.130972407758236 -0.9745376318693162 17
    endloop
  endfacet
  facet normal 0.6256772824003642 0.7800820074121021 0
    outer loop
      vertex 32.2095330581069 -1.0332282468676568 16.7
      vertex 32.17180620133877 -1.002968816459179 17
      vertex 32.2095330581069 -1.0332282468676568 17
    endloop
  endfacet
  facet normal 0 0 1
    outer loop
      vertex 31.192872650921345 -0.6791422873735429 16.7
      vertex 31.271606609225273 -0.6973519980907441 16.7
      vertex 31.368675999343395 -0.18017600327730188 16.7
    endloop
  endfacet
  facet normal 0 0 1
    outer loop
      vertex 30.846932977437973 -0.5974845722317697 16.7
      vertex 30.97459852695465 -0.629026284813881 16.7
      vertex 31.06931795924902 -0.11014955341815957 16.7
    endloop
  endfacet
  facet normal 0 0 1
    outer loop
      vertex 31.112067997455597 -0.6605679973959924 16.7
      vertex 31.211141631007195 -0.14434024542570123 16.7
      vertex 30.97459852695465 -0.629026284813881 16.7
    endloop
  endfacet
  facet normal 0 0 1
    outer loop
      vertex 31.112067997455597 -0.6605679973959924 16.7
      vertex 31.192872650921345 -0.6791422873735429 16.7
      vertex 31.211141631007195 -0.14434024542570123 16.7
    endloop
  endfacet
  facet normal 0 0 1
    outer loop
      vertex 31.348269879817963 -0.7151971444487573 16.7
      vertex 31.42404865473509 -0.19299167245626458 16.7
      vertex 31.271606609225273 -0.6973519980907441 16.7
    endloop
  endfacet
  facet normal 0 0 1
    outer loop
      vertex 31.348269879817963 -0.7151971444487573 16.7
      vertex 31.422862447798252 -0.7326777115464211 16.7
      vertex 31.479362040758133 -0.20586840659379968 16.7
    endloop
  endfacet
  facet normal 0 0 1
    outer loop
      vertex 31.565835513174534 -0.7665451452136041 16.7
      vertex 31.634216003119946 -0.7829319968819619 16.7
      vertex 31.70002293586731 -0.25798595547676095 16.7
    endloop
  endfacet
  facet normal 0 0 1
    outer loop
      vertex 31.422862447798252 -0.7326777115464211 16.7
      vertex 31.495384328067303 -0.7497937142848969 16.7
      vertex 31.589811019599438 -0.23180506229400644 16.7
    endloop
  endfacet
  facet normal 0 0 1
    outer loop
      vertex 31.565835513174534 -0.7665451452136041 16.7
      vertex 31.644946612417698 -0.2448649764060975 16.7
      vertex 31.495384328067303 -0.7497937142848969 16.7
    endloop
  endfacet
  facet normal 0 0 1
    outer loop
      vertex 31.271606609225273 -0.6973519980907441 16.7
      vertex 31.42404865473509 -0.19299167245626458 16.7
      vertex 31.368675999343395 -0.18017600327730188 16.7
    endloop
  endfacet
  facet normal 0 0 1
    outer loop
      vertex 31.348269879817963 -0.7151971444487573 16.7
      vertex 31.479362040758133 -0.20586840659379968 16.7
      vertex 31.42404865473509 -0.19299167245626458 16.7
    endloop
  endfacet
  facet normal 0 0 1
    outer loop
      vertex 31.422862447798252 -0.7326777115464211 16.7
      vertex 31.53461616486311 -0.21880620568990716 16.7
      vertex 31.479362040758133 -0.20586840659379968 16.7
    endloop
  endfacet
  facet normal 0 0 1
    outer loop
      vertex 31.422862447798252 -0.7326777115464211 16.7
      vertex 31.589811019599438 -0.23180506229400644 16.7
      vertex 31.53461616486311 -0.21880620568990716 16.7
    endloop
  endfacet
  facet normal 0 0 1
    outer loop
      vertex 31.495384328067303 -0.7497937142848969 16.7
      vertex 31.644946612417698 -0.2448649764060975 16.7
      vertex 31.589811019599438 -0.23180506229400644 16.7
    endloop
  endfacet
  facet normal 0 0 1
    outer loop
      vertex 31.565835513174534 -0.7665451452136041 16.7
      vertex 31.70002293586731 -0.25798595547676095 16.7
      vertex 31.644946612417698 -0.2448649764060975 16.7
    endloop
  endfacet
  facet normal 0.2398531497754844 0.9708091813238989 0
    outer loop
      vertex 30.846932977437973 -0.5974845722317697 16.7
      vertex 30.846932977437973 -0.5974845722317697 17
      vertex 30.97459852695465 -0.629026284813881 16.7
    endloop
  endfacet
  facet normal 0.223634097877427 0.9746731709996688 0
    outer loop
      vertex 31.112067997455597 -0.6605679973959924 16.7
      vertex 30.97459852695465 -0.629026284813881 16.7
      vertex 30.97459852695465 -0.629026284813881 17
    endloop
  endfacet
  facet normal 0.22402420241930995 0.974583581192702 0
    outer loop
      vertex 31.112067997455597 -0.6605679973959924 16.7
      vertex 31.112067997455597 -0.6605679973959924 17
      vertex 31.192872650921345 -0.6791422873735429 16.7
    endloop
  endfacet
  facet normal 0.22533337172377996 0.9742817208526457 0
    outer loop
      vertex 31.192872650921345 -0.6791422873735429 16.7
      vertex 31.192872650921345 -0.6791422873735429 17
      vertex 31.271606609225273 -0.6973519980907441 16.7
    endloop
  endfacet
  facet normal 0.2398531497754844 0.9708091813238989 0
    outer loop
      vertex 30.97459852695465 -0.629026284813881 16.7
      vertex 30.846932977437973 -0.5974845722317697 17
      vertex 30.97459852695465 -0.629026284813881 17
    endloop
  endfacet
  facet normal 0.223634097877427 0.9746731709996688 0
    outer loop
      vertex 31.112067997455597 -0.6605679973959924 16.7
      vertex 30.97459852695465 -0.629026284813881 17
      vertex 31.112067997455597 -0.6605679973959924 17
    endloop
  endfacet
  facet normal 0.22402420241930995 0.974583581192702 0
    outer loop
      vertex 31.192872650921345 -0.6791422873735429 16.7
      vertex 31.112067997455597 -0.6605679973959924 17
      vertex 31.192872650921345 -0.6791422873735429 17
    endloop
  endfacet
  facet normal 0 0 1
    outer loop
      vertex 30.846932977437973 -0.5974845722317697 16.7
      vertex 31.06931795924902 -0.11014955341815957 16.7
      vertex 30.94320497661829 -0.07760391980409631 16.7
    endloop
  endfacet
  facet normal 0 0 1
    outer loop
      vertex 30.97459852695465 -0.629026284813881 16.7
      vertex 31.211141631007195 -0.14434024542570123 16.7
      vertex 31.06931795924902 -0.11014955341815957 16.7
    endloop
  endfacet
  facet normal 0 0 1
    outer loop
      vertex 31.192872650921345 -0.6791422873735429 16.7
      vertex 31.368675999343395 -0.18017600327730188 16.7
      vertex 31.211141631007195 -0.14434024542570123 16.7
    endloop
  endfacet
  facet normal -0.2498805224549615 -0.9682766776586305 0
    outer loop
      vertex 30.94320497661829 -0.07760391980409631 16.7
      vertex 31.06931795924902 -0.11014955341815957 16.7
      vertex 31.06931795924902 -0.11014955341815957 17
    endloop
  endfacet
  facet normal -0.2695323381993555 -0.9629913388316576 0
    outer loop
      vertex 30.832802690565586 -0.04670334458351144 16.7
      vertex 30.94320497661829 -0.07760391980409631 16.7
      vertex 30.94320497661829 -0.07760391980409631 17
    endloop
  endfacet
  facet normal -0.23436454093060052 -0.972148785914167 0
    outer loop
      vertex 31.06931795924902 -0.11014955341815957 16.7
      vertex 31.211141631007195 -0.14434024542570123 16.7
      vertex 31.211141631007195 -0.14434024542570123 17
    endloop
  endfacet
  facet normal -0.2498805224549615 -0.9682766776586305 0
    outer loop
      vertex 30.94320497661829 -0.07760391980409631 16.7
      vertex 31.06931795924902 -0.11014955341815957 17
      vertex 30.94320497661829 -0.07760391980409631 17
    endloop
  endfacet
  facet normal -0.23436454093060052 -0.972148785914167 0
    outer loop
      vertex 31.06931795924902 -0.11014955341815957 16.7
      vertex 31.211141631007195 -0.14434024542570123 17
      vertex 31.06931795924902 -0.11014955341815957 17
    endloop
  endfacet
  facet normal -0.22181233874676737 -0.9750893735343901 0
    outer loop
      vertex 31.211141631007195 -0.14434024542570123 16.7
      vertex 31.368675999343395 -0.18017600327730188 17
      vertex 31.211141631007195 -0.14434024542570123 17
    endloop
  endfacet
  facet normal -0.22548361894347138 -0.9742469592398815 0
    outer loop
      vertex 31.42404865473509 -0.19299167245626458 16.7
      vertex 31.42404865473509 -0.19299167245626458 17
      vertex 31.368675999343395 -0.18017600327730188 16.7
    endloop
  endfacet
  facet normal -0.2267332537214087 -0.9739568941472222 0
    outer loop
      vertex 31.42404865473509 -0.19299167245626458 16.7
      vertex 31.479362040758133 -0.20586840659379968 16.7
      vertex 31.479362040758133 -0.20586840659379968 17
    endloop
  endfacet
  facet normal -0.2292370416013425 -0.9733706276428647 0
    outer loop
      vertex 31.53461616486311 -0.21880620568990716 16.7
      vertex 31.589811019599438 -0.23180506229400644 16.7
      vertex 31.589811019599438 -0.23180506229400644 17
    endloop
  endfacet
  facet normal -0.22798441788511378 -0.9736647807133552 0
    outer loop
      vertex 31.479362040758133 -0.20586840659379968 16.7
      vertex 31.53461616486311 -0.21880620568990716 16.7
      vertex 31.53461616486311 -0.21880620568990716 17
    endloop
  endfacet
  facet normal -0.23049118734921847 -0.9730744126501053 0
    outer loop
      vertex 31.644946612417698 -0.2448649764060975 16.7
      vertex 31.644946612417698 -0.2448649764060975 17
      vertex 31.589811019599438 -0.23180506229400644 16.7
    endloop
  endfacet
  facet normal -0.23174703491525106 -0.9727760851336701 0
    outer loop
      vertex 31.644946612417698 -0.2448649764060975 16.7
      vertex 31.70002293586731 -0.25798595547676095 16.7
      vertex 31.70002293586731 -0.25798595547676095 17
    endloop
  endfacet
  facet normal -0.22548361894347138 -0.9742469592398815 0
    outer loop
      vertex 31.368675999343395 -0.18017600327730188 16.7
      vertex 31.42404865473509 -0.19299167245626458 17
      vertex 31.368675999343395 -0.18017600327730188 17
    endloop
  endfacet
  facet normal -0.2267332537214087 -0.9739568941472222 0
    outer loop
      vertex 31.42404865473509 -0.19299167245626458 16.7
      vertex 31.479362040758133 -0.20586840659379968 17
      vertex 31.42404865473509 -0.19299167245626458 17
    endloop
  endfacet
  facet normal -0.2292370416013425 -0.9733706276428647 0
    outer loop
      vertex 31.53461616486311 -0.21880620568990716 16.7
      vertex 31.589811019599438 -0.23180506229400644 17
      vertex 31.53461616486311 -0.21880620568990716 17
    endloop
  endfacet
  facet normal -0.22798441788511378 -0.9736647807133552 0
    outer loop
      vertex 31.479362040758133 -0.20586840659379968 16.7
      vertex 31.53461616486311 -0.21880620568990716 17
      vertex 31.479362040758133 -0.20586840659379968 17
    endloop
  endfacet
  facet normal -0.23049118734921847 -0.9730744126501053 0
    outer loop
      vertex 31.589811019599438 -0.23180506229400644 16.7
      vertex 31.644946612417698 -0.2448649764060975 17
      vertex 31.589811019599438 -0.23180506229400644 17
    endloop
  endfacet
  facet normal -0.23174703491525106 -0.9727760851336701 0
    outer loop
      vertex 31.644946612417698 -0.2448649764060975 16.7
      vertex 31.70002293586731 -0.25798595547676095 17
      vertex 31.644946612417698 -0.2448649764060975 17
    endloop
  endfacet
  facet normal -0.22181233874676737 -0.9750893735343901 0
    outer loop
      vertex 31.211141631007195 -0.14434024542570123 16.7
      vertex 31.368675999343395 -0.18017600327730188 16.7
      vertex 31.368675999343395 -0.18017600327730188 17
    endloop
  endfacet
  facet normal 0 0 1
    outer loop
      vertex 31.634216003119946 -0.7829319968819619 16.7
      vertex 31.70022138953209 -0.7996726542711259 16.7
      vertex 31.80969248712063 -0.28474604189395913 16.7
    endloop
  endfacet
  facet normal 0 0 1
    outer loop
      vertex 31.70022138953209 -0.7996726542711259 16.7
      vertex 31.763547264039516 -0.817510610818863 16.7
      vertex 31.863675102591515 -0.2990550234913827 16.7
    endloop
  endfacet
  facet normal 0 0 1
    outer loop
      vertex 31.763547264039516 -0.817510610818863 16.7
      vertex 31.824193634092808 -0.8364458739757539 16.7
      vertex 31.96963069587946 -0.32986579686403283 16.7
    endloop
  endfacet
  facet normal 0 0 1
    outer loop
      vertex 31.882160492241383 -0.8564784511923791 16.7
      vertex 32.02160367369652 -0.3463675886392594 16.7
      vertex 31.824193634092808 -0.8364458739757539 16.7
    endloop
  endfacet
  facet normal 0 0 1
    outer loop
      vertex 31.882160492241383 -0.8564784511923791 16.7
      vertex 32.07290677726269 -0.36360032707452783 16.7
      vertex 32.02160367369652 -0.3463675886392594 16.7
    endloop
  endfacet
  facet normal 0 0 1
    outer loop
      vertex 31.93744783848524 -0.8776083275675775 16.7
      vertex 32.12353999912739 -0.38156399726867685 16.7
      vertex 32.07290677726269 -0.36360032707452783 16.7
    endloop
  endfacet
  facet normal 0 0 1
    outer loop
      vertex 31.93744783848524 -0.8776083275675775 16.7
      vertex 32.173381224274635 -0.40035020411014566 16.7
      vertex 32.12353999912739 -0.38156399726867685 16.7
    endloop
  endfacet
  facet normal 0 0 1
    outer loop
      vertex 31.634216003119946 -0.7829319968819619 16.7
      vertex 31.755039997398853 -0.2711679995059968 16.7
      vertex 31.70002293586731 -0.25798595547676095 16.7
    endloop
  endfacet
  facet normal 0 0 1
    outer loop
      vertex 31.634216003119946 -0.7829319968819619 16.7
      vertex 31.80969248712063 -0.28474604189395913 16.7
      vertex 31.755039997398853 -0.2711679995059968 16.7
    endloop
  endfacet
  facet normal 0 0 1
    outer loop
      vertex 31.763547264039516 -0.817510610818863 16.7
      vertex 31.91698783636093 -0.31409493684768686 16.7
      vertex 31.863675102591515 -0.2990550234913827 16.7
    endloop
  endfacet
  facet normal 0 0 1
    outer loop
      vertex 31.763547264039516 -0.817510610818863 16.7
      vertex 31.96963069587946 -0.32986579686403283 16.7
      vertex 31.91698783636093 -0.31409493684768686 16.7
    endloop
  endfacet
  facet normal 0 0 1
    outer loop
      vertex 31.70022138953209 -0.7996726542711259 16.7
      vertex 31.863675102591515 -0.2990550234913827 16.7
      vertex 31.80969248712063 -0.28474604189395913 16.7
    endloop
  endfacet
  facet normal 0 0 1
    outer loop
      vertex 31.824193634092808 -0.8364458739757539 16.7
      vertex 32.02160367369652 -0.3463675886392594 16.7
      vertex 31.96963069587946 -0.32986579686403283 16.7
    endloop
  endfacet
  facet normal 0 0 1
    outer loop
      vertex 32.03998400270939 -0.9231600001454354 16.7
      vertex 32.31742016226053 -0.4621935546398164 16.7
      vertex 32.2703213095665 -0.4406649827957154 16.7
    endloop
  endfacet
  facet normal 0 0 1
    outer loop
      vertex 32.08703166991472 -0.9479346930980683 16.7
      vertex 32.36360489577055 -0.4846362456679345 16.7
      vertex 32.31742016226053 -0.4621935546398164 16.7
    endloop
  endfacet
  facet normal 0 0 1
    outer loop
      vertex 31.990055672824383 -0.8998355105519296 16.7
      vertex 32.222308330237865 -0.42005053013563165 16.7
      vertex 32.173381224274635 -0.40035020411014566 16.7
    endloop
  endfacet
  facet normal 0 0 1
    outer loop
      vertex 32.03998400270939 -0.9231600001454354 16.7
      vertex 32.2703213095665 -0.4406649827957154 16.7
      vertex 32.222308330237865 -0.42005053013563165 16.7
    endloop
  endfacet
  facet normal 0 0 1
    outer loop
      vertex 32.130972407758236 -0.9745376318693162 16.7
      vertex 32.45323199778795 -0.5322640001773835 16.7
      vertex 32.40887551009655 -0.5079930633306504 16.7
    endloop
  endfacet
  facet normal 0 0 1
    outer loop
      vertex 32.130972407758236 -0.9745376318693162 16.7
      vertex 32.40887551009655 -0.5079930633306504 16.7
      vertex 32.36360489577055 -0.4846362456679345 16.7
    endloop
  endfacet
  facet normal -0.31841712089843344 -0.9479507039497108 0
    outer loop
      vertex 32.02160367369652 -0.3463675886392594 16.7
      vertex 32.07290677726269 -0.36360032707452783 16.7
      vertex 32.07290677726269 -0.36360032707452783 17
    endloop
  endfacet
  facet normal -0.31841712089843344 -0.9479507039497108 0
    outer loop
      vertex 32.02160367369652 -0.3463675886392594 16.7
      vertex 32.07290677726269 -0.36360032707452783 17
      vertex 32.02160367369652 -0.3463675886392594 17
    endloop
  endfacet
  facet normal -0.33436096192172127 -0.9424450897228873 0
    outer loop
      vertex 32.07290677726269 -0.36360032707452783 16.7
      vertex 32.12353999912739 -0.38156399726867685 17
      vertex 32.07290677726269 -0.36360032707452783 17
    endloop
  endfacet
  facet normal -0.4800175925612244 -0.8772588619282944 0
    outer loop
      vertex 32.45323199778795 -0.5322640001773835 16.7
      vertex 32.45323199778795 -0.5322640001773835 17
      vertex 32.40887551009655 -0.5079930633306504 16.7
    endloop
  endfacet
  facet normal -0.5094155028254844 -0.8605206827735513 0
    outer loop
      vertex 32.45323199778795 -0.5322640001773835 16.7
      vertex 32.496321469545364 -0.5577723294496537 16.7
      vertex 32.496321469545364 -0.5577723294496537 17
    endloop
  endfacet
  facet normal -0.4800175925612244 -0.8772588619282944 0
    outer loop
      vertex 32.40887551009655 -0.5079930633306504 16.7
      vertex 32.45323199778795 -0.5322640001773835 17
      vertex 32.40887551009655 -0.5079930633306504 17
    endloop
  endfacet
  facet normal -0.5094155028254844 -0.8605206827735513 0
    outer loop
      vertex 32.45323199778795 -0.5322640001773835 16.7
      vertex 32.496321469545364 -0.5577723294496537 17
      vertex 32.45323199778795 -0.5322640001773835 17
    endloop
  endfacet
  facet normal -0.39452491098612535 -0.9188852456163336 0
    outer loop
      vertex 32.2703213095665 -0.4406649827957154 16.7
      vertex 32.2703213095665 -0.4406649827957154 17
      vertex 32.222308330237865 -0.42005053013563165 16.7
    endloop
  endfacet
  facet normal -0.3526989187165422 -0.9357368608407932 0
    outer loop
      vertex 32.12353999912739 -0.38156399726867685 16.7
      vertex 32.173381224274635 -0.40035020411014566 16.7
      vertex 32.173381224274635 -0.40035020411014566 17
    endloop
  endfacet
  facet normal -0.33436096192172127 -0.9424450897228873 0
    outer loop
      vertex 32.12353999912739 -0.38156399726867685 16.7
      vertex 32.12353999912739 -0.38156399726867685 17
      vertex 32.07290677726269 -0.36360032707452783 16.7
    endloop
  endfacet
  facet normal -0.37350603051450065 -0.9276277514010137 0
    outer loop
      vertex 32.173381224274635 -0.40035020411014566 16.7
      vertex 32.222308330237865 -0.42005053013563165 16.7
      vertex 32.222308330237865 -0.42005053013563165 17
    endloop
  endfacet
  facet normal -0.45850866288538616 -0.8886899380881137 0
    outer loop
      vertex 32.36360489577055 -0.4846362456679345 16.7
      vertex 32.40887551009655 -0.5079930633306504 16.7
      vertex 32.40887551009655 -0.5079930633306504 17
    endloop
  endfacet
  facet normal -0.4370632011712345 -0.8994307967720213 0
    outer loop
      vertex 32.36360489577055 -0.4846362456679345 16.7
      vertex 32.36360489577055 -0.4846362456679345 17
      vertex 32.31742016226053 -0.4621935546398164 16.7
    endloop
  endfacet
  facet normal -0.41572250844650344 -0.9094915040674909 0
    outer loop
      vertex 32.2703213095665 -0.4406649827957154 16.7
      vertex 32.31742016226053 -0.4621935546398164 16.7
      vertex 32.31742016226053 -0.4621935546398164 17
    endloop
  endfacet
  facet normal -0.41572250844650344 -0.9094915040674909 0
    outer loop
      vertex 32.2703213095665 -0.4406649827957154 16.7
      vertex 32.31742016226053 -0.4621935546398164 17
      vertex 32.2703213095665 -0.4406649827957154 17
    endloop
  endfacet
  facet normal -0.3526989187165422 -0.9357368608407932 0
    outer loop
      vertex 32.12353999912739 -0.38156399726867685 16.7
      vertex 32.173381224274635 -0.40035020411014566 17
      vertex 32.12353999912739 -0.38156399726867685 17
    endloop
  endfacet
  facet normal -0.37350603051450065 -0.9276277514010137 0
    outer loop
      vertex 32.173381224274635 -0.40035020411014566 16.7
      vertex 32.222308330237865 -0.42005053013563165 17
      vertex 32.173381224274635 -0.40035020411014566 17
    endloop
  endfacet
  facet normal -0.39452491098612535 -0.9188852456163336 0
    outer loop
      vertex 32.222308330237865 -0.42005053013563165 16.7
      vertex 32.2703213095665 -0.4406649827957154 17
      vertex 32.222308330237865 -0.42005053013563165 17
    endloop
  endfacet
  facet normal -0.45850866288538616 -0.8886899380881137 0
    outer loop
      vertex 32.36360489577055 -0.4846362456679345 16.7
      vertex 32.40887551009655 -0.5079930633306504 17
      vertex 32.36360489577055 -0.4846362456679345 17
    endloop
  endfacet
  facet normal -0.4370632011712345 -0.8994307967720213 0
    outer loop
      vertex 32.31742016226053 -0.4621935546398164 16.7
      vertex 32.36360489577055 -0.4846362456679345 17
      vertex 32.31742016226053 -0.4621935546398164 17
    endloop
  endfacet
  facet normal -0.233004397054014 -0.9724756814201039 0
    outer loop
      vertex 31.70002293586731 -0.25798595547676095 16.7
      vertex 31.755039997398853 -0.2711679995059968 16.7
      vertex 31.755039997398853 -0.2711679995059968 17
    endloop
  endfacet
  facet normal -0.24111341892055166 -0.9704969444652788 0
    outer loop
      vertex 31.755039997398853 -0.2711679995059968 16.7
      vertex 31.80969248712063 -0.28474604189395913 16.7
      vertex 31.80969248712063 -0.28474604189395913 17
    endloop
  endfacet
  facet normal -0.25621827775471634 -0.9666189498165277 0
    outer loop
      vertex 31.80969248712063 -0.28474604189395913 16.7
      vertex 31.863675102591515 -0.2990550234913827 16.7
      vertex 31.863675102591515 -0.2990550234913827 17
    endloop
  endfacet
  facet normal -0.27151013845116545 -0.9624355795159637 0
    outer loop
      vertex 31.863675102591515 -0.2990550234913827 16.7
      vertex 31.91698783636093 -0.31409493684768686 16.7
      vertex 31.91698783636093 -0.31409493684768686 17
    endloop
  endfacet
  facet normal -0.2869806238157236 -0.9579363870082075 0
    outer loop
      vertex 31.96963069587946 -0.32986579686403283 16.7
      vertex 31.96963069587946 -0.32986579686403283 17
      vertex 31.91698783636093 -0.31409493684768686 16.7
    endloop
  endfacet
  facet normal -0.30261967730667166 -0.9531113948048286 0
    outer loop
      vertex 31.96963069587946 -0.32986579686403283 16.7
      vertex 32.02160367369652 -0.3463675886392594 16.7
      vertex 32.02160367369652 -0.3463675886392594 17
    endloop
  endfacet
  facet normal -0.233004397054014 -0.9724756814201039 0
    outer loop
      vertex 31.70002293586731 -0.25798595547676095 16.7
      vertex 31.755039997398853 -0.2711679995059968 17
      vertex 31.70002293586731 -0.25798595547676095 17
    endloop
  endfacet
  facet normal -0.24111341892055166 -0.9704969444652788 0
    outer loop
      vertex 31.755039997398853 -0.2711679995059968 16.7
      vertex 31.80969248712063 -0.28474604189395913 17
      vertex 31.755039997398853 -0.2711679995059968 17
    endloop
  endfacet
  facet normal -0.27151013845116545 -0.9624355795159637 0
    outer loop
      vertex 31.863675102591515 -0.2990550234913827 16.7
      vertex 31.91698783636093 -0.31409493684768686 17
      vertex 31.863675102591515 -0.2990550234913827 17
    endloop
  endfacet
  facet normal -0.25621827775471634 -0.9666189498165277 0
    outer loop
      vertex 31.80969248712063 -0.28474604189395913 16.7
      vertex 31.863675102591515 -0.2990550234913827 17
      vertex 31.80969248712063 -0.28474604189395913 17
    endloop
  endfacet
  facet normal -0.2869806238157236 -0.9579363870082075 0
    outer loop
      vertex 31.91698783636093 -0.31409493684768686 16.7
      vertex 31.96963069587946 -0.32986579686403283 17
      vertex 31.91698783636093 -0.31409493684768686 17
    endloop
  endfacet
  facet normal -0.30261967730667166 -0.9531113948048286 0
    outer loop
      vertex 31.96963069587946 -0.32986579686403283 16.7
      vertex 32.02160367369652 -0.3463675886392594 17
      vertex 31.96963069587946 -0.32986579686403283 17
    endloop
  endfacet
  facet normal 0 0 1
    outer loop
      vertex 32.245066203176975 -1.9028657957911492 16.7
      vertex 32.62768302112818 -2.2438235938549043 16.7
      vertex 32.72983665019274 -2.1365309417247773 16.7
    endloop
  endfacet
  facet normal -0.624674512943719 0.7808852366888026 0
    outer loop
      vertex 32.50695600360632 -2.3404000014066697 16.7
      vertex 32.50695600360632 -2.3404000014066697 17
      vertex 32.62768302112818 -2.2438235938549043 16.7
    endloop
  endfacet
  facet normal -0.624674512943719 0.7808852366888026 0
    outer loop
      vertex 32.62768302112818 -2.2438235938549043 16.7
      vertex 32.50695600360632 -2.3404000014066697 17
      vertex 32.62768302112818 -2.2438235938549043 17
    endloop
  endfacet
  facet normal -0.7242385462628445 0.6895495109903871 0
    outer loop
      vertex 32.62768302112818 -2.2438235938549043 16.7
      vertex 32.62768302112818 -2.2438235938549043 17
      vertex 32.72983665019274 -2.1365309417247773 16.7
    endloop
  endfacet
  facet normal -0.8160551154434758 0.5779740898678206 0
    outer loop
      vertex 32.72983665019274 -2.1365309417247773 16.7
      vertex 32.72983665019274 -2.1365309417247773 17
      vertex 32.81341689825058 -2.0185220375657082 16.7
    endloop
  endfacet
  facet normal -0.7242385462628445 0.6895495109903871 0
    outer loop
      vertex 32.72983665019274 -2.1365309417247773 16.7
      vertex 32.62768302112818 -2.2438235938549043 17
      vertex 32.72983665019274 -2.1365309417247773 17
    endloop
  endfacet
  facet normal 0 0 1
    outer loop
      vertex 32.30014253407717 -1.8306168973445893 16.7
      vertex 32.72983665019274 -2.1365309417247773 16.7
      vertex 32.81341689825058 -2.0185220375657082 16.7
    endloop
  endfacet
  facet normal 0 0 1
    outer loop
      vertex 32.3429796770215 -1.7511214673519135 16.7
      vertex 32.81341689825058 -2.0185220375657082 16.7
      vertex 32.878423757851124 -1.8897968962788583 16.7
    endloop
  endfacet
  facet normal 0 0 1
    outer loop
      vertex 32.3429796770215 -1.7511214673519135 16.7
      vertex 32.878423757851124 -1.8897968962788583 16.7
      vertex 32.37357763200998 -1.6643795132637025 16.7
    endloop
  endfacet
  facet normal 0 0 1
    outer loop
      vertex 32.37357763200998 -1.6643795132637025 16.7
      vertex 32.878423757851124 -1.8897968962788583 16.7
      vertex 32.92485722154379 -1.7503555104136468 16.7
    endloop
  endfacet
  facet normal -0.8926329439485389 0.4507842359463834 0
    outer loop
      vertex 32.81341689825058 -2.0185220375657082 16.7
      vertex 32.81341689825058 -2.0185220375657082 17
      vertex 32.878423757851124 -1.8897968962788583 16.7
    endloop
  endfacet
  facet normal -0.8160551154434758 0.5779740898678206 0
    outer loop
      vertex 32.81341689825058 -2.0185220375657082 16.7
      vertex 32.72983665019274 -2.1365309417247773 17
      vertex 32.81341689825058 -2.0185220375657082 17
    endloop
  endfacet
  facet normal -0.8926329439485389 0.4507842359463834 0
    outer loop
      vertex 32.878423757851124 -1.8897968962788583 16.7
      vertex 32.81341689825058 -2.0185220375657082 17
      vertex 32.878423757851124 -1.8897968962788583 17
    endloop
  endfacet
  facet normal -0.9487791892699639 0.31593994683836674 0
    outer loop
      vertex 32.878423757851124 -1.8897968962788583 16.7
      vertex 32.878423757851124 -1.8897968962788583 17
      vertex 32.92485722154379 -1.7503555104136468 16.7
    endloop
  endfacet
  facet normal -0.9487791892699639 0.31593994683836674 0
    outer loop
      vertex 32.92485722154379 -1.7503555104136468 16.7
      vertex 32.878423757851124 -1.8897968962788583 17
      vertex 32.92485722154379 -1.7503555104136468 17
    endloop
  endfacet
  facet normal 0 0 1
    outer loop
      vertex 32.37357763200998 -1.6643795132637025 16.7
      vertex 32.92485722154379 -1.7503555104136468 16.7
      vertex 32.39193640649319 -1.570391020178795 16.7
    endloop
  endfacet
  facet normal 0 0 1
    outer loop
      vertex 32.39193640649319 -1.570391020178795 16.7
      vertex 32.92485722154379 -1.7503555104136468 16.7
      vertex 32.952717304229736 -1.6001978799700738 16.7
    endloop
  endfacet
  facet normal 0 0 1
    outer loop
      vertex 32.39193640649319 -1.570391020178795 16.7
      vertex 32.952717304229736 -1.6001978799700738 16.7
      vertex 32.398056000471115 -1.4691560029983521 16.7
    endloop
  endfacet
  facet normal 0 0 1
    outer loop
      vertex 32.398056000471115 -1.4691560029983521 16.7
      vertex 32.962003998458385 -1.4393239974975587 16.7
      vertex 32.396137960255146 -1.4119173869490624 16.7
    endloop
  endfacet
  facet normal 0 0 1
    outer loop
      vertex 32.952717304229736 -1.6001978799700738 16.7
      vertex 32.962003998458385 -1.4393239974975587 16.7
      vertex 32.398056000471115 -1.4691560029983521 16.7
    endloop
  endfacet
  facet normal 0 0 1
    outer loop
      vertex 32.396137960255146 -1.4119173869490624 16.7
      vertex 32.962003998458385 -1.4393239974975587 16.7
      vertex 32.96069477498531 -1.374894528090954 16.7
    endloop
  endfacet
  facet normal -0.9832196780029082 0.18242550476251249 0
    outer loop
      vertex 32.92485722154379 -1.7503555104136468 16.7
      vertex 32.92485722154379 -1.7503555104136468 17
      vertex 32.952717304229736 -1.6001978799700738 16.7
    endloop
  endfacet
  facet normal -0.9832196780029082 0.18242550476251249 0
    outer loop
      vertex 32.952717304229736 -1.6001978799700738 16.7
      vertex 32.92485722154379 -1.7503555104136468 17
      vertex 32.952717304229736 -1.6001978799700738 17
    endloop
  endfacet
  facet normal -0.998337975399413 0.05763060710595436 0
    outer loop
      vertex 32.952717304229736 -1.6001978799700738 16.7
      vertex 32.952717304229736 -1.6001978799700738 17
      vertex 32.962003998458385 -1.4393239974975587 16.7
    endloop
  endfacet
  facet normal -0.9997936074617455 -0.02031606454580114 0
    outer loop
      vertex 32.962003998458385 -1.4393239974975587 16.7
      vertex 32.962003998458385 -1.4393239974975587 17
      vertex 32.96069477498531 -1.374894528090954 16.7
    endloop
  endfacet
  facet normal -0.998337975399413 0.05763060710595436 0
    outer loop
      vertex 32.962003998458385 -1.4393239974975587 16.7
      vertex 32.952717304229736 -1.6001978799700738 17
      vertex 32.962003998458385 -1.4393239974975587 17
    endloop
  endfacet
  facet normal -0.9997936074617455 -0.02031606454580114 0
    outer loop
      vertex 32.96069477498531 -1.374894528090954 16.7
      vertex 32.962003998458385 -1.4393239974975587 17
      vertex 32.96069477498531 -1.374894528090954 17
    endloop
  endfacet
  facet normal 0 0 1
    outer loop
      vertex 33.744015999138355 -2.6 16.7
      vertex 34.313904002308846 -2.1345240011811257 16.7
      vertex 34.313904002308846 -0.6694999992847444 16.7
    endloop
  endfacet
  facet normal 0 1 0
    outer loop
      vertex 33.744015999138355 -2.6 16.7
      vertex 33.744015999138355 -2.6 17
      vertex 37.05594000220299 -2.6 16.7
    endloop
  endfacet
  facet normal 0 0 1
    outer loop
      vertex 33.744015999138355 -2.6 16.7
      vertex 37.05594000220299 -2.6 16.7
      vertex 34.313904002308846 -2.1345240011811257 16.7
    endloop
  endfacet
  facet normal 0 -1 0
    outer loop
      vertex 34.313904002308846 -2.1345240011811257 16.7
      vertex 37.05594000220299 -2.1345240011811257 17
      vertex 34.313904002308846 -2.1345240011811257 17
    endloop
  endfacet
  facet normal -1 0 0
    outer loop
      vertex 34.313904002308846 -2.1345240011811257 16.7
      vertex 34.313904002308846 -2.1345240011811257 17
      vertex 34.313904002308846 -0.6694999992847444 16.7
    endloop
  endfacet
  facet normal 0 0 1
    outer loop
      vertex 32.396137960255146 -1.4119173869490624 16.7
      vertex 32.9567671045661 -1.3129021212458611 16.7
      vertex 32.39038383960724 -1.357844977080822 16.7
    endloop
  endfacet
  facet normal 0 0 1
    outer loop
      vertex 32.39038383960724 -1.357844977080822 16.7
      vertex 32.950220979750156 -1.2533467769622804 16.7
      vertex 32.38079363107681 -1.306938773393631 16.7
    endloop
  endfacet
  facet normal 0 0 1
    outer loop
      vertex 32.36736734956503 -1.2591987758874894 16.7
      vertex 32.38079363107681 -1.306938773393631 16.7
      vertex 32.92927338927984 -1.1415472686290742 16.7
    endloop
  endfacet
  facet normal 0 0 1
    outer loop
      vertex 32.396137960255146 -1.4119173869490624 16.7
      vertex 32.96069477498531 -1.374894528090954 16.7
      vertex 32.9567671045661 -1.3129021212458611 16.7
    endloop
  endfacet
  facet normal 0 0 1
    outer loop
      vertex 32.39038383960724 -1.357844977080822 16.7
      vertex 32.9567671045661 -1.3129021212458611 16.7
      vertex 32.950220979750156 -1.2533467769622804 16.7
    endloop
  endfacet
  facet normal 0 0 1
    outer loop
      vertex 32.38079363107681 -1.306938773393631 16.7
      vertex 32.950220979750156 -1.2533467769622804 16.7
      vertex 32.94105640798807 -1.196228487789631 16.7
    endloop
  endfacet
  facet normal 0 0 1
    outer loop
      vertex 32.38079363107681 -1.306938773393631 16.7
      vertex 32.94105640798807 -1.196228487789631 16.7
      vertex 32.92927338927984 -1.1415472686290742 16.7
    endloop
  endfacet
  facet normal 0 0 1
    outer loop
      vertex 32.36736734956503 -1.2591987758874894 16.7
      vertex 32.89785200357437 -1.0394960030913354 16.7
      vertex 32.35010498017073 -1.2146249771118165 16.7
    endloop
  endfacet
  facet normal 0 0 1
    outer loop
      vertex 32.35010498017073 -1.2146249771118165 16.7
      vertex 32.85717444866896 -0.9459717556834222 16.7
      vertex 32.329006530344486 -1.173217384517193 16.7
    endloop
  endfacet
  facet normal 0 0 1
    outer loop
      vertex 32.35010498017073 -1.2146249771118165 16.7
      vertex 32.878518037498 -0.9918206542730332 16.7
      vertex 32.85717444866896 -0.9459717556834222 16.7
    endloop
  endfacet
  facet normal 0 0 1
    outer loop
      vertex 32.36736734956503 -1.2591987758874894 16.7
      vertex 32.92927338927984 -1.1415472686290742 16.7
      vertex 32.91487191617489 -1.0893031045794488 16.7
    endloop
  endfacet
  facet normal 0 0 1
    outer loop
      vertex 32.36736734956503 -1.2591987758874894 16.7
      vertex 32.91487191617489 -1.0893031045794488 16.7
      vertex 32.89785200357437 -1.0394960030913354 16.7
    endloop
  endfacet
  facet normal 0 0 1
    outer loop
      vertex 32.35010498017073 -1.2146249771118165 16.7
      vertex 32.89785200357437 -1.0394960030913354 16.7
      vertex 32.878518037498 -0.9918206542730332 16.7
    endloop
  endfacet
  facet normal -0.9462765699466258 -0.3233583974014724 0
    outer loop
      vertex 32.89785200357437 -1.0394960030913354 16.7
      vertex 32.91487191617489 -1.0893031045794488 17
      vertex 32.89785200357437 -1.0394960030913354 17
    endloop
  endfacet
  facet normal -0.9979989497600357 -0.06323050116728238 0
    outer loop
      vertex 32.96069477498531 -1.374894528090954 16.7
      vertex 32.96069477498531 -1.374894528090954 17
      vertex 32.9567671045661 -1.3129021212458611 16.7
    endloop
  endfacet
  facet normal -0.994013355619757 -0.10925863283764237 0
    outer loop
      vertex 32.9567671045661 -1.3129021212458611 16.7
      vertex 32.9567671045661 -1.3129021212458611 17
      vertex 32.950220979750156 -1.2533467769622804 16.7
    endloop
  endfacet
  facet normal -0.9873713767647018 -0.15842273935826667 0
    outer loop
      vertex 32.950220979750156 -1.2533467769622804 16.7
      vertex 32.950220979750156 -1.2533467769622804 17
      vertex 32.94105640798807 -1.196228487789631 16.7
    endloop
  endfacet
  facet normal -0.9979989497600357 -0.06323050116728238 0
    outer loop
      vertex 32.9567671045661 -1.3129021212458611 16.7
      vertex 32.96069477498531 -1.374894528090954 17
      vertex 32.9567671045661 -1.3129021212458611 17
    endloop
  endfacet
  facet normal -0.994013355619757 -0.10925863283764237 0
    outer loop
      vertex 32.950220979750156 -1.2533467769622804 16.7
      vertex 32.9567671045661 -1.3129021212458611 17
      vertex 32.950220979750156 -1.2533467769622804 17
    endloop
  endfacet
  facet normal -0.9873713767647018 -0.15842273935826667 0
    outer loop
      vertex 32.94105640798807 -1.196228487789631 16.7
      vertex 32.950220979750156 -1.2533467769622804 17
      vertex 32.94105640798807 -1.196228487789631 17
    endloop
  endfacet
  facet normal -0.9775614443119319 -0.21065047494551198 0
    outer loop
      vertex 32.94105640798807 -1.196228487789631 16.7
      vertex 32.94105640798807 -1.196228487789631 17
      vertex 32.92927338927984 -1.1415472686290742 16.7
    endloop
  endfacet
  facet normal -0.9640432637123514 -0.26574533992308813 0
    outer loop
      vertex 32.92927338927984 -1.1415472686290742 16.7
      vertex 32.92927338927984 -1.1415472686290742 17
      vertex 32.91487191617489 -1.0893031045794488 16.7
    endloop
  endfacet
  facet normal -0.9462765699466258 -0.3233583974014724 0
    outer loop
      vertex 32.91487191617489 -1.0893031045794488 16.7
      vertex 32.91487191617489 -1.0893031045794488 17
      vertex 32.89785200357437 -1.0394960030913354 16.7
    endloop
  endfacet
  facet normal -0.9775614443119319 -0.21065047494551198 0
    outer loop
      vertex 32.92927338927984 -1.1415472686290742 16.7
      vertex 32.94105640798807 -1.196228487789631 17
      vertex 32.92927338927984 -1.1415472686290742 17
    endloop
  endfacet
  facet normal -0.9640432637123514 -0.26574533992308813 0
    outer loop
      vertex 32.91487191617489 -1.0893031045794488 16.7
      vertex 32.92927338927984 -1.1415472686290742 17
      vertex 32.91487191617489 -1.0893031045794488 17
    endloop
  endfacet
  facet normal 0 0 1
    outer loop
      vertex 32.329006530344486 -1.173217384517193 16.7
      vertex 32.85717444866896 -0.9459717556834222 16.7
      vertex 32.83382122218609 -0.9019493073225022 16.7
    endloop
  endfacet
  facet normal 0 0 1
    outer loop
      vertex 32.329006530344486 -1.173217384517193 16.7
      vertex 32.80845836549997 -0.8597533091902734 16.7
      vertex 32.78108587861061 -0.819383753836155 16.7
    endloop
  endfacet
  facet normal 0 0 1
    outer loop
      vertex 32.329006530344486 -1.173217384517193 16.7
      vertex 32.83382122218609 -0.9019493073225022 16.7
      vertex 32.80845836549997 -0.8597533091902734 16.7
    endloop
  endfacet
  facet normal 0 0 1
    outer loop
      vertex 32.30407200008631 -1.1349759981036187 16.7
      vertex 32.75170375406742 -0.7808406561613084 16.7
      vertex 32.720311999320984 -0.7441240012645722 16.7
    endloop
  endfacet
  facet normal 0 0 1
    outer loop
      vertex 32.30407200008631 -1.1349759981036187 16.7
      vertex 32.78108587861061 -0.819383753836155 16.7
      vertex 32.75170375406742 -0.7808406561613084 16.7
    endloop
  endfacet
  facet normal 0 0 1
    outer loop
      vertex 32.27566596120596 -1.0992318376898766 16.7
      vertex 32.687092900276184 -0.7091009005904199 16.7
      vertex 32.652228735387325 -0.6756635889410973 16.7
    endloop
  endfacet
  facet normal 0 0 1
    outer loop
      vertex 32.27566596120596 -1.0992318376898766 16.7
      vertex 32.720311999320984 -0.7441240012645722 16.7
      vertex 32.687092900276184 -0.7091009005904199 16.7
    endloop
  endfacet
  facet normal 0 0 1
    outer loop
      vertex 32.24415297806263 -1.065315915644169 16.7
      vertex 32.652228735387325 -0.6756635889410973 16.7
      vertex 32.61571951210499 -0.6438120812177659 16.7
    endloop
  endfacet
  facet normal -0.9266978302463778 -0.3758073062310731 0
    outer loop
      vertex 32.89785200357437 -1.0394960030913354 16.7
      vertex 32.89785200357437 -1.0394960030913354 17
      vertex 32.878518037498 -0.9918206542730332 16.7
    endloop
  endfacet
  facet normal -0.9065810319102319 -0.4220317909596137 0
    outer loop
      vertex 32.878518037498 -0.9918206542730332 16.7
      vertex 32.878518037498 -0.9918206542730332 17
      vertex 32.85717444866896 -0.9459717556834222 16.7
    endloop
  endfacet
  facet normal -0.8833957405947476 -0.4686277472568794 0
    outer loop
      vertex 32.85717444866896 -0.9459717556834222 16.7
      vertex 32.85717444866896 -0.9459717556834222 17
      vertex 32.83382122218609 -0.9019493073225022 16.7
    endloop
  endfacet
  facet normal -0.8570870951684757 -0.5151715357972181 0
    outer loop
      vertex 32.83382122218609 -0.9019493073225022 16.7
      vertex 32.83382122218609 -0.9019493073225022 17
      vertex 32.80845836549997 -0.8597533091902734 16.7
    endloop
  endfacet
  facet normal -0.9266978302463778 -0.3758073062310731 0
    outer loop
      vertex 32.878518037498 -0.9918206542730332 16.7
      vertex 32.89785200357437 -1.0394960030913354 17
      vertex 32.878518037498 -0.9918206542730332 17
    endloop
  endfacet
  facet normal -0.9065810319102319 -0.4220317909596137 0
    outer loop
      vertex 32.85717444866896 -0.9459717556834222 16.7
      vertex 32.878518037498 -0.9918206542730332 17
      vertex 32.85717444866896 -0.9459717556834222 17
    endloop
  endfacet
  facet normal -0.8833957405947476 -0.4686277472568794 0
    outer loop
      vertex 32.83382122218609 -0.9019493073225022 16.7
      vertex 32.85717444866896 -0.9459717556834222 17
      vertex 32.83382122218609 -0.9019493073225022 17
    endloop
  endfacet
  facet normal -0.8570870951684757 -0.5151715357972181 0
    outer loop
      vertex 32.80845836549997 -0.8597533091902734 16.7
      vertex 32.83382122218609 -0.9019493073225022 17
      vertex 32.80845836549997 -0.8597533091902734 17
    endloop
  endfacet
  facet normal -0.6921839312785854 -0.7217211409399912 0
    outer loop
      vertex 32.687092900276184 -0.7091009005904199 16.7
      vertex 32.687092900276184 -0.7091009005904199 17
      vertex 32.652228735387325 -0.6756635889410973 16.7
    endloop
  endfacet
  facet normal -0.8276771015934868 -0.5612046110803125 0
    outer loop
      vertex 32.78108587861061 -0.819383753836155 16.7
      vertex 32.80845836549997 -0.8597533091902734 16.7
      vertex 32.80845836549997 -0.8597533091902734 17
    endloop
  endfacet
  facet normal -0.7952729953547901 -0.6062514848306929 0
    outer loop
      vertex 32.78108587861061 -0.819383753836155 16.7
      vertex 32.78108587861061 -0.819383753836155 17
      vertex 32.75170375406742 -0.7808406561613084 16.7
    endloop
  endfacet
  facet normal -0.7600708653507097 -0.6498401954673343 0
    outer loop
      vertex 32.75170375406742 -0.7808406561613084 16.7
      vertex 32.75170375406742 -0.7808406561613084 17
      vertex 32.720311999320984 -0.7441240012645722 16.7
    endloop
  endfacet
  facet normal -0.7255458764833402 -0.688173801534192 0
    outer loop
      vertex 32.687092900276184 -0.7091009005904199 16.7
      vertex 32.720311999320984 -0.7441240012645722 16.7
      vertex 32.720311999320984 -0.7441240012645722 17
    endloop
  endfacet
  facet normal -0.7255458764833402 -0.688173801534192 0
    outer loop
      vertex 32.687092900276184 -0.7091009005904199 16.7
      vertex 32.720311999320984 -0.7441240012645722 17
      vertex 32.687092900276184 -0.7091009005904199 17
    endloop
  endfacet
  facet normal -0.8276771015934868 -0.5612046110803125 0
    outer loop
      vertex 32.78108587861061 -0.819383753836155 16.7
      vertex 32.80845836549997 -0.8597533091902734 17
      vertex 32.78108587861061 -0.819383753836155 17
    endloop
  endfacet
  facet normal -0.7952729953547901 -0.6062514848306929 0
    outer loop
      vertex 32.75170375406742 -0.7808406561613084 16.7
      vertex 32.78108587861061 -0.819383753836155 17
      vertex 32.75170375406742 -0.7808406561613084 17
    endloop
  endfacet
  facet normal -0.7600708653507097 -0.6498401954673343 0
    outer loop
      vertex 32.720311999320984 -0.7441240012645722 16.7
      vertex 32.75170375406742 -0.7808406561613084 17
      vertex 32.720311999320984 -0.7441240012645722 17
    endloop
  endfacet
  facet normal 0 0 1
    outer loop
      vertex 33.744015999138355 -2.6 16.7
      vertex 34.313904002308846 -0.6694999992847444 16.7
      vertex 34.313904002308846 -0.21000800132751474 16.7
    endloop
  endfacet
  facet normal 1 0 0
    outer loop
      vertex 33.744015999138355 -2.6 16.7
      vertex 33.744015999138355 1.6041120007634162 17
      vertex 33.744015999138355 -2.6 17
    endloop
  endfacet
  facet normal -0.5846321441840293 -0.811298499928839 0
    outer loop
      vertex 32.57756522297859 -0.6135463699698449 16.7
      vertex 32.57756522297859 -0.6135463699698449 17
      vertex 32.53776587545872 -0.5848664477467538 16.7
    endloop
  endfacet
  facet normal -0.6574043389982459 -0.7535380116930263 0
    outer loop
      vertex 32.652228735387325 -0.6756635889410973 16.7
      vertex 32.652228735387325 -0.6756635889410973 17
      vertex 32.61571951210499 -0.6438120812177659 16.7
    endloop
  endfacet
  facet normal -0.6214629387164838 -0.7834435626143543 0
    outer loop
      vertex 32.57756522297859 -0.6135463699698449 16.7
      vertex 32.61571951210499 -0.6438120812177659 16.7
      vertex 32.61571951210499 -0.6438120812177659 17
    endloop
  endfacet
  facet normal -0.5471906899772165 -0.8370079741569117 0
    outer loop
      vertex 32.53776587545872 -0.5848664477467538 16.7
      vertex 32.53776587545872 -0.5848664477467538 17
      vertex 32.496321469545364 -0.5577723294496537 16.7
    endloop
  endfacet
  facet normal -0.6214629387164838 -0.7834435626143543 0
    outer loop
      vertex 32.57756522297859 -0.6135463699698449 16.7
      vertex 32.61571951210499 -0.6438120812177659 17
      vertex 32.57756522297859 -0.6135463699698449 17
    endloop
  endfacet
  facet normal -0.6574043389982459 -0.7535380116930263 0
    outer loop
      vertex 32.61571951210499 -0.6438120812177659 16.7
      vertex 32.652228735387325 -0.6756635889410973 17
      vertex 32.61571951210499 -0.6438120812177659 17
    endloop
  endfacet
  facet normal -0.6921839312785854 -0.7217211409399912 0
    outer loop
      vertex 32.652228735387325 -0.6756635889410973 16.7
      vertex 32.687092900276184 -0.7091009005904199 17
      vertex 32.652228735387325 -0.6756635889410973 17
    endloop
  endfacet
  facet normal -0.5471906899772165 -0.8370079741569117 0
    outer loop
      vertex 32.496321469545364 -0.5577723294496537 16.7
      vertex 32.53776587545872 -0.5848664477467538 17
      vertex 32.496321469545364 -0.5577723294496537 17
    endloop
  endfacet
  facet normal -0.5846321441840293 -0.811298499928839 0
    outer loop
      vertex 32.53776587545872 -0.5848664477467538 16.7
      vertex 32.57756522297859 -0.6135463699698449 17
      vertex 32.53776587545872 -0.5848664477467538 17
    endloop
  endfacet
  facet normal 0 0 1
    outer loop
      vertex 33.744015999138355 -2.6 16.7
      vertex 34.313904002308846 -0.21000800132751474 16.7
      vertex 33.744015999138355 1.6041120007634162 16.7
    endloop
  endfacet
  facet normal -1 0 0
    outer loop
      vertex 34.313904002308846 -0.6694999992847444 16.7
      vertex 34.313904002308846 -2.1345240011811257 17
      vertex 34.313904002308846 -0.6694999992847444 17
    endloop
  endfacet
  facet normal 0 0 1
    outer loop
      vertex 34.313904002308846 -0.6694999992847444 16.7
      vertex 36.75458399951458 -0.21000800132751474 16.7
      vertex 34.313904002308846 -0.21000800132751474 16.7
    endloop
  endfacet
  facet normal 0 1 0
    outer loop
      vertex 34.313904002308846 -0.6694999992847444 16.7
      vertex 34.313904002308846 -0.6694999992847444 17
      vertex 36.75458399951458 -0.6694999992847444 16.7
    endloop
  endfacet
  facet normal 0 -1 0
    outer loop
      vertex 34.313904002308846 -0.21000800132751474 16.7
      vertex 36.75458399951458 -0.21000800132751474 17
      vertex 34.313904002308846 -0.21000800132751474 17
    endloop
  endfacet
  facet normal 0 1 0
    outer loop
      vertex 37.05594000220299 -2.6 16.7
      vertex 33.744015999138355 -2.6 17
      vertex 37.05594000220299 -2.6 17
    endloop
  endfacet
  facet normal 0 0 1
    outer loop
      vertex 34.313904002308846 -2.1345240011811257 16.7
      vertex 37.05594000220299 -2.6 16.7
      vertex 37.05594000220299 -2.1345240011811257 16.7
    endloop
  endfacet
  facet normal 0 -1 0
    outer loop
      vertex 34.313904002308846 -2.1345240011811257 16.7
      vertex 37.05594000220299 -2.1345240011811257 16.7
      vertex 37.05594000220299 -2.1345240011811257 17
    endloop
  endfacet
  facet normal -1 0 0
    outer loop
      vertex 37.05594000220299 -2.6 16.7
      vertex 37.05594000220299 -2.6 17
      vertex 37.05594000220299 -2.1345240011811257 16.7
    endloop
  endfacet
  facet normal -1 0 0
    outer loop
      vertex 37.05594000220299 -2.1345240011811257 16.7
      vertex 37.05594000220299 -2.6 17
      vertex 37.05594000220299 -2.1345240011811257 17
    endloop
  endfacet
  facet normal 0 0 1
    outer loop
      vertex 34.313904002308846 -0.6694999992847444 16.7
      vertex 36.75458399951458 -0.6694999992847444 16.7
      vertex 36.75458399951458 -0.21000800132751474 16.7
    endloop
  endfacet
  facet normal 0 1 0
    outer loop
      vertex 36.75458399951458 -0.6694999992847444 16.7
      vertex 34.313904002308846 -0.6694999992847444 17
      vertex 36.75458399951458 -0.6694999992847444 17
    endloop
  endfacet
  facet normal 0 -1 0
    outer loop
      vertex 34.313904002308846 -0.21000800132751474 16.7
      vertex 36.75458399951458 -0.21000800132751474 16.7
      vertex 36.75458399951458 -0.21000800132751474 17
    endloop
  endfacet
  facet normal -1 0 0
    outer loop
      vertex 36.75458399951458 -0.6694999992847444 16.7
      vertex 36.75458399951458 -0.6694999992847444 17
      vertex 36.75458399951458 -0.21000800132751474 16.7
    endloop
  endfacet
  facet normal -1 0 0
    outer loop
      vertex 36.75458399951458 -0.21000800132751474 16.7
      vertex 36.75458399951458 -0.6694999992847444 17
      vertex 36.75458399951458 -0.21000800132751474 17
    endloop
  endfacet
  facet normal -0.4855521033610659 0.8742077298455126 0
    outer loop
      vertex 26.07323918491602 1.0571013033390044 16.7
      vertex 25.927210368216038 0.9759940370917319 17
      vertex 26.07323918491602 1.0571013033390044 17
    endloop
  endfacet
  facet normal 0 0 1
    outer loop
      vertex 26.07323918491602 1.0571013033390044 16.7
      vertex 26.23266375809908 1.1201847359538077 16.7
      vertex 26.026778772473335 1.5623613908886909 16.7
    endloop
  endfacet
  facet normal 0 0 1
    outer loop
      vertex 26.23266375809908 1.1201847359538077 16.7
      vertex 26.405484080314636 1.1652443274855613 16.7
      vertex 26.263962119817734 1.620365062355995 16.7
    endloop
  endfacet
  facet normal 0 0 1
    outer loop
      vertex 26.405484080314636 1.1652443274855613 16.7
      vertex 26.591700166463852 1.192280077934265 16.7
      vertex 26.518806532025337 1.6551672682166099 16.7
    endloop
  endfacet
  facet normal 0 0 1
    outer loop
      vertex 26.591700166463852 1.192280077934265 16.7
      vertex 26.791312001645565 1.2012920022010802 16.7
      vertex 26.791312001645565 1.6667680010199546 16.7
    endloop
  endfacet
  facet normal -0.3679368705981789 0.9298507725728999 0
    outer loop
      vertex 26.07323918491602 1.0571013033390044 16.7
      vertex 26.07323918491602 1.0571013033390044 17
      vertex 26.23266375809908 1.1201847359538077 16.7
    endloop
  endfacet
  facet normal -0.2522962304052224 0.9676500463097777 0
    outer loop
      vertex 26.23266375809908 1.1201847359538077 16.7
      vertex 26.23266375809908 1.1201847359538077 17
      vertex 26.405484080314636 1.1652443274855613 16.7
    endloop
  endfacet
  facet normal -0.3679368705981789 0.9298507725728999 0
    outer loop
      vertex 26.23266375809908 1.1201847359538077 16.7
      vertex 26.07323918491602 1.0571013033390044 17
      vertex 26.23266375809908 1.1201847359538077 17
    endloop
  endfacet
  facet normal -0.2522962304052224 0.9676500463097777 0
    outer loop
      vertex 26.405484080314636 1.1652443274855613 16.7
      vertex 26.23266375809908 1.1201847359538077 17
      vertex 26.405484080314636 1.1652443274855613 17
    endloop
  endfacet
  facet normal -0.14367845197426668 0.9896244249402287 0
    outer loop
      vertex 26.405484080314636 1.1652443274855613 16.7
      vertex 26.405484080314636 1.1652443274855613 17
      vertex 26.591700166463852 1.192280077934265 16.7
    endloop
  endfacet
  facet normal -0.04510130319230949 0.9989824184891121 0
    outer loop
      vertex 26.591700166463852 1.192280077934265 16.7
      vertex 26.591700166463852 1.192280077934265 17
      vertex 26.791312001645565 1.2012920022010802 16.7
    endloop
  endfacet
  facet normal -0.14367845197426668 0.9896244249402287 0
    outer loop
      vertex 26.591700166463852 1.192280077934265 16.7
      vertex 26.405484080314636 1.1652443274855613 17
      vertex 26.591700166463852 1.192280077934265 17
    endloop
  endfacet
  facet normal -0.04510130319230949 0.9989824184891121 0
    outer loop
      vertex 26.791312001645565 1.2012920022010802 16.7
      vertex 26.591700166463852 1.192280077934265 17
      vertex 26.791312001645565 1.2012920022010802 17
    endloop
  endfacet
  facet normal 0.49284463697582775 0.870117327608274 0
    outer loop
      vertex 27.649132408201694 0.9729409828782081 16.7
      vertex 27.503997057676315 1.0551473438739776 16.7
      vertex 27.503997057676315 1.0551473438739776 17
    endloop
  endfacet
  facet normal 0.49284463697582775 0.870117327608274 0
    outer loop
      vertex 27.649132408201694 0.9729409828782081 16.7
      vertex 27.503997057676315 1.0551473438739776 17
      vertex 27.649132408201694 0.9729409828782081 17
    endloop
  endfacet
  facet normal 0 0 1
    outer loop
      vertex 26.791312001645565 1.2012920022010802 16.7
      vertex 26.989304818212986 1.1921579554677009 16.7
      vertex 26.97112024575472 1.661561632156372 16.7
    endloop
  endfacet
  facet normal 0 0 1
    outer loop
      vertex 26.989304818212986 1.1921579554677009 16.7
      vertex 27.17408326268196 1.1647558376193046 16.7
      vertex 27.143987268209457 1.6459425330162047 16.7
    endloop
  endfacet
  facet normal 0 0 1
    outer loop
      vertex 27.34564734995365 1.1190856337547301 16.7
      vertex 27.3099130615592 1.6199106961488723 16.7
      vertex 27.17408326268196 1.1647558376193046 16.7
    endloop
  endfacet
  facet normal 0 0 1
    outer loop
      vertex 27.34564734995365 1.1190856337547301 16.7
      vertex 27.503997057676315 1.0551473438739776 16.7
      vertex 27.62094098329544 1.5366088166832923 16.7
    endloop
  endfacet
  facet normal 0.046084209017201345 0.9989375584486043 0
    outer loop
      vertex 26.791312001645565 1.2012920022010802 16.7
      vertex 26.791312001645565 1.2012920022010802 17
      vertex 26.989304818212986 1.1921579554677009 16.7
    endloop
  endfacet
  facet normal 0.14669289010782022 0.9891820843463629 0
    outer loop
      vertex 26.989304818212986 1.1921579554677009 16.7
      vertex 26.989304818212986 1.1921579554677009 17
      vertex 27.17408326268196 1.1647558376193046 16.7
    endloop
  endfacet
  facet normal 0.046084209017201345 0.9989375584486043 0
    outer loop
      vertex 26.989304818212986 1.1921579554677009 16.7
      vertex 26.791312001645565 1.2012920022010802 17
      vertex 26.989304818212986 1.1921579554677009 17
    endloop
  endfacet
  facet normal 0.14669289010782022 0.9891820843463629 0
    outer loop
      vertex 27.17408326268196 1.1647558376193046 16.7
      vertex 26.989304818212986 1.1921579554677009 17
      vertex 27.17408326268196 1.1647558376193046 17
    endloop
  endfacet
  facet normal 0.37440952757662327 0.9272634499751674 0
    outer loop
      vertex 27.34564734995365 1.1190856337547301 16.7
      vertex 27.34564734995365 1.1190856337547301 17
      vertex 27.503997057676315 1.0551473438739776 16.7
    endloop
  endfacet
  facet normal 0.257240782079805 0.9663473392290012 0
    outer loop
      vertex 27.34564734995365 1.1190856337547301 16.7
      vertex 27.17408326268196 1.1647558376193046 16.7
      vertex 27.17408326268196 1.1647558376193046 17
    endloop
  endfacet
  facet normal 0.257240782079805 0.9663473392290012 0
    outer loop
      vertex 27.34564734995365 1.1190856337547301 16.7
      vertex 27.17408326268196 1.1647558376193046 17
      vertex 27.34564734995365 1.1190856337547301 17
    endloop
  endfacet
  facet normal 0.37440952757662327 0.9272634499751674 0
    outer loop
      vertex 27.503997057676315 1.0551473438739776 16.7
      vertex 27.34564734995365 1.1190856337547301 17
      vertex 27.503997057676315 1.0551473438739776 17
    endloop
  endfacet
  facet normal 0 0 1
    outer loop
      vertex 28.260079592466354 -0.05766294002532968 16.7
      vertex 28.792601712048054 0.2209773898124694 16.7
      vertex 28.2200440838933 0.1321351021528243 16.7
    endloop
  endfacet
  facet normal 0 0 1
    outer loop
      vertex 28.2200440838933 0.1321351021528243 16.7
      vertex 28.7468354254961 0.37789306193590155 16.7
      vertex 28.16399436444044 0.3081728160381316 16.7
    endloop
  endfacet
  facet normal 0.9784686192714711 0.20639564215598347 0
    outer loop
      vertex 28.260079592466354 -0.05766294002532968 16.7
      vertex 28.2200440838933 0.1321351021528243 16.7
      vertex 28.2200440838933 0.1321351021528243 17
    endloop
  endfacet
  facet normal 0.9784686192714711 0.20639564215598347 0
    outer loop
      vertex 28.260079592466354 -0.05766294002532968 16.7
      vertex 28.2200440838933 0.1321351021528243 17
      vertex 28.260079592466354 -0.05766294002532968 17
    endloop
  endfacet
  facet normal 0.9528667708325923 0.3033890522795247 0
    outer loop
      vertex 28.2200440838933 0.1321351021528243 16.7
      vertex 28.16399436444044 0.3081728160381316 16.7
      vertex 28.16399436444044 0.3081728160381316 17
    endloop
  endfacet
  facet normal 0.9528667708325923 0.3033890522795247 0
    outer loop
      vertex 28.2200440838933 0.1321351021528243 16.7
      vertex 28.16399436444044 0.3081728160381316 17
      vertex 28.2200440838933 0.1321351021528243 17
    endloop
  endfacet
  facet normal 0 0 1
    outer loop
      vertex 28.16399436444044 0.3081728160381316 16.7
      vertex 28.624792002141476 0.6701679989695548 16.7
      vertex 28.09193044900894 0.47045020163059226 16.7
    endloop
  endfacet
  facet normal 0 0 1
    outer loop
      vertex 28.00385233014822 0.6189672663807868 16.7
      vertex 28.09193044900894 0.47045020163059226 16.7
      vertex 28.549075186252594 0.8044128954410552 16.7
    endloop
  endfacet
  facet normal 0 0 1
    outer loop
      vertex 28.09193044900894 0.47045020163059226 16.7
      vertex 28.624792002141476 0.6701679989695548 16.7
      vertex 28.549075186252594 0.8044128954410552 16.7
    endloop
  endfacet
  facet normal 0.7913926094669337 0.6113082182345639 0
    outer loop
      vertex 28.00385233014822 0.6189672663807868 16.7
      vertex 27.899760000407696 0.7537240028381347 17
      vertex 28.00385233014822 0.6189672663807868 17
    endloop
  endfacet
  facet normal 0.9139355951305185 0.4058592464801377 0
    outer loop
      vertex 28.16399436444044 0.3081728160381316 16.7
      vertex 28.09193044900894 0.47045020163059226 16.7
      vertex 28.09193044900894 0.47045020163059226 17
    endloop
  endfacet
  facet normal 0.9139355951305185 0.4058592464801377 0
    outer loop
      vertex 28.16399436444044 0.3081728160381316 16.7
      vertex 28.09193044900894 0.47045020163059226 17
      vertex 28.16399436444044 0.3081728160381316 17
    endloop
  endfacet
  facet normal 0.8601187496026149 0.5100938507588914 0
    outer loop
      vertex 28.00385233014822 0.6189672663807868 16.7
      vertex 28.00385233014822 0.6189672663807868 17
      vertex 28.09193044900894 0.47045020163059226 16.7
    endloop
  endfacet
  facet normal 0.8601187496026149 0.5100938507588914 0
    outer loop
      vertex 28.09193044900894 0.47045020163059226 16.7
      vertex 28.00385233014822 0.6189672663807868 17
      vertex 28.09193044900894 0.47045020163059226 17
    endloop
  endfacet
  facet normal 0 0 1
    outer loop
      vertex 28.260079592466354 -0.05766294002532968 16.7
      vertex 28.828197717666626 0.05687624365091315 16.7
      vertex 28.792601712048054 0.2209773898124694 16.7
    endloop
  endfacet
  facet normal 0 0 1
    outer loop
      vertex 28.2200440838933 0.1321351021528243 16.7
      vertex 28.792601712048054 0.2209773898124694 16.7
      vertex 28.7468354254961 0.37789306193590155 16.7
    endloop
  endfacet
  facet normal -0.9772728808225298 -0.2119851796914905 0
    outer loop
      vertex 28.828197717666626 0.05687624365091315 16.7
      vertex 28.828197717666626 0.05687624365091315 17
      vertex 28.792601712048054 0.2209773898124694 16.7
    endloop
  endfacet
  facet normal -0.9772728808225298 -0.2119851796914905 0
    outer loop
      vertex 28.792601712048054 0.2209773898124694 16.7
      vertex 28.828197717666626 0.05687624365091315 17
      vertex 28.792601712048054 0.2209773898124694 17
    endloop
  endfacet
  facet normal -0.9600012900764479 -0.279995576842842 0
    outer loop
      vertex 28.792601712048054 0.2209773898124694 16.7
      vertex 28.792601712048054 0.2209773898124694 17
      vertex 28.7468354254961 0.37789306193590155 16.7
    endloop
  endfacet
  facet normal -0.9600012900764479 -0.279995576842842 0
    outer loop
      vertex 28.7468354254961 0.37789306193590155 16.7
      vertex 28.792601712048054 0.2209773898124694 17
      vertex 28.7468354254961 0.37789306193590155 17
    endloop
  endfacet
  facet normal 0 0 1
    outer loop
      vertex 28.16399436444044 0.3081728160381316 16.7
      vertex 28.7468354254961 0.37789306193590155 16.7
      vertex 28.69089885801077 0.5276232674717902 16.7
    endloop
  endfacet
  facet normal 0 0 1
    outer loop
      vertex 28.16399436444044 0.3081728160381316 16.7
      vertex 28.69089885801077 0.5276232674717902 16.7
      vertex 28.624792002141476 0.6701679989695548 16.7
    endloop
  endfacet
  facet normal -0.9367650469386294 -0.34995892163805076 0
    outer loop
      vertex 28.69089885801077 0.5276232674717902 16.7
      vertex 28.7468354254961 0.37789306193590155 16.7
      vertex 28.7468354254961 0.37789306193590155 17
    endloop
  endfacet
  facet normal -0.9367650469386294 -0.34995892163805076 0
    outer loop
      vertex 28.69089885801077 0.5276232674717902 16.7
      vertex 28.7468354254961 0.37789306193590155 17
      vertex 28.69089885801077 0.5276232674717902 17
    endloop
  endfacet
  facet normal -0.907190288665789 -0.4207205487618621 0
    outer loop
      vertex 28.69089885801077 0.5276232674717902 16.7
      vertex 28.69089885801077 0.5276232674717902 17
      vertex 28.624792002141476 0.6701679989695548 16.7
    endloop
  endfacet
  facet normal -0.907190288665789 -0.4207205487618621 0
    outer loop
      vertex 28.624792002141476 0.6701679989695548 16.7
      vertex 28.69089885801077 0.5276232674717902 17
      vertex 28.624792002141476 0.6701679989695548 17
    endloop
  endfacet
  facet normal 0 0 1
    outer loop
      vertex 27.781053386628628 0.8724665284156798 16.7
      vertex 27.899760000407696 0.7537240028381347 16.7
      vertex 28.15546016395092 1.246999019384384 16.7
    endloop
  endfacet
  facet normal 0 0 1
    outer loop
      vertex 28.00385233014822 0.6189672663807868 16.7
      vertex 28.370417222380638 1.0445846557617187 16.7
      vertex 27.899760000407696 0.7537240028381347 16.7
    endloop
  endfacet
  facet normal 0 0 1
    outer loop
      vertex 28.00385233014822 0.6189672663807868 16.7
      vertex 28.549075186252594 0.8044128954410552 16.7
      vertex 28.46428359299898 0.9292184501886367 16.7
    endloop
  endfacet
  facet normal 0 0 1
    outer loop
      vertex 27.899760000407696 0.7537240028381347 16.7
      vertex 28.370417222380638 1.0445846557617187 16.7
      vertex 28.267476081848145 1.1505115121603011 16.7
    endloop
  endfacet
  facet normal 0 0 1
    outer loop
      vertex 28.00385233014822 0.6189672663807868 16.7
      vertex 28.46428359299898 0.9292184501886367 16.7
      vertex 28.370417222380638 1.0445846557617187 16.7
    endloop
  endfacet
  facet normal 0.7072137159000278 0.7069998302990423 0
    outer loop
      vertex 27.781053386628628 0.8724665284156798 16.7
      vertex 27.781053386628628 0.8724665284156798 17
      vertex 27.899760000407696 0.7537240028381347 16.7
    endloop
  endfacet
  facet normal 0.7913926094669337 0.6113082182345639 0
    outer loop
      vertex 28.00385233014822 0.6189672663807868 16.7
      vertex 27.899760000407696 0.7537240028381347 16.7
      vertex 27.899760000407696 0.7537240028381347 17
    endloop
  endfacet
  facet normal 0.7072137159000278 0.7069998302990423 0
    outer loop
      vertex 27.899760000407696 0.7537240028381347 16.7
      vertex 27.781053386628628 0.8724665284156798 17
      vertex 27.899760000407696 0.7537240028381347 17
    endloop
  endfacet
  facet normal 0.6059029200381304 0.7955385920804011 0
    outer loop
      vertex 27.649132408201694 0.9729409828782081 16.7
      vertex 27.649132408201694 0.9729409828782081 17
      vertex 27.781053386628628 0.8724665284156798 16.7
    endloop
  endfacet
  facet normal 0.6059029200381304 0.7955385920804011 0
    outer loop
      vertex 27.781053386628628 0.8724665284156798 16.7
      vertex 27.649132408201694 0.9729409828782081 17
      vertex 27.781053386628628 0.8724665284156798 17
    endloop
  endfacet
  facet normal -0.7756816637969315 -0.6311243589414247 0
    outer loop
      vertex 28.46428359299898 0.9292184501886367 16.7
      vertex 28.46428359299898 0.9292184501886367 17
      vertex 28.370417222380638 1.0445846557617187 16.7
    endloop
  endfacet
  facet normal -0.7756816637969315 -0.6311243589414247 0
    outer loop
      vertex 28.370417222380638 1.0445846557617187 16.7
      vertex 28.46428359299898 0.9292184501886367 17
      vertex 28.370417222380638 1.0445846557617187 17
    endloop
  endfacet
  facet normal 0 0 1
    outer loop
      vertex 27.649132408201694 0.9729409828782081 16.7
      vertex 27.781053386628628 0.8724665284156798 16.7
      vertex 28.034369468688965 1.334047184884548 16.7
    endloop
  endfacet
  facet normal 0 0 1
    outer loop
      vertex 27.649132408201694 0.9729409828782081 16.7
      vertex 27.766043104231358 1.4793387740850448 16.7
      vertex 27.503997057676315 1.0551473438739776 16.7
    endloop
  endfacet
  facet normal 0 0 1
    outer loop
      vertex 27.781053386628628 0.8724665284156798 16.7
      vertex 28.15546016395092 1.246999019384384 16.7
      vertex 28.034369468688965 1.334047184884548 16.7
    endloop
  endfacet
  facet normal 0 0 1
    outer loop
      vertex 27.649132408201694 0.9729409828782081 16.7
      vertex 27.90420400351286 1.4116560012102126 16.7
      vertex 27.766043104231358 1.4793387740850448 16.7
    endloop
  endfacet
  facet normal 0 0 1
    outer loop
      vertex 27.503997057676315 1.0551473438739776 16.7
      vertex 27.766043104231358 1.4793387740850448 16.7
      vertex 27.62094098329544 1.5366088166832923 16.7
    endloop
  endfacet
  facet normal 0 0 1
    outer loop
      vertex 27.649132408201694 0.9729409828782081 16.7
      vertex 28.034369468688965 1.334047184884548 16.7
      vertex 27.90420400351286 1.4116560012102126 16.7
    endloop
  endfacet
  facet normal 0 0 1
    outer loop
      vertex 27.899760000407696 0.7537240028381347 16.7
      vertex 28.267476081848145 1.1505115121603011 16.7
      vertex 28.15546016395092 1.246999019384384 16.7
    endloop
  endfacet
  facet normal -0.5121140709788728 -0.8589174455705543 0
    outer loop
      vertex 28.034369468688965 1.334047184884548 16.7
      vertex 28.034369468688965 1.334047184884548 17
      vertex 27.90420400351286 1.4116560012102126 16.7
    endloop
  endfacet
  facet normal -0.6526371441850676 -0.7576706131492493 0
    outer loop
      vertex 28.267476081848145 1.1505115121603011 16.7
      vertex 28.267476081848145 1.1505115121603011 17
      vertex 28.15546016395092 1.246999019384384 16.7
    endloop
  endfacet
  facet normal -0.7171414295169877 -0.6969276648765864 0
    outer loop
      vertex 28.370417222380638 1.0445846557617187 16.7
      vertex 28.370417222380638 1.0445846557617187 17
      vertex 28.267476081848145 1.1505115121603011 16.7
    endloop
  endfacet
  facet normal -0.7171414295169877 -0.6969276648765864 0
    outer loop
      vertex 28.267476081848145 1.1505115121603011 16.7
      vertex 28.370417222380638 1.0445846557617187 17
      vertex 28.267476081848145 1.1505115121603011 17
    endloop
  endfacet
  facet normal -0.5836989550294793 -0.8119701533292303 0
    outer loop
      vertex 28.034369468688965 1.334047184884548 16.7
      vertex 28.15546016395092 1.246999019384384 16.7
      vertex 28.15546016395092 1.246999019384384 17
    endloop
  endfacet
  facet normal -0.6526371441850676 -0.7576706131492493 0
    outer loop
      vertex 28.15546016395092 1.246999019384384 16.7
      vertex 28.267476081848145 1.1505115121603011 17
      vertex 28.15546016395092 1.246999019384384 17
    endloop
  endfacet
  facet normal -0.5836989550294793 -0.8119701533292303 0
    outer loop
      vertex 28.034369468688965 1.334047184884548 16.7
      vertex 28.15546016395092 1.246999019384384 17
      vertex 28.034369468688965 1.334047184884548 17
    endloop
  endfacet
  facet normal -0.8710092142017083 -0.49126667786012373 0
    outer loop
      vertex 28.624792002141476 0.6701679989695548 16.7
      vertex 28.624792002141476 0.6701679989695548 17
      vertex 28.549075186252594 0.8044128954410552 16.7
    endloop
  endfacet
  facet normal -0.8271612108058038 -0.5619647064881179 0
    outer loop
      vertex 28.46428359299898 0.9292184501886367 16.7
      vertex 28.549075186252594 0.8044128954410552 16.7
      vertex 28.549075186252594 0.8044128954410552 17
    endloop
  endfacet
  facet normal -0.8710092142017083 -0.49126667786012373 0
    outer loop
      vertex 28.549075186252594 0.8044128954410552 16.7
      vertex 28.624792002141476 0.6701679989695548 17
      vertex 28.549075186252594 0.8044128954410552 17
    endloop
  endfacet
  facet normal -0.8271612108058038 -0.5619647064881179 0
    outer loop
      vertex 28.46428359299898 0.9292184501886367 16.7
      vertex 28.549075186252594 0.8044128954410552 17
      vertex 28.46428359299898 0.9292184501886367 17
    endloop
  endfacet
  facet normal 0 0 1
    outer loop
      vertex 26.23266375809908 1.1201847359538077 16.7
      vertex 26.263962119817734 1.620365062355995 16.7
      vertex 26.026778772473335 1.5623613908886909 16.7
    endloop
  endfacet
  facet normal 0 0 1
    outer loop
      vertex 26.405484080314636 1.1652443274855613 16.7
      vertex 26.518806532025337 1.6551672682166099 16.7
      vertex 26.263962119817734 1.620365062355995 16.7
    endloop
  endfacet
  facet normal 0 0 1
    outer loop
      vertex 26.591700166463852 1.192280077934265 16.7
      vertex 26.791312001645565 1.6667680010199546 16.7
      vertex 26.518806532025337 1.6551672682166099 16.7
    endloop
  endfacet
  facet normal 0.237551711946943 -0.9713748937207902 0
    outer loop
      vertex 26.026778772473335 1.5623613908886909 16.7
      vertex 26.263962119817734 1.620365062355995 16.7
      vertex 26.263962119817734 1.620365062355995 17
    endloop
  endfacet
  facet normal 0.237551711946943 -0.9713748937207902 0
    outer loop
      vertex 26.026778772473335 1.5623613908886909 16.7
      vertex 26.263962119817734 1.620365062355995 17
      vertex 26.026778772473335 1.5623613908886909 17
    endloop
  endfacet
  facet normal 0.1353067003889099 -0.9908037630277076 0
    outer loop
      vertex 26.263962119817734 1.620365062355995 16.7
      vertex 26.518806532025337 1.6551672682166099 17
      vertex 26.263962119817734 1.620365062355995 17
    endloop
  endfacet
  facet normal 0.1353067003889099 -0.9908037630277076 0
    outer loop
      vertex 26.263962119817734 1.620365062355995 16.7
      vertex 26.518806532025337 1.6551672682166099 16.7
      vertex 26.518806532025337 1.6551672682166099 17
    endloop
  endfacet
  facet normal 0.04253211987270146 -0.9990950999675327 0
    outer loop
      vertex 26.518806532025337 1.6551672682166099 16.7
      vertex 26.791312001645565 1.6667680010199546 16.7
      vertex 26.791312001645565 1.6667680010199546 17
    endloop
  endfacet
  facet normal 0.04253211987270146 -0.9990950999675327 0
    outer loop
      vertex 26.518806532025337 1.6551672682166099 16.7
      vertex 26.791312001645565 1.6667680010199546 17
      vertex 26.518806532025337 1.6551672682166099 17
    endloop
  endfacet
  facet normal 0 0 1
    outer loop
      vertex 26.791312001645565 1.2012920022010802 16.7
      vertex 26.97112024575472 1.661561632156372 16.7
      vertex 26.791312001645565 1.6667680010199546 16.7
    endloop
  endfacet
  facet normal 0 0 1
    outer loop
      vertex 26.989304818212986 1.1921579554677009 16.7
      vertex 27.143987268209457 1.6459425330162047 16.7
      vertex 26.97112024575472 1.661561632156372 16.7
    endloop
  endfacet
  facet normal 0 0 1
    outer loop
      vertex 27.17408326268196 1.1647558376193046 16.7
      vertex 27.3099130615592 1.6199106961488723 16.7
      vertex 27.143987268209457 1.6459425330162047 16.7
    endloop
  endfacet
  facet normal 0 0 1
    outer loop
      vertex 27.34564734995365 1.1190856337547301 16.7
      vertex 27.468897633254528 1.5834661215543746 16.7
      vertex 27.3099130615592 1.6199106961488723 16.7
    endloop
  endfacet
  facet normal 0 0 1
    outer loop
      vertex 27.34564734995365 1.1190856337547301 16.7
      vertex 27.62094098329544 1.5366088166832923 16.7
      vertex 27.468897633254528 1.5834661215543746 16.7
    endloop
  endfacet
  facet normal -0.028942987313861926 -0.9995810639889842 0
    outer loop
      vertex 26.791312001645565 1.6667680010199546 16.7
      vertex 26.97112024575472 1.661561632156372 16.7
      vertex 26.97112024575472 1.661561632156372 17
    endloop
  endfacet
  facet normal -0.08998669456271627 -0.9959429676450738 0
    outer loop
      vertex 26.97112024575472 1.661561632156372 16.7
      vertex 27.143987268209457 1.6459425330162047 16.7
      vertex 27.143987268209457 1.6459425330162047 17
    endloop
  endfacet
  facet normal -0.028942987313861926 -0.9995810639889842 0
    outer loop
      vertex 26.791312001645565 1.6667680010199546 16.7
      vertex 26.97112024575472 1.661561632156372 17
      vertex 26.791312001645565 1.6667680010199546 17
    endloop
  endfacet
  facet normal -0.08998669456271627 -0.9959429676450738 0
    outer loop
      vertex 26.97112024575472 1.661561632156372 16.7
      vertex 27.143987268209457 1.6459425330162047 17
      vertex 26.97112024575472 1.661561632156372 17
    endloop
  endfacet
  facet normal -0.1549925319225471 -0.9879156416659461 0
    outer loop
      vertex 27.143987268209457 1.6459425330162047 16.7
      vertex 27.3099130615592 1.6199106961488723 17
      vertex 27.143987268209457 1.6459425330162047 17
    endloop
  endfacet
  facet normal -0.1549925319225471 -0.9879156416659461 0
    outer loop
      vertex 27.143987268209457 1.6459425330162047 16.7
      vertex 27.3099130615592 1.6199106961488723 16.7
      vertex 27.3099130615592 1.6199106961488723 17
    endloop
  endfacet
  facet normal -0.22343796041287672 -0.9747181530301637 0
    outer loop
      vertex 27.3099130615592 1.6199106961488723 16.7
      vertex 27.468897633254528 1.5834661215543746 16.7
      vertex 27.468897633254528 1.5834661215543746 17
    endloop
  endfacet
  facet normal -0.2945149331918925 -0.9556468773176497 0
    outer loop
      vertex 27.468897633254528 1.5834661215543746 16.7
      vertex 27.62094098329544 1.5366088166832923 16.7
      vertex 27.62094098329544 1.5366088166832923 17
    endloop
  endfacet
  facet normal -0.22343796041287672 -0.9747181530301637 0
    outer loop
      vertex 27.3099130615592 1.6199106961488723 16.7
      vertex 27.468897633254528 1.5834661215543746 17
      vertex 27.3099130615592 1.6199106961488723 17
    endloop
  endfacet
  facet normal -0.2945149331918925 -0.9556468773176497 0
    outer loop
      vertex 27.468897633254528 1.5834661215543746 16.7
      vertex 27.62094098329544 1.5366088166832923 17
      vertex 27.468897633254528 1.5834661215543746 17
    endloop
  endfacet
  facet normal -0.36712709830285595 -0.9301707873781702 0
    outer loop
      vertex 27.766043104231358 1.4793387740850448 16.7
      vertex 27.766043104231358 1.4793387740850448 17
      vertex 27.62094098329544 1.5366088166832923 16.7
    endloop
  endfacet
  facet normal -0.43993102773905357 -0.8980315644967387 0
    outer loop
      vertex 27.766043104231358 1.4793387740850448 16.7
      vertex 27.90420400351286 1.4116560012102126 16.7
      vertex 27.90420400351286 1.4116560012102126 17
    endloop
  endfacet
  facet normal -0.43993102773905357 -0.8980315644967387 0
    outer loop
      vertex 27.766043104231358 1.4793387740850448 16.7
      vertex 27.90420400351286 1.4116560012102126 17
      vertex 27.766043104231358 1.4793387740850448 17
    endloop
  endfacet
  facet normal -0.36712709830285595 -0.9301707873781702 0
    outer loop
      vertex 27.62094098329544 1.5366088166832923 16.7
      vertex 27.766043104231358 1.4793387740850448 17
      vertex 27.62094098329544 1.5366088166832923 17
    endloop
  endfacet
  facet normal -0.5121140709788728 -0.8589174455705543 0
    outer loop
      vertex 27.90420400351286 1.4116560012102126 16.7
      vertex 28.034369468688965 1.334047184884548 17
      vertex 27.90420400351286 1.4116560012102126 17
    endloop
  endfacet
  facet normal 0 0 1
    outer loop
      vertex 29.868865959346294 -0.1122777149081231 16.7
      vertex 30.298947997391224 0.2509799987077712 16.7
      vertex 29.83339297771454 -0.06876800060272226 16.7
    endloop
  endfacet
  facet normal 0 0 1
    outer loop
      vertex 29.800782695412636 -0.023372574150562375 16.7
      vertex 29.83339297771454 -0.06876800060272226 16.7
      vertex 30.27164375782013 0.2885811418294906 16.7
    endloop
  endfacet
  facet normal 0 0 1
    outer loop
      vertex 29.800782695412636 -0.023372574150562375 16.7
      vertex 30.27164375782013 0.2885811418294906 16.7
      vertex 29.771035104990005 0.023908571898937137 16.7
    endloop
  endfacet
  facet normal 0 0 1
    outer loop
      vertex 29.771035104990005 0.023908571898937137 16.7
      vertex 30.24854016304016 0.3289228543639182 16.7
      vertex 29.744150206446648 0.07307543009519568 16.7
    endloop
  endfacet
  facet normal 0 0 1
    outer loop
      vertex 29.681400813162327 0.23252963423728934 16.7
      vertex 30.214934937655926 0.41782800257205954 16.7
      vertex 29.66687811911106 0.29001967012882224 16.7
    endloop
  endfacet
  facet normal 0 0 1
    outer loop
      vertex 29.744150206446648 0.07307543009519568 16.7
      vertex 30.24854016304016 0.3289228543639182 16.7
      vertex 29.720127999782562 0.12412800043821326 16.7
    endloop
  endfacet
  facet normal 0 0 1
    outer loop
      vertex 29.699150778353214 0.17723240852355948 16.7
      vertex 29.720127999782562 0.12412800043821326 16.7
      vertex 30.22963722795248 0.37200514376163474 16.7
    endloop
  endfacet
  facet normal 0 0 1
    outer loop
      vertex 29.699150778353214 0.17723240852355948 16.7
      vertex 30.22963722795248 0.37200514376163474 16.7
      vertex 29.681400813162327 0.23252963423728934 16.7
    endloop
  endfacet
  facet normal 0 0 1
    outer loop
      vertex 29.681400813162327 0.23252963423728934 16.7
      vertex 30.22963722795248 0.37200514376163474 16.7
      vertex 30.214934937655926 0.41782800257205954 16.7
    endloop
  endfacet
  facet normal 0.8773953811340478 0.47976801181887796 0
    outer loop
      vertex 29.771035104990005 0.023908571898937137 16.7
      vertex 29.744150206446648 0.07307543009519568 16.7
      vertex 29.744150206446648 0.07307543009519568 17
    endloop
  endfacet
  facet normal 0.8464105293865343 0.5325309528502608 0
    outer loop
      vertex 29.800782695412636 -0.023372574150562375 16.7
      vertex 29.771035104990005 0.023908571898937137 16.7
      vertex 29.771035104990005 0.023908571898937137 17
    endloop
  endfacet
  facet normal 0.9048359930553345 0.4257602913278393 0
    outer loop
      vertex 29.744150206446648 0.07307543009519568 16.7
      vertex 29.720127999782562 0.12412800043821326 16.7
      vertex 29.720127999782562 0.12412800043821326 17
    endloop
  endfacet
  facet normal 0.9300657416699891 0.3673931357168413 0
    outer loop
      vertex 29.699150778353214 0.17723240852355948 16.7
      vertex 29.699150778353214 0.17723240852355948 17
      vertex 29.720127999782562 0.12412800043821326 16.7
    endloop
  endfacet
  facet normal 0.8773953811340478 0.47976801181887796 0
    outer loop
      vertex 29.771035104990005 0.023908571898937137 16.7
      vertex 29.744150206446648 0.07307543009519568 17
      vertex 29.771035104990005 0.023908571898937137 17
    endloop
  endfacet
  facet normal 0.9048359930553345 0.4257602913278393 0
    outer loop
      vertex 29.744150206446648 0.07307543009519568 16.7
      vertex 29.720127999782562 0.12412800043821326 17
      vertex 29.744150206446648 0.07307543009519568 17
    endloop
  endfacet
  facet normal 0.9300657416699891 0.3673931357168413 0
    outer loop
      vertex 29.720127999782562 0.12412800043821326 16.7
      vertex 29.699150778353214 0.17723240852355948 17
      vertex 29.720127999782562 0.12412800043821326 17
    endloop
  endfacet
  facet normal 0.952149596402283 0.30563237078387046 0
    outer loop
      vertex 29.699150778353214 0.17723240852355948 16.7
      vertex 29.681400813162327 0.23252963423728934 16.7
      vertex 29.681400813162327 0.23252963423728934 17
    endloop
  endfacet
  facet normal 0.9695436175615003 0.24491870823960984 0
    outer loop
      vertex 29.681400813162327 0.23252963423728934 16.7
      vertex 29.66687811911106 0.29001967012882224 16.7
      vertex 29.66687811911106 0.29001967012882224 17
    endloop
  endfacet
  facet normal 0.982558002599977 0.18595636995473752 0
    outer loop
      vertex 29.66687811911106 0.29001967012882224 16.7
      vertex 29.655582696199417 0.34970253109931937 16.7
      vertex 29.655582696199417 0.34970253109931937 17
    endloop
  endfacet
  facet normal 0.952149596402283 0.30563237078387046 0
    outer loop
      vertex 29.699150778353214 0.17723240852355948 16.7
      vertex 29.681400813162327 0.23252963423728934 17
      vertex 29.699150778353214 0.17723240852355948 17
    endloop
  endfacet
  facet normal 0.9695436175615003 0.24491870823960984 0
    outer loop
      vertex 29.681400813162327 0.23252963423728934 16.7
      vertex 29.66687811911106 0.29001967012882224 17
      vertex 29.681400813162327 0.23252963423728934 17
    endloop
  endfacet
  facet normal 0.982558002599977 0.18595636995473752 0
    outer loop
      vertex 29.66687811911106 0.29001967012882224 16.7
      vertex 29.655582696199417 0.34970253109931937 17
      vertex 29.66687811911106 0.29001967012882224 17
    endloop
  endfacet
  facet normal 0 0 1
    outer loop
      vertex 29.66687811911106 0.29001967012882224 16.7
      vertex 30.214934937655926 0.41782800257205954 16.7
      vertex 29.655582696199417 0.34970253109931937 16.7
    endloop
  endfacet
  facet normal 0 0 1
    outer loop
      vertex 29.655582696199417 0.34970253109931937 16.7
      vertex 30.20443330705166 0.46639143079519263 16.7
      vertex 29.647514529526234 0.41157820224761954 16.7
    endloop
  endfacet
  facet normal 0 0 1
    outer loop
      vertex 29.647514529526234 0.41157820224761954 16.7
      vertex 30.1981323286891 0.517695428431034 16.7
      vertex 29.642673633992672 0.47564669102430335 16.7
    endloop
  endfacet
  facet normal 0 0 1
    outer loop
      vertex 29.642673633992672 0.47564669102430335 16.7
      vertex 30.1981323286891 0.517695428431034 16.7
      vertex 29.64106000214815 0.5419079974293708 16.7
    endloop
  endfacet
  facet normal 0 0 1
    outer loop
      vertex 29.655582696199417 0.34970253109931937 16.7
      vertex 30.214934937655926 0.41782800257205954 16.7
      vertex 30.20443330705166 0.46639143079519263 16.7
    endloop
  endfacet
  facet normal 0 0 1
    outer loop
      vertex 29.647514529526234 0.41157820224761954 16.7
      vertex 30.20443330705166 0.46639143079519263 16.7
      vertex 30.1981323286891 0.517695428431034 16.7
    endloop
  endfacet
  facet normal 0 0 1
    outer loop
      vertex 29.64106000214815 0.5419079974293708 16.7
      vertex 30.196032002568245 0.5717400029301642 16.7
      vertex 29.649493634700775 0.6911550998687743 16.7
    endloop
  endfacet
  facet normal 0 0 1
    outer loop
      vertex 29.64106000214815 0.5419079974293708 16.7
      vertex 30.1981323286891 0.517695428431034 16.7
      vertex 30.196032002568245 0.5717400029301642 16.7
    endloop
  endfacet
  facet normal 0 0 1
    outer loop
      vertex 29.649493634700775 0.6911550998687743 16.7
      vertex 30.196032002568245 0.5717400029301642 16.7
      vertex 30.201451182365417 0.663015754520893 16.7
    endloop
  endfacet
  facet normal 0.9916056988602424 0.12929863877044617 0
    outer loop
      vertex 29.655582696199417 0.34970253109931937 16.7
      vertex 29.647514529526234 0.41157820224761954 16.7
      vertex 29.647514529526234 0.41157820224761954 17
    endloop
  endfacet
  facet normal 0.9971576486387778 0.07534337237729685 0
    outer loop
      vertex 29.647514529526234 0.41157820224761954 16.7
      vertex 29.642673633992672 0.47564669102430335 16.7
      vertex 29.642673633992672 0.47564669102430335 17
    endloop
  endfacet
  facet normal 0.9916056988602424 0.12929863877044617 0
    outer loop
      vertex 29.655582696199417 0.34970253109931937 16.7
      vertex 29.647514529526234 0.41157820224761954 17
      vertex 29.655582696199417 0.34970253109931937 17
    endloop
  endfacet
  facet normal 0.9971576486387778 0.07534337237729685 0
    outer loop
      vertex 29.647514529526234 0.41157820224761954 16.7
      vertex 29.642673633992672 0.47564669102430335 17
      vertex 29.647514529526234 0.41157820224761954 17
    endloop
  endfacet
  facet normal 0.999703608453559 0.024345333124301583 0
    outer loop
      vertex 29.642673633992672 0.47564669102430335 16.7
      vertex 29.64106000214815 0.5419079974293708 17
      vertex 29.642673633992672 0.47564669102430335 17
    endloop
  endfacet
  facet normal 0.999703608453559 0.024345333124301583 0
    outer loop
      vertex 29.642673633992672 0.47564669102430335 16.7
      vertex 29.64106000214815 0.5419079974293708 16.7
      vertex 29.64106000214815 0.5419079974293708 17
    endloop
  endfacet
  facet normal 0.9984072449674547 -0.0564178446636955 0
    outer loop
      vertex 29.64106000214815 0.5419079974293708 16.7
      vertex 29.649493634700775 0.6911550998687743 16.7
      vertex 29.649493634700775 0.6911550998687743 17
    endloop
  endfacet
  facet normal 0.9984072449674547 -0.0564178446636955 0
    outer loop
      vertex 29.64106000214815 0.5419079974293708 16.7
      vertex 29.649493634700775 0.6911550998687743 17
      vertex 29.64106000214815 0.5419079974293708 17
    endloop
  endfacet
  facet normal 0 0 1
    outer loop
      vertex 29.948399998247623 -0.1936399996280671 16.7
      vertex 30.365210205316544 0.18168269246816626 16.7
      vertex 30.330222122371197 0.21554024666547766 16.7
    endloop
  endfacet
  facet normal 0 0 1
    outer loop
      vertex 29.83339297771454 -0.06876800060272226 16.7
      vertex 30.298947997391224 0.2509799987077712 16.7
      vertex 30.27164375782013 0.2885811418294906 16.7
    endloop
  endfacet
  facet normal 0 0 1
    outer loop
      vertex 29.907201632857323 -0.15390171706676492 16.7
      vertex 30.330222122371197 0.21554024666547766 16.7
      vertex 30.298947997391224 0.2509799987077712 16.7
    endloop
  endfacet
  facet normal 0 0 1
    outer loop
      vertex 30.0425456315279 -0.2691368147730828 16.7
      vertex 30.403912246227264 0.1494073435664176 16.7
      vertex 30.365210205316544 0.18168269246816626 16.7
    endloop
  endfacet
  facet normal 0 0 1
    outer loop
      vertex 29.771035104990005 0.023908571898937137 16.7
      vertex 30.27164375782013 0.2885811418294906 16.7
      vertex 30.24854016304016 0.3289228543639182 16.7
    endloop
  endfacet
  facet normal 0 0 1
    outer loop
      vertex 29.720127999782562 0.12412800043821326 16.7
      vertex 30.24854016304016 0.3289228543639182 16.7
      vertex 30.22963722795248 0.37200514376163474 16.7
    endloop
  endfacet
  facet normal -0.640461301869258 -0.7679904431748713 0
    outer loop
      vertex 30.365210205316544 0.18168269246816626 16.7
      vertex 30.403912246227264 0.1494073435664176 16.7
      vertex 30.403912246227264 0.1494073435664176 17
    endloop
  endfacet
  facet normal -0.586235410441315 -0.810140755390508 0
    outer loop
      vertex 30.403912246227264 0.1494073435664176 16.7
      vertex 30.44632824510336 0.11871420741081229 16.7
      vertex 30.44632824510336 0.11871420741081229 17
    endloop
  endfacet
  facet normal -0.5336815269272913 -0.8456855371924926 0
    outer loop
      vertex 30.44632824510336 0.11871420741081229 16.7
      vertex 30.492458201944828 0.08960326164960852 17
      vertex 30.44632824510336 0.11871420741081229 17
    endloop
  endfacet
  facet normal -0.640461301869258 -0.7679904431748713 0
    outer loop
      vertex 30.365210205316544 0.18168269246816626 16.7
      vertex 30.403912246227264 0.1494073435664176 17
      vertex 30.365210205316544 0.18168269246816626 17
    endloop
  endfacet
  facet normal -0.586235410441315 -0.810140755390508 0
    outer loop
      vertex 30.403912246227264 0.1494073435664176 16.7
      vertex 30.44632824510336 0.11871420741081229 17
      vertex 30.403912246227264 0.1494073435664176 17
    endloop
  endfacet
  facet normal -0.8677684388316977 -0.49696874807939195 0
    outer loop
      vertex 30.27164375782013 0.2885811418294906 16.7
      vertex 30.27164375782013 0.2885811418294906 17
      vertex 30.24854016304016 0.3289228543639182 16.7
    endloop
  endfacet
  facet normal -0.9157319523762245 -0.4017897353059532 0
    outer loop
      vertex 30.22963722795248 0.37200514376163474 16.7
      vertex 30.24854016304016 0.3289228543639182 16.7
      vertex 30.24854016304016 0.3289228543639182 17
    endloop
  endfacet
  facet normal -0.695401478056163 -0.7186214471592842 0
    outer loop
      vertex 30.365210205316544 0.18168269246816626 16.7
      vertex 30.365210205316544 0.18168269246816626 17
      vertex 30.330222122371197 0.21554024666547766 16.7
    endloop
  endfacet
  facet normal -0.7497984353381051 -0.661666310434897 0
    outer loop
      vertex 30.330222122371197 0.21554024666547766 16.7
      vertex 30.330222122371197 0.21554024666547766 17
      vertex 30.298947997391224 0.2509799987077712 16.7
    endloop
  endfacet
  facet normal -0.8091662712972207 -0.5875797353508309 0
    outer loop
      vertex 30.298947997391224 0.2509799987077712 16.7
      vertex 30.298947997391224 0.2509799987077712 17
      vertex 30.27164375782013 0.2885811418294906 16.7
    endloop
  endfacet
  facet normal -0.8677684388316977 -0.49696874807939195 0
    outer loop
      vertex 30.24854016304016 0.3289228543639182 16.7
      vertex 30.27164375782013 0.2885811418294906 17
      vertex 30.24854016304016 0.3289228543639182 17
    endloop
  endfacet
  facet normal -0.695401478056163 -0.7186214471592842 0
    outer loop
      vertex 30.330222122371197 0.21554024666547766 16.7
      vertex 30.365210205316544 0.18168269246816626 17
      vertex 30.330222122371197 0.21554024666547766 17
    endloop
  endfacet
  facet normal -0.7497984353381051 -0.661666310434897 0
    outer loop
      vertex 30.298947997391224 0.2509799987077712 16.7
      vertex 30.330222122371197 0.21554024666547766 17
      vertex 30.298947997391224 0.2509799987077712 17
    endloop
  endfacet
  facet normal -0.8091662712972207 -0.5875797353508309 0
    outer loop
      vertex 30.27164375782013 0.2885811418294906 16.7
      vertex 30.298947997391224 0.2509799987077712 17
      vertex 30.27164375782013 0.2885811418294906 17
    endloop
  endfacet
  facet normal -0.4834628708334819 -0.875364868226643 0
    outer loop
      vertex 30.492458201944828 0.08960326164960852 16.7
      vertex 30.54230212420225 0.0620745286345481 16.7
      vertex 30.54230212420225 0.0620745286345481 17
    endloop
  endfacet
  facet normal -0.37966121329353547 -0.9251255931604534 0
    outer loop
      vertex 30.59585999697447 0.03612800091505042 16.7
      vertex 30.659130200743675 0.010162615776061923 16.7
      vertex 30.659130200743675 0.010162615776061923 17
    endloop
  endfacet
  facet normal -0.43598878786327844 -0.8999520969793389 0
    outer loop
      vertex 30.59585999697447 0.03612800091505042 16.7
      vertex 30.59585999697447 0.03612800091505042 17
      vertex 30.54230212420225 0.0620745286345481 16.7
    endloop
  endfacet
  facet normal -0.5336815269272913 -0.8456855371924926 0
    outer loop
      vertex 30.492458201944828 0.08960326164960852 16.7
      vertex 30.492458201944828 0.08960326164960852 17
      vertex 30.44632824510336 0.11871420741081229 16.7
    endloop
  endfacet
  facet normal -0.4834628708334819 -0.875364868226643 0
    outer loop
      vertex 30.492458201944828 0.08960326164960852 16.7
      vertex 30.54230212420225 0.0620745286345481 17
      vertex 30.492458201944828 0.08960326164960852 17
    endloop
  endfacet
  facet normal -0.43598878786327844 -0.8999520969793389 0
    outer loop
      vertex 30.54230212420225 0.0620745286345481 16.7
      vertex 30.59585999697447 0.03612800091505042 17
      vertex 30.54230212420225 0.0620745286345481 17
    endloop
  endfacet
  facet normal -0.37966121329353547 -0.9251255931604534 0
    outer loop
      vertex 30.59585999697447 0.03612800091505042 16.7
      vertex 30.659130200743675 0.010162615776061923 17
      vertex 30.59585999697447 0.03612800091505042 17
    endloop
  endfacet
  facet normal -0.33000047541660404 -0.9439807658129563 0
    outer loop
      vertex 30.659130200743675 0.010162615776061923 16.7
      vertex 30.738111101090908 -0.017447835206985562 17
      vertex 30.659130200743675 0.010162615776061923 17
    endloop
  endfacet
  facet normal -0.9521887690117943 -0.30551030779304966 0
    outer loop
      vertex 30.22963722795248 0.37200514376163474 16.7
      vertex 30.22963722795248 0.37200514376163474 17
      vertex 30.214934937655926 0.41782800257205954 16.7
    endloop
  endfacet
  facet normal -0.9774082204882344 -0.2113602860568252 0
    outer loop
      vertex 30.214934937655926 0.41782800257205954 16.7
      vertex 30.214934937655926 0.41782800257205954 17
      vertex 30.20443330705166 0.46639143079519263 16.7
    endloop
  endfacet
  facet normal -0.9925423143853565 -0.12190059128060114 0
    outer loop
      vertex 30.20443330705166 0.46639143079519263 16.7
      vertex 30.20443330705166 0.46639143079519263 17
      vertex 30.1981323286891 0.517695428431034 16.7
    endloop
  endfacet
  facet normal -0.9157319523762245 -0.4017897353059532 0
    outer loop
      vertex 30.22963722795248 0.37200514376163474 16.7
      vertex 30.24854016304016 0.3289228543639182 17
      vertex 30.22963722795248 0.37200514376163474 17
    endloop
  endfacet
  facet normal -0.9521887690117943 -0.30551030779304966 0
    outer loop
      vertex 30.214934937655926 0.41782800257205954 16.7
      vertex 30.22963722795248 0.37200514376163474 17
      vertex 30.214934937655926 0.41782800257205954 17
    endloop
  endfacet
  facet normal -0.9774082204882344 -0.2113602860568252 0
    outer loop
      vertex 30.20443330705166 0.46639143079519263 16.7
      vertex 30.214934937655926 0.41782800257205954 17
      vertex 30.20443330705166 0.46639143079519263 17
    endloop
  endfacet
  facet normal -0.9925423143853565 -0.12190059128060114 0
    outer loop
      vertex 30.1981323286891 0.517695428431034 16.7
      vertex 30.20443330705166 0.46639143079519263 17
      vertex 30.1981323286891 0.517695428431034 17
    endloop
  endfacet
  facet normal -0.9992456938220444 -0.03883353419534312 0
    outer loop
      vertex 30.1981323286891 0.517695428431034 16.7
      vertex 30.1981323286891 0.517695428431034 17
      vertex 30.196032002568245 0.5717400029301642 16.7
    endloop
  endfacet
  facet normal -0.9982421574138942 0.059267150780632875 0
    outer loop
      vertex 30.196032002568245 0.5717400029301642 16.7
      vertex 30.196032002568245 0.5717400029301642 17
      vertex 30.201451182365417 0.663015754520893 16.7
    endloop
  endfacet
  facet normal -0.9992456938220444 -0.03883353419534312 0
    outer loop
      vertex 30.196032002568245 0.5717400029301642 16.7
      vertex 30.1981323286891 0.517695428431034 17
      vertex 30.196032002568245 0.5717400029301642 17
    endloop
  endfacet
  facet normal -0.9982421574138942 0.059267150780632875 0
    outer loop
      vertex 30.201451182365417 0.663015754520893 16.7
      vertex 30.196032002568245 0.5717400029301642 17
      vertex 30.201451182365417 0.663015754520893 17
    endloop
  endfacet
  facet normal 0 0 1
    outer loop
      vertex 29.649493634700775 0.6911550998687743 16.7
      vertex 30.201451182365417 0.663015754520893 16.7
      vertex 29.674794532358646 0.8302929788827895 16.7
    endloop
  endfacet
  facet normal 0 0 1
    outer loop
      vertex 29.674794532358646 0.8302929788827895 16.7
      vertex 30.201451182365417 0.663015754520893 16.7
      vertex 30.217708736658096 0.7475927338004111 16.7
    endloop
  endfacet
  facet normal 0 0 1
    outer loop
      vertex 29.674794532358646 0.8302929788827895 16.7
      vertex 30.217708736658096 0.7475927338004111 16.7
      vertex 29.716962695121765 0.9593216344714164 16.7
    endloop
  endfacet
  facet normal 0 0 1
    outer loop
      vertex 29.716962695121765 0.9593216344714164 16.7
      vertex 30.217708736658096 0.7475927338004111 16.7
      vertex 30.24480465054512 0.8254709407687186 16.7
    endloop
  endfacet
  facet normal 0 0 1
    outer loop
      vertex 29.716962695121765 0.9593216344714164 16.7
      vertex 30.24480465054512 0.8254709407687186 16.7
      vertex 29.77599812299013 1.0782410591840743 16.7
    endloop
  endfacet
  facet normal 0.9838660500127713 -0.17890666737790178 0
    outer loop
      vertex 29.649493634700775 0.6911550998687743 16.7
      vertex 29.674794532358646 0.8302929788827895 16.7
      vertex 29.674794532358646 0.8302929788827895 17
    endloop
  endfacet
  facet normal 0.9838660500127713 -0.17890666737790178 0
    outer loop
      vertex 29.649493634700775 0.6911550998687743 16.7
      vertex 29.674794532358646 0.8302929788827895 17
      vertex 29.649493634700775 0.6911550998687743 17
    endloop
  endfacet
  facet normal 0.9505263962511733 -0.3106437992778185 0
    outer loop
      vertex 29.674794532358646 0.8302929788827895 16.7
      vertex 29.716962695121765 0.9593216344714164 16.7
      vertex 29.716962695121765 0.9593216344714164 17
    endloop
  endfacet
  facet normal 0.9505263962511733 -0.3106437992778185 0
    outer loop
      vertex 29.674794532358646 0.8302929788827895 16.7
      vertex 29.716962695121765 0.9593216344714164 17
      vertex 29.674794532358646 0.8302929788827895 17
    endloop
  endfacet
  facet normal 0.8957018225540839 -0.44465519796050096 0
    outer loop
      vertex 29.716962695121765 0.9593216344714164 16.7
      vertex 29.77599812299013 1.0782410591840743 17
      vertex 29.716962695121765 0.9593216344714164 17
    endloop
  endfacet
  facet normal 0 0 1
    outer loop
      vertex 29.77599812299013 1.0782410591840743 16.7
      vertex 30.28273893892765 0.8966503679752349 16.7
      vertex 29.851900815963745 1.1870512679219245 16.7
    endloop
  endfacet
  facet normal 0 0 1
    outer loop
      vertex 29.851900815963745 1.1870512679219245 16.7
      vertex 30.28273893892765 0.8966503679752349 16.7
      vertex 29.944670774042606 1.2857522457838058 16.7
    endloop
  endfacet
  facet normal 0.8957018225540839 -0.44465519796050096 0
    outer loop
      vertex 29.716962695121765 0.9593216344714164 16.7
      vertex 29.77599812299013 1.0782410591840743 16.7
      vertex 29.77599812299013 1.0782410591840743 17
    endloop
  endfacet
  facet normal 0.8201672969814482 -0.5721237671711822 0
    outer loop
      vertex 29.77599812299013 1.0782410591840743 16.7
      vertex 29.851900815963745 1.1870512679219245 16.7
      vertex 29.851900815963745 1.1870512679219245 17
    endloop
  endfacet
  facet normal 0.8201672969814482 -0.5721237671711822 0
    outer loop
      vertex 29.77599812299013 1.0782410591840743 16.7
      vertex 29.851900815963745 1.1870512679219245 17
      vertex 29.77599812299013 1.0782410591840743 17
    endloop
  endfacet
  facet normal 0.7286606825707417 -0.6848748861474926 0
    outer loop
      vertex 29.851900815963745 1.1870512679219245 16.7
      vertex 29.944670774042606 1.2857522457838058 16.7
      vertex 29.944670774042606 1.2857522457838058 17
    endloop
  endfacet
  facet normal 0.6285028746454582 -0.777807261834444 0
    outer loop
      vertex 29.944670774042606 1.2857522457838058 16.7
      vertex 30.054307997226715 1.3743440002202987 16.7
      vertex 30.054307997226715 1.3743440002202987 17
    endloop
  endfacet
  facet normal 0.7286606825707417 -0.6848748861474926 0
    outer loop
      vertex 29.851900815963745 1.1870512679219245 16.7
      vertex 29.944670774042606 1.2857522457838058 17
      vertex 29.851900815963745 1.1870512679219245 17
    endloop
  endfacet
  facet normal 0.6285028746454582 -0.777807261834444 0
    outer loop
      vertex 29.944670774042606 1.2857522457838058 16.7
      vertex 30.054307997226715 1.3743440002202987 17
      vertex 29.944670774042606 1.2857522457838058 17
    endloop
  endfacet
  facet normal 0 0 1
    outer loop
      vertex 29.77599812299013 1.0782410591840743 16.7
      vertex 30.24480465054512 0.8254709407687186 16.7
      vertex 30.28273893892765 0.8966503679752349 16.7
    endloop
  endfacet
  facet normal -0.9820220534267801 0.1887662220405183 0
    outer loop
      vertex 30.201451182365417 0.663015754520893 16.7
      vertex 30.201451182365417 0.663015754520893 17
      vertex 30.217708736658096 0.7475927338004111 16.7
    endloop
  endfacet
  facet normal -0.9444672838412821 0.32860546214795494 0
    outer loop
      vertex 30.217708736658096 0.7475927338004111 16.7
      vertex 30.217708736658096 0.7475927338004111 17
      vertex 30.24480465054512 0.8254709407687186 16.7
    endloop
  endfacet
  facet normal -0.8824974195838277 0.4703172380722245 0
    outer loop
      vertex 30.24480465054512 0.8254709407687186 16.7
      vertex 30.24480465054512 0.8254709407687186 17
      vertex 30.28273893892765 0.8966503679752349 16.7
    endloop
  endfacet
  facet normal -0.9820220534267801 0.1887662220405183 0
    outer loop
      vertex 30.217708736658096 0.7475927338004111 16.7
      vertex 30.201451182365417 0.663015754520893 17
      vertex 30.217708736658096 0.7475927338004111 17
    endloop
  endfacet
  facet normal -0.9444672838412821 0.32860546214795494 0
    outer loop
      vertex 30.24480465054512 0.8254709407687186 16.7
      vertex 30.217708736658096 0.7475927338004111 17
      vertex 30.24480465054512 0.8254709407687186 17
    endloop
  endfacet
  facet normal -0.7975463237846584 0.6032577073006006 0
    outer loop
      vertex 30.28273893892765 0.8966503679752349 16.7
      vertex 30.28273893892765 0.8966503679752349 17
      vertex 30.331511594355106 0.9611310228705405 16.7
    endloop
  endfacet
  facet normal -0.6960046195049109 0.7180373037856906 0
    outer loop
      vertex 30.331511594355106 0.9611310228705405 16.7
      vertex 30.331511594355106 0.9611310228705405 17
      vertex 30.391122609376907 1.018912898004055 16.7
    endloop
  endfacet
  facet normal -0.8824974195838277 0.4703172380722245 0
    outer loop
      vertex 30.28273893892765 0.8966503679752349 16.7
      vertex 30.24480465054512 0.8254709407687186 17
      vertex 30.28273893892765 0.8966503679752349 17
    endloop
  endfacet
  facet normal -0.7975463237846584 0.6032577073006006 0
    outer loop
      vertex 30.331511594355106 0.9611310228705405 16.7
      vertex 30.28273893892765 0.8966503679752349 17
      vertex 30.331511594355106 0.9611310228705405 17
    endloop
  endfacet
  facet normal -0.6960046195049109 0.7180373037856906 0
    outer loop
      vertex 30.391122609376907 1.018912898004055 16.7
      vertex 30.331511594355106 0.9611310228705405 17
      vertex 30.391122609376907 1.018912898004055 17
    endloop
  endfacet
  facet normal 0 0 1
    outer loop
      vertex 29.944670774042606 1.2857522457838058 16.7
      vertex 30.28273893892765 0.8966503679752349 16.7
      vertex 30.331511594355106 0.9611310228705405 16.7
    endloop
  endfacet
  facet normal 0 0 1
    outer loop
      vertex 30.054307997226715 1.3743440002202987 16.7
      vertex 30.331511594355106 0.9611310228705405 16.7
      vertex 30.391122609376907 1.018912898004055 16.7
    endloop
  endfacet
  facet normal 0 0 1
    outer loop
      vertex 30.391122609376907 1.018912898004055 16.7
      vertex 30.461571998894215 1.0699960008263587 16.7
      vertex 30.17965591698885 1.4519258752465247 16.7
    endloop
  endfacet
  facet normal 0 0 1
    outer loop
      vertex 29.944670774042606 1.2857522457838058 16.7
      vertex 30.331511594355106 0.9611310228705405 16.7
      vertex 30.054307997226715 1.3743440002202987 16.7
    endloop
  endfacet
  facet normal 0 0 1
    outer loop
      vertex 30.054307997226715 1.3743440002202987 16.7
      vertex 30.391122609376907 1.018912898004055 16.7
      vertex 30.17965591698885 1.4519258752465247 16.7
    endloop
  endfacet
  facet normal 0 0 1
    outer loop
      vertex 30.461571998894215 1.0699960008263587 16.7
      vertex 30.542323671281338 1.1143318355083465 16.7
      vertex 30.319557957351208 1.517572084069252 16.7
    endloop
  endfacet
  facet normal 0 0 1
    outer loop
      vertex 30.461571998894215 1.0699960008263587 16.7
      vertex 30.319557957351208 1.517572084069252 16.7
      vertex 30.17965591698885 1.4519258752465247 16.7
    endloop
  endfacet
  facet normal 0 0 1
    outer loop
      vertex 30.542323671281338 1.1143318355083465 16.7
      vertex 30.632816411554813 1.1518467754125594 16.7
      vertex 30.47401412576437 1.571282611787319 16.7
    endloop
  endfacet
  facet normal 0 0 1
    outer loop
      vertex 30.632816411554813 1.1518467754125594 16.7
      vertex 30.73305020481348 1.182540813088417 16.7
      vertex 30.47401412576437 1.571282611787319 16.7
    endloop
  endfacet
  facet normal 0 0 1
    outer loop
      vertex 30.73305020481348 1.182540813088417 16.7
      vertex 30.84302505850792 1.2064139559864997 16.7
      vertex 30.643024407327175 1.6130574658513068 16.7
    endloop
  endfacet
  facet normal -0.5870225216822916 0.8095706016387721 0
    outer loop
      vertex 30.391122609376907 1.018912898004055 16.7
      vertex 30.391122609376907 1.018912898004055 17
      vertex 30.461571998894215 1.0699960008263587 16.7
    endloop
  endfacet
  facet normal -0.5870225216822916 0.8095706016387721 0
    outer loop
      vertex 30.461571998894215 1.0699960008263587 16.7
      vertex 30.391122609376907 1.018912898004055 17
      vertex 30.461571998894215 1.0699960008263587 17
    endloop
  endfacet
  facet normal -0.4812720173816652 0.8765713007424907 0
    outer loop
      vertex 30.461571998894215 1.0699960008263587 16.7
      vertex 30.461571998894215 1.0699960008263587 17
      vertex 30.542323671281338 1.1143318355083465 16.7
    endloop
  endfacet
  facet normal -0.38295892373301305 0.9237653721228418 0
    outer loop
      vertex 30.542323671281338 1.1143318355083465 16.7
      vertex 30.542323671281338 1.1143318355083465 17
      vertex 30.632816411554813 1.1518467754125594 16.7
    endloop
  endfacet
  facet normal -0.29280344015001253 0.9561726546164756 0
    outer loop
      vertex 30.632816411554813 1.1518467754125594 16.7
      vertex 30.632816411554813 1.1518467754125594 17
      vertex 30.73305020481348 1.182540813088417 16.7
    endloop
  endfacet
  facet normal -0.21213746118207816 0.9772398362547561 0
    outer loop
      vertex 30.73305020481348 1.182540813088417 16.7
      vertex 30.73305020481348 1.182540813088417 17
      vertex 30.84302505850792 1.2064139559864997 16.7
    endloop
  endfacet
  facet normal -0.4812720173816652 0.8765713007424907 0
    outer loop
      vertex 30.542323671281338 1.1143318355083465 16.7
      vertex 30.461571998894215 1.0699960008263587 17
      vertex 30.542323671281338 1.1143318355083465 17
    endloop
  endfacet
  facet normal -0.38295892373301305 0.9237653721228418 0
    outer loop
      vertex 30.632816411554813 1.1518467754125594 16.7
      vertex 30.542323671281338 1.1143318355083465 17
      vertex 30.632816411554813 1.1518467754125594 17
    endloop
  endfacet
  facet normal -0.29280344015001253 0.9561726546164756 0
    outer loop
      vertex 30.73305020481348 1.182540813088417 16.7
      vertex 30.632816411554813 1.1518467754125594 17
      vertex 30.73305020481348 1.182540813088417 17
    endloop
  endfacet
  facet normal -0.21213746118207816 0.9772398362547561 0
    outer loop
      vertex 30.84302505850792 1.2064139559864997 16.7
      vertex 30.73305020481348 1.182540813088417 17
      vertex 30.84302505850792 1.2064139559864997 17
    endloop
  endfacet
  facet normal 0.9509674922691771 0.3092908479849877 0
    outer loop
      vertex 32.30257599800825 0.6015720009803771 16.7
      vertex 32.27274040877819 0.6933066114783286 16.7
      vertex 32.27274040877819 0.6933066114783286 17
    endloop
  endfacet
  facet normal -0.1728994078135338 0.9849394878761483 0
    outer loop
      vertex 32.30257599800825 0.6015720009803771 16.7
      vertex 32.30257599800825 0.6015720009803771 17
      vertex 32.86353199928999 0.7000440001487731 16.7
    endloop
  endfacet
  facet normal 0.9509674922691771 0.3092908479849877 0
    outer loop
      vertex 32.30257599800825 0.6015720009803771 16.7
      vertex 32.27274040877819 0.6933066114783286 17
      vertex 32.30257599800825 0.6015720009803771 17
    endloop
  endfacet
  facet normal 0 0 1
    outer loop
      vertex 30.84302505850792 1.2064139559864997 16.7
      vertex 30.96274098008871 1.2234662041068076 16.7
      vertex 30.826588816940784 1.6428966537117957 16.7
    endloop
  endfacet
  facet normal 0 0 1
    outer loop
      vertex 30.96274098008871 1.2234662041068076 16.7
      vertex 31.092197962105274 1.2336975499987601 16.7
      vertex 31.024707347154617 1.6608001604676246 16.7
    endloop
  endfacet
  facet normal 0 0 1
    outer loop
      vertex 31.35859999805689 1.2340324908494948 16.7
      vertex 31.47764514386654 1.2248059600591659 16.7
      vertex 31.435098938643932 1.662291669845581 16.7
    endloop
  endfacet
  facet normal 0 0 1
    outer loop
      vertex 31.47764514386654 1.2248059600591659 16.7
      vertex 31.5885314270854 1.209428408741951 16.7
      vertex 31.61905575543642 1.6488626912236213 16.7
    endloop
  endfacet
  facet normal -0.1410159182366536 0.9900073286616992 0
    outer loop
      vertex 30.84302505850792 1.2064139559864997 16.7
      vertex 30.84302505850792 1.2064139559864997 17
      vertex 30.96274098008871 1.2234662041068076 16.7
    endloop
  endfacet
  facet normal -0.07878710926350904 0.9968914642095698 0
    outer loop
      vertex 30.96274098008871 1.2234662041068076 16.7
      vertex 30.96274098008871 1.2234662041068076 17
      vertex 31.092197962105274 1.2336975499987601 16.7
    endloop
  endfacet
  facet normal -0.024493362665145207 0.9996999925904541 0
    outer loop
      vertex 31.092197962105274 1.2336975499987601 16.7
      vertex 31.092197962105274 1.2336975499987601 17
      vertex 31.23139599710703 1.2371080011129378 16.7
    endloop
  endfacet
  facet normal 0.02417071567365034 0.9997078455748077 0
    outer loop
      vertex 31.23139599710703 1.2371080011129378 16.7
      vertex 31.23139599710703 1.2371080011129378 17
      vertex 31.35859999805689 1.2340324908494948 16.7
    endloop
  endfacet
  facet normal -0.1410159182366536 0.9900073286616992 0
    outer loop
      vertex 30.96274098008871 1.2234662041068076 16.7
      vertex 30.84302505850792 1.2064139559864997 17
      vertex 30.96274098008871 1.2234662041068076 17
    endloop
  endfacet
  facet normal -0.07878710926350904 0.9968914642095698 0
    outer loop
      vertex 31.092197962105274 1.2336975499987601 16.7
      vertex 30.96274098008871 1.2234662041068076 17
      vertex 31.092197962105274 1.2336975499987601 17
    endloop
  endfacet
  facet normal -0.024493362665145207 0.9996999925904541 0
    outer loop
      vertex 31.23139599710703 1.2371080011129378 16.7
      vertex 31.092197962105274 1.2336975499987601 17
      vertex 31.23139599710703 1.2371080011129378 17
    endloop
  endfacet
  facet normal 0.20511399612325132 0.9787380898863346 0
    outer loop
      vertex 31.5885314270854 1.209428408741951 16.7
      vertex 31.5885314270854 1.209428408741951 17
      vertex 31.69125885516405 1.18789983689785 16.7
    endloop
  endfacet
  facet normal 0.20511399612325132 0.9787380898863346 0
    outer loop
      vertex 31.69125885516405 1.18789983689785 16.7
      vertex 31.5885314270854 1.209428408741951 17
      vertex 31.69125885516405 1.18789983689785 17
    endloop
  endfacet
  facet normal 0.07727272986936153 0.9970099925369539 0
    outer loop
      vertex 31.35859999805689 1.2340324908494948 16.7
      vertex 31.35859999805689 1.2340324908494948 17
      vertex 31.47764514386654 1.2248059600591659 16.7
    endloop
  endfacet
  facet normal 0.13736398683224535 0.9905206384127244 0
    outer loop
      vertex 31.47764514386654 1.2248059600591659 16.7
      vertex 31.47764514386654 1.2248059600591659 17
      vertex 31.5885314270854 1.209428408741951 16.7
    endloop
  endfacet
  facet normal 0.02417071567365034 0.9997078455748077 0
    outer loop
      vertex 31.35859999805689 1.2340324908494948 16.7
      vertex 31.23139599710703 1.2371080011129378 17
      vertex 31.35859999805689 1.2340324908494948 17
    endloop
  endfacet
  facet normal 0.07727272986936153 0.9970099925369539 0
    outer loop
      vertex 31.47764514386654 1.2248059600591659 16.7
      vertex 31.35859999805689 1.2340324908494948 17
      vertex 31.47764514386654 1.2248059600591659 17
    endloop
  endfacet
  facet normal 0.13736398683224535 0.9905206384127244 0
    outer loop
      vertex 31.5885314270854 1.209428408741951 16.7
      vertex 31.47764514386654 1.2248059600591659 17
      vertex 31.5885314270854 1.209428408741951 17
    endloop
  endfacet
  facet normal 0 0 1
    outer loop
      vertex 32.30257599800825 0.6015720009803771 16.7
      vertex 32.815420247614384 0.8446244090795516 16.7
      vertex 32.27274040877819 0.6933066114783286 16.7
    endloop
  endfacet
  facet normal 0 0 1
    outer loop
      vertex 32.27274040877819 0.6933066114783286 16.7
      vertex 32.75805412232876 0.9766010582447051 16.7
      vertex 32.236083917319775 0.7775504454970359 16.7
    endloop
  endfacet
  facet normal 0 0 1
    outer loop
      vertex 32.236083917319775 0.7775504454970359 16.7
      vertex 32.691433630883694 1.0959739625453948 16.7
      vertex 32.192606531083584 0.8543035104870795 16.7
    endloop
  endfacet
  facet normal 0 0 1
    outer loop
      vertex 32.14230824261904 0.9235657989978789 16.7
      vertex 32.192606531083584 0.8543035104870795 16.7
      vertex 32.61555877327919 1.202743099629879 16.7
    endloop
  endfacet
  facet normal 0.6471753256636722 0.7623411951692759 0
    outer loop
      vertex 32.08518905937672 0.9853373035788535 16.7
      vertex 32.02124898135662 1.0396180391311645 16.7
      vertex 32.02124898135662 1.0396180391311645 17
    endloop
  endfacet
  facet normal 0.6471753256636722 0.7623411951692759 0
    outer loop
      vertex 32.08518905937672 0.9853373035788535 16.7
      vertex 32.02124898135662 1.0396180391311645 17
      vertex 32.08518905937672 0.9853373035788535 17
    endloop
  endfacet
  facet normal 0.9169556419859546 0.39898916104341225 0
    outer loop
      vertex 32.27274040877819 0.6933066114783286 16.7
      vertex 32.236083917319775 0.7775504454970359 16.7
      vertex 32.236083917319775 0.7775504454970359 17
    endloop
  endfacet
  facet normal 0.8701000593007107 0.4928751229316608 0
    outer loop
      vertex 32.236083917319775 0.7775504454970359 16.7
      vertex 32.192606531083584 0.8543035104870795 16.7
      vertex 32.192606531083584 0.8543035104870795 17
    endloop
  endfacet
  facet normal 0.9169556419859546 0.39898916104341225 0
    outer loop
      vertex 32.27274040877819 0.6933066114783286 16.7
      vertex 32.236083917319775 0.7775504454970359 17
      vertex 32.27274040877819 0.6933066114783286 17
    endloop
  endfacet
  facet normal 0.8701000593007107 0.4928751229316608 0
    outer loop
      vertex 32.236083917319775 0.7775504454970359 16.7
      vertex 32.192606531083584 0.8543035104870795 17
      vertex 32.236083917319775 0.7775504454970359 17
    endloop
  endfacet
  facet normal 0.8091486887950772 0.5876039477583582 0
    outer loop
      vertex 32.14230824261904 0.9235657989978789 16.7
      vertex 32.14230824261904 0.9235657989978789 17
      vertex 32.192606531083584 0.8543035104870795 16.7
    endloop
  endfacet
  facet normal 0.734214720076699 0.678917332834193 0
    outer loop
      vertex 32.14230824261904 0.9235657989978789 16.7
      vertex 32.08518905937672 0.9853373035788535 16.7
      vertex 32.08518905937672 0.9853373035788535 17
    endloop
  endfacet
  facet normal 0.8091486887950772 0.5876039477583582 0
    outer loop
      vertex 32.192606531083584 0.8543035104870795 16.7
      vertex 32.14230824261904 0.9235657989978789 17
      vertex 32.192606531083584 0.8543035104870795 17
    endloop
  endfacet
  facet normal 0.734214720076699 0.678917332834193 0
    outer loop
      vertex 32.14230824261904 0.9235657989978789 16.7
      vertex 32.08518905937672 0.9853373035788535 17
      vertex 32.14230824261904 0.9235657989978789 17
    endloop
  endfacet
  facet normal 0 0 1
    outer loop
      vertex 31.69125885516405 1.18789983689785 16.7
      vertex 31.785827428102493 1.160220244526863 16.7
      vertex 31.789250448346138 1.626481057703495 16.7
    endloop
  endfacet
  facet normal 0 0 1
    outer loop
      vertex 31.5885314270854 1.209428408741951 16.7
      vertex 31.69125885516405 1.18789983689785 16.7
      vertex 31.789250448346138 1.626481057703495 16.7
    endloop
  endfacet
  facet normal 0 0 1
    outer loop
      vertex 31.785827428102493 1.160220244526863 16.7
      vertex 31.872237145900726 1.12638963162899 16.7
      vertex 31.945683017373085 1.5951467767357825 16.7
    endloop
  endfacet
  facet normal 0 0 1
    outer loop
      vertex 31.95048800110817 1.0864079982042312 16.7
      vertex 32.08835346996784 1.5548598334193229 16.7
      vertex 31.872237145900726 1.12638963162899 16.7
    endloop
  endfacet
  facet normal 0 0 1
    outer loop
      vertex 31.95048800110817 1.0864079982042312 16.7
      vertex 32.02124898135662 1.0396180391311645 16.7
      vertex 32.21726179867983 1.5056202426552772 16.7
    endloop
  endfacet
  facet normal 0 0 1
    outer loop
      vertex 32.14230824261904 0.9235657989978789 16.7
      vertex 32.53042954951525 1.2969084918498992 16.7
      vertex 32.08518905937672 0.9853373035788535 16.7
    endloop
  endfacet
  facet normal 0 0 1
    outer loop
      vertex 32.08518905937672 0.9853373035788535 16.7
      vertex 32.332408003509045 1.4474279969930648 16.7
      vertex 32.02124898135662 1.0396180391311645 16.7
    endloop
  endfacet
  facet normal 0 0 1
    outer loop
      vertex 32.192606531083584 0.8543035104870795 16.7
      vertex 32.691433630883694 1.0959739625453948 16.7
      vertex 32.61555877327919 1.202743099629879 16.7
    endloop
  endfacet
  facet normal 0 0 1
    outer loop
      vertex 32.14230824261904 0.9235657989978789 16.7
      vertex 32.61555877327919 1.202743099629879 16.7
      vertex 32.53042954951525 1.2969084918498992 16.7
    endloop
  endfacet
  facet normal 0 0 1
    outer loop
      vertex 32.08518905937672 0.9853373035788535 16.7
      vertex 32.436045959591866 1.3784701243042945 16.7
      vertex 32.332408003509045 1.4474279969930648 16.7
    endloop
  endfacet
  facet normal 0 0 1
    outer loop
      vertex 32.02124898135662 1.0396180391311645 16.7
      vertex 32.332408003509045 1.4474279969930648 16.7
      vertex 32.21726179867983 1.5056202426552772 16.7
    endloop
  endfacet
  facet normal 0 0 1
    outer loop
      vertex 32.08518905937672 0.9853373035788535 16.7
      vertex 32.53042954951525 1.2969084918498992 16.7
      vertex 32.436045959591866 1.3784701243042945 16.7
    endloop
  endfacet
  facet normal 0.28090796698078657 0.9597347102646238 0
    outer loop
      vertex 31.69125885516405 1.18789983689785 16.7
      vertex 31.69125885516405 1.18789983689785 17
      vertex 31.785827428102493 1.160220244526863 16.7
    endloop
  endfacet
  facet normal 0.36456862998921064 0.9311765214113756 0
    outer loop
      vertex 31.785827428102493 1.160220244526863 16.7
      vertex 31.785827428102493 1.160220244526863 17
      vertex 31.872237145900726 1.12638963162899 16.7
    endloop
  endfacet
  facet normal 0.551562227838677 0.8341337475618855 0
    outer loop
      vertex 31.95048800110817 1.0864079982042312 16.7
      vertex 31.95048800110817 1.0864079982042312 17
      vertex 32.02124898135662 1.0396180391311645 16.7
    endloop
  endfacet
  facet normal 0.4549915189657492 0.8904957707194573 0
    outer loop
      vertex 31.95048800110817 1.0864079982042312 16.7
      vertex 31.872237145900726 1.12638963162899 16.7
      vertex 31.872237145900726 1.12638963162899 17
    endloop
  endfacet
  facet normal 0.28090796698078657 0.9597347102646238 0
    outer loop
      vertex 31.785827428102493 1.160220244526863 16.7
      vertex 31.69125885516405 1.18789983689785 17
      vertex 31.785827428102493 1.160220244526863 17
    endloop
  endfacet
  facet normal 0.36456862998921064 0.9311765214113756 0
    outer loop
      vertex 31.872237145900726 1.12638963162899 16.7
      vertex 31.785827428102493 1.160220244526863 17
      vertex 31.872237145900726 1.12638963162899 17
    endloop
  endfacet
  facet normal 0.4549915189657492 0.8904957707194573 0
    outer loop
      vertex 31.95048800110817 1.0864079982042312 16.7
      vertex 31.872237145900726 1.12638963162899 17
      vertex 31.95048800110817 1.0864079982042312 17
    endloop
  endfacet
  facet normal 0.551562227838677 0.8341337475618855 0
    outer loop
      vertex 32.02124898135662 1.0396180391311645 16.7
      vertex 31.95048800110817 1.0864079982042312 17
      vertex 32.02124898135662 1.0396180391311645 17
    endloop
  endfacet
  facet normal -0.6538426879864451 -0.7566305170733336 0
    outer loop
      vertex 32.53042954951525 1.2969084918498992 16.7
      vertex 32.53042954951525 1.2969084918498992 17
      vertex 32.436045959591866 1.3784701243042945 16.7
    endloop
  endfacet
  facet normal -0.6538426879864451 -0.7566305170733336 0
    outer loop
      vertex 32.436045959591866 1.3784701243042945 16.7
      vertex 32.53042954951525 1.2969084918498992 17
      vertex 32.436045959591866 1.3784701243042945 17
    endloop
  endfacet
  facet normal 0 0 1
    outer loop
      vertex 30.542323671281338 1.1143318355083465 16.7
      vertex 30.47401412576437 1.571282611787319 16.7
      vertex 30.319557957351208 1.517572084069252 16.7
    endloop
  endfacet
  facet normal 0 0 1
    outer loop
      vertex 30.73305020481348 1.182540813088417 16.7
      vertex 30.643024407327175 1.6130574658513068 16.7
      vertex 30.47401412576437 1.571282611787319 16.7
    endloop
  endfacet
  facet normal 0 0 1
    outer loop
      vertex 30.84302505850792 1.2064139559864997 16.7
      vertex 30.826588816940784 1.6428966537117957 16.7
      vertex 30.643024407327175 1.6130574658513068 16.7
    endloop
  endfacet
  facet normal 0.5262837163807008 -0.850309031983383 0
    outer loop
      vertex 30.054307997226715 1.3743440002202987 16.7
      vertex 30.17965591698885 1.4519258752465247 16.7
      vertex 30.17965591698885 1.4519258752465247 17
    endloop
  endfacet
  facet normal 0.4247899679947572 -0.9052919325228813 0
    outer loop
      vertex 30.17965591698885 1.4519258752465247 16.7
      vertex 30.319557957351208 1.517572084069252 16.7
      vertex 30.319557957351208 1.517572084069252 17
    endloop
  endfacet
  facet normal 0.5262837163807008 -0.850309031983383 0
    outer loop
      vertex 30.054307997226715 1.3743440002202987 16.7
      vertex 30.17965591698885 1.4519258752465247 17
      vertex 30.054307997226715 1.3743440002202987 17
    endloop
  endfacet
  facet normal 0.4247899679947572 -0.9052919325228813 0
    outer loop
      vertex 30.17965591698885 1.4519258752465247 16.7
      vertex 30.319557957351208 1.517572084069252 17
      vertex 30.17965591698885 1.4519258752465247 17
    endloop
  endfacet
  facet normal 0.32844775961650663 -0.9445221380163079 0
    outer loop
      vertex 30.319557957351208 1.517572084069252 16.7
      vertex 30.47401412576437 1.571282611787319 17
      vertex 30.319557957351208 1.517572084069252 17
    endloop
  endfacet
  facet normal 0.32844775961650663 -0.9445221380163079 0
    outer loop
      vertex 30.319557957351208 1.517572084069252 16.7
      vertex 30.47401412576437 1.571282611787319 16.7
      vertex 30.47401412576437 1.571282611787319 17
    endloop
  endfacet
  facet normal 0.23995220255235067 -0.9707847034694541 0
    outer loop
      vertex 30.47401412576437 1.571282611787319 16.7
      vertex 30.643024407327175 1.6130574658513068 16.7
      vertex 30.643024407327175 1.6130574658513068 17
    endloop
  endfacet
  facet normal 0.16044830643219124 -0.9870442446836117 0
    outer loop
      vertex 30.643024407327175 1.6130574658513068 16.7
      vertex 30.826588816940784 1.6428966537117957 16.7
      vertex 30.826588816940784 1.6428966537117957 17
    endloop
  endfacet
  facet normal 0.23995220255235067 -0.9707847034694541 0
    outer loop
      vertex 30.47401412576437 1.571282611787319 16.7
      vertex 30.643024407327175 1.6130574658513068 17
      vertex 30.47401412576437 1.571282611787319 17
    endloop
  endfacet
  facet normal 0.16044830643219124 -0.9870442446836117 0
    outer loop
      vertex 30.643024407327175 1.6130574658513068 16.7
      vertex 30.826588816940784 1.6428966537117957 17
      vertex 30.643024407327175 1.6130574658513068 17
    endloop
  endfacet
  facet normal 0 0 1
    outer loop
      vertex 30.96274098008871 1.2234662041068076 16.7
      vertex 31.024707347154617 1.6608001604676246 16.7
      vertex 30.826588816940784 1.6428966537117957 16.7
    endloop
  endfacet
  facet normal 0 0 1
    outer loop
      vertex 31.092197962105274 1.2336975499987601 16.7
      vertex 31.23139599710703 1.2371080011129378 16.7
      vertex 31.237379997968674 1.6667680010199546 16.7
    endloop
  endfacet
  facet normal 0 0 1
    outer loop
      vertex 31.23139599710703 1.2371080011129378 16.7
      vertex 31.35859999805689 1.2340324908494948 16.7
      vertex 31.237379997968674 1.6667680010199546 16.7
    endloop
  endfacet
  facet normal 0 0 1
    outer loop
      vertex 31.092197962105274 1.2336975499987601 16.7
      vertex 31.237379997968674 1.6667680010199546 16.7
      vertex 31.024707347154617 1.6608001604676246 16.7
    endloop
  endfacet
  facet normal 0 0 1
    outer loop
      vertex 31.35859999805689 1.2340324908494948 16.7
      vertex 31.435098938643932 1.662291669845581 16.7
      vertex 31.237379997968674 1.6667680010199546 16.7
    endloop
  endfacet
  facet normal 0 0 1
    outer loop
      vertex 31.47764514386654 1.2248059600591659 16.7
      vertex 31.61905575543642 1.6488626912236213 16.7
      vertex 31.435098938643932 1.662291669845581 16.7
    endloop
  endfacet
  facet normal 0 0 1
    outer loop
      vertex 31.5885314270854 1.209428408741951 16.7
      vertex 31.789250448346138 1.626481057703495 16.7
      vertex 31.61905575543642 1.6488626912236213 16.7
    endloop
  endfacet
  facet normal 0.09000091323051845 -0.9959416828397497 0
    outer loop
      vertex 30.826588816940784 1.6428966537117957 16.7
      vertex 31.024707347154617 1.6608001604676246 16.7
      vertex 31.024707347154617 1.6608001604676246 17
    endloop
  endfacet
  facet normal 0.028050115011570197 -0.99960651810992 0
    outer loop
      vertex 31.024707347154617 1.6608001604676246 16.7
      vertex 31.237379997968674 1.6667680010199546 16.7
      vertex 31.237379997968674 1.6667680010199546 17
    endloop
  endfacet
  facet normal 0.09000091323051845 -0.9959416828397497 0
    outer loop
      vertex 30.826588816940784 1.6428966537117957 16.7
      vertex 31.024707347154617 1.6608001604676246 17
      vertex 30.826588816940784 1.6428966537117957 17
    endloop
  endfacet
  facet normal 0.028050115011570197 -0.99960651810992 0
    outer loop
      vertex 31.024707347154617 1.6608001604676246 16.7
      vertex 31.237379997968674 1.6667680010199546 17
      vertex 31.024707347154617 1.6608001604676246 17
    endloop
  endfacet
  facet normal -0.022634070349638637 -0.9997438166147403 0
    outer loop
      vertex 31.237379997968674 1.6667680010199546 16.7
      vertex 31.435098938643932 1.662291669845581 16.7
      vertex 31.435098938643932 1.662291669845581 17
    endloop
  endfacet
  facet normal -0.07280697191348706 -0.9973460506969428 0
    outer loop
      vertex 31.435098938643932 1.662291669845581 16.7
      vertex 31.61905575543642 1.6488626912236213 16.7
      vertex 31.61905575543642 1.6488626912236213 17
    endloop
  endfacet
  facet normal -0.022634070349638637 -0.9997438166147403 0
    outer loop
      vertex 31.237379997968674 1.6667680010199546 16.7
      vertex 31.435098938643932 1.662291669845581 17
      vertex 31.237379997968674 1.6667680010199546 17
    endloop
  endfacet
  facet normal -0.07280697191348706 -0.9973460506969428 0
    outer loop
      vertex 31.435098938643932 1.662291669845581 16.7
      vertex 31.61905575543642 1.6488626912236213 17
      vertex 31.435098938643932 1.662291669845581 17
    endloop
  endfacet
  facet normal -0.1303834770269302 -0.9914636397359048 0
    outer loop
      vertex 31.61905575543642 1.6488626912236213 16.7
      vertex 31.789250448346138 1.626481057703495 17
      vertex 31.61905575543642 1.6488626912236213 17
    endloop
  endfacet
  facet normal 0 0 1
    outer loop
      vertex 31.785827428102493 1.160220244526863 16.7
      vertex 31.945683017373085 1.5951467767357825 16.7
      vertex 31.789250448346138 1.626481057703495 16.7
    endloop
  endfacet
  facet normal 0 0 1
    outer loop
      vertex 31.872237145900726 1.12638963162899 16.7
      vertex 32.08835346996784 1.5548598334193229 16.7
      vertex 31.945683017373085 1.5951467767357825 16.7
    endloop
  endfacet
  facet normal 0 0 1
    outer loop
      vertex 31.95048800110817 1.0864079982042312 16.7
      vertex 32.21726179867983 1.5056202426552772 16.7
      vertex 32.08835346996784 1.5548598334193229 16.7
    endloop
  endfacet
  facet normal -0.1303834770269302 -0.9914636397359048 0
    outer loop
      vertex 31.61905575543642 1.6488626912236213 16.7
      vertex 31.789250448346138 1.626481057703495 16.7
      vertex 31.789250448346138 1.626481057703495 17
    endloop
  endfacet
  facet normal -0.1964040167889954 -0.980523055409279 0
    outer loop
      vertex 31.789250448346138 1.626481057703495 16.7
      vertex 31.945683017373085 1.5951467767357825 16.7
      vertex 31.945683017373085 1.5951467767357825 17
    endloop
  endfacet
  facet normal -0.27175106954920014 -0.9623675785264516 0
    outer loop
      vertex 31.945683017373085 1.5951467767357825 16.7
      vertex 32.08835346996784 1.5548598334193229 16.7
      vertex 32.08835346996784 1.5548598334193229 17
    endloop
  endfacet
  facet normal -0.1964040167889954 -0.980523055409279 0
    outer loop
      vertex 31.789250448346138 1.626481057703495 16.7
      vertex 31.945683017373085 1.5951467767357825 17
      vertex 31.789250448346138 1.626481057703495 17
    endloop
  endfacet
  facet normal -0.27175106954920014 -0.9623675785264516 0
    outer loop
      vertex 31.945683017373085 1.5951467767357825 16.7
      vertex 32.08835346996784 1.5548598334193229 17
      vertex 31.945683017373085 1.5951467767357825 17
    endloop
  endfacet
  facet normal -0.35682835460516293 -0.9341699659857258 0
    outer loop
      vertex 32.08835346996784 1.5548598334193229 16.7
      vertex 32.21726179867983 1.5056202426552772 16.7
      vertex 32.21726179867983 1.5056202426552772 17
    endloop
  endfacet
  facet normal -0.45104866398593324 -0.8924993572639168 0
    outer loop
      vertex 32.332408003509045 1.4474279969930648 16.7
      vertex 32.332408003509045 1.4474279969930648 17
      vertex 32.21726179867983 1.5056202426552772 16.7
    endloop
  endfacet
  facet normal -0.5539541919801043 -0.8325471477265836 0
    outer loop
      vertex 32.332408003509045 1.4474279969930648 16.7
      vertex 32.436045959591866 1.3784701243042945 16.7
      vertex 32.436045959591866 1.3784701243042945 17
    endloop
  endfacet
  facet normal -0.35682835460516293 -0.9341699659857258 0
    outer loop
      vertex 32.08835346996784 1.5548598334193229 16.7
      vertex 32.21726179867983 1.5056202426552772 17
      vertex 32.08835346996784 1.5548598334193229 17
    endloop
  endfacet
  facet normal -0.45104866398593324 -0.8924993572639168 0
    outer loop
      vertex 32.21726179867983 1.5056202426552772 16.7
      vertex 32.332408003509045 1.4474279969930648 17
      vertex 32.21726179867983 1.5056202426552772 17
    endloop
  endfacet
  facet normal -0.5539541919801043 -0.8325471477265836 0
    outer loop
      vertex 32.332408003509045 1.4474279969930648 16.7
      vertex 32.436045959591866 1.3784701243042945 17
      vertex 32.332408003509045 1.4474279969930648 17
    endloop
  endfacet
  facet normal -0.1728994078135338 0.9849394878761483 0
    outer loop
      vertex 32.86353199928999 0.7000440001487731 16.7
      vertex 32.30257599800825 0.6015720009803771 17
      vertex 32.86353199928999 0.7000440001487731 17
    endloop
  endfacet
  facet normal 1 0 0
    outer loop
      vertex 33.744015999138355 -2.6 16.7
      vertex 33.744015999138355 1.6041120007634162 16.7
      vertex 33.744015999138355 1.6041120007634162 17
    endloop
  endfacet
  facet normal 0 0 1
    outer loop
      vertex 32.30257599800825 0.6015720009803771 16.7
      vertex 32.86353199928999 0.7000440001487731 16.7
      vertex 32.815420247614384 0.8446244090795516 16.7
    endloop
  endfacet
  facet normal 0 0 1
    outer loop
      vertex 32.27274040877819 0.6933066114783286 16.7
      vertex 32.815420247614384 0.8446244090795516 16.7
      vertex 32.75805412232876 0.9766010582447051 16.7
    endloop
  endfacet
  facet normal 0 0 1
    outer loop
      vertex 32.236083917319775 0.7775504454970359 16.7
      vertex 32.75805412232876 0.9766010582447051 16.7
      vertex 32.691433630883694 1.0959739625453948 16.7
    endloop
  endfacet
  facet normal -0.9488440634732754 -0.31574506047050466 0
    outer loop
      vertex 32.86353199928999 0.7000440001487731 16.7
      vertex 32.86353199928999 0.7000440001487731 17
      vertex 32.815420247614384 0.8446244090795516 16.7
    endloop
  endfacet
  facet normal -0.9488440634732754 -0.31574506047050466 0
    outer loop
      vertex 32.815420247614384 0.8446244090795516 16.7
      vertex 32.86353199928999 0.7000440001487731 17
      vertex 32.815420247614384 0.8446244090795516 17
    endloop
  endfacet
  facet normal -0.9171082340994272 -0.3986382908690912 0
    outer loop
      vertex 32.815420247614384 0.8446244090795516 16.7
      vertex 32.815420247614384 0.8446244090795516 17
      vertex 32.75805412232876 0.9766010582447051 16.7
    endloop
  endfacet
  facet normal -0.8732171448554634 -0.4873313225419362 0
    outer loop
      vertex 32.75805412232876 0.9766010582447051 16.7
      vertex 32.75805412232876 0.9766010582447051 17
      vertex 32.691433630883694 1.0959739625453948 16.7
    endloop
  endfacet
  facet normal -0.9171082340994272 -0.3986382908690912 0
    outer loop
      vertex 32.75805412232876 0.9766010582447051 16.7
      vertex 32.815420247614384 0.8446244090795516 17
      vertex 32.75805412232876 0.9766010582447051 17
    endloop
  endfacet
  facet normal -0.8151350728458427 -0.5792709323076746 0
    outer loop
      vertex 32.691433630883694 1.0959739625453948 16.7
      vertex 32.691433630883694 1.0959739625453948 17
      vertex 32.61555877327919 1.202743099629879 16.7
    endloop
  endfacet
  facet normal -0.8151350728458427 -0.5792709323076746 0
    outer loop
      vertex 32.61555877327919 1.202743099629879 16.7
      vertex 32.691433630883694 1.0959739625453948 17
      vertex 32.61555877327919 1.202743099629879 17
    endloop
  endfacet
  facet normal -0.8732171448554634 -0.4873313225419362 0
    outer loop
      vertex 32.691433630883694 1.0959739625453948 16.7
      vertex 32.75805412232876 0.9766010582447051 17
      vertex 32.691433630883694 1.0959739625453948 17
    endloop
  endfacet
  facet normal -0.7418023654851434 -0.6706185581689832 0
    outer loop
      vertex 32.53042954951525 1.2969084918498992 16.7
      vertex 32.61555877327919 1.202743099629879 16.7
      vertex 32.61555877327919 1.202743099629879 17
    endloop
  endfacet
  facet normal -0.7418023654851434 -0.6706185581689832 0
    outer loop
      vertex 32.53042954951525 1.2969084918498992 16.7
      vertex 32.61555877327919 1.202743099629879 17
      vertex 32.53042954951525 1.2969084918498992 17
    endloop
  endfacet
  facet normal 0 0 1
    outer loop
      vertex 34.313904002308846 -0.21000800132751474 16.7
      vertex 34.313904002308846 1.1386360019445418 16.7
      vertex 33.744015999138355 1.6041120007634162 16.7
    endloop
  endfacet
  facet normal -1 0 0
    outer loop
      vertex 34.313904002308846 -0.21000800132751474 16.7
      vertex 34.313904002308846 -0.21000800132751474 17
      vertex 34.313904002308846 1.1386360019445418 16.7
    endloop
  endfacet
  facet normal -1 0 0
    outer loop
      vertex 34.313904002308846 1.1386360019445418 16.7
      vertex 34.313904002308846 -0.21000800132751474 17
      vertex 34.313904002308846 1.1386360019445418 17
    endloop
  endfacet
  facet normal 0 1 0
    outer loop
      vertex 34.313904002308846 1.1386360019445418 16.7
      vertex 34.313904002308846 1.1386360019445418 17
      vertex 36.93361999839544 1.1386360019445418 16.7
    endloop
  endfacet
  facet normal 0 -1 0
    outer loop
      vertex 33.744015999138355 1.6041120007634162 16.7
      vertex 36.93361999839544 1.6041120007634162 17
      vertex 33.744015999138355 1.6041120007634162 17
    endloop
  endfacet
  facet normal 0 0 1
    outer loop
      vertex 34.313904002308846 1.1386360019445418 16.7
      vertex 36.93361999839544 1.6041120007634162 16.7
      vertex 33.744015999138355 1.6041120007634162 16.7
    endloop
  endfacet
  facet normal 0 0 1
    outer loop
      vertex 34.313904002308846 1.1386360019445418 16.7
      vertex 36.93361999839544 1.1386360019445418 16.7
      vertex 36.93361999839544 1.6041120007634162 16.7
    endloop
  endfacet
  facet normal 0 1 0
    outer loop
      vertex 36.93361999839544 1.1386360019445418 16.7
      vertex 34.313904002308846 1.1386360019445418 17
      vertex 36.93361999839544 1.1386360019445418 17
    endloop
  endfacet
  facet normal -1 0 0
    outer loop
      vertex 36.93361999839544 1.1386360019445418 16.7
      vertex 36.93361999839544 1.1386360019445418 17
      vertex 36.93361999839544 1.6041120007634162 16.7
    endloop
  endfacet
  facet normal 0 -1 0
    outer loop
      vertex 33.744015999138355 1.6041120007634162 16.7
      vertex 36.93361999839544 1.6041120007634162 16.7
      vertex 36.93361999839544 1.6041120007634162 17
    endloop
  endfacet
  facet normal -1 0 0
    outer loop
      vertex 36.93361999839544 1.6041120007634162 16.7
      vertex 36.93361999839544 1.1386360019445418 17
      vertex 36.93361999839544 1.6041120007634162 17
    endloop
  endfacet
endsolid OpenSCAD_Model
