solid OpenSCAD_Model
  facet normal -1 0 0
    outer loop
      vertex 52 -10.66293922460509 0.8888595339607956
      vertex 52 -10.111140466039204 0.33706077539490953
      vertex 52 -10.414213562373096 0.5857864376269049
    endloop
  endfacet
  facet normal -1 0 0
    outer loop
      vertex 52 -10.111140466039204 0.33706077539490953
      vertex 52 -9 0
      vertex 52 -9.76536686473018 0.15224093497742652
    endloop
  endfacet
  facet normal 0 -0.8819212643483538 -0.47139673682600003
    outer loop
      vertex 52 -10.66293922460509 0.8888595339607956
      vertex 54 -10.66293922460509 0.8888595339607956
      vertex 52 -10.847759065022574 1.2346331352698203
    endloop
  endfacet
  facet normal 0 -0.773010453362739 -0.634393284163643
    outer loop
      vertex 52 -10.66293922460509 0.8888595339607956
      vertex 52 -10.414213562373096 0.5857864376269049
      vertex 54 -10.66293922460509 0.8888595339607956
    endloop
  endfacet
  facet normal 1.8153092191257979e-19 -0.6343932841636443 -0.7730104533627379
    outer loop
      vertex 52 -10.414213562373096 0.5857864376269049
      vertex 52 -10.111140466039204 0.33706077539490953
      vertex 54 -10.111140466039204 0.33706077539490953
    endloop
  endfacet
  facet normal 1.1820451889129251e-18 -0.47139673682599736 -0.8819212643483552
    outer loop
      vertex 52 -10.111140466039204 0.33706077539490953
      vertex 52 -9.76536686473018 0.15224093497742652
      vertex 54 -9.76536686473018 0.15224093497742652
    endloop
  endfacet
  facet normal -1 0 0
    outer loop
      vertex 52 -10.66293922460509 0.8888595339607956
      vertex 52 -10.847759065022574 1.2346331352698203
      vertex 52 -11 2
    endloop
  endfacet
  facet normal -1 0 0
    outer loop
      vertex 52 -10.66293922460509 0.8888595339607956
      vertex 52 -11 2
      vertex 52 -10.111140466039204 0.33706077539490953
    endloop
  endfacet
  facet normal -1 0 0
    outer loop
      vertex 52 -10.847759065022574 1.2346331352698203
      vertex 52 -10.96157056080646 1.6098193559677436
      vertex 52 -11 2
    endloop
  endfacet
  facet normal 0 -0.9569403357322093 -0.29028467725446117
    outer loop
      vertex 52 -10.847759065022574 1.2346331352698203
      vertex 54 -10.847759065022574 1.2346331352698203
      vertex 52 -10.96157056080646 1.6098193559677436
    endloop
  endfacet
  facet normal -3.7542948902547064e-19 -0.9951847266721969 -0.09801714032956074
    outer loop
      vertex 52 -10.96157056080646 1.6098193559677436
      vertex 54 -11 2
      vertex 52 -11 2
    endloop
  endfacet
  facet normal -1 0 0
    outer loop
      vertex 52 -9.76536686473018 0.15224093497742652
      vertex 52 -9 0
      vertex 52 -9.390180644032256 0.03842943919353914
    endloop
  endfacet
  facet normal -4.419026305301613e-18 -0.29028467725446216 -0.9569403357322089
    outer loop
      vertex 52 -9.76536686473018 0.15224093497742652
      vertex 52 -9.390180644032256 0.03842943919353914
      vertex 54 -9.390180644032256 0.03842943919353914
    endloop
  endfacet
  facet normal 0 -0.09801714032956085 -0.9951847266721969
    outer loop
      vertex 52 -9.390180644032256 0.03842943919353914
      vertex 52 -9 0
      vertex 54 -9.390180644032256 0.03842943919353914
    endloop
  endfacet
  facet normal -1 0 0
    outer loop
      vertex 52 -10.111140466039204 0.33706077539490953
      vertex 52 -8.621320343559645 2.378679656440357
      vertex 52 -8.166710699058807 2.0055911630923644
    endloop
  endfacet
  facet normal -1 0 0
    outer loop
      vertex 52 -10.111140466039204 0.33706077539490953
      vertex 52 -8.994408836907638 2.8332893009411935
      vertex 52 -8.621320343559645 2.378679656440357
    endloop
  endfacet
  facet normal -1 0 0
    outer loop
      vertex 52 -10.111140466039204 0.33706077539490953
      vertex 52 -8.166710699058807 2.0055911630923644
      vertex 52 -7.648050297095271 1.72836140246614
    endloop
  endfacet
  facet normal -1 0 0
    outer loop
      vertex 52 -10.111140466039204 0.33706077539490953
      vertex 52 -7.648050297095271 1.72836140246614
      vertex 52 -7.085270966048387 1.5576441587903087
    endloop
  endfacet
  facet normal 0 -0.6343932841636443 -0.7730104533627379
    outer loop
      vertex 52 -10.414213562373096 0.5857864376269049
      vertex 54 -10.111140466039204 0.33706077539490953
      vertex 54 -10.414213562373096 0.5857864376269049
    endloop
  endfacet
  facet normal 0 -0.773010453362739 -0.634393284163643
    outer loop
      vertex 52 -10.414213562373096 0.5857864376269049
      vertex 54 -10.414213562373096 0.5857864376269049
      vertex 54 -10.66293922460509 0.8888595339607956
    endloop
  endfacet
  facet normal 0 -0.47139673682599736 -0.8819212643483552
    outer loop
      vertex 52 -10.111140466039204 0.33706077539490953
      vertex 54 -9.76536686473018 0.15224093497742652
      vertex 54 -10.111140466039204 0.33706077539490953
    endloop
  endfacet
  facet normal 0 -0.29028467725446216 -0.9569403357322089
    outer loop
      vertex 52 -9.76536686473018 0.15224093497742652
      vertex 54 -9.390180644032256 0.03842943919353914
      vertex 54 -9.76536686473018 0.15224093497742652
    endloop
  endfacet
  facet normal 1 0 0
    outer loop
      vertex 54 -10.66293922460509 0.8888595339607956
      vertex 54 -10.414213562373096 0.5857864376269049
      vertex 54 -10.111140466039204 0.33706077539490953
    endloop
  endfacet
  facet normal 1 0 0
    outer loop
      vertex 54 -10.111140466039204 0.33706077539490953
      vertex 54 -9.76536686473018 0.15224093497742652
      vertex 54 -9 0
    endloop
  endfacet
  facet normal 0 -0.8819212643483538 -0.47139673682600003
    outer loop
      vertex 52 -10.847759065022574 1.2346331352698203
      vertex 54 -10.66293922460509 0.8888595339607956
      vertex 54 -10.847759065022574 1.2346331352698203
    endloop
  endfacet
  facet normal 0 -0.9569403357322093 -0.29028467725446117
    outer loop
      vertex 52 -10.96157056080646 1.6098193559677436
      vertex 54 -10.847759065022574 1.2346331352698203
      vertex 54 -10.96157056080646 1.6098193559677436
    endloop
  endfacet
  facet normal 0 -0.9951847266721969 -0.09801714032956074
    outer loop
      vertex 52 -10.96157056080646 1.6098193559677436
      vertex 54 -10.96157056080646 1.6098193559677436
      vertex 54 -11 2
    endloop
  endfacet
  facet normal 1 0 0
    outer loop
      vertex 54 -10.66293922460509 0.8888595339607956
      vertex 54 -11 2
      vertex 54 -10.847759065022574 1.2346331352698203
    endloop
  endfacet
  facet normal 1 0 0
    outer loop
      vertex 54 -10.66293922460509 0.8888595339607956
      vertex 54 -10.111140466039204 0.33706077539490953
      vertex 54 -11 2
    endloop
  endfacet
  facet normal 1 0 0
    outer loop
      vertex 54 -10.847759065022574 1.2346331352698203
      vertex 54 -11 2
      vertex 54 -10.96157056080646 1.6098193559677436
    endloop
  endfacet
  facet normal 0 -0.09801714032956085 -0.9951847266721969
    outer loop
      vertex 52 -9 0
      vertex 54 -9 0
      vertex 54 -9.390180644032256 0.03842943919353914
    endloop
  endfacet
  facet normal 1 0 0
    outer loop
      vertex 54 -9.76536686473018 0.15224093497742652
      vertex 54 -9.390180644032256 0.03842943919353914
      vertex 54 -9 0
    endloop
  endfacet
  facet normal -1 0 0
    outer loop
      vertex 52 -10.111140466039204 0.33706077539490953
      vertex 52 -9.500000000000002 4.5
      vertex 52 -9.442355841209693 3.914729033951615
    endloop
  endfacet
  facet normal -1 0 0
    outer loop
      vertex 52 -10.111140466039204 0.33706077539490953
      vertex 52 -9.271638597533862 3.3519497029047307
      vertex 52 -8.994408836907638 2.8332893009411935
    endloop
  endfacet
  facet normal -1 0 0
    outer loop
      vertex 52 -10.111140466039204 0.33706077539490953
      vertex 52 -9.442355841209693 3.914729033951615
      vertex 52 -9.271638597533862 3.3519497029047307
    endloop
  endfacet
  facet normal -1 0 0
    outer loop
      vertex 52 -10.111140466039204 0.33706077539490953
      vertex 52 -7.085270966048387 1.5576441587903087
      vertex 52 -6.500000000000002 1.5
    endloop
  endfacet
  facet normal -1 0 0
    outer loop
      vertex 52 -10.111140466039204 0.33706077539490953
      vertex 52 -11 2
      vertex 52 -11 15
    endloop
  endfacet
  facet normal -1 0 0
    outer loop
      vertex 52 -10.111140466039204 0.33706077539490953
      vertex 52 -9.500000000000002 12.5
      vertex 52 -9.500000000000002 4.5
    endloop
  endfacet
  facet normal 0 -1 0
    outer loop
      vertex 52 -11 2
      vertex 54 -11 2
      vertex 54 -11 15
    endloop
  endfacet
  facet normal 1 0 0
    outer loop
      vertex 54 -10.111140466039204 0.33706077539490953
      vertex 54 -11 15
      vertex 54 -11 2
    endloop
  endfacet
  facet normal -1 0 0
    outer loop
      vertex 52 -10.111140466039204 0.33706077539490953
      vertex 52 10.111140466039204 0.33706077539490953
      vertex 52 -9 0
    endloop
  endfacet
  facet normal -1 0 0
    outer loop
      vertex 52 -10.111140466039204 0.33706077539490953
      vertex 52 -6.500000000000002 1.5
      vertex 52 6.500000000000002 1.5
    endloop
  endfacet
  facet normal 0 0 -1
    outer loop
      vertex 52 -9 0
      vertex 54 9 0
      vertex 54 -9 0
    endloop
  endfacet
  facet normal 1 0 0
    outer loop
      vertex 54 -10.111140466039204 0.33706077539490953
      vertex 54 -9 0
      vertex 54 10.111140466039204 0.33706077539490953
    endloop
  endfacet
  facet normal -1 0 0
    outer loop
      vertex 52 -10.111140466039204 0.33706077539490953
      vertex 52 -11 15
      vertex 52 -9.500000000000002 12.5
    endloop
  endfacet
  facet normal 0 -1 0
    outer loop
      vertex 52 -11 2
      vertex 54 -11 15
      vertex 52 -11 15
    endloop
  endfacet
  facet normal 1 0 0
    outer loop
      vertex 54 -10.111140466039204 0.33706077539490953
      vertex 54 -10.111140466039204 16.66293922460509
      vertex 54 -11 15
    endloop
  endfacet
  facet normal -1 0 0
    outer loop
      vertex 52 -9.500000000000002 12.5
      vertex 52 -11 15
      vertex 52 -9.442355841209693 13.085270966048384
    endloop
  endfacet
  facet normal -1 0 0
    outer loop
      vertex 52 -9.442355841209693 13.085270966048384
      vertex 52 -11 15
      vertex 52 -9.271638597533862 13.648050297095269
    endloop
  endfacet
  facet normal -1 0 0
    outer loop
      vertex 52 -11 15
      vertex 52 -10.96157056080646 15.390180644032256
      vertex 52 -10.847759065022574 15.76536686473018
    endloop
  endfacet
  facet normal -1 0 0
    outer loop
      vertex 52 -11 15
      vertex 52 -10.847759065022574 15.76536686473018
      vertex 52 -10.414213562373096 16.414213562373096
    endloop
  endfacet
  facet normal -1 0 0
    outer loop
      vertex 52 -9.271638597533862 13.648050297095269
      vertex 52 -11 15
      vertex 52 -9 17
    endloop
  endfacet
  facet normal 7.339579468836998e-19 -0.9951847266721969 0.09801714032956085
    outer loop
      vertex 52 -11 15
      vertex 54 -10.96157056080646 15.390180644032256
      vertex 52 -10.96157056080646 15.390180644032256
    endloop
  endfacet
  facet normal 0 -0.9569403357322093 0.29028467725446117
    outer loop
      vertex 52 -10.96157056080646 15.390180644032256
      vertex 54 -10.96157056080646 15.390180644032256
      vertex 52 -10.847759065022574 15.76536686473018
    endloop
  endfacet
  facet normal -1 0 0
    outer loop
      vertex 52 -10.847759065022574 15.76536686473018
      vertex 52 -10.66293922460509 16.111140466039203
      vertex 52 -10.414213562373096 16.414213562373096
    endloop
  endfacet
  facet normal -1 0 0
    outer loop
      vertex 52 -11 15
      vertex 52 -10.414213562373096 16.414213562373096
      vertex 52 -9 17
    endloop
  endfacet
  facet normal -1 0 0
    outer loop
      vertex 52 -10.414213562373096 16.414213562373096
      vertex 52 -10.111140466039204 16.66293922460509
      vertex 52 -9.76536686473018 16.847759065022572
    endloop
  endfacet
  facet normal -1 0 0
    outer loop
      vertex 52 -10.414213562373096 16.414213562373096
      vertex 52 -9.76536686473018 16.847759065022572
      vertex 52 -9 17
    endloop
  endfacet
  facet normal -1.0944652680830362e-18 -0.881921264348353 0.4713967368260015
    outer loop
      vertex 52 -10.847759065022574 15.76536686473018
      vertex 54 -10.66293922460509 16.111140466039203
      vertex 52 -10.66293922460509 16.111140466039203
    endloop
  endfacet
  facet normal 0 -0.7730104533627414 0.63439328416364
    outer loop
      vertex 52 -10.66293922460509 16.111140466039203
      vertex 54 -10.66293922460509 16.111140466039203
      vertex 52 -10.414213562373096 16.414213562373096
    endloop
  endfacet
  facet normal 0 -0.6343932841636422 0.7730104533627395
    outer loop
      vertex 52 -10.414213562373096 16.414213562373096
      vertex 54 -10.414213562373096 16.414213562373096
      vertex 52 -10.111140466039204 16.66293922460509
    endloop
  endfacet
  facet normal 0 -0.471396736825996 0.8819212643483558
    outer loop
      vertex 52 -10.111140466039204 16.66293922460509
      vertex 54 -10.111140466039204 16.66293922460509
      vertex 52 -9.76536686473018 16.847759065022572
    endloop
  endfacet
  facet normal -1 0 0
    outer loop
      vertex 52 -9.271638597533862 13.648050297095269
      vertex 52 -9 17
      vertex 52 -8.994408836907638 14.166710699058807
    endloop
  endfacet
  facet normal -1 0 0
    outer loop
      vertex 52 -8.994408836907638 14.166710699058807
      vertex 52 -9 17
      vertex 52 -8.621320343559645 14.621320343559642
    endloop
  endfacet
  facet normal -1 0 0
    outer loop
      vertex 52 -8.621320343559645 14.621320343559642
      vertex 52 -9 17
      vertex 52 -8.166710699058807 14.994408836907635
    endloop
  endfacet
  facet normal -1 0 0
    outer loop
      vertex 52 -9 17
      vertex 52 -7.648050297095271 15.27163859753386
      vertex 52 -8.166710699058807 14.994408836907635
    endloop
  endfacet
  facet normal -1 0 0
    outer loop
      vertex 52 -9.76536686473018 16.847759065022572
      vertex 52 -9.390180644032256 16.96157056080646
      vertex 52 -9 17
    endloop
  endfacet
  facet normal -4.1136625611755574e-18 -0.2902846772544653 0.9569403357322079
    outer loop
      vertex 52 -9.76536686473018 16.847759065022572
      vertex 54 -9.390180644032256 16.96157056080646
      vertex 52 -9.390180644032256 16.96157056080646
    endloop
  endfacet
  facet normal 0 -0.09801714032956085 0.9951847266721969
    outer loop
      vertex 52 -9.390180644032256 16.96157056080646
      vertex 54 -9.390180644032256 16.96157056080646
      vertex 52 -9 17
    endloop
  endfacet
  facet normal 0 -0.9951847266721969 0.09801714032956085
    outer loop
      vertex 52 -11 15
      vertex 54 -11 15
      vertex 54 -10.96157056080646 15.390180644032256
    endloop
  endfacet
  facet normal 0 -0.9569403357322093 0.29028467725446117
    outer loop
      vertex 52 -10.847759065022574 15.76536686473018
      vertex 54 -10.96157056080646 15.390180644032256
      vertex 54 -10.847759065022574 15.76536686473018
    endloop
  endfacet
  facet normal 0 -0.881921264348353 0.4713967368260015
    outer loop
      vertex 52 -10.847759065022574 15.76536686473018
      vertex 54 -10.847759065022574 15.76536686473018
      vertex 54 -10.66293922460509 16.111140466039203
    endloop
  endfacet
  facet normal 1 0 0
    outer loop
      vertex 54 -11 15
      vertex 54 -10.847759065022574 15.76536686473018
      vertex 54 -10.96157056080646 15.390180644032256
    endloop
  endfacet
  facet normal 1 0 0
    outer loop
      vertex 54 -11 15
      vertex 54 -10.111140466039204 16.66293922460509
      vertex 54 -10.847759065022574 15.76536686473018
    endloop
  endfacet
  facet normal 0 -0.7730104533627414 0.63439328416364
    outer loop
      vertex 52 -10.414213562373096 16.414213562373096
      vertex 54 -10.66293922460509 16.111140466039203
      vertex 54 -10.414213562373096 16.414213562373096
    endloop
  endfacet
  facet normal 0 -0.6343932841636422 0.7730104533627395
    outer loop
      vertex 52 -10.111140466039204 16.66293922460509
      vertex 54 -10.414213562373096 16.414213562373096
      vertex 54 -10.111140466039204 16.66293922460509
    endloop
  endfacet
  facet normal 0 -0.471396736825996 0.8819212643483558
    outer loop
      vertex 52 -9.76536686473018 16.847759065022572
      vertex 54 -10.111140466039204 16.66293922460509
      vertex 54 -9.76536686473018 16.847759065022572
    endloop
  endfacet
  facet normal 0 -0.2902846772544653 0.9569403357322079
    outer loop
      vertex 52 -9.76536686473018 16.847759065022572
      vertex 54 -9.76536686473018 16.847759065022572
      vertex 54 -9.390180644032256 16.96157056080646
    endloop
  endfacet
  facet normal 1 0 0
    outer loop
      vertex 54 -10.847759065022574 15.76536686473018
      vertex 54 -10.111140466039204 16.66293922460509
      vertex 54 -10.66293922460509 16.111140466039203
    endloop
  endfacet
  facet normal 1 0 0
    outer loop
      vertex 54 -10.66293922460509 16.111140466039203
      vertex 54 -10.111140466039204 16.66293922460509
      vertex 54 -10.414213562373096 16.414213562373096
    endloop
  endfacet
  facet normal 1 0 0
    outer loop
      vertex 54 -10.111140466039204 16.66293922460509
      vertex 54 -9 17
      vertex 54 -9.76536686473018 16.847759065022572
    endloop
  endfacet
  facet normal 0 -0.09801714032956085 0.9951847266721969
    outer loop
      vertex 52 -9 17
      vertex 54 -9.390180644032256 16.96157056080646
      vertex 54 -9 17
    endloop
  endfacet
  facet normal 1 0 0
    outer loop
      vertex 54 -9.76536686473018 16.847759065022572
      vertex 54 -9 17
      vertex 54 -9.390180644032256 16.96157056080646
    endloop
  endfacet
  facet normal -1 0 0
    outer loop
      vertex 52 -9 17
      vertex 52 -7.085270966048387 15.442355841209691
      vertex 52 -7.648050297095271 15.27163859753386
    endloop
  endfacet
  facet normal -1 0 0
    outer loop
      vertex 52 -9 17
      vertex 52 -6.500000000000002 15.5
      vertex 52 -7.085270966048387 15.442355841209691
    endloop
  endfacet
  facet normal 1 0 0
    outer loop
      vertex 54 -10.111140466039204 0.33706077539490953
      vertex 54 10.111140466039204 16.66293922460509
      vertex 54 -10.111140466039204 16.66293922460509
    endloop
  endfacet
  facet normal 0 0 1
    outer loop
      vertex 52 -9 17
      vertex 54 -9 17
      vertex 52 9 17
    endloop
  endfacet
  facet normal 1 0 0
    outer loop
      vertex 54 -10.111140466039204 16.66293922460509
      vertex 54 10.111140466039204 16.66293922460509
      vertex 54 -9 17
    endloop
  endfacet
  facet normal -1 0 0
    outer loop
      vertex 52 -9 17
      vertex 52 10.111140466039204 16.66293922460509
      vertex 52 -6.500000000000002 15.5
    endloop
  endfacet
  facet normal -1 0 0
    outer loop
      vertex 52 -10.111140466039204 0.33706077539490953
      vertex 52 6.500000000000002 1.5
      vertex 52 10.111140466039204 0.33706077539490953
    endloop
  endfacet
  facet normal -1 0 0
    outer loop
      vertex 52 -9 0
      vertex 52 10.111140466039204 0.33706077539490953
      vertex 52 9 0
    endloop
  endfacet
  facet normal 0 0 -1
    outer loop
      vertex 52 -9 0
      vertex 52 9 0
      vertex 54 9 0
    endloop
  endfacet
  facet normal 1 0 0
    outer loop
      vertex 54 -9 0
      vertex 54 9 0
      vertex 54 10.111140466039204 0.33706077539490953
    endloop
  endfacet
  facet normal 1 0 0
    outer loop
      vertex 54 -10.111140466039204 0.33706077539490953
      vertex 54 10.111140466039204 0.33706077539490953
      vertex 54 10.111140466039204 16.66293922460509
    endloop
  endfacet
  facet normal -1 0 0
    outer loop
      vertex 52 6.500000000000002 1.5
      vertex 52 7.085270966048387 1.5576441587903087
      vertex 52 10.111140466039204 0.33706077539490953
    endloop
  endfacet
  facet normal -1 0 0
    outer loop
      vertex 52 9 0
      vertex 52 10.111140466039204 0.33706077539490953
      vertex 52 9.390180644032256 0.03842943919353914
    endloop
  endfacet
  facet normal 7.339579468836998e-19 0.09801714032956085 -0.9951847266721969
    outer loop
      vertex 52 9 0
      vertex 52 9.390180644032256 0.03842943919353914
      vertex 54 9.390180644032256 0.03842943919353914
    endloop
  endfacet
  facet normal -1 0 0
    outer loop
      vertex 52 7.085270966048387 1.5576441587903087
      vertex 52 7.648050297095271 1.72836140246614
      vertex 52 10.111140466039204 0.33706077539490953
    endloop
  endfacet
  facet normal -1 0 0
    outer loop
      vertex 52 7.648050297095271 1.72836140246614
      vertex 52 8.166710699058807 2.0055911630923644
      vertex 52 10.111140466039204 0.33706077539490953
    endloop
  endfacet
  facet normal -1 0 0
    outer loop
      vertex 52 9.390180644032256 0.03842943919353914
      vertex 52 10.111140466039204 0.33706077539490953
      vertex 52 9.76536686473018 0.15224093497742652
    endloop
  endfacet
  facet normal -1 0 0
    outer loop
      vertex 52 10.111140466039204 0.33706077539490953
      vertex 52 10.66293922460509 0.8888595339607956
      vertex 52 10.414213562373096 0.5857864376269049
    endloop
  endfacet
  facet normal 4.419026305301613e-18 0.29028467725446216 -0.9569403357322089
    outer loop
      vertex 52 9.390180644032256 0.03842943919353914
      vertex 52 9.76536686473018 0.15224093497742652
      vertex 54 9.76536686473018 0.15224093497742652
    endloop
  endfacet
  facet normal 0 0.47139673682599736 -0.8819212643483552
    outer loop
      vertex 52 9.76536686473018 0.15224093497742652
      vertex 52 10.111140466039204 0.33706077539490953
      vertex 54 9.76536686473018 0.15224093497742652
    endloop
  endfacet
  facet normal 0 0.6343932841636443 -0.7730104533627379
    outer loop
      vertex 52 10.111140466039204 0.33706077539490953
      vertex 52 10.414213562373096 0.5857864376269049
      vertex 54 10.111140466039204 0.33706077539490953
    endloop
  endfacet
  facet normal -7.805967157584388e-19 0.773010453362739 -0.634393284163643
    outer loop
      vertex 52 10.414213562373096 0.5857864376269049
      vertex 52 10.66293922460509 0.8888595339607956
      vertex 54 10.66293922460509 0.8888595339607956
    endloop
  endfacet
  facet normal -1 0 0
    outer loop
      vertex 52 8.166710699058807 2.0055911630923644
      vertex 52 11 2
      vertex 52 10.111140466039204 0.33706077539490953
    endloop
  endfacet
  facet normal -1 0 0
    outer loop
      vertex 52 10.111140466039204 0.33706077539490953
      vertex 52 11 2
      vertex 52 10.66293922460509 0.8888595339607956
    endloop
  endfacet
  facet normal -1 0 0
    outer loop
      vertex 52 10.66293922460509 0.8888595339607956
      vertex 52 11 2
      vertex 52 10.847759065022574 1.2346331352698203
    endloop
  endfacet
  facet normal -1 0 0
    outer loop
      vertex 52 10.847759065022574 1.2346331352698203
      vertex 52 11 2
      vertex 52 10.96157056080646 1.6098193559677436
    endloop
  endfacet
  facet normal -5.6481201719715436e-18 0.8819212643483538 -0.47139673682600003
    outer loop
      vertex 52 10.66293922460509 0.8888595339607956
      vertex 52 10.847759065022574 1.2346331352698203
      vertex 54 10.847759065022574 1.2346331352698203
    endloop
  endfacet
  facet normal 0 0.9569403357322093 -0.29028467725446117
    outer loop
      vertex 52 10.847759065022574 1.2346331352698203
      vertex 52 10.96157056080646 1.6098193559677436
      vertex 54 10.847759065022574 1.2346331352698203
    endloop
  endfacet
  facet normal 3.7542948902547064e-19 0.9951847266721969 -0.09801714032956074
    outer loop
      vertex 52 10.96157056080646 1.6098193559677436
      vertex 52 11 2
      vertex 54 11 2
    endloop
  endfacet
  facet normal 0 0.09801714032956085 -0.9951847266721969
    outer loop
      vertex 52 9 0
      vertex 54 9.390180644032256 0.03842943919353914
      vertex 54 9 0
    endloop
  endfacet
  facet normal 0 0.29028467725446216 -0.9569403357322089
    outer loop
      vertex 52 9.390180644032256 0.03842943919353914
      vertex 54 9.76536686473018 0.15224093497742652
      vertex 54 9.390180644032256 0.03842943919353914
    endloop
  endfacet
  facet normal 1 0 0
    outer loop
      vertex 54 9 0
      vertex 54 9.390180644032256 0.03842943919353914
      vertex 54 10.111140466039204 0.33706077539490953
    endloop
  endfacet
  facet normal 0 0.47139673682599736 -0.8819212643483552
    outer loop
      vertex 52 10.111140466039204 0.33706077539490953
      vertex 54 10.111140466039204 0.33706077539490953
      vertex 54 9.76536686473018 0.15224093497742652
    endloop
  endfacet
  facet normal 0 0.6343932841636443 -0.7730104533627379
    outer loop
      vertex 52 10.414213562373096 0.5857864376269049
      vertex 54 10.414213562373096 0.5857864376269049
      vertex 54 10.111140466039204 0.33706077539490953
    endloop
  endfacet
  facet normal 0 0.773010453362739 -0.634393284163643
    outer loop
      vertex 52 10.414213562373096 0.5857864376269049
      vertex 54 10.66293922460509 0.8888595339607956
      vertex 54 10.414213562373096 0.5857864376269049
    endloop
  endfacet
  facet normal 0 0.8819212643483538 -0.47139673682600003
    outer loop
      vertex 52 10.66293922460509 0.8888595339607956
      vertex 54 10.847759065022574 1.2346331352698203
      vertex 54 10.66293922460509 0.8888595339607956
    endloop
  endfacet
  facet normal 1 0 0
    outer loop
      vertex 54 9.390180644032256 0.03842943919353914
      vertex 54 9.76536686473018 0.15224093497742652
      vertex 54 10.111140466039204 0.33706077539490953
    endloop
  endfacet
  facet normal 1 0 0
    outer loop
      vertex 54 10.111140466039204 0.33706077539490953
      vertex 54 10.414213562373096 0.5857864376269049
      vertex 54 10.847759065022574 1.2346331352698203
    endloop
  endfacet
  facet normal 1 0 0
    outer loop
      vertex 54 10.414213562373096 0.5857864376269049
      vertex 54 10.66293922460509 0.8888595339607956
      vertex 54 10.847759065022574 1.2346331352698203
    endloop
  endfacet
  facet normal 0 0.9569403357322093 -0.29028467725446117
    outer loop
      vertex 52 10.96157056080646 1.6098193559677436
      vertex 54 10.96157056080646 1.6098193559677436
      vertex 54 10.847759065022574 1.2346331352698203
    endloop
  endfacet
  facet normal 0 0.9951847266721969 -0.09801714032956074
    outer loop
      vertex 52 10.96157056080646 1.6098193559677436
      vertex 54 11 2
      vertex 54 10.96157056080646 1.6098193559677436
    endloop
  endfacet
  facet normal 1 0 0
    outer loop
      vertex 54 10.111140466039204 0.33706077539490953
      vertex 54 10.847759065022574 1.2346331352698203
      vertex 54 11 2
    endloop
  endfacet
  facet normal 1 0 0
    outer loop
      vertex 54 10.847759065022574 1.2346331352698203
      vertex 54 10.96157056080646 1.6098193559677436
      vertex 54 11 2
    endloop
  endfacet
  facet normal -1 0 0
    outer loop
      vertex 52 8.166710699058807 2.0055911630923644
      vertex 52 8.621320343559645 2.378679656440357
      vertex 52 11 2
    endloop
  endfacet
  facet normal -1 0 0
    outer loop
      vertex 52 11 2
      vertex 52 8.621320343559645 2.378679656440357
      vertex 52 8.994408836907638 2.8332893009411935
    endloop
  endfacet
  facet normal -1 0 0
    outer loop
      vertex 52 11 2
      vertex 52 8.994408836907638 2.8332893009411935
      vertex 52 9.271638597533862 3.3519497029047307
    endloop
  endfacet
  facet normal -1 0 0
    outer loop
      vertex 52 11 2
      vertex 52 9.271638597533862 3.3519497029047307
      vertex 52 9.442355841209693 3.914729033951615
    endloop
  endfacet
  facet normal -1 0 0
    outer loop
      vertex 52 11 2
      vertex 52 9.442355841209693 3.914729033951615
      vertex 52 9.500000000000002 4.5
    endloop
  endfacet
  facet normal -1 0 0
    outer loop
      vertex 52 11 2
      vertex 52 9.500000000000002 4.5
      vertex 52 9.500000000000002 12.5
    endloop
  endfacet
  facet normal 0 1 0
    outer loop
      vertex 52 11 2
      vertex 52 11 15
      vertex 54 11 2
    endloop
  endfacet
  facet normal 1 0 0
    outer loop
      vertex 54 10.111140466039204 0.33706077539490953
      vertex 54 11 2
      vertex 54 10.111140466039204 16.66293922460509
    endloop
  endfacet
  facet normal -1 0 0
    outer loop
      vertex 52 -6.500000000000002 15.5
      vertex 52 10.111140466039204 16.66293922460509
      vertex 52 6.500000000000002 15.5
    endloop
  endfacet
  facet normal -1 0 0
    outer loop
      vertex 52 -9 17
      vertex 52 9 17
      vertex 52 10.111140466039204 16.66293922460509
    endloop
  endfacet
  facet normal 0 0 1
    outer loop
      vertex 54 -9 17
      vertex 54 9 17
      vertex 52 9 17
    endloop
  endfacet
  facet normal 1 0 0
    outer loop
      vertex 54 -9 17
      vertex 54 10.111140466039204 16.66293922460509
      vertex 54 9 17
    endloop
  endfacet
  facet normal -1 0 0
    outer loop
      vertex 52 11 2
      vertex 52 9.500000000000002 12.5
      vertex 52 9.442355841209693 13.085270966048384
    endloop
  endfacet
  facet normal -1 0 0
    outer loop
      vertex 52 11 2
      vertex 52 9.442355841209693 13.085270966048384
      vertex 52 10.111140466039204 16.66293922460509
    endloop
  endfacet
  facet normal -1 0 0
    outer loop
      vertex 52 11 2
      vertex 52 10.111140466039204 16.66293922460509
      vertex 52 11 15
    endloop
  endfacet
  facet normal 0 1 0
    outer loop
      vertex 54 11 2
      vertex 52 11 15
      vertex 54 11 15
    endloop
  endfacet
  facet normal 1 0 0
    outer loop
      vertex 54 11 2
      vertex 54 11 15
      vertex 54 10.111140466039204 16.66293922460509
    endloop
  endfacet
  facet normal -1 0 0
    outer loop
      vertex 52 6.500000000000002 15.5
      vertex 52 10.111140466039204 16.66293922460509
      vertex 52 7.085270966048387 15.442355841209691
    endloop
  endfacet
  facet normal -1 0 0
    outer loop
      vertex 52 9.442355841209693 13.085270966048384
      vertex 52 9.271638597533862 13.648050297095269
      vertex 52 10.111140466039204 16.66293922460509
    endloop
  endfacet
  facet normal -1 0 0
    outer loop
      vertex 52 9.271638597533862 13.648050297095269
      vertex 52 8.994408836907638 14.166710699058807
      vertex 52 10.111140466039204 16.66293922460509
    endloop
  endfacet
  facet normal -1 0 0
    outer loop
      vertex 52 7.085270966048387 15.442355841209691
      vertex 52 10.111140466039204 16.66293922460509
      vertex 52 7.648050297095271 15.27163859753386
    endloop
  endfacet
  facet normal -1 0 0
    outer loop
      vertex 52 7.648050297095271 15.27163859753386
      vertex 52 10.111140466039204 16.66293922460509
      vertex 52 8.166710699058807 14.994408836907635
    endloop
  endfacet
  facet normal -1 0 0
    outer loop
      vertex 52 8.621320343559645 14.621320343559642
      vertex 52 10.111140466039204 16.66293922460509
      vertex 52 8.994408836907638 14.166710699058807
    endloop
  endfacet
  facet normal -1 0 0
    outer loop
      vertex 52 8.166710699058807 14.994408836907635
      vertex 52 10.111140466039204 16.66293922460509
      vertex 52 8.621320343559645 14.621320343559642
    endloop
  endfacet
  facet normal -1 0 0
    outer loop
      vertex 52 9 17
      vertex 52 9.390180644032256 16.96157056080646
      vertex 52 10.111140466039204 16.66293922460509
    endloop
  endfacet
  facet normal 0 0.09801714032956085 0.9951847266721969
    outer loop
      vertex 52 9 17
      vertex 54 9 17
      vertex 52 9.390180644032256 16.96157056080646
    endloop
  endfacet
  facet normal 0 0.2902846772544653 0.9569403357322079
    outer loop
      vertex 52 9.390180644032256 16.96157056080646
      vertex 54 9.390180644032256 16.96157056080646
      vertex 52 9.76536686473018 16.847759065022572
    endloop
  endfacet
  facet normal -1 0 0
    outer loop
      vertex 52 11 15
      vertex 52 10.847759065022574 15.76536686473018
      vertex 52 10.96157056080646 15.390180644032256
    endloop
  endfacet
  facet normal -1 0 0
    outer loop
      vertex 52 11 15
      vertex 52 10.111140466039204 16.66293922460509
      vertex 52 10.847759065022574 15.76536686473018
    endloop
  endfacet
  facet normal -7.339579468836998e-19 0.9951847266721969 0.09801714032956085
    outer loop
      vertex 52 11 15
      vertex 52 10.96157056080646 15.390180644032256
      vertex 54 10.96157056080646 15.390180644032256
    endloop
  endfacet
  facet normal 0 0.9569403357322093 0.29028467725446117
    outer loop
      vertex 52 10.96157056080646 15.390180644032256
      vertex 52 10.847759065022574 15.76536686473018
      vertex 54 10.96157056080646 15.390180644032256
    endloop
  endfacet
  facet normal 0 0.881921264348353 0.4713967368260015
    outer loop
      vertex 52 10.847759065022574 15.76536686473018
      vertex 52 10.66293922460509 16.111140466039203
      vertex 54 10.847759065022574 15.76536686473018
    endloop
  endfacet
  facet normal -1 0 0
    outer loop
      vertex 52 9.390180644032256 16.96157056080646
      vertex 52 9.76536686473018 16.847759065022572
      vertex 52 10.111140466039204 16.66293922460509
    endloop
  endfacet
  facet normal -1 0 0
    outer loop
      vertex 52 10.847759065022574 15.76536686473018
      vertex 52 10.414213562373096 16.414213562373096
      vertex 52 10.66293922460509 16.111140466039203
    endloop
  endfacet
  facet normal -1 0 0
    outer loop
      vertex 52 10.847759065022574 15.76536686473018
      vertex 52 10.111140466039204 16.66293922460509
      vertex 52 10.414213562373096 16.414213562373096
    endloop
  endfacet
  facet normal -5.9479636870146535e-18 0.471396736825996 0.8819212643483558
    outer loop
      vertex 52 9.76536686473018 16.847759065022572
      vertex 54 10.111140466039204 16.66293922460509
      vertex 52 10.111140466039204 16.66293922460509
    endloop
  endfacet
  facet normal 0 0.6343932841636422 0.7730104533627395
    outer loop
      vertex 52 10.111140466039204 16.66293922460509
      vertex 54 10.111140466039204 16.66293922460509
      vertex 52 10.414213562373096 16.414213562373096
    endloop
  endfacet
  facet normal 0 0.7730104533627414 0.63439328416364
    outer loop
      vertex 52 10.414213562373096 16.414213562373096
      vertex 54 10.414213562373096 16.414213562373096
      vertex 52 10.66293922460509 16.111140466039203
    endloop
  endfacet
  facet normal 0 0.09801714032956085 0.9951847266721969
    outer loop
      vertex 52 9.390180644032256 16.96157056080646
      vertex 54 9 17
      vertex 54 9.390180644032256 16.96157056080646
    endloop
  endfacet
  facet normal 1 0 0
    outer loop
      vertex 54 9 17
      vertex 54 10.111140466039204 16.66293922460509
      vertex 54 9.390180644032256 16.96157056080646
    endloop
  endfacet
  facet normal 0 0.9951847266721969 0.09801714032956085
    outer loop
      vertex 52 11 15
      vertex 54 10.96157056080646 15.390180644032256
      vertex 54 11 15
    endloop
  endfacet
  facet normal 0 0.9569403357322093 0.29028467725446117
    outer loop
      vertex 52 10.847759065022574 15.76536686473018
      vertex 54 10.847759065022574 15.76536686473018
      vertex 54 10.96157056080646 15.390180644032256
    endloop
  endfacet
  facet normal 1 0 0
    outer loop
      vertex 54 11 15
      vertex 54 10.96157056080646 15.390180644032256
      vertex 54 10.111140466039204 16.66293922460509
    endloop
  endfacet
  facet normal 1 0 0
    outer loop
      vertex 54 10.96157056080646 15.390180644032256
      vertex 54 10.847759065022574 15.76536686473018
      vertex 54 10.414213562373096 16.414213562373096
    endloop
  endfacet
  facet normal 0 0.2902846772544653 0.9569403357322079
    outer loop
      vertex 52 9.76536686473018 16.847759065022572
      vertex 54 9.390180644032256 16.96157056080646
      vertex 54 9.76536686473018 16.847759065022572
    endloop
  endfacet
  facet normal 0 0.471396736825996 0.8819212643483558
    outer loop
      vertex 52 9.76536686473018 16.847759065022572
      vertex 54 9.76536686473018 16.847759065022572
      vertex 54 10.111140466039204 16.66293922460509
    endloop
  endfacet
  facet normal 0 0.7730104533627414 0.63439328416364
    outer loop
      vertex 52 10.66293922460509 16.111140466039203
      vertex 54 10.414213562373096 16.414213562373096
      vertex 54 10.66293922460509 16.111140466039203
    endloop
  endfacet
  facet normal 0 0.881921264348353 0.4713967368260015
    outer loop
      vertex 52 10.66293922460509 16.111140466039203
      vertex 54 10.66293922460509 16.111140466039203
      vertex 54 10.847759065022574 15.76536686473018
    endloop
  endfacet
  facet normal 0 0.6343932841636422 0.7730104533627395
    outer loop
      vertex 52 10.414213562373096 16.414213562373096
      vertex 54 10.111140466039204 16.66293922460509
      vertex 54 10.414213562373096 16.414213562373096
    endloop
  endfacet
  facet normal 1 0 0
    outer loop
      vertex 54 9.390180644032256 16.96157056080646
      vertex 54 10.111140466039204 16.66293922460509
      vertex 54 9.76536686473018 16.847759065022572
    endloop
  endfacet
  facet normal 1 0 0
    outer loop
      vertex 54 10.96157056080646 15.390180644032256
      vertex 54 10.414213562373096 16.414213562373096
      vertex 54 10.111140466039204 16.66293922460509
    endloop
  endfacet
  facet normal 1 0 0
    outer loop
      vertex 54 10.847759065022574 15.76536686473018
      vertex 54 10.66293922460509 16.111140466039203
      vertex 54 10.414213562373096 16.414213562373096
    endloop
  endfacet
  facet normal 1.4516668056175385e-17 -0.8819212643483556 -0.4713967368259963
    outer loop
      vertex 46 -8.994408836907638 2.8332893009411935
      vertex 47 -9.271638597533862 3.3519497029047307
      vertex 46 -9.271638597533862 3.3519497029047307
    endloop
  endfacet
  facet normal -1 0 0
    outer loop
      vertex 46 -8.994408836907638 2.8332893009411935
      vertex 46 -8.166710699058807 2.0055911630923644
      vertex 46 -8.621320343559645 2.378679656440357
    endloop
  endfacet
  facet normal 0 -0.6343932841636433 -0.7730104533627388
    outer loop
      vertex 46 -8.621320343559645 2.378679656440357
      vertex 46 -8.166710699058807 2.0055911630923644
      vertex 47 -8.621320343559645 2.378679656440357
    endloop
  endfacet
  facet normal -1 0 0
    outer loop
      vertex 46 -8.994408836907638 2.8332893009411935
      vertex 46 -9.442355841209693 3.914729033951615
      vertex 46 -8.166710699058807 2.0055911630923644
    endloop
  endfacet
  facet normal 0 -0.7730104533627374 -0.6343932841636447
    outer loop
      vertex 46 -8.994408836907638 2.8332893009411935
      vertex 46 -8.621320343559645 2.378679656440357
      vertex 47 -8.994408836907638 2.8332893009411935
    endloop
  endfacet
  facet normal -1 0 0
    outer loop
      vertex 46 -8.994408836907638 2.8332893009411935
      vertex 46 -9.271638597533862 3.3519497029047307
      vertex 46 -9.442355841209693 3.914729033951615
    endloop
  endfacet
  facet normal -2.4380139384832967e-18 -0.9569403357322088 -0.2902846772544627
    outer loop
      vertex 46 -9.271638597533862 3.3519497029047307
      vertex 47 -9.442355841209693 3.914729033951615
      vertex 46 -9.442355841209693 3.914729033951615
    endloop
  endfacet
  facet normal -1 0 0
    outer loop
      vertex 46 -8.166710699058807 2.0055911630923644
      vertex 46 -7.085270966048387 1.5576441587903087
      vertex 46 -7.648050297095271 1.72836140246614
    endloop
  endfacet
  facet normal 0 -0.4713967368259978 -0.8819212643483549
    outer loop
      vertex 46 -8.166710699058807 2.0055911630923644
      vertex 46 -7.648050297095271 1.72836140246614
      vertex 47 -8.166710699058807 2.0055911630923644
    endloop
  endfacet
  facet normal 0 -0.0980171403295607 -0.9951847266721968
    outer loop
      vertex 46 -7.085270966048387 1.5576441587903087
      vertex 46 -6.500000000000002 1.5
      vertex 47 -7.085270966048387 1.5576441587903087
    endloop
  endfacet
  facet normal -1 0 0
    outer loop
      vertex 46 -8.166710699058807 2.0055911630923644
      vertex 46 -6.500000000000002 1.5
      vertex 46 -7.085270966048387 1.5576441587903087
    endloop
  endfacet
  facet normal 0 -0.2902846772544629 -0.9569403357322086
    outer loop
      vertex 46 -7.648050297095271 1.72836140246614
      vertex 46 -7.085270966048387 1.5576441587903087
      vertex 47 -7.648050297095271 1.72836140246614
    endloop
  endfacet
  facet normal -1 0 0
    outer loop
      vertex 46 -8.166710699058807 2.0055911630923644
      vertex 46 -7.000013209717643 3.7516773489277093
      vertex 46 -6.844415089128582 3.668508420739842
    endloop
  endfacet
  facet normal -1 0 0
    outer loop
      vertex 46 -8.166710699058807 2.0055911630923644
      vertex 46 -6.844415089128582 3.668508420739842
      vertex 46 -6.6755812898145175 3.6172932476370927
    endloop
  endfacet
  facet normal -1 0 0
    outer loop
      vertex 46 -8.166710699058807 2.0055911630923644
      vertex 46 -6.6755812898145175 3.6172932476370927
      vertex 46 -6.500000000000002 3.6
    endloop
  endfacet
  facet normal -1 0 0
    outer loop
      vertex 46 -8.166710699058807 2.0055911630923644
      vertex 46 -7.33149157926016 4.155584910871419
      vertex 46 -7.248322651072293 3.999986790282358
    endloop
  endfacet
  facet normal -1 0 0
    outer loop
      vertex 46 -8.166710699058807 2.0055911630923644
      vertex 46 -7.382706752362909 4.324418710185484
      vertex 46 -7.33149157926016 4.155584910871419
    endloop
  endfacet
  facet normal -1 0 0
    outer loop
      vertex 46 -8.166710699058807 2.0055911630923644
      vertex 46 -7.400000000000002 4.5
      vertex 46 -7.382706752362909 4.324418710185484
    endloop
  endfacet
  facet normal -1 0 0
    outer loop
      vertex 46 -8.166710699058807 2.0055911630923644
      vertex 46 -7.248322651072293 3.999986790282358
      vertex 46 -7.136396103067894 3.863603896932107
    endloop
  endfacet
  facet normal -1 0 0
    outer loop
      vertex 46 -8.166710699058807 2.0055911630923644
      vertex 46 -7.136396103067894 3.863603896932107
      vertex 46 -7.000013209717643 3.7516773489277093
    endloop
  endfacet
  facet normal 0 -0.8819212643483556 -0.4713967368259963
    outer loop
      vertex 46 -8.994408836907638 2.8332893009411935
      vertex 47 -8.994408836907638 2.8332893009411935
      vertex 47 -9.271638597533862 3.3519497029047307
    endloop
  endfacet
  facet normal 0 -0.7730104533627374 -0.6343932841636447
    outer loop
      vertex 46 -8.621320343559645 2.378679656440357
      vertex 47 -8.621320343559645 2.378679656440357
      vertex 47 -8.994408836907638 2.8332893009411935
    endloop
  endfacet
  facet normal 0 -0.6343932841636433 -0.7730104533627388
    outer loop
      vertex 46 -8.166710699058807 2.0055911630923644
      vertex 47 -8.166710699058807 2.0055911630923644
      vertex 47 -8.621320343559645 2.378679656440357
    endloop
  endfacet
  facet normal 0 -0.9569403357322088 -0.2902846772544627
    outer loop
      vertex 46 -9.271638597533862 3.3519497029047307
      vertex 47 -9.271638597533862 3.3519497029047307
      vertex 47 -9.442355841209693 3.914729033951615
    endloop
  endfacet
  facet normal 0 -0.9951847266721968 -0.0980171403295607
    outer loop
      vertex 46 -9.442355841209693 3.914729033951615
      vertex 47 -9.442355841209693 3.914729033951615
      vertex 47 -9.500000000000002 4.5
    endloop
  endfacet
  facet normal 0 -0.4713967368259978 -0.8819212643483549
    outer loop
      vertex 46 -7.648050297095271 1.72836140246614
      vertex 47 -7.648050297095271 1.72836140246614
      vertex 47 -8.166710699058807 2.0055911630923644
    endloop
  endfacet
  facet normal 0 -0.2902846772544629 -0.9569403357322086
    outer loop
      vertex 46 -7.085270966048387 1.5576441587903087
      vertex 47 -7.085270966048387 1.5576441587903087
      vertex 47 -7.648050297095271 1.72836140246614
    endloop
  endfacet
  facet normal 0 -0.0980171403295607 -0.9951847266721968
    outer loop
      vertex 46 -6.500000000000002 1.5
      vertex 47 -6.500000000000002 1.5
      vertex 47 -7.085270966048387 1.5576441587903087
    endloop
  endfacet
  facet normal 2.181934078544068e-18 -0.9951847266721968 -0.0980171403295607
    outer loop
      vertex 46 -9.442355841209693 3.914729033951615
      vertex 47 -9.500000000000002 4.5
      vertex 46 -9.500000000000002 4.5
    endloop
  endfacet
  facet normal -1 0 0
    outer loop
      vertex 46 -9.442355841209693 3.914729033951615
      vertex 46 -9.500000000000002 12.5
      vertex 46 -8.166710699058807 2.0055911630923644
    endloop
  endfacet
  facet normal -1 0 0
    outer loop
      vertex 46 -8.166710699058807 2.0055911630923644
      vertex 46 -9.500000000000002 12.5
      vertex 46 -7.400000000000002 4.5
    endloop
  endfacet
  facet normal -1 0 0
    outer loop
      vertex 46 -9.442355841209693 3.914729033951615
      vertex 46 -9.500000000000002 4.5
      vertex 46 -9.500000000000002 12.5
    endloop
  endfacet
  facet normal 0 -1 0
    outer loop
      vertex 46 -9.500000000000002 4.5
      vertex 47 -9.500000000000002 4.5
      vertex 47 -9.500000000000002 12.5
    endloop
  endfacet
  facet normal 0 0 -1
    outer loop
      vertex 46 -6.500000000000002 1.5
      vertex 46 6.500000000000002 1.5
      vertex 47 -6.500000000000002 1.5
    endloop
  endfacet
  facet normal -1 0 0
    outer loop
      vertex 46 -8.166710699058807 2.0055911630923644
      vertex 46 7.085270966048387 1.5576441587903087
      vertex 46 -6.500000000000002 1.5
    endloop
  endfacet
  facet normal -1 0 0
    outer loop
      vertex 46 -8.166710699058807 2.0055911630923644
      vertex 46 -6.500000000000002 3.6
      vertex 46 6.500000000000002 3.6
    endloop
  endfacet
  facet normal 4.759563297106689e-18 -0.8819212643483557 -0.4713967368259963
    outer loop
      vertex 48.95 -8.994408836907638 2.8332893009411935
      vertex 52 -9.271638597533862 3.3519497029047307
      vertex 48.95 -9.271638597533862 3.3519497029047307
    endloop
  endfacet
  facet normal 0 -0.6343932841636433 -0.7730104533627388
    outer loop
      vertex 48.95 -8.621320343559645 2.378679656440357
      vertex 48.95 -8.166710699058807 2.0055911630923644
      vertex 52 -8.621320343559645 2.378679656440357
    endloop
  endfacet
  facet normal 0 -0.7730104533627375 -0.6343932841636447
    outer loop
      vertex 48.95 -8.994408836907638 2.8332893009411935
      vertex 48.95 -8.621320343559645 2.378679656440357
      vertex 52 -8.994408836907638 2.8332893009411935
    endloop
  endfacet
  facet normal -7.993488322896061e-19 -0.9569403357322087 -0.2902846772544627
    outer loop
      vertex 48.95 -9.271638597533862 3.3519497029047307
      vertex 52 -9.442355841209693 3.914729033951615
      vertex 48.95 -9.442355841209693 3.914729033951615
    endloop
  endfacet
  facet normal 0 -0.8819212643483557 -0.4713967368259963
    outer loop
      vertex 48.95 -8.994408836907638 2.8332893009411935
      vertex 52 -8.994408836907638 2.8332893009411935
      vertex 52 -9.271638597533862 3.3519497029047307
    endloop
  endfacet
  facet normal 0 -0.7730104533627375 -0.6343932841636447
    outer loop
      vertex 48.95 -8.621320343559645 2.378679656440357
      vertex 52 -8.621320343559645 2.378679656440357
      vertex 52 -8.994408836907638 2.8332893009411935
    endloop
  endfacet
  facet normal 0 -0.6343932841636433 -0.7730104533627388
    outer loop
      vertex 48.95 -8.166710699058807 2.0055911630923644
      vertex 52 -8.166710699058807 2.0055911630923644
      vertex 52 -8.621320343559645 2.378679656440357
    endloop
  endfacet
  facet normal 0 -0.9569403357322087 -0.2902846772544627
    outer loop
      vertex 48.95 -9.271638597533862 3.3519497029047307
      vertex 52 -9.271638597533862 3.3519497029047307
      vertex 52 -9.442355841209693 3.914729033951615
    endloop
  endfacet
  facet normal 0 -0.9951847266721968 -0.0980171403295607
    outer loop
      vertex 48.95 -9.442355841209693 3.914729033951615
      vertex 52 -9.442355841209693 3.914729033951615
      vertex 52 -9.500000000000002 4.5
    endloop
  endfacet
  facet normal 0 -0.47139673682599786 -0.8819212643483549
    outer loop
      vertex 48.95 -8.166710699058807 2.0055911630923644
      vertex 48.95 -7.648050297095271 1.72836140246614
      vertex 52 -8.166710699058807 2.0055911630923644
    endloop
  endfacet
  facet normal 0 -0.0980171403295607 -0.9951847266721968
    outer loop
      vertex 48.95 -7.085270966048387 1.5576441587903087
      vertex 48.95 -6.500000000000002 1.5
      vertex 52 -7.085270966048387 1.5576441587903087
    endloop
  endfacet
  facet normal 0 -0.29028467725446294 -0.9569403357322087
    outer loop
      vertex 48.95 -7.648050297095271 1.72836140246614
      vertex 48.95 -7.085270966048387 1.5576441587903087
      vertex 52 -7.648050297095271 1.72836140246614
    endloop
  endfacet
  facet normal 0 -0.47139673682599786 -0.8819212643483549
    outer loop
      vertex 48.95 -7.648050297095271 1.72836140246614
      vertex 52 -7.648050297095271 1.72836140246614
      vertex 52 -8.166710699058807 2.0055911630923644
    endloop
  endfacet
  facet normal 0 -0.29028467725446294 -0.9569403357322087
    outer loop
      vertex 48.95 -7.085270966048387 1.5576441587903087
      vertex 52 -7.085270966048387 1.5576441587903087
      vertex 52 -7.648050297095271 1.72836140246614
    endloop
  endfacet
  facet normal 0 -0.0980171403295607 -0.9951847266721968
    outer loop
      vertex 48.95 -6.500000000000002 1.5
      vertex 52 -6.500000000000002 1.5
      vertex 52 -7.085270966048387 1.5576441587903087
    endloop
  endfacet
  facet normal 7.153882224734656e-19 -0.9951847266721968 -0.0980171403295607
    outer loop
      vertex 48.95 -9.442355841209693 3.914729033951615
      vertex 52 -9.500000000000002 4.5
      vertex 48.95 -9.500000000000002 4.5
    endloop
  endfacet
  facet normal 0 -1 0
    outer loop
      vertex 48.95 -9.500000000000002 4.5
      vertex 52 -9.500000000000002 4.5
      vertex 52 -9.500000000000002 12.5
    endloop
  endfacet
  facet normal 0 0 -1
    outer loop
      vertex 48.95 -6.500000000000002 1.5
      vertex 48.95 6.500000000000002 1.5
      vertex 52 -6.500000000000002 1.5
    endloop
  endfacet
  facet normal 0 -1 0
    outer loop
      vertex 46 -9.500000000000002 4.5
      vertex 47 -9.500000000000002 12.5
      vertex 46 -9.500000000000002 12.5
    endloop
  endfacet
  facet normal -1 0 0
    outer loop
      vertex 46 -7.400000000000002 4.5
      vertex 46 -9.500000000000002 12.5
      vertex 46 -7.400000000000002 12.5
    endloop
  endfacet
  facet normal -1 0 0
    outer loop
      vertex 46 -9.500000000000002 12.5
      vertex 46 -7.382706752362909 12.675581289814515
      vertex 46 -7.400000000000002 12.5
    endloop
  endfacet
  facet normal -1 0 0
    outer loop
      vertex 46 -9.500000000000002 12.5
      vertex 46 -7.33149157926016 12.844415089128582
      vertex 46 -7.382706752362909 12.675581289814515
    endloop
  endfacet
  facet normal 0 -0.9951847266721968 0.09801714032956084
    outer loop
      vertex 46 -9.500000000000002 12.5
      vertex 47 -9.500000000000002 12.5
      vertex 47 -9.442355841209693 13.085270966048384
    endloop
  endfacet
  facet normal -1 0 0
    outer loop
      vertex 46 -9.500000000000002 12.5
      vertex 46 -9.442355841209693 13.085270966048384
      vertex 46 -8.994408836907638 14.166710699058807
    endloop
  endfacet
  facet normal 5.151567928413355e-18 -0.9951847266721968 0.09801714032956084
    outer loop
      vertex 46 -9.500000000000002 12.5
      vertex 47 -9.442355841209693 13.085270966048384
      vertex 46 -9.442355841209693 13.085270966048384
    endloop
  endfacet
  facet normal -1 0 0
    outer loop
      vertex 46 -9.442355841209693 13.085270966048384
      vertex 46 -9.271638597533862 13.648050297095269
      vertex 46 -8.994408836907638 14.166710699058807
    endloop
  endfacet
  facet normal -1.0235009320589964e-17 -0.9569403357322088 0.2902846772544625
    outer loop
      vertex 46 -9.442355841209693 13.085270966048384
      vertex 47 -9.271638597533862 13.648050297095269
      vertex 46 -9.271638597533862 13.648050297095269
    endloop
  endfacet
  facet normal -2.642516186042537e-20 -0.8819212643483563 0.4713967368259954
    outer loop
      vertex 46 -9.271638597533862 13.648050297095269
      vertex 47 -8.994408836907638 14.166710699058807
      vertex 46 -8.994408836907638 14.166710699058807
    endloop
  endfacet
  facet normal -1 0 0
    outer loop
      vertex 46 -9.500000000000002 12.5
      vertex 46 -8.994408836907638 14.166710699058807
      vertex 46 -7.085270966048387 15.442355841209691
    endloop
  endfacet
  facet normal -1 0 0
    outer loop
      vertex 46 -8.994408836907638 14.166710699058807
      vertex 46 -8.621320343559645 14.621320343559642
      vertex 46 -8.166710699058807 14.994408836907635
    endloop
  endfacet
  facet normal -2.1941556512457363e-17 -0.7730104533627363 0.6343932841636463
    outer loop
      vertex 46 -8.994408836907638 14.166710699058807
      vertex 47 -8.621320343559645 14.621320343559642
      vertex 46 -8.621320343559645 14.621320343559642
    endloop
  endfacet
  facet normal 1.3706187877683864e-17 -0.6343932841636433 0.7730104533627388
    outer loop
      vertex 46 -8.621320343559645 14.621320343559642
      vertex 47 -8.166710699058807 14.994408836907635
      vertex 46 -8.166710699058807 14.994408836907635
    endloop
  endfacet
  facet normal -1 0 0
    outer loop
      vertex 46 -9.500000000000002 12.5
      vertex 46 -7.085270966048387 15.442355841209691
      vertex 46 -7.33149157926016 12.844415089128582
    endloop
  endfacet
  facet normal -1 0 0
    outer loop
      vertex 46 -7.33149157926016 12.844415089128582
      vertex 46 -7.085270966048387 15.442355841209691
      vertex 46 -7.248322651072293 13.000013209717642
    endloop
  endfacet
  facet normal -1 0 0
    outer loop
      vertex 46 -8.994408836907638 14.166710699058807
      vertex 46 -8.166710699058807 14.994408836907635
      vertex 46 -7.085270966048387 15.442355841209691
    endloop
  endfacet
  facet normal -1 0 0
    outer loop
      vertex 46 -7.248322651072293 13.000013209717642
      vertex 46 -7.085270966048387 15.442355841209691
      vertex 46 -7.136396103067894 13.136396103067893
    endloop
  endfacet
  facet normal -1 0 0
    outer loop
      vertex 46 -7.136396103067894 13.136396103067893
      vertex 46 -7.085270966048387 15.442355841209691
      vertex 46 -7.000013209717643 13.248322651072291
    endloop
  endfacet
  facet normal -1 0 0
    outer loop
      vertex 46 -7.000013209717643 13.248322651072291
      vertex 46 -7.085270966048387 15.442355841209691
      vertex 46 -6.844415089128582 13.331491579260158
    endloop
  endfacet
  facet normal -1 0 0
    outer loop
      vertex 46 -6.844415089128582 13.331491579260158
      vertex 46 -7.085270966048387 15.442355841209691
      vertex 46 -6.6755812898145175 13.382706752362907
    endloop
  endfacet
  facet normal -1 0 0
    outer loop
      vertex 46 -6.6755812898145175 13.382706752362907
      vertex 46 -7.085270966048387 15.442355841209691
      vertex 46 -6.500000000000002 13.4
    endloop
  endfacet
  facet normal -1 0 0
    outer loop
      vertex 46 -8.166710699058807 14.994408836907635
      vertex 46 -7.648050297095271 15.27163859753386
      vertex 46 -7.085270966048387 15.442355841209691
    endloop
  endfacet
  facet normal 2.1285045981096593e-17 -0.47139673682599903 0.8819212643483544
    outer loop
      vertex 46 -8.166710699058807 14.994408836907635
      vertex 47 -7.648050297095271 15.27163859753386
      vertex 46 -7.648050297095271 15.27163859753386
    endloop
  endfacet
  facet normal -8.486515504541452e-18 -0.2902846772544629 0.9569403357322086
    outer loop
      vertex 46 -7.648050297095271 15.27163859753386
      vertex 47 -7.085270966048387 15.442355841209691
      vertex 46 -7.085270966048387 15.442355841209691
    endloop
  endfacet
  facet normal -2.181934078544068e-18 -0.0980171403295607 0.9951847266721968
    outer loop
      vertex 46 -7.085270966048387 15.442355841209691
      vertex 47 -6.500000000000002 15.5
      vertex 46 -6.500000000000002 15.5
    endloop
  endfacet
  facet normal 0 -0.9569403357322088 0.2902846772544625
    outer loop
      vertex 46 -9.442355841209693 13.085270966048384
      vertex 47 -9.442355841209693 13.085270966048384
      vertex 47 -9.271638597533862 13.648050297095269
    endloop
  endfacet
  facet normal 0 -0.8819212643483563 0.4713967368259954
    outer loop
      vertex 46 -9.271638597533862 13.648050297095269
      vertex 47 -9.271638597533862 13.648050297095269
      vertex 47 -8.994408836907638 14.166710699058807
    endloop
  endfacet
  facet normal 0 -0.7730104533627363 0.6343932841636463
    outer loop
      vertex 46 -8.994408836907638 14.166710699058807
      vertex 47 -8.994408836907638 14.166710699058807
      vertex 47 -8.621320343559645 14.621320343559642
    endloop
  endfacet
  facet normal 0 -0.6343932841636433 0.7730104533627388
    outer loop
      vertex 46 -8.621320343559645 14.621320343559642
      vertex 47 -8.621320343559645 14.621320343559642
      vertex 47 -8.166710699058807 14.994408836907635
    endloop
  endfacet
  facet normal 0 -0.47139673682599903 0.8819212643483544
    outer loop
      vertex 46 -8.166710699058807 14.994408836907635
      vertex 47 -8.166710699058807 14.994408836907635
      vertex 47 -7.648050297095271 15.27163859753386
    endloop
  endfacet
  facet normal 0 -0.2902846772544629 0.9569403357322086
    outer loop
      vertex 46 -7.648050297095271 15.27163859753386
      vertex 47 -7.648050297095271 15.27163859753386
      vertex 47 -7.085270966048387 15.442355841209691
    endloop
  endfacet
  facet normal 0 -0.0980171403295607 0.9951847266721968
    outer loop
      vertex 46 -7.085270966048387 15.442355841209691
      vertex 47 -7.085270966048387 15.442355841209691
      vertex 47 -6.500000000000002 15.5
    endloop
  endfacet
  facet normal -1 0 0
    outer loop
      vertex 46 -6.500000000000002 13.4
      vertex 46 -7.085270966048387 15.442355841209691
      vertex 46 8.166710699058807 14.994408836907635
    endloop
  endfacet
  facet normal -1 0 0
    outer loop
      vertex 46 -7.085270966048387 15.442355841209691
      vertex 46 -6.500000000000002 15.5
      vertex 46 6.500000000000002 15.5
    endloop
  endfacet
  facet normal 0 0 1
    outer loop
      vertex 46 -6.500000000000002 15.5
      vertex 47 -6.500000000000002 15.5
      vertex 47 6.500000000000002 15.5
    endloop
  endfacet
  facet normal 0 -1 0
    outer loop
      vertex 48.95 -9.500000000000002 4.5
      vertex 52 -9.500000000000002 12.5
      vertex 48.95 -9.500000000000002 12.5
    endloop
  endfacet
  facet normal 0 -0.9951847266721968 0.09801714032956084
    outer loop
      vertex 48.95 -9.500000000000002 12.5
      vertex 52 -9.500000000000002 12.5
      vertex 52 -9.442355841209693 13.085270966048384
    endloop
  endfacet
  facet normal 1.6890386650535607e-18 -0.9951847266721968 0.09801714032956084
    outer loop
      vertex 48.95 -9.500000000000002 12.5
      vertex 52 -9.442355841209693 13.085270966048384
      vertex 48.95 -9.442355841209693 13.085270966048384
    endloop
  endfacet
  facet normal -3.3557407608491712e-18 -0.9569403357322087 0.2902846772544625
    outer loop
      vertex 48.95 -9.442355841209693 13.085270966048384
      vertex 52 -9.271638597533862 13.648050297095269
      vertex 48.95 -9.271638597533862 13.648050297095269
    endloop
  endfacet
  facet normal 1.12354845011297e-17 -0.6343932841636433 0.7730104533627388
    outer loop
      vertex 48.95 -8.621320343559645 14.621320343559642
      vertex 50.16990180986906 -8.166710699058807 14.994408836907635
      vertex 48.95 -8.166710699058807 14.994408836907635
    endloop
  endfacet
  facet normal -8.663987495221438e-21 -0.8819212643483562 0.47139673682599537
    outer loop
      vertex 48.95 -9.271638597533862 13.648050297095269
      vertex 52 -8.994408836907638 14.166710699058807
      vertex 48.95 -8.994408836907638 14.166710699058807
    endloop
  endfacet
  facet normal 3.958677440803688e-14 -0.6343932841637162 0.7730104533626789
    outer loop
      vertex 48.95 -8.621320343559645 14.621320343559642
      vertex 50.172 -8.168112664882592 14.993258273290587
      vertex 50.16990180986906 -8.166710699058807 14.994408836907635
    endloop
  endfacet
  facet normal 1.5937000798860441e-15 -0.6343932841636465 0.7730104533627362
    outer loop
      vertex 48.95 -8.621320343559645 14.621320343559642
      vertex 50.33021470641275 -8.233647342045629 14.93947535367908
      vertex 50.2489596683685 -8.206064973327404 14.962111618686944
    endloop
  endfacet
  facet normal -1.4664872538483897e-15 -0.6343932841636405 0.7730104533627411
    outer loop
      vertex 48.95 -8.621320343559645 14.621320343559642
      vertex 50.2489596683685 -8.206064973327404 14.962111618686944
      vertex 50.172 -8.168112664882592 14.993258273290587
    endloop
  endfacet
  facet normal -4.392051494168328e-15 -0.6343932841636336 0.7730104533627465
    outer loop
      vertex 48.95 -8.621320343559645 14.621320343559642
      vertex 50.41437481790365 -8.25038782906122 14.925736791037243
      vertex 50.33021470641275 -8.233647342045629 14.93947535367908
    endloop
  endfacet
  facet normal -7.19395295490406e-18 -0.7730104533627363 0.6343932841636463
    outer loop
      vertex 48.95 -8.994408836907638 14.166710699058807
      vertex 52 -8.621320343559645 14.621320343559642
      vertex 48.95 -8.621320343559645 14.621320343559642
    endloop
  endfacet
  facet normal -1.2947961879296584e-15 -0.6343932841636414 0.7730104533627404
    outer loop
      vertex 48.95 -8.621320343559645 14.621320343559642
      vertex 50.5 -8.256 14.921131001377281
      vertex 50.41437481790365 -8.25038782906122 14.925736791037243
    endloop
  endfacet
  facet normal 2.176551728625031e-15 -0.6343932841636505 0.7730104533627329
    outer loop
      vertex 48.95 -8.621320343559645 14.621320343559642
      vertex 50.58562518209635 -8.25038782906122 14.925736791037243
      vertex 50.5 -8.256 14.921131001377281
    endloop
  endfacet
  facet normal 0 -0.9569403357322087 0.2902846772544625
    outer loop
      vertex 48.95 -9.442355841209693 13.085270966048384
      vertex 52 -9.442355841209693 13.085270966048384
      vertex 52 -9.271638597533862 13.648050297095269
    endloop
  endfacet
  facet normal 0 -0.6343932841636439 0.7730104533627382
    outer loop
      vertex 48.95 -8.621320343559645 14.621320343559642
      vertex 52 -8.621320343559645 14.621320343559642
      vertex 50.58562518209635 -8.25038782906122 14.925736791037243
    endloop
  endfacet
  facet normal 0 -0.8819212643483562 0.47139673682599537
    outer loop
      vertex 48.95 -9.271638597533862 13.648050297095269
      vertex 52 -9.271638597533862 13.648050297095269
      vertex 52 -8.994408836907638 14.166710699058807
    endloop
  endfacet
  facet normal 0 -0.7730104533627363 0.6343932841636463
    outer loop
      vertex 48.95 -8.994408836907638 14.166710699058807
      vertex 52 -8.994408836907638 14.166710699058807
      vertex 52 -8.621320343559645 14.621320343559642
    endloop
  endfacet
  facet normal 4.489028370780164e-15 -0.6343932841636337 0.7730104533627467
    outer loop
      vertex 50.58562518209635 -8.25038782906122 14.925736791037243
      vertex 52 -8.621320343559645 14.621320343559642
      vertex 50.66978529358725 -8.233647342045629 14.93947535367908
    endloop
  endfacet
  facet normal -1.7510077105434288e-15 -0.6343932841636465 0.7730104533627361
    outer loop
      vertex 50.66978529358725 -8.233647342045629 14.93947535367908
      vertex 52 -8.621320343559645 14.621320343559642
      vertex 50.7510403316315 -8.206064973327404 14.962111618686944
    endloop
  endfacet
  facet normal 1.5106479587529608e-15 -0.6343932841636407 0.773010453362741
    outer loop
      vertex 50.7510403316315 -8.206064973327404 14.962111618686944
      vertex 52 -8.621320343559645 14.621320343559642
      vertex 50.828 -8.168112664882592 14.993258273290587
    endloop
  endfacet
  facet normal -4.3373822733417794e-14 -0.63439328416371 0.7730104533626839
    outer loop
      vertex 50.828 -8.168112664882592 14.993258273290587
      vertex 52 -8.621320343559645 14.621320343559642
      vertex 50.83009819013094 -8.166710699058807 14.994408836907635
    endloop
  endfacet
  facet normal 2.3725197149688277e-17 -0.47139673682599903 0.8819212643483544
    outer loop
      vertex 48.95 -8.166710699058807 14.994408836907635
      vertex 49.84714938286093 -7.648050297095271 15.27163859753386
      vertex 48.95 -7.648050297095271 15.27163859753386
    endloop
  endfacet
  facet normal 1.9014388339972014e-15 -0.4713967368260057 0.8819212643483506
    outer loop
      vertex 48.95 -8.166710699058807 14.994408836907635
      vertex 49.97956020876895 -7.999347497429722 15.083866331926759
      vertex 49.93188733511741 -7.928000000000001 15.122002363825166
    endloop
  endfacet
  facet normal 6.275391671883058e-16 -0.47139673682600064 0.8819212643483535
    outer loop
      vertex 48.95 -8.166710699058807 14.994408836907635
      vertex 49.893935026672594 -7.851040331631499 15.16313816358721
      vertex 49.86635265795437 -7.769785293587254 15.206569886273964
    endloop
  endfacet
  facet normal -7.294492954600246e-16 -0.4713967368259975 0.881921264348355
    outer loop
      vertex 48.95 -8.166710699058807 14.994408836907635
      vertex 49.93188733511741 -7.928000000000001 15.122002363825166
      vertex 49.893935026672594 -7.851040331631499 15.16313816358721
    endloop
  endfacet
  facet normal 2.1933409859472335e-15 -0.4713967368260033 0.8819212643483519
    outer loop
      vertex 48.95 -8.166710699058807 14.994408836907635
      vertex 49.86635265795437 -7.769785293587254 15.206569886273964
      vertex 49.849612170938784 -7.685625182096354 15.251554403068711
    endloop
  endfacet
  facet normal -1.0702544589826849e-14 -0.4713967368259842 0.8819212643483623
    outer loop
      vertex 48.95 -8.166710699058807 14.994408836907635
      vertex 49.849612170938784 -7.685625182096354 15.251554403068711
      vertex 49.84714938286093 -7.648050297095271 15.27163859753386
    endloop
  endfacet
  facet normal 0 -0.2902846772544761 0.9569403357322047
    outer loop
      vertex 48.95 -7.648050297095271 15.27163859753386
      vertex 49.84714938286093 -7.648050297095271 15.27163859753386
      vertex 49.844 -7.6000000000000005 15.286214495804058
    endloop
  endfacet
  facet normal -1.1421016795959451e-15 -0.2902846772544566 0.9569403357322106
    outer loop
      vertex 48.95 -7.648050297095271 15.27163859753386
      vertex 49.844 -7.6000000000000005 15.286214495804058
      vertex 49.849612170938784 -7.514374817903647 15.312188610826261
    endloop
  endfacet
  facet normal -2.8922176703417144e-16 -0.2902846772544629 0.9569403357322086
    outer loop
      vertex 48.95 -7.648050297095271 15.27163859753386
      vertex 49.86635265795437 -7.430214706412747 15.33771830153905
      vertex 48.95 -7.085270966048387 15.442355841209691
    endloop
  endfacet
  facet normal 1.7143876627382481e-16 -0.29028467725446466 0.956940335732208
    outer loop
      vertex 48.95 -7.648050297095271 15.27163859753386
      vertex 49.849612170938784 -7.514374817903647 15.312188610826261
      vertex 49.86635265795437 -7.430214706412747 15.33771830153905
    endloop
  endfacet
  facet normal -2.1539526141524785e-16 -0.29028467725446283 0.9569403357322088
    outer loop
      vertex 48.95 -7.085270966048387 15.442355841209691
      vertex 49.86635265795437 -7.430214706412747 15.33771830153905
      vertex 49.893935026672594 -7.348959668368502 15.36236674785616
    endloop
  endfacet
  facet normal 4.766030746071344e-16 -0.29028467725446055 0.9569403357322094
    outer loop
      vertex 48.95 -7.085270966048387 15.442355841209691
      vertex 49.893935026672594 -7.348959668368502 15.36236674785616
      vertex 49.93188733511741 -7.272 15.385712208027266
    endloop
  endfacet
  facet normal 0 -0.0980171403295607 0.9951847266721969
    outer loop
      vertex 48.95 -7.085270966048387 15.442355841209691
      vertex 50.09414063193244 -7.085270966048387 15.442355841209691
      vertex 48.95 -6.500000000000002 15.5
    endloop
  endfacet
  facet normal -1.2267654323321383e-15 -0.29028467725446877 0.9569403357322069
    outer loop
      vertex 48.95 -7.085270966048387 15.442355841209691
      vertex 49.93188733511741 -7.272 15.385712208027266
      vertex 49.97956020876895 -7.2006525025702794 15.407355234756256
    endloop
  endfacet
  facet normal 0 -0.4713967368260026 0.8819212643483524
    outer loop
      vertex 48.95 -8.166710699058807 14.994408836907635
      vertex 50.16990180986906 -8.166710699058807 14.994408836907635
      vertex 50.10065250257028 -8.120439791231052 15.019141152412123
    endloop
  endfacet
  facet normal -5.747635068415341e-16 -0.4713967368259915 0.8819212643483584
    outer loop
      vertex 48.95 -8.166710699058807 14.994408836907635
      vertex 50.10065250257028 -8.120439791231052 15.019141152412123
      vertex 50.036137951541626 -8.063862048458375 15.049382585971077
    endloop
  endfacet
  facet normal 1.5902996401186462e-16 -0.4713967368259975 0.881921264348355
    outer loop
      vertex 48.95 -8.166710699058807 14.994408836907635
      vertex 50.036137951541626 -8.063862048458375 15.049382585971077
      vertex 49.97956020876895 -7.999347497429722 15.083866331926759
    endloop
  endfacet
  facet normal -1.2030474080591375e-16 -0.29028467725445956 0.9569403357322097
    outer loop
      vertex 48.95 -7.085270966048387 15.442355841209691
      vertex 49.97956020876895 -7.2006525025702794 15.407355234756256
      vertex 50.036137951541626 -7.136137951541626 15.426925509855215
    endloop
  endfacet
  facet normal 0 -0.2902846772544573 0.9569403357322104
    outer loop
      vertex 48.95 -7.085270966048387 15.442355841209691
      vertex 50.036137951541626 -7.136137951541626 15.426925509855215
      vertex 50.09414063193244 -7.085270966048387 15.442355841209691
    endloop
  endfacet
  facet normal 3.788349930095056e-14 -0.09801714032948716 0.995184726672204
    outer loop
      vertex 48.95 -6.500000000000002 15.5
      vertex 50.09414063193244 -7.085270966048387 15.442355841209691
      vertex 50.10065250257028 -7.07956020876895 15.442918301708374
    endloop
  endfacet
  facet normal -3.437936128021432e-15 -0.09801714032956857 0.9951847266721962
    outer loop
      vertex 48.95 -6.500000000000002 15.5
      vertex 50.10065250257028 -7.07956020876895 15.442918301708374
      vertex 50.172 -7.031887335117409 15.447613669936384
    endloop
  endfacet
  facet normal 3.4390784123936325e-15 -0.09801714032955297 0.9951847266721976
    outer loop
      vertex 48.95 -6.500000000000002 15.5
      vertex 50.172 -7.031887335117409 15.447613669936384
      vertex 50.2489596683685 -6.993935026672596 15.451351646055757
    endloop
  endfacet
  facet normal -4.4771671382319985e-15 -0.09801714032957352 0.9951847266721955
    outer loop
      vertex 48.95 -6.500000000000002 15.5
      vertex 50.2489596683685 -6.993935026672596 15.451351646055757
      vertex 50.33021470641275 -6.9663526579543715 15.45406827225873
    endloop
  endfacet
  facet normal -8.298823139672801e-15 -0.09801714032958483 0.9951847266721946
    outer loop
      vertex 48.95 -6.500000000000002 15.5
      vertex 50.33021470641275 -6.9663526579543715 15.45406827225873
      vertex 50.41437481790365 -6.949612170938781 15.45571706631778
    endloop
  endfacet
  facet normal 1.2463149716403382e-14 -0.09801714032951782 0.9951847266722011
    outer loop
      vertex 48.95 -6.500000000000002 15.5
      vertex 50.41437481790365 -6.949612170938781 15.45571706631778
      vertex 50.5 -6.944000000000001 15.456269816909419
    endloop
  endfacet
  facet normal 6.8630027789687545e-15 -0.09801714032953718 0.9951847266721993
    outer loop
      vertex 48.95 -6.500000000000002 15.5
      vertex 50.5 -6.944000000000001 15.456269816909419
      vertex 50.58562518209635 -6.949612170938781 15.455717066317778
    endloop
  endfacet
  facet normal 0 -0.4713967368260026 0.8819212643483524
    outer loop
      vertex 50.83009819013094 -8.166710699058807 14.994408836907635
      vertex 52 -8.166710699058807 14.994408836907635
      vertex 50.89934749742972 -8.120439791231052 15.019141152412123
    endloop
  endfacet
  facet normal 6.020371030951564e-16 -0.47139673682599154 0.8819212643483584
    outer loop
      vertex 50.89934749742972 -8.120439791231052 15.019141152412123
      vertex 52 -8.166710699058807 14.994408836907635
      vertex 50.963862048458374 -8.063862048458375 15.049382585971077
    endloop
  endfacet
  facet normal -1.738999483196189e-16 -0.4713967368259976 0.8819212643483552
    outer loop
      vertex 50.963862048458374 -8.063862048458375 15.049382585971077
      vertex 52 -8.166710699058807 14.994408836907635
      vertex 51.02043979123105 -7.999347497429722 15.083866331926759
    endloop
  endfacet
  facet normal -1.9778031938852024e-15 -0.4713967368260057 0.8819212643483507
    outer loop
      vertex 51.02043979123105 -7.999347497429722 15.083866331926759
      vertex 52 -8.166710699058807 14.994408836907635
      vertex 51.06811266488259 -7.928000000000001 15.122002363825166
    endloop
  endfacet
  facet normal 7.643668784794131e-16 -0.4713967368259974 0.8819212643483552
    outer loop
      vertex 51.06811266488259 -7.928000000000001 15.122002363825166
      vertex 52 -8.166710699058807 14.994408836907635
      vertex 51.106064973327406 -7.851040331631499 15.16313816358721
    endloop
  endfacet
  facet normal -6.741501446640349e-16 -0.4713967368260006 0.8819212643483535
    outer loop
      vertex 51.106064973327406 -7.851040331631499 15.16313816358721
      vertex 52 -8.166710699058807 14.994408836907635
      vertex 51.13364734204563 -7.769785293587254 15.206569886273964
    endloop
  endfacet
  facet normal -2.3548688208507918e-15 -0.4713967368260034 0.8819212643483519
    outer loop
      vertex 51.13364734204563 -7.769785293587254 15.206569886273964
      vertex 52 -8.166710699058807 14.994408836907635
      vertex 51.150387829061216 -7.685625182096354 15.251554403068711
    endloop
  endfacet
  facet normal 6.926788174236091e-19 -0.47139673682598376 0.8819212643483624
    outer loop
      vertex 51.150387829061216 -7.685625182096354 15.251554403068711
      vertex 52 -7.648050297095271 15.27163859753386
      vertex 51.15285061713907 -7.648050297095271 15.27163859753386
    endloop
  endfacet
  facet normal 0 -0.29028467725447604 0.9569403357322047
    outer loop
      vertex 51.15285061713907 -7.648050297095271 15.27163859753386
      vertex 52 -7.648050297095271 15.27163859753386
      vertex 51.156 -7.6000000000000005 15.286214495804058
    endloop
  endfacet
  facet normal -1.483970003581763e-14 -0.2902846772544394 0.9569403357322158
    outer loop
      vertex 51.156 -7.6000000000000005 15.286214495804058
      vertex 52 -7.085270966048387 15.442355841209691
      vertex 51.150387829061216 -7.514374817903647 15.31218861082626
    endloop
  endfacet
  facet normal 2.272168475548234e-16 -0.2902846772544627 0.9569403357322087
    outer loop
      vertex 51.106064973327406 -7.348959668368502 15.36236674785616
      vertex 51.13364734204563 -7.430214706412747 15.33771830153905
      vertex 52 -7.085270966048387 15.442355841209691
    endloop
  endfacet
  facet normal -5.003766143224838e-16 -0.29028467725446044 0.9569403357322094
    outer loop
      vertex 51.06811266488259 -7.272 15.385712208027266
      vertex 51.106064973327406 -7.348959668368502 15.36236674785616
      vertex 52 -7.085270966048387 15.442355841209691
    endloop
  endfacet
  facet normal 8.423178080405572e-15 -0.2902846772544816 0.9569403357322029
    outer loop
      vertex 51.150387829061216 -7.514374817903647 15.31218861082626
      vertex 52 -7.085270966048387 15.442355841209691
      vertex 51.13364734204563 -7.430214706412747 15.33771830153905
    endloop
  endfacet
  facet normal 6.5705398811460616e-15 -0.09801714032948888 0.9951847266722039
    outer loop
      vertex 50.58562518209635 -6.949612170938781 15.455717066317778
      vertex 50.66978529358725 -6.9663526579543715 15.45406827225873
      vertex 52 -7.085270966048387 15.442355841209691
    endloop
  endfacet
  facet normal -3.0450898684526615e-15 -0.0980171403295954 0.9951847266721934
    outer loop
      vertex 50.66978529358725 -6.9663526579543715 15.45406827225873
      vertex 50.7510403316315 -6.993935026672596 15.451351646055757
      vertex 52 -7.085270966048387 15.442355841209691
    endloop
  endfacet
  facet normal -6.803650897512531e-16 -0.09801714032957468 0.9951847266721955
    outer loop
      vertex 50.828 -7.031887335117409 15.447613669936384
      vertex 50.89934749742972 -7.07956020876895 15.442918301708374
      vertex 52 -7.085270966048387 15.442355841209691
    endloop
  endfacet
  facet normal 1.2702723164598934e-16 -0.2902846772544596 0.9569403357322096
    outer loop
      vertex 50.963862048458374 -7.136137951541626 15.426925509855215
      vertex 51.02043979123105 -7.2006525025702794 15.407355234756256
      vertex 52 -7.085270966048387 15.442355841209691
    endloop
  endfacet
  facet normal 0 -0.2902846772544573 0.9569403357322104
    outer loop
      vertex 50.90585936806756 -7.085270966048387 15.442355841209691
      vertex 50.963862048458374 -7.136137951541626 15.426925509855215
      vertex 52 -7.085270966048387 15.442355841209691
    endloop
  endfacet
  facet normal 0 -0.09801714032944482 0.9951847266722083
    outer loop
      vertex 50.90585936806756 -7.085270966048387 15.442355841209691
      vertex 52 -7.085270966048387 15.442355841209691
      vertex 50.89934749742972 -7.07956020876895 15.442918301708374
    endloop
  endfacet
  facet normal 6.986777415121403e-16 -0.0980171403295447 0.9951847266721985
    outer loop
      vertex 50.7510403316315 -6.993935026672596 15.451351646055757
      vertex 50.828 -7.031887335117409 15.447613669936384
      vertex 52 -7.085270966048387 15.442355841209691
    endloop
  endfacet
  facet normal 1.2842909013276553e-15 -0.2902846772544687 0.956940335732207
    outer loop
      vertex 51.06811266488259 -7.272 15.385712208027266
      vertex 52 -7.085270966048387 15.442355841209691
      vertex 51.02043979123105 -7.2006525025702794 15.407355234756256
    endloop
  endfacet
  facet normal -7.666975091391712e-16 -0.09801714032956468 0.9951847266721964
    outer loop
      vertex 48.95 -6.500000000000002 15.5
      vertex 50.58562518209635 -6.949612170938781 15.455717066317778
      vertex 52 -7.085270966048387 15.442355841209691
    endloop
  endfacet
  facet normal 0 -0.0980171403295607 0.9951847266721968
    outer loop
      vertex 48.95 -6.500000000000002 15.5
      vertex 52 -7.085270966048387 15.442355841209691
      vertex 52 -6.500000000000002 15.5
    endloop
  endfacet
  facet normal 0 -0.6343932841636434 0.7730104533627388
    outer loop
      vertex 50.83009819013094 -8.166710699058807 14.994408836907635
      vertex 52 -8.621320343559645 14.621320343559642
      vertex 52 -8.166710699058807 14.994408836907635
    endloop
  endfacet
  facet normal 8.650381208925883e-16 -0.47139673682599903 0.8819212643483544
    outer loop
      vertex 51.150387829061216 -7.685625182096354 15.251554403068711
      vertex 52 -8.166710699058807 14.994408836907635
      vertex 52 -7.648050297095271 15.27163859753386
    endloop
  endfacet
  facet normal 8.180488802899825e-16 -0.29028467725446294 0.9569403357322087
    outer loop
      vertex 51.156 -7.6000000000000005 15.286214495804058
      vertex 52 -7.648050297095271 15.27163859753386
      vertex 52 -7.085270966048387 15.442355841209691
    endloop
  endfacet
  facet normal 0 0 1
    outer loop
      vertex 48.95 -6.500000000000002 15.5
      vertex 52 -6.500000000000002 15.5
      vertex 52 6.500000000000002 15.5
    endloop
  endfacet
  facet normal -1 0 0
    outer loop
      vertex 46 -6.500000000000002 1.5
      vertex 46 7.085270966048387 1.5576441587903087
      vertex 46 6.500000000000002 1.5
    endloop
  endfacet
  facet normal -1 0 0
    outer loop
      vertex 46 -8.166710699058807 2.0055911630923644
      vertex 46 6.500000000000002 3.6
      vertex 46 7.085270966048387 1.5576441587903087
    endloop
  endfacet
  facet normal 0 0 -1
    outer loop
      vertex 47 -6.500000000000002 1.5
      vertex 46 6.500000000000002 1.5
      vertex 47 6.500000000000002 1.5
    endloop
  endfacet
  facet normal 0 0.0980171403295607 -0.9951847266721968
    outer loop
      vertex 46 6.500000000000002 1.5
      vertex 46 7.085270966048387 1.5576441587903087
      vertex 47 6.500000000000002 1.5
    endloop
  endfacet
  facet normal 0 0.2902846772544629 -0.9569403357322086
    outer loop
      vertex 46 7.085270966048387 1.5576441587903087
      vertex 46 7.648050297095271 1.72836140246614
      vertex 47 7.085270966048387 1.5576441587903087
    endloop
  endfacet
  facet normal -1 0 0
    outer loop
      vertex 46 7.085270966048387 1.5576441587903087
      vertex 46 8.621320343559645 2.378679656440357
      vertex 46 7.648050297095271 1.72836140246614
    endloop
  endfacet
  facet normal -1 0 0
    outer loop
      vertex 46 7.648050297095271 1.72836140246614
      vertex 46 8.621320343559645 2.378679656440357
      vertex 46 8.166710699058807 2.0055911630923644
    endloop
  endfacet
  facet normal 0 0.4713967368259978 -0.8819212643483549
    outer loop
      vertex 46 7.648050297095271 1.72836140246614
      vertex 46 8.166710699058807 2.0055911630923644
      vertex 47 7.648050297095271 1.72836140246614
    endloop
  endfacet
  facet normal -1 0 0
    outer loop
      vertex 46 7.085270966048387 1.5576441587903087
      vertex 46 6.500000000000002 3.6
      vertex 46 6.6755812898145175 3.6172932476370927
    endloop
  endfacet
  facet normal -1 0 0
    outer loop
      vertex 46 7.085270966048387 1.5576441587903087
      vertex 46 6.6755812898145175 3.6172932476370927
      vertex 46 6.844415089128582 3.668508420739842
    endloop
  endfacet
  facet normal -1 0 0
    outer loop
      vertex 46 7.085270966048387 1.5576441587903087
      vertex 46 6.844415089128582 3.668508420739842
      vertex 46 7.000013209717643 3.7516773489277093
    endloop
  endfacet
  facet normal -1 0 0
    outer loop
      vertex 46 7.085270966048387 1.5576441587903087
      vertex 46 7.000013209717643 3.7516773489277093
      vertex 46 7.136396103067894 3.863603896932107
    endloop
  endfacet
  facet normal -1 0 0
    outer loop
      vertex 46 7.085270966048387 1.5576441587903087
      vertex 46 7.136396103067894 3.863603896932107
      vertex 46 7.248322651072293 3.999986790282358
    endloop
  endfacet
  facet normal -1 0 0
    outer loop
      vertex 46 7.085270966048387 1.5576441587903087
      vertex 46 7.248322651072293 3.999986790282358
      vertex 46 7.33149157926016 4.155584910871419
    endloop
  endfacet
  facet normal -1 0 0
    outer loop
      vertex 46 7.085270966048387 1.5576441587903087
      vertex 46 7.33149157926016 4.155584910871419
      vertex 46 9.500000000000002 4.5
    endloop
  endfacet
  facet normal 0 0.6343932841636433 -0.7730104533627388
    outer loop
      vertex 46 8.166710699058807 2.0055911630923644
      vertex 46 8.621320343559645 2.378679656440357
      vertex 47 8.166710699058807 2.0055911630923644
    endloop
  endfacet
  facet normal 0 0.7730104533627374 -0.6343932841636447
    outer loop
      vertex 46 8.621320343559645 2.378679656440357
      vertex 46 8.994408836907638 2.8332893009411935
      vertex 47 8.621320343559645 2.378679656440357
    endloop
  endfacet
  facet normal -1 0 0
    outer loop
      vertex 46 7.085270966048387 1.5576441587903087
      vertex 46 9.500000000000002 4.5
      vertex 46 8.621320343559645 2.378679656440357
    endloop
  endfacet
  facet normal -1 0 0
    outer loop
      vertex 46 8.621320343559645 2.378679656440357
      vertex 46 9.271638597533862 3.3519497029047307
      vertex 46 8.994408836907638 2.8332893009411935
    endloop
  endfacet
  facet normal 0 0.8819212643483556 -0.4713967368259963
    outer loop
      vertex 46 8.994408836907638 2.8332893009411935
      vertex 46 9.271638597533862 3.3519497029047307
      vertex 47 8.994408836907638 2.8332893009411935
    endloop
  endfacet
  facet normal -1 0 0
    outer loop
      vertex 46 8.621320343559645 2.378679656440357
      vertex 46 9.500000000000002 4.5
      vertex 46 9.271638597533862 3.3519497029047307
    endloop
  endfacet
  facet normal 0 0.9569403357322088 -0.2902846772544627
    outer loop
      vertex 46 9.271638597533862 3.3519497029047307
      vertex 46 9.442355841209693 3.914729033951615
      vertex 47 9.271638597533862 3.3519497029047307
    endloop
  endfacet
  facet normal -1 0 0
    outer loop
      vertex 46 9.271638597533862 3.3519497029047307
      vertex 46 9.500000000000002 4.5
      vertex 46 9.442355841209693 3.914729033951615
    endloop
  endfacet
  facet normal 0 0.9951847266721968 -0.0980171403295607
    outer loop
      vertex 46 9.442355841209693 3.914729033951615
      vertex 46 9.500000000000002 4.5
      vertex 47 9.442355841209693 3.914729033951615
    endloop
  endfacet
  facet normal 0 0.0980171403295607 -0.9951847266721968
    outer loop
      vertex 46 7.085270966048387 1.5576441587903087
      vertex 47 7.085270966048387 1.5576441587903087
      vertex 47 6.500000000000002 1.5
    endloop
  endfacet
  facet normal 0 0.2902846772544629 -0.9569403357322086
    outer loop
      vertex 46 7.648050297095271 1.72836140246614
      vertex 47 7.648050297095271 1.72836140246614
      vertex 47 7.085270966048387 1.5576441587903087
    endloop
  endfacet
  facet normal 0 0.4713967368259978 -0.8819212643483549
    outer loop
      vertex 46 8.166710699058807 2.0055911630923644
      vertex 47 8.166710699058807 2.0055911630923644
      vertex 47 7.648050297095271 1.72836140246614
    endloop
  endfacet
  facet normal 0 0.6343932841636433 -0.7730104533627388
    outer loop
      vertex 46 8.621320343559645 2.378679656440357
      vertex 47 8.621320343559645 2.378679656440357
      vertex 47 8.166710699058807 2.0055911630923644
    endloop
  endfacet
  facet normal 0 0.7730104533627374 -0.6343932841636447
    outer loop
      vertex 46 8.994408836907638 2.8332893009411935
      vertex 47 8.994408836907638 2.8332893009411935
      vertex 47 8.621320343559645 2.378679656440357
    endloop
  endfacet
  facet normal 0 0.8819212643483556 -0.4713967368259963
    outer loop
      vertex 46 9.271638597533862 3.3519497029047307
      vertex 47 9.271638597533862 3.3519497029047307
      vertex 47 8.994408836907638 2.8332893009411935
    endloop
  endfacet
  facet normal 0 0.9569403357322088 -0.2902846772544627
    outer loop
      vertex 46 9.442355841209693 3.914729033951615
      vertex 47 9.442355841209693 3.914729033951615
      vertex 47 9.271638597533862 3.3519497029047307
    endloop
  endfacet
  facet normal -1 0 0
    outer loop
      vertex 46 7.33149157926016 4.155584910871419
      vertex 46 7.382706752362909 4.324418710185484
      vertex 46 9.500000000000002 4.5
    endloop
  endfacet
  facet normal -1 0 0
    outer loop
      vertex 46 7.382706752362909 4.324418710185484
      vertex 46 7.400000000000002 4.5
      vertex 46 9.500000000000002 4.5
    endloop
  endfacet
  facet normal -1 0 0
    outer loop
      vertex 46 7.400000000000002 4.5
      vertex 46 7.400000000000002 12.5
      vertex 46 9.500000000000002 4.5
    endloop
  endfacet
  facet normal 0 1 0
    outer loop
      vertex 46 9.500000000000002 4.5
      vertex 46 9.500000000000002 12.5
      vertex 47 9.500000000000002 4.5
    endloop
  endfacet
  facet normal -2.181934078544068e-18 0.9951847266721968 -0.0980171403295607
    outer loop
      vertex 47 9.442355841209693 3.914729033951615
      vertex 46 9.500000000000002 4.5
      vertex 47 9.500000000000002 4.5
    endloop
  endfacet
  facet normal 0 0 -1
    outer loop
      vertex 48.95 6.500000000000002 1.5
      vertex 52 6.500000000000002 1.5
      vertex 52 -6.500000000000002 1.5
    endloop
  endfacet
  facet normal 0 0.0980171403295607 -0.9951847266721968
    outer loop
      vertex 48.95 6.500000000000002 1.5
      vertex 48.95 7.085270966048387 1.5576441587903087
      vertex 52 6.500000000000002 1.5
    endloop
  endfacet
  facet normal 0 0.29028467725446294 -0.9569403357322087
    outer loop
      vertex 48.95 7.085270966048387 1.5576441587903087
      vertex 48.95 7.648050297095271 1.72836140246614
      vertex 52 7.085270966048387 1.5576441587903087
    endloop
  endfacet
  facet normal 0 0.47139673682599786 -0.8819212643483549
    outer loop
      vertex 48.95 7.648050297095271 1.72836140246614
      vertex 48.95 8.166710699058807 2.0055911630923644
      vertex 52 7.648050297095271 1.72836140246614
    endloop
  endfacet
  facet normal 0 0.0980171403295607 -0.9951847266721968
    outer loop
      vertex 48.95 7.085270966048387 1.5576441587903087
      vertex 52 7.085270966048387 1.5576441587903087
      vertex 52 6.500000000000002 1.5
    endloop
  endfacet
  facet normal 0 0.29028467725446294 -0.9569403357322087
    outer loop
      vertex 48.95 7.648050297095271 1.72836140246614
      vertex 52 7.648050297095271 1.72836140246614
      vertex 52 7.085270966048387 1.5576441587903087
    endloop
  endfacet
  facet normal 0 0.47139673682599786 -0.8819212643483549
    outer loop
      vertex 48.95 8.166710699058807 2.0055911630923644
      vertex 52 8.166710699058807 2.0055911630923644
      vertex 52 7.648050297095271 1.72836140246614
    endloop
  endfacet
  facet normal 0 0.6343932841636433 -0.7730104533627388
    outer loop
      vertex 48.95 8.166710699058807 2.0055911630923644
      vertex 48.95 8.621320343559645 2.378679656440357
      vertex 52 8.166710699058807 2.0055911630923644
    endloop
  endfacet
  facet normal 0 0.7730104533627375 -0.6343932841636447
    outer loop
      vertex 48.95 8.621320343559645 2.378679656440357
      vertex 48.95 8.994408836907638 2.8332893009411935
      vertex 52 8.621320343559645 2.378679656440357
    endloop
  endfacet
  facet normal 0 0.8819212643483557 -0.4713967368259963
    outer loop
      vertex 48.95 8.994408836907638 2.8332893009411935
      vertex 48.95 9.271638597533862 3.3519497029047307
      vertex 52 8.994408836907638 2.8332893009411935
    endloop
  endfacet
  facet normal 0 0.9569403357322087 -0.2902846772544627
    outer loop
      vertex 48.95 9.271638597533862 3.3519497029047307
      vertex 48.95 9.442355841209693 3.914729033951615
      vertex 52 9.271638597533862 3.3519497029047307
    endloop
  endfacet
  facet normal 0 0.9951847266721968 -0.0980171403295607
    outer loop
      vertex 48.95 9.442355841209693 3.914729033951615
      vertex 48.95 9.500000000000002 4.5
      vertex 52 9.442355841209693 3.914729033951615
    endloop
  endfacet
  facet normal 0 0.6343932841636433 -0.7730104533627388
    outer loop
      vertex 48.95 8.621320343559645 2.378679656440357
      vertex 52 8.621320343559645 2.378679656440357
      vertex 52 8.166710699058807 2.0055911630923644
    endloop
  endfacet
  facet normal 0 0.7730104533627375 -0.6343932841636447
    outer loop
      vertex 48.95 8.994408836907638 2.8332893009411935
      vertex 52 8.994408836907638 2.8332893009411935
      vertex 52 8.621320343559645 2.378679656440357
    endloop
  endfacet
  facet normal 0 0.8819212643483557 -0.4713967368259963
    outer loop
      vertex 48.95 9.271638597533862 3.3519497029047307
      vertex 52 9.271638597533862 3.3519497029047307
      vertex 52 8.994408836907638 2.8332893009411935
    endloop
  endfacet
  facet normal 0 0.9569403357322087 -0.2902846772544627
    outer loop
      vertex 48.95 9.442355841209693 3.914729033951615
      vertex 52 9.442355841209693 3.914729033951615
      vertex 52 9.271638597533862 3.3519497029047307
    endloop
  endfacet
  facet normal 0 0.9951847266721968 -0.0980171403295607
    outer loop
      vertex 48.95 9.500000000000002 4.5
      vertex 52 9.500000000000002 4.5
      vertex 52 9.442355841209693 3.914729033951615
    endloop
  endfacet
  facet normal 0 1 0
    outer loop
      vertex 48.95 9.500000000000002 4.5
      vertex 48.95 9.500000000000002 12.5
      vertex 52 9.500000000000002 4.5
    endloop
  endfacet
  facet normal -1 0 0
    outer loop
      vertex 46 -6.500000000000002 13.4
      vertex 46 8.166710699058807 14.994408836907635
      vertex 46 6.500000000000002 13.4
    endloop
  endfacet
  facet normal -1 0 0
    outer loop
      vertex 46 -7.085270966048387 15.442355841209691
      vertex 46 6.500000000000002 15.5
      vertex 46 8.166710699058807 14.994408836907635
    endloop
  endfacet
  facet normal 0 0 1
    outer loop
      vertex 46 -6.500000000000002 15.5
      vertex 47 6.500000000000002 15.5
      vertex 46 6.500000000000002 15.5
    endloop
  endfacet
  facet normal -1 0 0
    outer loop
      vertex 46 9.500000000000002 4.5
      vertex 46 9.442355841209693 13.085270966048384
      vertex 46 9.500000000000002 12.5
    endloop
  endfacet
  facet normal -1 0 0
    outer loop
      vertex 46 9.500000000000002 4.5
      vertex 46 7.400000000000002 12.5
      vertex 46 8.166710699058807 14.994408836907635
    endloop
  endfacet
  facet normal -1 0 0
    outer loop
      vertex 46 9.500000000000002 4.5
      vertex 46 8.166710699058807 14.994408836907635
      vertex 46 9.442355841209693 13.085270966048384
    endloop
  endfacet
  facet normal 0 0.9951847266721968 0.09801714032956084
    outer loop
      vertex 46 9.500000000000002 12.5
      vertex 46 9.442355841209693 13.085270966048384
      vertex 47 9.500000000000002 12.5
    endloop
  endfacet
  facet normal 0 1 0
    outer loop
      vertex 47 9.500000000000002 4.5
      vertex 46 9.500000000000002 12.5
      vertex 47 9.500000000000002 12.5
    endloop
  endfacet
  facet normal -1 0 0
    outer loop
      vertex 46 7.000013209717643 13.248322651072291
      vertex 46 8.166710699058807 14.994408836907635
      vertex 46 7.136396103067894 13.136396103067893
    endloop
  endfacet
  facet normal -1 0 0
    outer loop
      vertex 46 7.136396103067894 13.136396103067893
      vertex 46 8.166710699058807 14.994408836907635
      vertex 46 7.248322651072293 13.000013209717642
    endloop
  endfacet
  facet normal -1 0 0
    outer loop
      vertex 46 7.382706752362909 12.675581289814515
      vertex 46 8.166710699058807 14.994408836907635
      vertex 46 7.400000000000002 12.5
    endloop
  endfacet
  facet normal -1 0 0
    outer loop
      vertex 46 7.382706752362909 12.675581289814515
      vertex 46 7.33149157926016 12.844415089128582
      vertex 46 8.166710699058807 14.994408836907635
    endloop
  endfacet
  facet normal -1 0 0
    outer loop
      vertex 46 7.33149157926016 12.844415089128582
      vertex 46 7.248322651072293 13.000013209717642
      vertex 46 8.166710699058807 14.994408836907635
    endloop
  endfacet
  facet normal -1 0 0
    outer loop
      vertex 46 6.500000000000002 13.4
      vertex 46 8.166710699058807 14.994408836907635
      vertex 46 6.6755812898145175 13.382706752362907
    endloop
  endfacet
  facet normal -1 0 0
    outer loop
      vertex 46 6.6755812898145175 13.382706752362907
      vertex 46 8.166710699058807 14.994408836907635
      vertex 46 6.844415089128582 13.331491579260158
    endloop
  endfacet
  facet normal -1 0 0
    outer loop
      vertex 46 6.844415089128582 13.331491579260158
      vertex 46 8.166710699058807 14.994408836907635
      vertex 46 7.000013209717643 13.248322651072291
    endloop
  endfacet
  facet normal -1 0 0
    outer loop
      vertex 46 6.500000000000002 15.5
      vertex 46 7.085270966048387 15.442355841209691
      vertex 46 8.166710699058807 14.994408836907635
    endloop
  endfacet
  facet normal 8.486515504541452e-18 0.2902846772544629 0.9569403357322086
    outer loop
      vertex 46 7.085270966048387 15.442355841209691
      vertex 47 7.648050297095271 15.27163859753386
      vertex 46 7.648050297095271 15.27163859753386
    endloop
  endfacet
  facet normal 2.181934078544068e-18 0.0980171403295607 0.9951847266721968
    outer loop
      vertex 46 6.500000000000002 15.5
      vertex 47 7.085270966048387 15.442355841209691
      vertex 46 7.085270966048387 15.442355841209691
    endloop
  endfacet
  facet normal -1 0 0
    outer loop
      vertex 46 7.085270966048387 15.442355841209691
      vertex 46 7.648050297095271 15.27163859753386
      vertex 46 8.166710699058807 14.994408836907635
    endloop
  endfacet
  facet normal -2.1285045981096593e-17 0.47139673682599903 0.8819212643483544
    outer loop
      vertex 46 7.648050297095271 15.27163859753386
      vertex 47 8.166710699058807 14.994408836907635
      vertex 46 8.166710699058807 14.994408836907635
    endloop
  endfacet
  facet normal 0 0.9569403357322088 0.2902846772544625
    outer loop
      vertex 46 9.442355841209693 13.085270966048384
      vertex 46 9.271638597533862 13.648050297095269
      vertex 47 9.442355841209693 13.085270966048384
    endloop
  endfacet
  facet normal -1 0 0
    outer loop
      vertex 46 9.442355841209693 13.085270966048384
      vertex 46 8.994408836907638 14.166710699058807
      vertex 46 9.271638597533862 13.648050297095269
    endloop
  endfacet
  facet normal -1 0 0
    outer loop
      vertex 46 8.166710699058807 14.994408836907635
      vertex 46 8.994408836907638 14.166710699058807
      vertex 46 9.442355841209693 13.085270966048384
    endloop
  endfacet
  facet normal 2.1941556512457363e-17 0.7730104533627363 0.6343932841636463
    outer loop
      vertex 46 8.621320343559645 14.621320343559642
      vertex 47 8.994408836907638 14.166710699058807
      vertex 46 8.994408836907638 14.166710699058807
    endloop
  endfacet
  facet normal -1 0 0
    outer loop
      vertex 46 8.166710699058807 14.994408836907635
      vertex 46 8.621320343559645 14.621320343559642
      vertex 46 8.994408836907638 14.166710699058807
    endloop
  endfacet
  facet normal -1.3706187877683864e-17 0.6343932841636433 0.7730104533627388
    outer loop
      vertex 46 8.166710699058807 14.994408836907635
      vertex 47 8.621320343559645 14.621320343559642
      vertex 46 8.621320343559645 14.621320343559642
    endloop
  endfacet
  facet normal 0 0.8819212643483563 0.4713967368259954
    outer loop
      vertex 46 9.271638597533862 13.648050297095269
      vertex 46 8.994408836907638 14.166710699058807
      vertex 47 9.271638597533862 13.648050297095269
    endloop
  endfacet
  facet normal 0 0.0980171403295607 0.9951847266721968
    outer loop
      vertex 46 6.500000000000002 15.5
      vertex 47 6.500000000000002 15.5
      vertex 47 7.085270966048387 15.442355841209691
    endloop
  endfacet
  facet normal 0 0.2902846772544629 0.9569403357322086
    outer loop
      vertex 46 7.085270966048387 15.442355841209691
      vertex 47 7.085270966048387 15.442355841209691
      vertex 47 7.648050297095271 15.27163859753386
    endloop
  endfacet
  facet normal 0 0.47139673682599903 0.8819212643483544
    outer loop
      vertex 46 7.648050297095271 15.27163859753386
      vertex 47 7.648050297095271 15.27163859753386
      vertex 47 8.166710699058807 14.994408836907635
    endloop
  endfacet
  facet normal -5.151567928413355e-18 0.9951847266721968 0.09801714032956084
    outer loop
      vertex 47 9.500000000000002 12.5
      vertex 46 9.442355841209693 13.085270966048384
      vertex 47 9.442355841209693 13.085270966048384
    endloop
  endfacet
  facet normal 0 0.9569403357322088 0.2902846772544625
    outer loop
      vertex 46 9.271638597533862 13.648050297095269
      vertex 47 9.271638597533862 13.648050297095269
      vertex 47 9.442355841209693 13.085270966048384
    endloop
  endfacet
  facet normal 0 0.6343932841636433 0.7730104533627388
    outer loop
      vertex 46 8.166710699058807 14.994408836907635
      vertex 47 8.166710699058807 14.994408836907635
      vertex 47 8.621320343559645 14.621320343559642
    endloop
  endfacet
  facet normal 0 0.7730104533627363 0.6343932841636463
    outer loop
      vertex 46 8.621320343559645 14.621320343559642
      vertex 47 8.621320343559645 14.621320343559642
      vertex 47 8.994408836907638 14.166710699058807
    endloop
  endfacet
  facet normal 0 0.8819212643483563 0.4713967368259954
    outer loop
      vertex 46 8.994408836907638 14.166710699058807
      vertex 47 8.994408836907638 14.166710699058807
      vertex 47 9.271638597533862 13.648050297095269
    endloop
  endfacet
  facet normal 0 0 1
    outer loop
      vertex 48.95 -6.500000000000002 15.5
      vertex 52 6.500000000000002 15.5
      vertex 48.95 6.500000000000002 15.5
    endloop
  endfacet
  facet normal 0 1 0
    outer loop
      vertex 48.95 9.500000000000002 12.5
      vertex 52 9.500000000000002 12.5
      vertex 52 9.500000000000002 4.5
    endloop
  endfacet
  facet normal 0 0.9951847266721968 0.09801714032956084
    outer loop
      vertex 48.95 9.500000000000002 12.5
      vertex 48.95 9.442355841209693 13.085270966048384
      vertex 52 9.500000000000002 12.5
    endloop
  endfacet
  facet normal -3.4407100327812643e-15 0.09801714032956867 0.9951847266721959
    outer loop
      vertex 48.95 6.500000000000002 15.5
      vertex 50.172 7.031887335117409 15.447613669936384
      vertex 50.10065250257028 7.07956020876895 15.442918301708374
    endloop
  endfacet
  facet normal 3.424397979681931e-15 0.09801714032955292 0.9951847266721976
    outer loop
      vertex 48.95 6.500000000000002 15.5
      vertex 50.2489596683685 6.993935026672596 15.451351646055757
      vertex 50.172 7.031887335117409 15.447613669936384
    endloop
  endfacet
  facet normal -4.481852179768916e-15 0.09801714032957348 0.9951847266721955
    outer loop
      vertex 48.95 6.500000000000002 15.5
      vertex 50.33021470641275 6.9663526579543715 15.45406827225873
      vertex 50.2489596683685 6.993935026672596 15.451351646055757
    endloop
  endfacet
  facet normal 4.916111306551034e-15 0.09801714032954599 0.9951847266721983
    outer loop
      vertex 48.95 6.500000000000002 15.5
      vertex 50.41437481790365 6.949612170938781 15.455717066317778
      vertex 50.33021470641275 6.9663526579543715 15.45406827225873
    endloop
  endfacet
  facet normal -4.307143345276137e-15 0.09801714032957567 0.9951847266721955
    outer loop
      vertex 48.95 6.500000000000002 15.5
      vertex 50.5 6.944000000000001 15.456269816909419
      vertex 50.41437481790365 6.949612170938781 15.455717066317778
    endloop
  endfacet
  facet normal 6.8740412228360115e-15 0.09801714032953689 0.9951847266721993
    outer loop
      vertex 48.95 6.500000000000002 15.5
      vertex 50.58562518209635 6.949612170938781 15.455717066317778
      vertex 50.5 6.944000000000001 15.456269816909419
    endloop
  endfacet
  facet normal -7.607430758914737e-16 0.29028467725446294 0.9569403357322086
    outer loop
      vertex 48.95 7.085270966048387 15.442355841209691
      vertex 49.844 7.6000000000000005 15.286214495804058
      vertex 48.95 7.648050297095271 15.27163859753386
    endloop
  endfacet
  facet normal 6.759575026057601e-15 0.29028467725444573 0.9569403357322139
    outer loop
      vertex 48.95 7.085270966048387 15.442355841209691
      vertex 49.893935026672594 7.348959668368502 15.362366747856159
      vertex 49.86635265795437 7.430214706412747 15.33771830153905
    endloop
  endfacet
  facet normal -3.3532165146972276e-15 0.29028467725447893 0.9569403357322038
    outer loop
      vertex 48.95 7.085270966048387 15.442355841209691
      vertex 49.93188733511741 7.272 15.385712208027266
      vertex 49.893935026672594 7.348959668368502 15.362366747856159
    endloop
  endfacet
  facet normal -9.029783710918577e-16 0.2902846772544645 0.9569403357322082
    outer loop
      vertex 48.95 7.085270966048387 15.442355841209691
      vertex 49.86635265795437 7.430214706412747 15.33771830153905
      vertex 49.849612170938784 7.514374817903647 15.312188610826261
    endloop
  endfacet
  facet normal 3.050289827534255e-15 0.2902846772544568 0.9569403357322105
    outer loop
      vertex 48.95 7.085270966048387 15.442355841209691
      vertex 49.849612170938784 7.514374817903647 15.312188610826261
      vertex 49.844 7.6000000000000005 15.286214495804058
    endloop
  endfacet
  facet normal 1.9070505999413835e-18 0.0980171403295607 0.9951847266721969
    outer loop
      vertex 48.95 6.500000000000002 15.5
      vertex 50.09414063193244 7.085270966048387 15.442355841209691
      vertex 48.95 7.085270966048387 15.442355841209691
    endloop
  endfacet
  facet normal -1.2345540262310472e-15 0.2902846772544687 0.956940335732207
    outer loop
      vertex 48.95 7.085270966048387 15.442355841209691
      vertex 49.97956020876895 7.2006525025702794 15.407355234756256
      vertex 49.93188733511741 7.272 15.385712208027266
    endloop
  endfacet
  facet normal -3.215886097379788e-17 0.47139673682599903 0.8819212643483543
    outer loop
      vertex 48.95 7.648050297095271 15.27163859753386
      vertex 49.893935026672594 7.851040331631499 15.16313816358721
      vertex 48.95 8.166710699058807 14.994408836907635
    endloop
  endfacet
  facet normal 0 0.4713967368259839 0.8819212643483625
    outer loop
      vertex 48.95 7.648050297095271 15.27163859753386
      vertex 49.84714938286093 7.648050297095271 15.27163859753386
      vertex 49.849612170938784 7.685625182096354 15.251554403068711
    endloop
  endfacet
  facet normal -1.0814451202424546e-15 0.47139673682600397 0.8819212643483517
    outer loop
      vertex 48.95 7.648050297095271 15.27163859753386
      vertex 49.849612170938784 7.685625182096354 15.251554403068711
      vertex 49.86635265795437 7.769785293587254 15.206569886273964
    endloop
  endfacet
  facet normal 0 0.2902846772544761 0.9569403357322047
    outer loop
      vertex 48.95 7.648050297095271 15.27163859753386
      vertex 49.844 7.6000000000000005 15.286214495804058
      vertex 49.84714938286093 7.648050297095271 15.27163859753386
    endloop
  endfacet
  facet normal -5.603369122084026e-16 0.4713967368260008 0.8819212643483533
    outer loop
      vertex 48.95 7.648050297095271 15.27163859753386
      vertex 49.86635265795437 7.769785293587254 15.206569886273964
      vertex 49.893935026672594 7.851040331631499 15.16313816358721
    endloop
  endfacet
  facet normal -7.321045859401349e-16 0.47139673682599725 0.8819212643483552
    outer loop
      vertex 48.95 8.166710699058807 14.994408836907635
      vertex 49.893935026672594 7.851040331631499 15.16313816358721
      vertex 49.93188733511741 7.928000000000001 15.122002363825166
    endloop
  endfacet
  facet normal 1.9022488318000886e-15 0.47139673682600575 0.8819212643483507
    outer loop
      vertex 48.95 8.166710699058807 14.994408836907635
      vertex 49.93188733511741 7.928000000000001 15.122002363825166
      vertex 49.97956020876895 7.999347497429722 15.083866331926759
    endloop
  endfacet
  facet normal 3.79624983398695e-14 0.09801714032948718 0.995184726672204
    outer loop
      vertex 48.95 6.500000000000002 15.5
      vertex 50.10065250257028 7.07956020876895 15.442918301708374
      vertex 50.09414063193244 7.085270966048387 15.442355841209691
    endloop
  endfacet
  facet normal 0 0.2902846772544573 0.9569403357322104
    outer loop
      vertex 48.95 7.085270966048387 15.442355841209691
      vertex 50.09414063193244 7.085270966048387 15.442355841209691
      vertex 50.036137951541626 7.136137951541626 15.426925509855215
    endloop
  endfacet
  facet normal -1.2011753471377054e-16 0.29028467725445967 0.9569403357322097
    outer loop
      vertex 48.95 7.085270966048387 15.442355841209691
      vertex 50.036137951541626 7.136137951541626 15.426925509855215
      vertex 49.97956020876895 7.2006525025702794 15.407355234756256
    endloop
  endfacet
  facet normal 1.6967533490682054e-16 0.4713967368259974 0.881921264348355
    outer loop
      vertex 48.95 8.166710699058807 14.994408836907635
      vertex 49.97956020876895 7.999347497429722 15.083866331926759
      vertex 50.036137951541626 8.063862048458375 15.049382585971077
    endloop
  endfacet
  facet normal 0 0.4713967368260026 0.8819212643483524
    outer loop
      vertex 48.95 8.166710699058807 14.994408836907635
      vertex 50.10065250257028 8.120439791231052 15.019141152412123
      vertex 50.16990180986906 8.166710699058807 14.994408836907635
    endloop
  endfacet
  facet normal -5.747174964468367e-16 0.4713967368259914 0.8819212643483584
    outer loop
      vertex 48.95 8.166710699058807 14.994408836907635
      vertex 50.036137951541626 8.063862048458375 15.049382585971077
      vertex 50.10065250257028 8.120439791231052 15.019141152412123
    endloop
  endfacet
  facet normal 0 0.09801714032956191 0.9951847266721967
    outer loop
      vertex 48.95 6.500000000000002 15.5
      vertex 52 6.500000000000002 15.5
      vertex 50.58562518209635 6.949612170938781 15.455717066317778
    endloop
  endfacet
  facet normal -4.976719068058194e-15 0.09801714032954638 0.9951847266721983
    outer loop
      vertex 50.58562518209635 6.949612170938781 15.455717066317778
      vertex 52 6.500000000000002 15.5
      vertex 50.66978529358725 6.9663526579543715 15.45406827225873
    endloop
  endfacet
  facet normal 4.541572373910236e-15 0.09801714032957327 0.9951847266721956
    outer loop
      vertex 50.66978529358725 6.9663526579543715 15.45406827225873
      vertex 52 6.500000000000002 15.5
      vertex 50.7510403316315 6.993935026672596 15.451351646055757
    endloop
  endfacet
  facet normal -3.4994153497778982e-15 0.09801714032955314 0.9951847266721977
    outer loop
      vertex 50.7510403316315 6.993935026672596 15.451351646055757
      vertex 52 6.500000000000002 15.5
      vertex 50.828 7.031887335117409 15.447613669936384
    endloop
  endfacet
  facet normal 3.5183183284688745e-15 0.09801714032956847 0.9951847266721962
    outer loop
      vertex 50.828 7.031887335117409 15.447613669936384
      vertex 52 6.500000000000002 15.5
      vertex 50.89934749742972 7.07956020876895 15.442918301708374
    endloop
  endfacet
  facet normal -5.104187722279038e-16 0.2902846772544605 0.9569403357322094
    outer loop
      vertex 51.06811266488259 7.272 15.385712208027266
      vertex 52 7.085270966048387 15.442355841209691
      vertex 51.106064973327406 7.348959668368502 15.36236674785616
    endloop
  endfacet
  facet normal 2.290153446849686e-16 0.2902846772544627 0.9569403357322087
    outer loop
      vertex 51.106064973327406 7.348959668368502 15.36236674785616
      vertex 52 7.085270966048387 15.442355841209691
      vertex 51.13364734204563 7.430214706412747 15.33771830153905
    endloop
  endfacet
  facet normal 9.68080011250141e-16 0.29028467725446444 0.9569403357322083
    outer loop
      vertex 51.13364734204563 7.430214706412747 15.33771830153905
      vertex 52 7.085270966048387 15.442355841209691
      vertex 51.150387829061216 7.514374817903647 15.312188610826261
    endloop
  endfacet
  facet normal -3.887020175125339e-14 0.09801714032948872 0.9951847266722039
    outer loop
      vertex 50.90585936806756 7.085270966048387 15.442355841209691
      vertex 50.89934749742972 7.07956020876895 15.442918301708374
      vertex 52 6.500000000000002 15.5
    endloop
  endfacet
  facet normal 0 0.2902846772544573 0.9569403357322104
    outer loop
      vertex 50.90585936806756 7.085270966048387 15.442355841209691
      vertex 52 7.085270966048387 15.442355841209691
      vertex 50.963862048458374 7.136137951541626 15.426925509855215
    endloop
  endfacet
  facet normal 1.2749408192764932e-16 0.2902846772544596 0.9569403357322096
    outer loop
      vertex 50.963862048458374 7.136137951541626 15.426925509855215
      vertex 52 7.085270966048387 15.442355841209691
      vertex 51.02043979123105 7.2006525025702794 15.407355234756256
    endloop
  endfacet
  facet normal 1.2934959879029907e-15 0.2902846772544687 0.956940335732207
    outer loop
      vertex 51.06811266488259 7.272 15.385712208027266
      vertex 51.02043979123105 7.2006525025702794 15.407355234756256
      vertex 52 7.085270966048387 15.442355841209691
    endloop
  endfacet
  facet normal -2.025444192203518e-14 0.6343932841634458 0.7730104533629009
    outer loop
      vertex 50.5 8.256 14.92113100137728
      vertex 50.58562518209635 8.25038782906122 14.925736791037242
      vertex 52 8.166710699058807 14.994408836907635
    endloop
  endfacet
  facet normal 2.6676362655983025e-15 0.6343932841636772 0.7730104533627108
    outer loop
      vertex 50.66978529358725 8.233647342045629 14.93947535367908
      vertex 52 8.166710699058807 14.994408836907635
      vertex 50.58562518209635 8.25038782906122 14.925736791037242
    endloop
  endfacet
  facet normal 4.0113001742758436e-16 0.6343932841636503 0.7730104533627331
    outer loop
      vertex 50.66978529358725 8.233647342045629 14.93947535367908
      vertex 50.7510403316315 8.206064973327404 14.962111618686944
      vertex 52 8.166710699058807 14.994408836907635
    endloop
  endfacet
  facet normal 0 0.4713967368259838 0.8819212643483624
    outer loop
      vertex 51.15285061713907 7.648050297095271 15.27163859753386
      vertex 52 7.648050297095271 15.27163859753386
      vertex 51.150387829061216 7.685625182096354 15.251554403068711
    endloop
  endfacet
  facet normal 1.2116650171923949e-15 0.29028467725445667 0.9569403357322107
    outer loop
      vertex 51.150387829061216 7.514374817903647 15.312188610826261
      vertex 52 7.648050297095271 15.27163859753386
      vertex 51.156 7.6000000000000005 15.286214495804058
    endloop
  endfacet
  facet normal 0 0.29028467725447604 0.9569403357322047
    outer loop
      vertex 51.15285061713907 7.648050297095271 15.27163859753386
      vertex 51.156 7.6000000000000005 15.286214495804058
      vertex 52 7.648050297095271 15.27163859753386
    endloop
  endfacet
  facet normal -2.3586646050345804e-15 0.4713967368260035 0.8819212643483519
    outer loop
      vertex 51.150387829061216 7.685625182096354 15.251554403068711
      vertex 52 8.166710699058807 14.994408836907635
      vertex 51.13364734204563 7.769785293587254 15.206569886273964
    endloop
  endfacet
  facet normal -1.7466068291497465e-16 0.4713967368259976 0.8819212643483552
    outer loop
      vertex 50.963862048458374 8.063862048458375 15.049382585971077
      vertex 51.02043979123105 7.999347497429722 15.083866331926759
      vertex 52 8.166710699058807 14.994408836907635
    endloop
  endfacet
  facet normal 0 0.4713967368260026 0.8819212643483524
    outer loop
      vertex 50.83009819013094 8.166710699058807 14.994408836907635
      vertex 50.89934749742972 8.120439791231052 15.019141152412123
      vertex 52 8.166710699058807 14.994408836907635
    endloop
  endfacet
  facet normal -2.221861775405388e-16 0.6343932841636386 0.7730104533627427
    outer loop
      vertex 50.7510403316315 8.206064973327404 14.962111618686944
      vertex 50.828 8.168112664882592 14.993258273290587
      vertex 52 8.166710699058807 14.994408836907635
    endloop
  endfacet
  facet normal -4.4155309047170705e-20 0.6343932841637487 0.7730104533626522
    outer loop
      vertex 50.828 8.168112664882592 14.993258273290587
      vertex 50.83009819013094 8.166710699058807 14.994408836907635
      vertex 52 8.166710699058807 14.994408836907635
    endloop
  endfacet
  facet normal 6.002038732540856e-16 0.47139673682599154 0.8819212643483584
    outer loop
      vertex 50.89934749742972 8.120439791231052 15.019141152412123
      vertex 50.963862048458374 8.063862048458375 15.049382585971077
      vertex 52 8.166710699058807 14.994408836907635
    endloop
  endfacet
  facet normal -6.844754557514044e-16 0.47139673682600064 0.8819212643483535
    outer loop
      vertex 51.106064973327406 7.851040331631499 15.16313816358721
      vertex 51.13364734204563 7.769785293587254 15.206569886273964
      vertex 52 8.166710699058807 14.994408836907635
    endloop
  endfacet
  facet normal 7.823550248995638e-16 0.4713967368259974 0.8819212643483552
    outer loop
      vertex 51.106064973327406 7.851040331631499 15.16313816358721
      vertex 52 8.166710699058807 14.994408836907635
      vertex 51.06811266488259 7.928000000000001 15.122002363825166
    endloop
  endfacet
  facet normal -1.9706726598719194e-15 0.4713967368260057 0.8819212643483507
    outer loop
      vertex 51.02043979123105 7.999347497429722 15.083866331926759
      vertex 51.06811266488259 7.928000000000001 15.122002363825166
      vertex 52 8.166710699058807 14.994408836907635
    endloop
  endfacet
  facet normal 0 0.9569403357322087 0.2902846772544625
    outer loop
      vertex 48.95 9.442355841209693 13.085270966048384
      vertex 48.95 9.271638597533862 13.648050297095269
      vertex 52 9.442355841209693 13.085270966048384
    endloop
  endfacet
  facet normal 0 0.6343932841636433 0.7730104533627388
    outer loop
      vertex 48.95 8.166710699058807 14.994408836907635
      vertex 50.16990180986906 8.166710699058807 14.994408836907635
      vertex 48.95 8.621320343559645 14.621320343559642
    endloop
  endfacet
  facet normal 7.19395295490406e-18 0.7730104533627363 0.6343932841636463
    outer loop
      vertex 48.95 8.621320343559645 14.621320343559642
      vertex 52 8.994408836907638 14.166710699058807
      vertex 48.95 8.994408836907638 14.166710699058807
    endloop
  endfacet
  facet normal 4.291182915123643e-14 0.6343932841637049 0.7730104533626884
    outer loop
      vertex 48.95 8.621320343559645 14.621320343559642
      vertex 50.16990180986906 8.166710699058807 14.994408836907635
      vertex 50.172 8.168112664882592 14.993258273290587
    endloop
  endfacet
  facet normal -1.5930331020395567e-15 0.6343932841636405 0.7730104533627411
    outer loop
      vertex 48.95 8.621320343559645 14.621320343559642
      vertex 50.172 8.168112664882592 14.993258273290587
      vertex 50.2489596683685 8.206064973327404 14.962111618686944
    endloop
  endfacet
  facet normal 1.6685344143239723e-15 0.6343932841636464 0.7730104533627363
    outer loop
      vertex 48.95 8.621320343559645 14.621320343559642
      vertex 50.2489596683685 8.206064973327404 14.962111618686944
      vertex 50.33021470641275 8.233647342045629 14.93947535367908
    endloop
  endfacet
  facet normal -4.455071979198867e-15 0.6343932841636338 0.7730104533627467
    outer loop
      vertex 48.95 8.621320343559645 14.621320343559642
      vertex 50.33021470641275 8.233647342045629 14.93947535367908
      vertex 50.41437481790365 8.25038782906122 14.925736791037243
    endloop
  endfacet
  facet normal 1.1510723437131603e-14 0.6343932841636711 0.7730104533627159
    outer loop
      vertex 48.95 8.621320343559645 14.621320343559642
      vertex 50.41437481790365 8.25038782906122 14.925736791037243
      vertex 50.5 8.256 14.92113100137728
    endloop
  endfacet
  facet normal 0 0.8819212643483562 0.47139673682599537
    outer loop
      vertex 48.95 9.271638597533862 13.648050297095269
      vertex 48.95 8.994408836907638 14.166710699058807
      vertex 52 9.271638597533862 13.648050297095269
    endloop
  endfacet
  facet normal 0 0.9951847266721968 0.09801714032956084
    outer loop
      vertex 48.95 9.442355841209693 13.085270966048384
      vertex 52 9.442355841209693 13.085270966048384
      vertex 52 9.500000000000002 12.5
    endloop
  endfacet
  facet normal 0 0.9569403357322087 0.2902846772544625
    outer loop
      vertex 48.95 9.271638597533862 13.648050297095269
      vertex 52 9.271638597533862 13.648050297095269
      vertex 52 9.442355841209693 13.085270966048384
    endloop
  endfacet
  facet normal -9.69985927668851e-16 0.6343932841636396 0.7730104533627419
    outer loop
      vertex 48.95 8.621320343559645 14.621320343559642
      vertex 50.5 8.256 14.92113100137728
      vertex 52 8.166710699058807 14.994408836907635
    endloop
  endfacet
  facet normal 0 0.6343932841636433 0.7730104533627388
    outer loop
      vertex 48.95 8.621320343559645 14.621320343559642
      vertex 52 8.166710699058807 14.994408836907635
      vertex 52 8.621320343559645 14.621320343559642
    endloop
  endfacet
  facet normal 0 0.7730104533627363 0.6343932841636463
    outer loop
      vertex 48.95 8.621320343559645 14.621320343559642
      vertex 52 8.621320343559645 14.621320343559642
      vertex 52 8.994408836907638 14.166710699058807
    endloop
  endfacet
  facet normal 0 0.8819212643483562 0.47139673682599537
    outer loop
      vertex 48.95 8.994408836907638 14.166710699058807
      vertex 52 8.994408836907638 14.166710699058807
      vertex 52 9.271638597533862 13.648050297095269
    endloop
  endfacet
  facet normal 1.256427641935632e-16 0.29028467725446294 0.9569403357322087
    outer loop
      vertex 51.150387829061216 7.514374817903647 15.312188610826261
      vertex 52 7.085270966048387 15.442355841209691
      vertex 52 7.648050297095271 15.27163859753386
    endloop
  endfacet
  facet normal 0 0.0980171403295607 0.9951847266721968
    outer loop
      vertex 50.90585936806756 7.085270966048387 15.442355841209691
      vertex 52 6.500000000000002 15.5
      vertex 52 7.085270966048387 15.442355841209691
    endloop
  endfacet
  facet normal 8.628312797352981e-16 0.47139673682599903 0.8819212643483543
    outer loop
      vertex 51.150387829061216 7.685625182096354 15.251554403068711
      vertex 52 7.648050297095271 15.27163859753386
      vertex 52 8.166710699058807 14.994408836907635
    endloop
  endfacet
  facet normal 1 0 0
    outer loop
      vertex 47 -8.994408836907638 2.8332893009411935
      vertex 47 -8.246086185835347 3.333302510658836
      vertex 47 -9.271638597533862 3.3519497029047307
    endloop
  endfacet
  facet normal 1 0 0
    outer loop
      vertex 47 -8.994408836907638 2.8332893009411935
      vertex 47 -8.621320343559645 2.378679656440357
      vertex 47 -7.984924240491751 3.0150757595082505
    endloop
  endfacet
  facet normal 1 0 0
    outer loop
      vertex 47 -8.994408836907638 2.8332893009411935
      vertex 47 -7.984924240491751 3.0150757595082505
      vertex 47 -8.246086185835347 3.333302510658836
    endloop
  endfacet
  facet normal 1 0 0
    outer loop
      vertex 47 -9.271638597533862 3.3519497029047307
      vertex 47 -8.559649088846786 4.090310323766131
      vertex 47 -9.442355841209693 3.914729033951615
    endloop
  endfacet
  facet normal 1 0 0
    outer loop
      vertex 47 -9.271638597533862 3.3519497029047307
      vertex 47 -8.246086185835347 3.333302510658836
      vertex 47 -8.440147018273704 3.696364792033312
    endloop
  endfacet
  facet normal 1 0 0
    outer loop
      vertex 47 -9.271638597533862 3.3519497029047307
      vertex 47 -8.440147018273704 3.696364792033312
      vertex 47 -8.559649088846786 4.090310323766131
    endloop
  endfacet
  facet normal 1 0 0
    outer loop
      vertex 47 -9.442355841209693 3.914729033951615
      vertex 47 -8.559649088846786 4.090310323766131
      vertex 47 -8.600000000000001 4.5
    endloop
  endfacet
  facet normal -1 0 0
    outer loop
      vertex 48.95 -8.621320343559645 2.378679656440357
      vertex 48.95 -7.984924240491751 3.0150757595082505
      vertex 48.95 -8.166710699058807 2.0055911630923644
    endloop
  endfacet
  facet normal -1 0 0
    outer loop
      vertex 48.95 -8.994408836907638 2.8332893009411935
      vertex 48.95 -8.246086185835347 3.333302510658836
      vertex 48.95 -8.621320343559645 2.378679656440357
    endloop
  endfacet
  facet normal -1 0 0
    outer loop
      vertex 48.95 -8.621320343559645 2.378679656440357
      vertex 48.95 -8.246086185835347 3.333302510658836
      vertex 48.95 -7.984924240491751 3.0150757595082505
    endloop
  endfacet
  facet normal -1 0 0
    outer loop
      vertex 48.95 -8.994408836907638 2.8332893009411935
      vertex 48.95 -9.271638597533862 3.3519497029047307
      vertex 48.95 -8.559649088846786 4.090310323766131
    endloop
  endfacet
  facet normal -1 0 0
    outer loop
      vertex 48.95 -9.271638597533862 3.3519497029047307
      vertex 48.95 -9.442355841209693 3.914729033951615
      vertex 48.95 -8.600000000000001 4.5
    endloop
  endfacet
  facet normal -1 0 0
    outer loop
      vertex 48.95 -8.994408836907638 2.8332893009411935
      vertex 48.95 -8.559649088846786 4.090310323766131
      vertex 48.95 -8.440147018273704 3.696364792033312
    endloop
  endfacet
  facet normal -1 0 0
    outer loop
      vertex 48.95 -8.994408836907638 2.8332893009411935
      vertex 48.95 -8.440147018273704 3.696364792033312
      vertex 48.95 -8.246086185835347 3.333302510658836
    endloop
  endfacet
  facet normal -1 0 0
    outer loop
      vertex 48.95 -9.271638597533862 3.3519497029047307
      vertex 48.95 -8.600000000000001 4.5
      vertex 48.95 -8.559649088846786 4.090310323766131
    endloop
  endfacet
  facet normal 1 0 0
    outer loop
      vertex 47 -8.166710699058807 2.0055911630923644
      vertex 47 -7.648050297095271 1.72836140246614
      vertex 47 -6.500000000000002 2.4000000000000004
    endloop
  endfacet
  facet normal 1 0 0
    outer loop
      vertex 47 -7.648050297095271 1.72836140246614
      vertex 47 -7.085270966048387 1.5576441587903087
      vertex 47 -6.500000000000002 2.4000000000000004
    endloop
  endfacet
  facet normal 1 0 0
    outer loop
      vertex 47 -7.085270966048387 1.5576441587903087
      vertex 47 -6.500000000000002 1.5
      vertex 47 -6.500000000000002 2.4000000000000004
    endloop
  endfacet
  facet normal -1 0 0
    outer loop
      vertex 48.95 -7.648050297095271 1.72836140246614
      vertex 48.95 -6.500000000000002 2.4000000000000004
      vertex 48.95 -7.085270966048387 1.5576441587903087
    endloop
  endfacet
  facet normal -1 0 0
    outer loop
      vertex 48.95 -7.085270966048387 1.5576441587903087
      vertex 48.95 -6.500000000000002 2.4000000000000004
      vertex 48.95 -6.500000000000002 1.5
    endloop
  endfacet
  facet normal 1 0 0
    outer loop
      vertex 47 -8.621320343559645 2.378679656440357
      vertex 47 -8.166710699058807 2.0055911630923644
      vertex 47 -7.666697489341166 2.7539138141646555
    endloop
  endfacet
  facet normal 1 0 0
    outer loop
      vertex 47 -8.166710699058807 2.0055911630923644
      vertex 47 -7.30363520796669 2.5598529817262983
      vertex 47 -7.666697489341166 2.7539138141646555
    endloop
  endfacet
  facet normal 1 0 0
    outer loop
      vertex 47 -8.621320343559645 2.378679656440357
      vertex 47 -7.666697489341166 2.7539138141646555
      vertex 47 -7.984924240491751 3.0150757595082505
    endloop
  endfacet
  facet normal 1 0 0
    outer loop
      vertex 47 -8.166710699058807 2.0055911630923644
      vertex 47 -6.909689676233871 2.4403509111532165
      vertex 47 -7.30363520796669 2.5598529817262983
    endloop
  endfacet
  facet normal 1 0 0
    outer loop
      vertex 47 -8.166710699058807 2.0055911630923644
      vertex 47 -6.500000000000002 2.4000000000000004
      vertex 47 -6.909689676233871 2.4403509111532165
    endloop
  endfacet
  facet normal -1 0 0
    outer loop
      vertex 48.95 -8.166710699058807 2.0055911630923644
      vertex 48.95 -7.984924240491751 3.0150757595082505
      vertex 48.95 -7.666697489341166 2.7539138141646555
    endloop
  endfacet
  facet normal -1 0 0
    outer loop
      vertex 48.95 -8.166710699058807 2.0055911630923644
      vertex 48.95 -7.666697489341166 2.7539138141646555
      vertex 48.95 -7.648050297095271 1.72836140246614
    endloop
  endfacet
  facet normal -1 0 0
    outer loop
      vertex 48.95 -7.648050297095271 1.72836140246614
      vertex 48.95 -7.666697489341166 2.7539138141646555
      vertex 48.95 -7.30363520796669 2.5598529817262983
    endloop
  endfacet
  facet normal -1 0 0
    outer loop
      vertex 48.95 -7.648050297095271 1.72836140246614
      vertex 48.95 -7.30363520796669 2.5598529817262983
      vertex 48.95 -6.909689676233871 2.4403509111532165
    endloop
  endfacet
  facet normal -1 0 0
    outer loop
      vertex 48.95 -7.648050297095271 1.72836140246614
      vertex 48.95 -6.909689676233871 2.4403509111532165
      vertex 48.95 -6.500000000000002 2.4000000000000004
    endloop
  endfacet
  facet normal 1 0 0
    outer loop
      vertex 47 -9.442355841209693 3.914729033951615
      vertex 47 -8.600000000000001 4.5
      vertex 47 -9.500000000000002 4.5
    endloop
  endfacet
  facet normal -1 0 0
    outer loop
      vertex 48.95 -9.442355841209693 3.914729033951615
      vertex 48.95 -9.500000000000002 4.5
      vertex 48.95 -8.600000000000001 4.5
    endloop
  endfacet
  facet normal 1 0 0
    outer loop
      vertex 47 -9.500000000000002 4.5
      vertex 47 -8.600000000000001 4.5
      vertex 47 -9.500000000000002 12.5
    endloop
  endfacet
  facet normal -1 0 0
    outer loop
      vertex 48.95 -9.500000000000002 4.5
      vertex 48.95 -8.600000000000001 12.5
      vertex 48.95 -8.600000000000001 4.5
    endloop
  endfacet
  facet normal 1 0 0
    outer loop
      vertex 47 -6.500000000000002 1.5
      vertex 47 6.500000000000002 2.4000000000000004
      vertex 47 -6.500000000000002 2.4000000000000004
    endloop
  endfacet
  facet normal -1 0 0
    outer loop
      vertex 48.95 -6.500000000000002 1.5
      vertex 48.95 -6.500000000000002 2.4000000000000004
      vertex 48.95 6.500000000000002 1.5
    endloop
  endfacet
  facet normal 1 0 0
    outer loop
      vertex 47 -8.600000000000001 4.5
      vertex 47 -8.600000000000001 12.5
      vertex 47 -9.500000000000002 12.5
    endloop
  endfacet
  facet normal -1 0 0
    outer loop
      vertex 48.95 -9.500000000000002 4.5
      vertex 48.95 -9.500000000000002 12.5
      vertex 48.95 -8.600000000000001 12.5
    endloop
  endfacet
  facet normal 1 0 0
    outer loop
      vertex 47 -9.500000000000002 12.5
      vertex 47 -8.600000000000001 12.5
      vertex 47 -9.442355841209693 13.085270966048384
    endloop
  endfacet
  facet normal -1 0 0
    outer loop
      vertex 48.95 -9.500000000000002 12.5
      vertex 48.95 -9.442355841209693 13.085270966048384
      vertex 48.95 -8.600000000000001 12.5
    endloop
  endfacet
  facet normal 1 0 0
    outer loop
      vertex 47 -8.600000000000001 12.5
      vertex 47 -9.271638597533862 13.648050297095269
      vertex 47 -9.442355841209693 13.085270966048384
    endloop
  endfacet
  facet normal 1 0 0
    outer loop
      vertex 47 -8.600000000000001 12.5
      vertex 47 -8.994408836907638 14.166710699058807
      vertex 47 -9.271638597533862 13.648050297095269
    endloop
  endfacet
  facet normal 1 0 0
    outer loop
      vertex 47 -8.600000000000001 12.5
      vertex 47 -8.559649088846786 12.909689676233869
      vertex 47 -8.994408836907638 14.166710699058807
    endloop
  endfacet
  facet normal 1 0 0
    outer loop
      vertex 47 -8.559649088846786 12.909689676233869
      vertex 47 -8.440147018273704 13.303635207966689
      vertex 47 -8.621320343559645 14.621320343559642
    endloop
  endfacet
  facet normal 1 0 0
    outer loop
      vertex 47 -8.559649088846786 12.909689676233869
      vertex 47 -8.621320343559645 14.621320343559642
      vertex 47 -8.994408836907638 14.166710699058807
    endloop
  endfacet
  facet normal 1 0 0
    outer loop
      vertex 47 -8.440147018273704 13.303635207966689
      vertex 47 -8.246086185835347 13.666697489341164
      vertex 47 -8.621320343559645 14.621320343559642
    endloop
  endfacet
  facet normal 1 0 0
    outer loop
      vertex 47 -8.621320343559645 14.621320343559642
      vertex 47 -8.246086185835347 13.666697489341164
      vertex 47 -7.984924240491751 13.98492424049175
    endloop
  endfacet
  facet normal 1 0 0
    outer loop
      vertex 47 -8.621320343559645 14.621320343559642
      vertex 47 -7.984924240491751 13.98492424049175
      vertex 47 -8.166710699058807 14.994408836907635
    endloop
  endfacet
  facet normal -1 0 0
    outer loop
      vertex 48.95 -8.600000000000001 12.5
      vertex 48.95 -9.442355841209693 13.085270966048384
      vertex 48.95 -9.271638597533862 13.648050297095269
    endloop
  endfacet
  facet normal -1 0 0
    outer loop
      vertex 48.95 -8.600000000000001 12.5
      vertex 48.95 -9.271638597533862 13.648050297095269
      vertex 48.95 -8.559649088846786 12.909689676233869
    endloop
  endfacet
  facet normal -1 0 0
    outer loop
      vertex 48.95 -9.271638597533862 13.648050297095269
      vertex 48.95 -8.440147018273704 13.303635207966689
      vertex 48.95 -8.559649088846786 12.909689676233869
    endloop
  endfacet
  facet normal -1 0 0
    outer loop
      vertex 48.95 -9.271638597533862 13.648050297095269
      vertex 48.95 -8.246086185835347 13.666697489341164
      vertex 48.95 -8.440147018273704 13.303635207966689
    endloop
  endfacet
  facet normal -1 0 0
    outer loop
      vertex 48.95 -9.271638597533862 13.648050297095269
      vertex 48.95 -8.994408836907638 14.166710699058807
      vertex 48.95 -8.246086185835347 13.666697489341164
    endloop
  endfacet
  facet normal -1 0 0
    outer loop
      vertex 48.95 -8.994408836907638 14.166710699058807
      vertex 48.95 -7.984924240491751 13.98492424049175
      vertex 48.95 -8.246086185835347 13.666697489341164
    endloop
  endfacet
  facet normal -1 0 0
    outer loop
      vertex 48.95 -8.994408836907638 14.166710699058807
      vertex 48.95 -8.621320343559645 14.621320343559642
      vertex 48.95 -7.984924240491751 13.98492424049175
    endloop
  endfacet
  facet normal 1 0 0
    outer loop
      vertex 47 -7.984924240491751 13.98492424049175
      vertex 47 -7.666697489341166 14.246086185835345
      vertex 47 -8.166710699058807 14.994408836907635
    endloop
  endfacet
  facet normal 1 0 0
    outer loop
      vertex 47 -7.666697489341166 14.246086185835345
      vertex 47 -7.648050297095271 15.27163859753386
      vertex 47 -8.166710699058807 14.994408836907635
    endloop
  endfacet
  facet normal 1 0 0
    outer loop
      vertex 47 -7.666697489341166 14.246086185835345
      vertex 47 -7.30363520796669 14.440147018273702
      vertex 47 -7.648050297095271 15.27163859753386
    endloop
  endfacet
  facet normal 1 0 0
    outer loop
      vertex 47 -7.30363520796669 14.440147018273702
      vertex 47 -6.909689676233871 14.559649088846784
      vertex 47 -7.085270966048387 15.442355841209691
    endloop
  endfacet
  facet normal 1 0 0
    outer loop
      vertex 47 -6.909689676233871 14.559649088846784
      vertex 47 -6.500000000000002 14.6
      vertex 47 -7.085270966048387 15.442355841209691
    endloop
  endfacet
  facet normal -1 0 0
    outer loop
      vertex 48.95 -8.621320343559645 14.621320343559642
      vertex 48.95 -7.666697489341166 14.246086185835345
      vertex 48.95 -7.984924240491751 13.98492424049175
    endloop
  endfacet
  facet normal -1 0 0
    outer loop
      vertex 48.95 -8.621320343559645 14.621320343559642
      vertex 48.95 -8.166710699058807 14.994408836907635
      vertex 48.95 -7.666697489341166 14.246086185835345
    endloop
  endfacet
  facet normal -1 0 0
    outer loop
      vertex 48.95 -7.666697489341166 14.246086185835345
      vertex 48.95 -8.166710699058807 14.994408836907635
      vertex 48.95 -7.30363520796669 14.440147018273702
    endloop
  endfacet
  facet normal -1 0 0
    outer loop
      vertex 48.95 -7.30363520796669 14.440147018273702
      vertex 48.95 -8.166710699058807 14.994408836907635
      vertex 48.95 -6.909689676233871 14.559649088846784
    endloop
  endfacet
  facet normal -1 0 0
    outer loop
      vertex 48.95 -6.909689676233871 14.559649088846784
      vertex 48.95 -7.648050297095271 15.27163859753386
      vertex 48.95 -6.500000000000002 14.6
    endloop
  endfacet
  facet normal 1 0 0
    outer loop
      vertex 47 -7.30363520796669 14.440147018273702
      vertex 47 -7.085270966048387 15.442355841209691
      vertex 47 -7.648050297095271 15.27163859753386
    endloop
  endfacet
  facet normal 1 0 0
    outer loop
      vertex 47 -6.500000000000002 14.6
      vertex 47 -6.500000000000002 15.5
      vertex 47 -7.085270966048387 15.442355841209691
    endloop
  endfacet
  facet normal -1 0 0
    outer loop
      vertex 48.95 -6.909689676233871 14.559649088846784
      vertex 48.95 -8.166710699058807 14.994408836907635
      vertex 48.95 -7.648050297095271 15.27163859753386
    endloop
  endfacet
  facet normal -1 0 0
    outer loop
      vertex 48.95 -6.500000000000002 14.6
      vertex 48.95 -7.648050297095271 15.27163859753386
      vertex 48.95 -7.085270966048387 15.442355841209691
    endloop
  endfacet
  facet normal -1 0 0
    outer loop
      vertex 48.95 -6.500000000000002 14.6
      vertex 48.95 -7.085270966048387 15.442355841209691
      vertex 48.95 -6.500000000000002 15.5
    endloop
  endfacet
  facet normal 1 0 0
    outer loop
      vertex 47 -6.500000000000002 14.6
      vertex 47 6.500000000000002 15.5
      vertex 47 -6.500000000000002 15.5
    endloop
  endfacet
  facet normal -1 0 0
    outer loop
      vertex 48.95 -6.500000000000002 14.6
      vertex 48.95 -6.500000000000002 15.5
      vertex 48.95 6.500000000000002 14.6
    endloop
  endfacet
  facet normal 1 0 0
    outer loop
      vertex 47 -6.500000000000002 1.5
      vertex 47 6.500000000000002 1.5
      vertex 47 6.500000000000002 2.4000000000000004
    endloop
  endfacet
  facet normal -1 0 0
    outer loop
      vertex 48.95 -6.500000000000002 2.4000000000000004
      vertex 48.95 6.500000000000002 2.4000000000000004
      vertex 48.95 6.500000000000002 1.5
    endloop
  endfacet
  facet normal 1 0 0
    outer loop
      vertex 47 6.500000000000002 1.5
      vertex 47 7.085270966048387 1.5576441587903087
      vertex 47 6.500000000000002 2.4000000000000004
    endloop
  endfacet
  facet normal 1 0 0
    outer loop
      vertex 47 7.085270966048387 1.5576441587903087
      vertex 47 7.648050297095271 1.72836140246614
      vertex 47 6.500000000000002 2.4000000000000004
    endloop
  endfacet
  facet normal 1 0 0
    outer loop
      vertex 47 7.648050297095271 1.72836140246614
      vertex 47 8.166710699058807 2.0055911630923644
      vertex 47 6.500000000000002 2.4000000000000004
    endloop
  endfacet
  facet normal -1 0 0
    outer loop
      vertex 48.95 6.500000000000002 1.5
      vertex 48.95 6.500000000000002 2.4000000000000004
      vertex 48.95 7.085270966048387 1.5576441587903087
    endloop
  endfacet
  facet normal -1 0 0
    outer loop
      vertex 48.95 7.085270966048387 1.5576441587903087
      vertex 48.95 6.500000000000002 2.4000000000000004
      vertex 48.95 7.648050297095271 1.72836140246614
    endloop
  endfacet
  facet normal -1 0 0
    outer loop
      vertex 48.95 7.648050297095271 1.72836140246614
      vertex 48.95 6.500000000000002 2.4000000000000004
      vertex 48.95 8.166710699058807 2.0055911630923644
    endloop
  endfacet
  facet normal 1 0 0
    outer loop
      vertex 47 8.166710699058807 2.0055911630923644
      vertex 47 6.909689676233871 2.4403509111532165
      vertex 47 6.500000000000002 2.4000000000000004
    endloop
  endfacet
  facet normal 1 0 0
    outer loop
      vertex 47 8.166710699058807 2.0055911630923644
      vertex 47 7.30363520796669 2.5598529817262983
      vertex 47 6.909689676233871 2.4403509111532165
    endloop
  endfacet
  facet normal 1 0 0
    outer loop
      vertex 47 8.166710699058807 2.0055911630923644
      vertex 47 7.666697489341166 2.7539138141646555
      vertex 47 7.30363520796669 2.5598529817262983
    endloop
  endfacet
  facet normal 1 0 0
    outer loop
      vertex 47 8.166710699058807 2.0055911630923644
      vertex 47 8.621320343559645 2.378679656440357
      vertex 47 7.666697489341166 2.7539138141646555
    endloop
  endfacet
  facet normal 1 0 0
    outer loop
      vertex 47 7.666697489341166 2.7539138141646555
      vertex 47 8.621320343559645 2.378679656440357
      vertex 47 7.984924240491751 3.0150757595082505
    endloop
  endfacet
  facet normal -1 0 0
    outer loop
      vertex 48.95 8.166710699058807 2.0055911630923644
      vertex 48.95 6.500000000000002 2.4000000000000004
      vertex 48.95 6.909689676233871 2.4403509111532165
    endloop
  endfacet
  facet normal -1 0 0
    outer loop
      vertex 48.95 8.166710699058807 2.0055911630923644
      vertex 48.95 6.909689676233871 2.4403509111532165
      vertex 48.95 7.30363520796669 2.5598529817262983
    endloop
  endfacet
  facet normal -1 0 0
    outer loop
      vertex 48.95 7.30363520796669 2.5598529817262983
      vertex 48.95 7.666697489341166 2.7539138141646555
      vertex 48.95 8.621320343559645 2.378679656440357
    endloop
  endfacet
  facet normal -1 0 0
    outer loop
      vertex 48.95 8.166710699058807 2.0055911630923644
      vertex 48.95 7.30363520796669 2.5598529817262983
      vertex 48.95 8.621320343559645 2.378679656440357
    endloop
  endfacet
  facet normal -1 0 0
    outer loop
      vertex 48.95 7.666697489341166 2.7539138141646555
      vertex 48.95 7.984924240491751 3.0150757595082505
      vertex 48.95 8.621320343559645 2.378679656440357
    endloop
  endfacet
  facet normal 1 0 0
    outer loop
      vertex 47 7.984924240491751 3.0150757595082505
      vertex 47 8.621320343559645 2.378679656440357
      vertex 47 8.246086185835347 3.333302510658836
    endloop
  endfacet
  facet normal 1 0 0
    outer loop
      vertex 47 8.246086185835347 3.333302510658836
      vertex 47 8.621320343559645 2.378679656440357
      vertex 47 8.994408836907638 2.8332893009411935
    endloop
  endfacet
  facet normal 1 0 0
    outer loop
      vertex 47 8.246086185835347 3.333302510658836
      vertex 47 8.994408836907638 2.8332893009411935
      vertex 47 8.440147018273704 3.696364792033312
    endloop
  endfacet
  facet normal 1 0 0
    outer loop
      vertex 47 8.994408836907638 2.8332893009411935
      vertex 47 9.271638597533862 3.3519497029047307
      vertex 47 8.440147018273704 3.696364792033312
    endloop
  endfacet
  facet normal 1 0 0
    outer loop
      vertex 47 8.440147018273704 3.696364792033312
      vertex 47 9.271638597533862 3.3519497029047307
      vertex 47 8.559649088846786 4.090310323766131
    endloop
  endfacet
  facet normal 1 0 0
    outer loop
      vertex 47 8.559649088846786 4.090310323766131
      vertex 47 9.271638597533862 3.3519497029047307
      vertex 47 8.600000000000001 4.5
    endloop
  endfacet
  facet normal 1 0 0
    outer loop
      vertex 47 9.271638597533862 3.3519497029047307
      vertex 47 9.442355841209693 3.914729033951615
      vertex 47 8.600000000000001 4.5
    endloop
  endfacet
  facet normal -1 0 0
    outer loop
      vertex 48.95 7.984924240491751 3.0150757595082505
      vertex 48.95 8.994408836907638 2.8332893009411935
      vertex 48.95 8.621320343559645 2.378679656440357
    endloop
  endfacet
  facet normal -1 0 0
    outer loop
      vertex 48.95 7.984924240491751 3.0150757595082505
      vertex 48.95 8.246086185835347 3.333302510658836
      vertex 48.95 8.994408836907638 2.8332893009411935
    endloop
  endfacet
  facet normal -1 0 0
    outer loop
      vertex 48.95 8.246086185835347 3.333302510658836
      vertex 48.95 9.271638597533862 3.3519497029047307
      vertex 48.95 8.994408836907638 2.8332893009411935
    endloop
  endfacet
  facet normal -1 0 0
    outer loop
      vertex 48.95 8.246086185835347 3.333302510658836
      vertex 48.95 8.440147018273704 3.696364792033312
      vertex 48.95 9.271638597533862 3.3519497029047307
    endloop
  endfacet
  facet normal -1 0 0
    outer loop
      vertex 48.95 8.440147018273704 3.696364792033312
      vertex 48.95 8.559649088846786 4.090310323766131
      vertex 48.95 9.271638597533862 3.3519497029047307
    endloop
  endfacet
  facet normal -1 0 0
    outer loop
      vertex 48.95 8.559649088846786 4.090310323766131
      vertex 48.95 8.600000000000001 4.5
      vertex 48.95 9.442355841209693 3.914729033951615
    endloop
  endfacet
  facet normal -1 0 0
    outer loop
      vertex 48.95 8.559649088846786 4.090310323766131
      vertex 48.95 9.442355841209693 3.914729033951615
      vertex 48.95 9.271638597533862 3.3519497029047307
    endloop
  endfacet
  facet normal 1 0 0
    outer loop
      vertex 47 9.442355841209693 3.914729033951615
      vertex 47 9.500000000000002 4.5
      vertex 47 8.600000000000001 4.5
    endloop
  endfacet
  facet normal -1 0 0
    outer loop
      vertex 48.95 9.442355841209693 3.914729033951615
      vertex 48.95 8.600000000000001 4.5
      vertex 48.95 9.500000000000002 4.5
    endloop
  endfacet
  facet normal 1 0 0
    outer loop
      vertex 47 8.600000000000001 4.5
      vertex 47 9.500000000000002 4.5
      vertex 47 8.600000000000001 12.5
    endloop
  endfacet
  facet normal -1 0 0
    outer loop
      vertex 48.95 8.600000000000001 4.5
      vertex 48.95 9.500000000000002 12.5
      vertex 48.95 9.500000000000002 4.5
    endloop
  endfacet
  facet normal 1 0 0
    outer loop
      vertex 47 -6.500000000000002 14.6
      vertex 47 6.500000000000002 14.6
      vertex 47 6.500000000000002 15.5
    endloop
  endfacet
  facet normal -1 0 0
    outer loop
      vertex 48.95 -6.500000000000002 15.5
      vertex 48.95 6.500000000000002 15.5
      vertex 48.95 6.500000000000002 14.6
    endloop
  endfacet
  facet normal 1 0 0
    outer loop
      vertex 47 9.500000000000002 4.5
      vertex 47 9.500000000000002 12.5
      vertex 47 8.600000000000001 12.5
    endloop
  endfacet
  facet normal -1 0 0
    outer loop
      vertex 48.95 8.600000000000001 4.5
      vertex 48.95 8.600000000000001 12.5
      vertex 48.95 9.500000000000002 12.5
    endloop
  endfacet
  facet normal 1 0 0
    outer loop
      vertex 47 8.600000000000001 12.5
      vertex 47 9.500000000000002 12.5
      vertex 47 9.442355841209693 13.085270966048384
    endloop
  endfacet
  facet normal -1 0 0
    outer loop
      vertex 48.95 8.600000000000001 12.5
      vertex 48.95 9.442355841209693 13.085270966048384
      vertex 48.95 9.500000000000002 12.5
    endloop
  endfacet
  facet normal 1 0 0
    outer loop
      vertex 47 6.500000000000002 14.6
      vertex 47 6.909689676233871 14.559649088846784
      vertex 47 7.648050297095271 15.27163859753386
    endloop
  endfacet
  facet normal 1 0 0
    outer loop
      vertex 47 6.909689676233871 14.559649088846784
      vertex 47 7.30363520796669 14.440147018273702
      vertex 47 7.648050297095271 15.27163859753386
    endloop
  endfacet
  facet normal 1 0 0
    outer loop
      vertex 47 7.666697489341166 14.246086185835345
      vertex 47 7.984924240491751 13.98492424049175
      vertex 47 8.621320343559645 14.621320343559642
    endloop
  endfacet
  facet normal 1 0 0
    outer loop
      vertex 47 7.30363520796669 14.440147018273702
      vertex 47 7.666697489341166 14.246086185835345
      vertex 47 8.166710699058807 14.994408836907635
    endloop
  endfacet
  facet normal 1 0 0
    outer loop
      vertex 47 7.666697489341166 14.246086185835345
      vertex 47 8.621320343559645 14.621320343559642
      vertex 47 8.166710699058807 14.994408836907635
    endloop
  endfacet
  facet normal -1 0 0
    outer loop
      vertex 48.95 6.500000000000002 14.6
      vertex 48.95 7.085270966048387 15.442355841209691
      vertex 48.95 6.909689676233871 14.559649088846784
    endloop
  endfacet
  facet normal -1 0 0
    outer loop
      vertex 48.95 6.909689676233871 14.559649088846784
      vertex 48.95 7.085270966048387 15.442355841209691
      vertex 48.95 7.30363520796669 14.440147018273702
    endloop
  endfacet
  facet normal -1 0 0
    outer loop
      vertex 48.95 7.30363520796669 14.440147018273702
      vertex 48.95 7.648050297095271 15.27163859753386
      vertex 48.95 7.666697489341166 14.246086185835345
    endloop
  endfacet
  facet normal -1 0 0
    outer loop
      vertex 48.95 7.666697489341166 14.246086185835345
      vertex 48.95 8.621320343559645 14.621320343559642
      vertex 48.95 7.984924240491751 13.98492424049175
    endloop
  endfacet
  facet normal -1 0 0
    outer loop
      vertex 48.95 7.666697489341166 14.246086185835345
      vertex 48.95 7.648050297095271 15.27163859753386
      vertex 48.95 8.166710699058807 14.994408836907635
    endloop
  endfacet
  facet normal -1 0 0
    outer loop
      vertex 48.95 7.666697489341166 14.246086185835345
      vertex 48.95 8.166710699058807 14.994408836907635
      vertex 48.95 8.621320343559645 14.621320343559642
    endloop
  endfacet
  facet normal 1 0 0
    outer loop
      vertex 47 6.500000000000002 14.6
      vertex 47 7.085270966048387 15.442355841209691
      vertex 47 6.500000000000002 15.5
    endloop
  endfacet
  facet normal 1 0 0
    outer loop
      vertex 47 6.500000000000002 14.6
      vertex 47 7.648050297095271 15.27163859753386
      vertex 47 7.085270966048387 15.442355841209691
    endloop
  endfacet
  facet normal 1 0 0
    outer loop
      vertex 47 7.30363520796669 14.440147018273702
      vertex 47 8.166710699058807 14.994408836907635
      vertex 47 7.648050297095271 15.27163859753386
    endloop
  endfacet
  facet normal -1 0 0
    outer loop
      vertex 48.95 6.500000000000002 14.6
      vertex 48.95 6.500000000000002 15.5
      vertex 48.95 7.085270966048387 15.442355841209691
    endloop
  endfacet
  facet normal -1 0 0
    outer loop
      vertex 48.95 7.30363520796669 14.440147018273702
      vertex 48.95 7.085270966048387 15.442355841209691
      vertex 48.95 7.648050297095271 15.27163859753386
    endloop
  endfacet
  facet normal 1 0 0
    outer loop
      vertex 47 8.600000000000001 12.5
      vertex 47 9.271638597533862 13.648050297095269
      vertex 47 8.559649088846786 12.909689676233869
    endloop
  endfacet
  facet normal 1 0 0
    outer loop
      vertex 47 8.246086185835347 13.666697489341164
      vertex 47 8.440147018273704 13.303635207966689
      vertex 47 8.994408836907638 14.166710699058807
    endloop
  endfacet
  facet normal 1 0 0
    outer loop
      vertex 47 8.559649088846786 12.909689676233869
      vertex 47 9.271638597533862 13.648050297095269
      vertex 47 8.440147018273704 13.303635207966689
    endloop
  endfacet
  facet normal 1 0 0
    outer loop
      vertex 47 8.440147018273704 13.303635207966689
      vertex 47 9.271638597533862 13.648050297095269
      vertex 47 8.994408836907638 14.166710699058807
    endloop
  endfacet
  facet normal 1 0 0
    outer loop
      vertex 47 8.600000000000001 12.5
      vertex 47 9.442355841209693 13.085270966048384
      vertex 47 9.271638597533862 13.648050297095269
    endloop
  endfacet
  facet normal 1 0 0
    outer loop
      vertex 47 8.246086185835347 13.666697489341164
      vertex 47 8.994408836907638 14.166710699058807
      vertex 47 7.984924240491751 13.98492424049175
    endloop
  endfacet
  facet normal 1 0 0
    outer loop
      vertex 47 7.984924240491751 13.98492424049175
      vertex 47 8.994408836907638 14.166710699058807
      vertex 47 8.621320343559645 14.621320343559642
    endloop
  endfacet
  facet normal -1 0 0
    outer loop
      vertex 48.95 8.600000000000001 12.5
      vertex 48.95 8.559649088846786 12.909689676233869
      vertex 48.95 8.994408836907638 14.166710699058807
    endloop
  endfacet
  facet normal -1 0 0
    outer loop
      vertex 48.95 8.559649088846786 12.909689676233869
      vertex 48.95 8.440147018273704 13.303635207966689
      vertex 48.95 8.994408836907638 14.166710699058807
    endloop
  endfacet
  facet normal -1 0 0
    outer loop
      vertex 48.95 8.600000000000001 12.5
      vertex 48.95 9.271638597533862 13.648050297095269
      vertex 48.95 9.442355841209693 13.085270966048384
    endloop
  endfacet
  facet normal -1 0 0
    outer loop
      vertex 48.95 8.600000000000001 12.5
      vertex 48.95 8.994408836907638 14.166710699058807
      vertex 48.95 9.271638597533862 13.648050297095269
    endloop
  endfacet
  facet normal -1 0 0
    outer loop
      vertex 48.95 8.246086185835347 13.666697489341164
      vertex 48.95 8.621320343559645 14.621320343559642
      vertex 48.95 8.440147018273704 13.303635207966689
    endloop
  endfacet
  facet normal -1 0 0
    outer loop
      vertex 48.95 8.246086185835347 13.666697489341164
      vertex 48.95 7.984924240491751 13.98492424049175
      vertex 48.95 8.621320343559645 14.621320343559642
    endloop
  endfacet
  facet normal -1 0 0
    outer loop
      vertex 48.95 8.440147018273704 13.303635207966689
      vertex 48.95 8.621320343559645 14.621320343559642
      vertex 48.95 8.994408836907638 14.166710699058807
    endloop
  endfacet
  facet normal 0 -0.8819212643483553 -0.47139673682599714
    outer loop
      vertex 47 -8.440147018273704 3.696364792033312
      vertex 47 -8.246086185835347 3.333302510658836
      vertex 48.95 -8.440147018273704 3.696364792033312
    endloop
  endfacet
  facet normal 3.574657253598602e-18 -0.9569403357322085 -0.29028467725446355
    outer loop
      vertex 47 -8.440147018273704 3.696364792033312
      vertex 48.95 -8.559649088846786 4.090310323766131
      vertex 47 -8.559649088846786 4.090310323766131
    endloop
  endfacet
  facet normal 0 -0.8819212643483553 -0.47139673682599714
    outer loop
      vertex 47 -8.246086185835347 3.333302510658836
      vertex 48.95 -8.246086185835347 3.333302510658836
      vertex 48.95 -8.440147018273704 3.696364792033312
    endloop
  endfacet
  facet normal 0 -0.9569403357322085 -0.29028467725446355
    outer loop
      vertex 47 -8.440147018273704 3.696364792033312
      vertex 48.95 -8.440147018273704 3.696364792033312
      vertex 48.95 -8.559649088846786 4.090310323766131
    endloop
  endfacet
  facet normal 0 -0.995184726672197 -0.09801714032955862
    outer loop
      vertex 47 -8.559649088846786 4.090310323766131
      vertex 48.95 -8.559649088846786 4.090310323766131
      vertex 48.95 -8.600000000000001 4.5
    endloop
  endfacet
  facet normal 0 -0.6343932841636448 -0.7730104533627375
    outer loop
      vertex 47 -7.984924240491751 3.0150757595082505
      vertex 47 -7.666697489341166 2.7539138141646555
      vertex 48.95 -7.984924240491751 3.0150757595082505
    endloop
  endfacet
  facet normal 0 -0.2902846772544626 -0.9569403357322088
    outer loop
      vertex 47 -7.30363520796669 2.5598529817262983
      vertex 47 -6.909689676233871 2.4403509111532165
      vertex 48.95 -7.30363520796669 2.5598529817262983
    endloop
  endfacet
  facet normal 0 -0.471396736825998 -0.8819212643483548
    outer loop
      vertex 47 -7.666697489341166 2.7539138141646555
      vertex 47 -7.30363520796669 2.5598529817262983
      vertex 48.95 -7.666697489341166 2.7539138141646555
    endloop
  endfacet
  facet normal 5.341709477027077e-18 -0.7730104533627365 -0.634393284163646
    outer loop
      vertex 47 -7.984924240491751 3.0150757595082505
      vertex 48.95 -8.246086185835347 3.333302510658836
      vertex 47 -8.246086185835347 3.333302510658836
    endloop
  endfacet
  facet normal 0 -0.09801714032956077 -0.9951847266721969
    outer loop
      vertex 47 -6.909689676233871 2.4403509111532165
      vertex 47 -6.500000000000002 2.4000000000000004
      vertex 48.95 -6.909689676233871 2.4403509111532165
    endloop
  endfacet
  facet normal 0 -0.7730104533627365 -0.634393284163646
    outer loop
      vertex 47 -7.984924240491751 3.0150757595082505
      vertex 48.95 -7.984924240491751 3.0150757595082505
      vertex 48.95 -8.246086185835347 3.333302510658836
    endloop
  endfacet
  facet normal 0 -0.6343932841636448 -0.7730104533627375
    outer loop
      vertex 47 -7.666697489341166 2.7539138141646555
      vertex 48.95 -7.666697489341166 2.7539138141646555
      vertex 48.95 -7.984924240491751 3.0150757595082505
    endloop
  endfacet
  facet normal 0 -0.471396736825998 -0.8819212643483548
    outer loop
      vertex 47 -7.30363520796669 2.5598529817262983
      vertex 48.95 -7.30363520796669 2.5598529817262983
      vertex 48.95 -7.666697489341166 2.7539138141646555
    endloop
  endfacet
  facet normal 0 -0.2902846772544626 -0.9569403357322088
    outer loop
      vertex 47 -6.909689676233871 2.4403509111532165
      vertex 48.95 -6.909689676233871 2.4403509111532165
      vertex 48.95 -7.30363520796669 2.5598529817262983
    endloop
  endfacet
  facet normal 0 -0.09801714032956077 -0.9951847266721969
    outer loop
      vertex 47 -6.500000000000002 2.4000000000000004
      vertex 48.95 -6.500000000000002 2.4000000000000004
      vertex 48.95 -6.909689676233871 2.4403509111532165
    endloop
  endfacet
  facet normal -9.476303478162198e-19 -0.995184726672197 -0.09801714032955862
    outer loop
      vertex 47 -8.559649088846786 4.090310323766131
      vertex 48.95 -8.600000000000001 4.5
      vertex 47 -8.600000000000001 4.5
    endloop
  endfacet
  facet normal 0 -1 0
    outer loop
      vertex 47 -8.600000000000001 4.5
      vertex 48.95 -8.600000000000001 4.5
      vertex 48.95 -8.600000000000001 12.5
    endloop
  endfacet
  facet normal 0 0 -1
    outer loop
      vertex 47 -6.500000000000002 2.4000000000000004
      vertex 47 6.500000000000002 2.4000000000000004
      vertex 48.95 -6.500000000000002 2.4000000000000004
    endloop
  endfacet
  facet normal 0 -1 0
    outer loop
      vertex 47 -8.600000000000001 4.5
      vertex 48.95 -8.600000000000001 12.5
      vertex 47 -8.600000000000001 12.5
    endloop
  endfacet
  facet normal 0 -0.995184726672197 0.09801714032955862
    outer loop
      vertex 47 -8.600000000000001 12.5
      vertex 48.95 -8.600000000000001 12.5
      vertex 48.95 -8.559649088846786 12.909689676233869
    endloop
  endfacet
  facet normal 9.476303478162198e-19 -0.995184726672197 0.09801714032955862
    outer loop
      vertex 47 -8.600000000000001 12.5
      vertex 48.95 -8.559649088846786 12.909689676233869
      vertex 47 -8.559649088846786 12.909689676233869
    endloop
  endfacet
  facet normal -1.0138038695794313e-18 -0.9569403357322087 0.290284677254463
    outer loop
      vertex 47 -8.559649088846786 12.909689676233869
      vertex 48.95 -8.440147018273704 13.303635207966689
      vertex 47 -8.440147018273704 13.303635207966689
    endloop
  endfacet
  facet normal -8.123773345560782e-18 -0.8819212643483547 0.4713967368259981
    outer loop
      vertex 47 -8.440147018273704 13.303635207966689
      vertex 48.95 -8.246086185835347 13.666697489341164
      vertex 47 -8.246086185835347 13.666697489341164
    endloop
  endfacet
  facet normal 0 -0.9569403357322087 0.290284677254463
    outer loop
      vertex 47 -8.559649088846786 12.909689676233869
      vertex 48.95 -8.559649088846786 12.909689676233869
      vertex 48.95 -8.440147018273704 13.303635207966689
    endloop
  endfacet
  facet normal 0 -0.8819212643483547 0.4713967368259981
    outer loop
      vertex 47 -8.440147018273704 13.303635207966689
      vertex 48.95 -8.440147018273704 13.303635207966689
      vertex 48.95 -8.246086185835347 13.666697489341164
    endloop
  endfacet
  facet normal 7.007927141449182e-18 -0.7730104533627373 0.6343932841636449
    outer loop
      vertex 47 -8.246086185835347 13.666697489341164
      vertex 48.95 -7.984924240491751 13.98492424049175
      vertex 47 -7.984924240491751 13.98492424049175
    endloop
  endfacet
  facet normal 5.609766514535301e-18 -0.6343932841636448 0.7730104533627375
    outer loop
      vertex 47 -7.984924240491751 13.98492424049175
      vertex 48.95 -7.666697489341166 14.246086185835345
      vertex 47 -7.666697489341166 14.246086185835345
    endloop
  endfacet
  facet normal -8.648328979706022e-19 -0.47139673682599714 0.8819212643483553
    outer loop
      vertex 47 -7.666697489341166 14.246086185835345
      vertex 48.95 -7.30363520796669 14.440147018273702
      vertex 47 -7.30363520796669 14.440147018273702
    endloop
  endfacet
  facet normal -3.574657253598602e-18 -0.29028467725446355 0.9569403357322085
    outer loop
      vertex 47 -7.30363520796669 14.440147018273702
      vertex 48.95 -6.909689676233871 14.559649088846784
      vertex 47 -6.909689676233871 14.559649088846784
    endloop
  endfacet
  facet normal 9.476303478162198e-19 -0.09801714032955862 0.995184726672197
    outer loop
      vertex 47 -6.909689676233871 14.559649088846784
      vertex 48.95 -6.500000000000002 14.6
      vertex 47 -6.500000000000002 14.6
    endloop
  endfacet
  facet normal 0 -0.7730104533627373 0.6343932841636449
    outer loop
      vertex 47 -8.246086185835347 13.666697489341164
      vertex 48.95 -8.246086185835347 13.666697489341164
      vertex 48.95 -7.984924240491751 13.98492424049175
    endloop
  endfacet
  facet normal 0 -0.6343932841636448 0.7730104533627375
    outer loop
      vertex 47 -7.984924240491751 13.98492424049175
      vertex 48.95 -7.984924240491751 13.98492424049175
      vertex 48.95 -7.666697489341166 14.246086185835345
    endloop
  endfacet
  facet normal 0 -0.47139673682599714 0.8819212643483553
    outer loop
      vertex 47 -7.666697489341166 14.246086185835345
      vertex 48.95 -7.666697489341166 14.246086185835345
      vertex 48.95 -7.30363520796669 14.440147018273702
    endloop
  endfacet
  facet normal 0 -0.29028467725446355 0.9569403357322085
    outer loop
      vertex 47 -7.30363520796669 14.440147018273702
      vertex 48.95 -7.30363520796669 14.440147018273702
      vertex 48.95 -6.909689676233871 14.559649088846784
    endloop
  endfacet
  facet normal 0 -0.09801714032955862 0.995184726672197
    outer loop
      vertex 47 -6.909689676233871 14.559649088846784
      vertex 48.95 -6.909689676233871 14.559649088846784
      vertex 48.95 -6.500000000000002 14.6
    endloop
  endfacet
  facet normal 0 0 1
    outer loop
      vertex 47 -6.500000000000002 14.6
      vertex 48.95 -6.500000000000002 14.6
      vertex 48.95 6.500000000000002 14.6
    endloop
  endfacet
  facet normal 0 0 -1
    outer loop
      vertex 48.95 -6.500000000000002 2.4000000000000004
      vertex 47 6.500000000000002 2.4000000000000004
      vertex 48.95 6.500000000000002 2.4000000000000004
    endloop
  endfacet
  facet normal 0 0.09801714032956077 -0.9951847266721969
    outer loop
      vertex 47 6.500000000000002 2.4000000000000004
      vertex 47 6.909689676233871 2.4403509111532165
      vertex 48.95 6.500000000000002 2.4000000000000004
    endloop
  endfacet
  facet normal 0 0.2902846772544626 -0.9569403357322088
    outer loop
      vertex 47 6.909689676233871 2.4403509111532165
      vertex 47 7.30363520796669 2.5598529817262983
      vertex 48.95 6.909689676233871 2.4403509111532165
    endloop
  endfacet
  facet normal 0 0.471396736825998 -0.8819212643483548
    outer loop
      vertex 47 7.30363520796669 2.5598529817262983
      vertex 47 7.666697489341166 2.7539138141646555
      vertex 48.95 7.30363520796669 2.5598529817262983
    endloop
  endfacet
  facet normal 0 0.6343932841636448 -0.7730104533627375
    outer loop
      vertex 47 7.666697489341166 2.7539138141646555
      vertex 47 7.984924240491751 3.0150757595082505
      vertex 48.95 7.666697489341166 2.7539138141646555
    endloop
  endfacet
  facet normal 0 0.7730104533627365 -0.634393284163646
    outer loop
      vertex 47 7.984924240491751 3.0150757595082505
      vertex 47 8.246086185835347 3.333302510658836
      vertex 48.95 7.984924240491751 3.0150757595082505
    endloop
  endfacet
  facet normal 0 0.09801714032956077 -0.9951847266721969
    outer loop
      vertex 47 6.909689676233871 2.4403509111532165
      vertex 48.95 6.909689676233871 2.4403509111532165
      vertex 48.95 6.500000000000002 2.4000000000000004
    endloop
  endfacet
  facet normal 0 0.2902846772544626 -0.9569403357322088
    outer loop
      vertex 47 7.30363520796669 2.5598529817262983
      vertex 48.95 7.30363520796669 2.5598529817262983
      vertex 48.95 6.909689676233871 2.4403509111532165
    endloop
  endfacet
  facet normal 0 0.471396736825998 -0.8819212643483548
    outer loop
      vertex 47 7.666697489341166 2.7539138141646555
      vertex 48.95 7.666697489341166 2.7539138141646555
      vertex 48.95 7.30363520796669 2.5598529817262983
    endloop
  endfacet
  facet normal 0 0.6343932841636448 -0.7730104533627375
    outer loop
      vertex 47 7.984924240491751 3.0150757595082505
      vertex 48.95 7.984924240491751 3.0150757595082505
      vertex 48.95 7.666697489341166 2.7539138141646555
    endloop
  endfacet
  facet normal 0 0.7730104533627365 -0.634393284163646
    outer loop
      vertex 47 8.246086185835347 3.333302510658836
      vertex 48.95 8.246086185835347 3.333302510658836
      vertex 48.95 7.984924240491751 3.0150757595082505
    endloop
  endfacet
  facet normal 0 0.8819212643483553 -0.47139673682599714
    outer loop
      vertex 47 8.246086185835347 3.333302510658836
      vertex 47 8.440147018273704 3.696364792033312
      vertex 48.95 8.246086185835347 3.333302510658836
    endloop
  endfacet
  facet normal 0 0.9569403357322085 -0.29028467725446355
    outer loop
      vertex 47 8.440147018273704 3.696364792033312
      vertex 47 8.559649088846786 4.090310323766131
      vertex 48.95 8.440147018273704 3.696364792033312
    endloop
  endfacet
  facet normal 0 0.995184726672197 -0.09801714032955862
    outer loop
      vertex 47 8.559649088846786 4.090310323766131
      vertex 47 8.600000000000001 4.5
      vertex 48.95 8.559649088846786 4.090310323766131
    endloop
  endfacet
  facet normal 0 0.8819212643483553 -0.47139673682599714
    outer loop
      vertex 47 8.440147018273704 3.696364792033312
      vertex 48.95 8.440147018273704 3.696364792033312
      vertex 48.95 8.246086185835347 3.333302510658836
    endloop
  endfacet
  facet normal 0 0.9569403357322085 -0.29028467725446355
    outer loop
      vertex 47 8.559649088846786 4.090310323766131
      vertex 48.95 8.559649088846786 4.090310323766131
      vertex 48.95 8.440147018273704 3.696364792033312
    endloop
  endfacet
  facet normal 0 0.995184726672197 -0.09801714032955862
    outer loop
      vertex 47 8.600000000000001 4.5
      vertex 48.95 8.600000000000001 4.5
      vertex 48.95 8.559649088846786 4.090310323766131
    endloop
  endfacet
  facet normal 0 1 0
    outer loop
      vertex 47 8.600000000000001 4.5
      vertex 47 8.600000000000001 12.5
      vertex 48.95 8.600000000000001 4.5
    endloop
  endfacet
  facet normal 0 0 1
    outer loop
      vertex 47 -6.500000000000002 14.6
      vertex 48.95 6.500000000000002 14.6
      vertex 47 6.500000000000002 14.6
    endloop
  endfacet
  facet normal 0 1 0
    outer loop
      vertex 48.95 8.600000000000001 4.5
      vertex 47 8.600000000000001 12.5
      vertex 48.95 8.600000000000001 12.5
    endloop
  endfacet
  facet normal 0 0.995184726672197 0.09801714032955862
    outer loop
      vertex 47 8.600000000000001 12.5
      vertex 47 8.559649088846786 12.909689676233869
      vertex 48.95 8.600000000000001 12.5
    endloop
  endfacet
  facet normal -9.476303478162198e-19 0.09801714032955862 0.995184726672197
    outer loop
      vertex 47 6.500000000000002 14.6
      vertex 48.95 6.909689676233871 14.559649088846784
      vertex 47 6.909689676233871 14.559649088846784
    endloop
  endfacet
  facet normal 0 0.7730104533627373 0.6343932841636449
    outer loop
      vertex 47 8.246086185835347 13.666697489341164
      vertex 47 7.984924240491751 13.98492424049175
      vertex 48.95 8.246086185835347 13.666697489341164
    endloop
  endfacet
  facet normal 8.648328979706022e-19 0.47139673682599714 0.8819212643483553
    outer loop
      vertex 47 7.30363520796669 14.440147018273702
      vertex 48.95 7.666697489341166 14.246086185835345
      vertex 47 7.666697489341166 14.246086185835345
    endloop
  endfacet
  facet normal 3.574657253598602e-18 0.29028467725446355 0.9569403357322085
    outer loop
      vertex 47 6.909689676233871 14.559649088846784
      vertex 48.95 7.30363520796669 14.440147018273702
      vertex 47 7.30363520796669 14.440147018273702
    endloop
  endfacet
  facet normal -5.609766514535301e-18 0.6343932841636448 0.7730104533627375
    outer loop
      vertex 47 7.666697489341166 14.246086185835345
      vertex 48.95 7.984924240491751 13.98492424049175
      vertex 47 7.984924240491751 13.98492424049175
    endloop
  endfacet
  facet normal 0 0.09801714032955862 0.995184726672197
    outer loop
      vertex 47 6.500000000000002 14.6
      vertex 48.95 6.500000000000002 14.6
      vertex 48.95 6.909689676233871 14.559649088846784
    endloop
  endfacet
  facet normal 0 0.29028467725446355 0.9569403357322085
    outer loop
      vertex 47 6.909689676233871 14.559649088846784
      vertex 48.95 6.909689676233871 14.559649088846784
      vertex 48.95 7.30363520796669 14.440147018273702
    endloop
  endfacet
  facet normal 0 0.47139673682599714 0.8819212643483553
    outer loop
      vertex 47 7.30363520796669 14.440147018273702
      vertex 48.95 7.30363520796669 14.440147018273702
      vertex 48.95 7.666697489341166 14.246086185835345
    endloop
  endfacet
  facet normal 0 0.6343932841636448 0.7730104533627375
    outer loop
      vertex 47 7.666697489341166 14.246086185835345
      vertex 48.95 7.666697489341166 14.246086185835345
      vertex 48.95 7.984924240491751 13.98492424049175
    endloop
  endfacet
  facet normal 0 0.7730104533627373 0.6343932841636449
    outer loop
      vertex 47 7.984924240491751 13.98492424049175
      vertex 48.95 7.984924240491751 13.98492424049175
      vertex 48.95 8.246086185835347 13.666697489341164
    endloop
  endfacet
  facet normal 0 0.9569403357322087 0.290284677254463
    outer loop
      vertex 47 8.559649088846786 12.909689676233869
      vertex 47 8.440147018273704 13.303635207966689
      vertex 48.95 8.559649088846786 12.909689676233869
    endloop
  endfacet
  facet normal 8.123773345560782e-18 0.8819212643483547 0.4713967368259981
    outer loop
      vertex 47 8.246086185835347 13.666697489341164
      vertex 48.95 8.440147018273704 13.303635207966689
      vertex 47 8.440147018273704 13.303635207966689
    endloop
  endfacet
  facet normal 0 0.995184726672197 0.09801714032955862
    outer loop
      vertex 47 8.559649088846786 12.909689676233869
      vertex 48.95 8.559649088846786 12.909689676233869
      vertex 48.95 8.600000000000001 12.5
    endloop
  endfacet
  facet normal 0 0.9569403357322087 0.290284677254463
    outer loop
      vertex 47 8.440147018273704 13.303635207966689
      vertex 48.95 8.440147018273704 13.303635207966689
      vertex 48.95 8.559649088846786 12.909689676233869
    endloop
  endfacet
  facet normal 0 0.8819212643483547 0.4713967368259981
    outer loop
      vertex 47 8.246086185835347 13.666697489341164
      vertex 48.95 8.246086185835347 13.666697489341164
      vertex 48.95 8.440147018273704 13.303635207966689
    endloop
  endfacet
  facet normal -1 0 0
    outer loop
      vertex 51.8 -5.828379839258092 3.6
      vertex 51.8 -4 9
      vertex 51.8 4 9
    endloop
  endfacet
  facet normal -1 0 0
    outer loop
      vertex 51.8 -5.828379839258092 3.6
      vertex 51.8 -5.828379839258092 13.4
      vertex 51.8 -4 9
    endloop
  endfacet
  facet normal -1 0 0
    outer loop
      vertex 51.8 -5.828379839258092 13.4
      vertex 51.8 -4 10.35
      vertex 51.8 -4 9
    endloop
  endfacet
  facet normal -1 0 0
    outer loop
      vertex 51.8 -5.828379839258092 13.4
      vertex 51.8 5.828379839258092 13.4
      vertex 51.8 -4 10.35
    endloop
  endfacet
  facet normal -1 0 0
    outer loop
      vertex 51.8 -5.828379839258092 3.6
      vertex 51.8 4 9
      vertex 51.8 5.828379839258092 3.6
    endloop
  endfacet
  facet normal -1 0 0
    outer loop
      vertex 51.8 5.828379839258092 3.6
      vertex 51.8 4 9
      vertex 51.8 4 10.35
    endloop
  endfacet
  facet normal -1 0 0
    outer loop
      vertex 51.8 5.828379839258092 13.4
      vertex 51.8 4 10.35
      vertex 51.8 -4 10.35
    endloop
  endfacet
  facet normal -1 0 0
    outer loop
      vertex 51.8 5.828379839258092 3.6
      vertex 51.8 4 10.35
      vertex 51.8 5.828379839258092 13.4
    endloop
  endfacet
  facet normal -1.7326035175135233e-16 0.8819212643483567 0.4713967368259945
    outer loop
      vertex 46 -7.248322651072293 3.999986790282358
      vertex 46 -7.33149157926016 4.155584910871419
      vertex 48.31882130497762 -7.312842377115887 4.120694707674625
    endloop
  endfacet
  facet normal 0 0.6343932841636448 0.7730104533627375
    outer loop
      vertex 46 -7.136396103067894 3.863603896932107
      vertex 48.35391865106382 -7.136396103067894 3.863603896932107
      vertex 46 -7.000013209717643 3.7516773489277093
    endloop
  endfacet
  facet normal 0 0.7730104533627351 0.6343932841636478
    outer loop
      vertex 46 -7.248322651072293 3.999986790282358
      vertex 48.33165507642764 -7.248322651072293 3.999986790282358
      vertex 46 -7.136396103067894 3.863603896932107
    endloop
  endfacet
  facet normal 0 0.4713967368259975 0.8819212643483552
    outer loop
      vertex 46 -7.000013209717643 3.7516773489277093
      vertex 48.385345353690155 -7.000013209717643 3.7516773489277093
      vertex 46 -6.844415089128582 3.668508420739842
    endloop
  endfacet
  facet normal 0 0.47139673682599753 0.8819212643483552
    outer loop
      vertex 46 -6.844415089128582 3.668508420739842
      vertex 48.385345353690155 -7.000013209717643 3.7516773489277093
      vertex 48.43816379839525 -6.844415089128582 3.668508420739842
    endloop
  endfacet
  facet normal 0 0.8819212643483582 0.4713967368259919
    outer loop
      vertex 46 -7.248322651072293 3.999986790282358
      vertex 48.31882130497762 -7.312842377115887 4.120694707674625
      vertex 48.33165507642764 -7.248322651072293 3.999986790282358
    endloop
  endfacet
  facet normal 0 0.8819212643483519 0.47139673682600336
    outer loop
      vertex 46 -7.33149157926016 4.155584910871419
      vertex 48.31759897169034 -7.33149157926016 4.155584910871419
      vertex 48.31882130497762 -7.312842377115887 4.120694707674625
    endloop
  endfacet
  facet normal 0 0.9569403357322092 0.2902846772544615
    outer loop
      vertex 46 -7.33149157926016 4.155584910871419
      vertex 48.3142421518965 -7.382706752362909 4.324418710185484
      vertex 48.31759897169034 -7.33149157926016 4.155584910871419
    endloop
  endfacet
  facet normal -1.4969271095084045e-16 0.6343932841636433 0.7730104533627389
    outer loop
      vertex 46 -7.000013209717643 3.7516773489277093
      vertex 48.35391865106382 -7.136396103067894 3.863603896932107
      vertex 48.37496318216405 -7.030598100774455 3.77677772033784
    endloop
  endfacet
  facet normal 0 0.7730104533627351 0.6343932841636479
    outer loop
      vertex 46 -7.136396103067894 3.863603896932107
      vertex 48.33165507642764 -7.248322651072293 3.999986790282358
      vertex 48.35391865106382 -7.136396103067894 3.863603896932107
    endloop
  endfacet
  facet normal 0 0.6343932841636502 0.773010453362733
    outer loop
      vertex 46 -7.000013209717643 3.7516773489277093
      vertex 48.37496318216405 -7.030598100774455 3.77677772033784
      vertex 48.385345353690155 -7.000013209717643 3.7516773489277093
    endloop
  endfacet
  facet normal 0 0.29028467725446383 0.9569403357322084
    outer loop
      vertex 46 -6.844415089128582 3.668508420739842
      vertex 48.43816379839525 -6.844415089128582 3.668508420739842
      vertex 46 -6.6755812898145175 3.6172932476370927
    endloop
  endfacet
  facet normal 0 0.09801714032956055 0.9951847266721969
    outer loop
      vertex 46 -6.6755812898145175 3.6172932476370927
      vertex 48.50815700170553 -6.6755812898145175 3.6172932476370927
      vertex 46 -6.500000000000002 3.6
    endloop
  endfacet
  facet normal 2.318411876570623e-16 0.2902846772544669 0.9569403357322075
    outer loop
      vertex 46 -6.6755812898145175 3.6172932476370927
      vertex 48.43816379839525 -6.844415089128582 3.668508420739842
      vertex 48.46746502847517 -6.7580964487968025 3.6423239474617013
    endloop
  endfacet
  facet normal 0 0.29028467725446044 0.9569403357322094
    outer loop
      vertex 46 -6.6755812898145175 3.6172932476370927
      vertex 48.46746502847517 -6.7580964487968025 3.6423239474617013
      vertex 48.50815700170553 -6.6755812898145175 3.6172932476370927
    endloop
  endfacet
  facet normal 0 0.09801714032956053 0.9951847266721969
    outer loop
      vertex 46 -6.500000000000002 3.6
      vertex 48.50815700170553 -6.6755812898145175 3.6172932476370927
      vertex 48.59474411167424 -6.500000000000002 3.6
    endloop
  endfacet
  facet normal 0 0.9951847266721964 0.09801714032956554
    outer loop
      vertex 46 -7.400000000000002 4.5
      vertex 48.31310869256305 -7.400000000000002 4.5
      vertex 46 -7.382706752362909 4.324418710185484
    endloop
  endfacet
  facet normal 7.764343523880759e-19 0.956940335732209 0.29028467725446144
    outer loop
      vertex 46 -7.33149157926016 4.155584910871419
      vertex 46 -7.382706752362909 4.324418710185484
      vertex 48.3142421518965 -7.382706752362909 4.324418710185484
    endloop
  endfacet
  facet normal 0 0.9951847266721964 0.09801714032956552
    outer loop
      vertex 46 -7.382706752362909 4.324418710185484
      vertex 48.31310869256305 -7.400000000000002 4.5
      vertex 48.3142421518965 -7.382706752362909 4.324418710185484
    endloop
  endfacet
  facet normal 0 1 0
    outer loop
      vertex 46 -7.400000000000002 4.5
      vertex 48.31310869256305 -7.400000000000002 12.5
      vertex 48.31310869256305 -7.400000000000002 4.5
    endloop
  endfacet
  facet normal 0 0 1
    outer loop
      vertex 46 -6.500000000000002 3.6
      vertex 48.59474411167424 -6.500000000000002 3.6
      vertex 51.6 5.694744111674235 3.6
    endloop
  endfacet
  facet normal 0 0 1
    outer loop
      vertex 48.59474411167424 -6.500000000000002 3.6
      vertex 48.754622651359284 -6.260724856180815 3.6
      vertex 51.6 5.694744111674235 3.6
    endloop
  endfacet
  facet normal 0 0 1
    outer loop
      vertex 48.754622651359284 -6.260724856180815 3.6
      vertex 48.9443650813896 -6.0443650813895955 3.6
      vertex 51.6 5.694744111674235 3.6
    endloop
  endfacet
  facet normal 0 0 1
    outer loop
      vertex 48.9443650813896 -6.0443650813895955 3.6
      vertex 49.16072485618081 -5.854622651359283 3.6
      vertex 51.6 5.694744111674235 3.6
    endloop
  endfacet
  facet normal 0 0 1
    outer loop
      vertex 49.16072485618081 -5.854622651359283 3.6
      vertex 49.4 -5.694744111674235 3.6
      vertex 51.6 5.694744111674235 3.6
    endloop
  endfacet
  facet normal 0 0 1
    outer loop
      vertex 49.4 -5.694744111674235 3.6
      vertex 49.658096448796805 -5.567465028475169 3.6
      vertex 51.6 5.694744111674235 3.6
    endloop
  endfacet
  facet normal 0 0 1
    outer loop
      vertex 49.658096448796805 -5.567465028475169 3.6
      vertex 49.93059810077445 -5.47496318216405 3.6
      vertex 51.6 5.694744111674235 3.6
    endloop
  endfacet
  facet normal 0 0 1
    outer loop
      vertex 49.93059810077445 -5.47496318216405 3.6
      vertex 50.212842377115884 -5.418821304977618 3.6
      vertex 51.6 5.694744111674235 3.6
    endloop
  endfacet
  facet normal 0 0 1
    outer loop
      vertex 50.212842377115884 -5.418821304977618 3.6
      vertex 50.5 -5.4 3.6
      vertex 51.6 5.694744111674235 3.6
    endloop
  endfacet
  facet normal 0 0 1
    outer loop
      vertex 50.787157622884116 -5.418821304977618 3.6
      vertex 51.06940189922555 -5.47496318216405 3.6
      vertex 51.6 5.694744111674235 3.6
    endloop
  endfacet
  facet normal 0 0 1
    outer loop
      vertex 50.5 -5.4 3.6
      vertex 50.787157622884116 -5.418821304977618 3.6
      vertex 51.6 5.694744111674235 3.6
    endloop
  endfacet
  facet normal 0 0 1
    outer loop
      vertex 51.341903551203195 -5.567465028475169 3.6
      vertex 51.6 5.694744111674235 3.6
      vertex 51.06940189922555 -5.47496318216405 3.6
    endloop
  endfacet
  facet normal 0 0 1
    outer loop
      vertex 51.341903551203195 -5.567465028475169 3.6
      vertex 51.6 -5.694744111674235 3.6
      vertex 51.8 5.828379839258092 3.6
    endloop
  endfacet
  facet normal 0 0 1
    outer loop
      vertex 51.6 -5.694744111674235 3.6
      vertex 51.8 -5.828379839258092 3.6
      vertex 51.8 5.828379839258092 3.6
    endloop
  endfacet
  facet normal 0 1 0
    outer loop
      vertex 46 -7.400000000000002 4.5
      vertex 46 -7.400000000000002 12.5
      vertex 48.31310869256305 -7.400000000000002 12.5
    endloop
  endfacet
  facet normal 1.8331075409401317e-19 0.9951847266721963 -0.09801714032956602
    outer loop
      vertex 46 -7.400000000000002 12.5
      vertex 46 -7.382706752362909 12.675581289814515
      vertex 48.3142421518965 -7.382706752362909 12.675581289814515
    endloop
  endfacet
  facet normal 0 0.9951847266721965 -0.09801714032956604
    outer loop
      vertex 46 -7.400000000000002 12.5
      vertex 48.3142421518965 -7.382706752362909 12.675581289814515
      vertex 48.31310869256305 -7.400000000000002 12.5
    endloop
  endfacet
  facet normal 0 0.95694033573221 -0.29028467725445867
    outer loop
      vertex 46 -7.382706752362909 12.675581289814515
      vertex 48.31759897169034 -7.33149157926016 12.844415089128582
      vertex 48.3142421518965 -7.382706752362909 12.675581289814515
    endloop
  endfacet
  facet normal 1.1097718775072897e-18 0.9569403357322099 -0.2902846772544587
    outer loop
      vertex 46 -7.382706752362909 12.675581289814515
      vertex 46 -7.33149157926016 12.844415089128582
      vertex 48.31759897169034 -7.33149157926016 12.844415089128582
    endloop
  endfacet
  facet normal 0 0.881921264348355 -0.47139673682599764
    outer loop
      vertex 46 -7.33149157926016 12.844415089128582
      vertex 46 -7.248322651072293 13.000013209717642
      vertex 48.31759897169034 -7.33149157926016 12.844415089128582
    endloop
  endfacet
  facet normal 0 0.7730104533627371 -0.6343932841636454
    outer loop
      vertex 46 -7.248322651072293 13.000013209717642
      vertex 46 -7.136396103067894 13.136396103067893
      vertex 48.33165507642764 -7.248322651072293 13.000013209717642
    endloop
  endfacet
  facet normal 0 0.6343932841636448 -0.7730104533627375
    outer loop
      vertex 46 -7.136396103067894 13.136396103067893
      vertex 46 -7.000013209717643 13.248322651072291
      vertex 48.35391865106382 -7.136396103067894 13.136396103067893
    endloop
  endfacet
  facet normal 0 0.4713967368259955 -0.8819212643483562
    outer loop
      vertex 46 -7.000013209717643 13.248322651072291
      vertex 46 -6.844415089128582 13.331491579260158
      vertex 48.385345353690155 -7.000013209717643 13.248322651072291
    endloop
  endfacet
  facet normal 3.120054664549054e-16 0.8819212643483568 -0.47139673682599414
    outer loop
      vertex 46 -7.248322651072293 13.000013209717642
      vertex 48.31882130497762 -7.312842377115887 12.879305292325377
      vertex 48.31759897169034 -7.33149157926016 12.844415089128582
    endloop
  endfacet
  facet normal 0 0.8819212643483544 -0.47139673682599864
    outer loop
      vertex 46 -7.248322651072293 13.000013209717642
      vertex 48.33165507642764 -7.248322651072293 13.000013209717642
      vertex 48.31882130497762 -7.312842377115887 12.879305292325377
    endloop
  endfacet
  facet normal 0 0.773010453362737 -0.6343932841636454
    outer loop
      vertex 46 -7.136396103067894 13.136396103067893
      vertex 48.35391865106382 -7.136396103067894 13.136396103067893
      vertex 48.33165507642764 -7.248322651072293 13.000013209717642
    endloop
  endfacet
  facet normal 4.073849232913239e-16 0.6343932841636489 -0.7730104533627341
    outer loop
      vertex 46 -7.000013209717643 13.248322651072291
      vertex 48.37496318216405 -7.030598100774455 13.223222279662162
      vertex 48.35391865106382 -7.136396103067894 13.136396103067893
    endloop
  endfacet
  facet normal 0 0.6343932841636301 -0.7730104533627496
    outer loop
      vertex 46 -7.000013209717643 13.248322651072291
      vertex 48.385345353690155 -7.000013209717643 13.248322651072291
      vertex 48.37496318216405 -7.030598100774455 13.223222279662162
    endloop
  endfacet
  facet normal 0 0.47139673682599553 -0.8819212643483562
    outer loop
      vertex 46 -6.844415089128582 13.331491579260158
      vertex 48.43816379839525 -6.844415089128582 13.331491579260158
      vertex 48.385345353690155 -7.000013209717643 13.248322651072291
    endloop
  endfacet
  facet normal 0 0.2902846772544615 -0.9569403357322092
    outer loop
      vertex 46 -6.844415089128582 13.331491579260158
      vertex 46 -6.6755812898145175 13.382706752362907
      vertex 48.43816379839525 -6.844415089128582 13.331491579260158
    endloop
  endfacet
  facet normal 0 0.09801714032956554 -0.9951847266721965
    outer loop
      vertex 46 -6.6755812898145175 13.382706752362907
      vertex 46 -6.500000000000002 13.4
      vertex 48.50815700170553 -6.6755812898145175 13.382706752362907
    endloop
  endfacet
  facet normal 4.0404214268314364e-16 0.2902846772544668 -0.9569403357322075
    outer loop
      vertex 46 -6.6755812898145175 13.382706752362907
      vertex 48.46746502847517 -6.7580964487968025 13.357676052538299
      vertex 48.43816379839525 -6.844415089128582 13.331491579260158
    endloop
  endfacet
  facet normal 0 0.2902846772544558 -0.9569403357322108
    outer loop
      vertex 46 -6.6755812898145175 13.382706752362907
      vertex 48.50815700170553 -6.6755812898145175 13.382706752362907
      vertex 48.46746502847517 -6.7580964487968025 13.357676052538299
    endloop
  endfacet
  facet normal -6.710234616951529e-17 0.09801714032956457 -0.9951847266721965
    outer loop
      vertex 46 -6.500000000000002 13.4
      vertex 48.59474411167424 -6.5 13.4
      vertex 48.50815700170553 -6.6755812898145175 13.382706752362907
    endloop
  endfacet
  facet normal 0 0 -1
    outer loop
      vertex 46 -6.500000000000002 13.4
      vertex 46 6.500000000000002 13.4
      vertex 48.59474411167424 -6.5 13.4
    endloop
  endfacet
  facet normal 0 0 -1
    outer loop
      vertex 48.59474411167424 -6.5 13.4
      vertex 46 6.500000000000002 13.4
      vertex 48.754622651359284 -6.260724856180815 13.4
    endloop
  endfacet
  facet normal 0 0 -1
    outer loop
      vertex 48.754622651359284 -6.260724856180815 13.4
      vertex 46 6.500000000000002 13.4
      vertex 48.9443650813896 -6.0443650813895955 13.4
    endloop
  endfacet
  facet normal 0 0 -1
    outer loop
      vertex 48.9443650813896 -6.0443650813895955 13.4
      vertex 46 6.500000000000002 13.4
      vertex 49.16072485618081 -5.854622651359283 13.4
    endloop
  endfacet
  facet normal 0 0 -1
    outer loop
      vertex 49.16072485618081 -5.854622651359283 13.4
      vertex 46 6.500000000000002 13.4
      vertex 49.4 -5.694744111674235 13.4
    endloop
  endfacet
  facet normal 0 0 -1
    outer loop
      vertex 49.4 -5.694744111674235 13.4
      vertex 46 6.500000000000002 13.4
      vertex 49.658096448796805 -5.567465028475169 13.4
    endloop
  endfacet
  facet normal 0 0 -1
    outer loop
      vertex 49.658096448796805 -5.567465028475169 13.4
      vertex 46 6.500000000000002 13.4
      vertex 49.93059810077445 -5.47496318216405 13.4
    endloop
  endfacet
  facet normal 0 0 -1
    outer loop
      vertex 49.93059810077445 -5.47496318216405 13.4
      vertex 46 6.500000000000002 13.4
      vertex 50.212842377115884 -5.418821304977618 13.4
    endloop
  endfacet
  facet normal 0 0 -1
    outer loop
      vertex 46 6.500000000000002 13.4
      vertex 50.5 -5.4 13.4
      vertex 50.212842377115884 -5.418821304977618 13.4
    endloop
  endfacet
  facet normal 0 0 -1
    outer loop
      vertex 46 6.500000000000002 13.4
      vertex 50.787157622884116 -5.418821304977618 13.4
      vertex 50.5 -5.4 13.4
    endloop
  endfacet
  facet normal 0 0 -1
    outer loop
      vertex 46 6.500000000000002 13.4
      vertex 51.06940189922555 -5.47496318216405 13.4
      vertex 50.787157622884116 -5.418821304977618 13.4
    endloop
  endfacet
  facet normal 0 0 -1
    outer loop
      vertex 46 6.500000000000002 13.4
      vertex 51.341903551203195 -5.567465028475169 13.4
      vertex 51.06940189922555 -5.47496318216405 13.4
    endloop
  endfacet
  facet normal 0 0 -1
    outer loop
      vertex 46 6.500000000000002 13.4
      vertex 51.6 -5.694744111674235 13.4
      vertex 51.341903551203195 -5.567465028475169 13.4
    endloop
  endfacet
  facet normal 0 0 -1
    outer loop
      vertex 51.6 -5.694744111674235 13.4
      vertex 51.341903551203195 5.567465028475169 13.4
      vertex 51.8 -5.828379839258092 13.4
    endloop
  endfacet
  facet normal 0 0 1
    outer loop
      vertex 46 -6.500000000000002 3.6
      vertex 48.59474411167424 6.5 3.6
      vertex 46 6.500000000000002 3.6
    endloop
  endfacet
  facet normal 0 0 1
    outer loop
      vertex 46 -6.500000000000002 3.6
      vertex 48.9443650813896 6.0443650813895955 3.6
      vertex 48.754622651359284 6.260724856180815 3.6
    endloop
  endfacet
  facet normal 0 0 1
    outer loop
      vertex 46 -6.500000000000002 3.6
      vertex 49.16072485618081 5.854622651359283 3.6
      vertex 48.9443650813896 6.0443650813895955 3.6
    endloop
  endfacet
  facet normal 0 0 1
    outer loop
      vertex 46 -6.500000000000002 3.6
      vertex 49.4 5.694744111674235 3.6
      vertex 49.16072485618081 5.854622651359283 3.6
    endloop
  endfacet
  facet normal 0 0 1
    outer loop
      vertex 46 -6.500000000000002 3.6
      vertex 49.658096448796805 5.567465028475169 3.6
      vertex 49.4 5.694744111674235 3.6
    endloop
  endfacet
  facet normal 0 0 1
    outer loop
      vertex 46 -6.500000000000002 3.6
      vertex 48.754622651359284 6.260724856180815 3.6
      vertex 48.59474411167424 6.5 3.6
    endloop
  endfacet
  facet normal 0 0 1
    outer loop
      vertex 46 -6.500000000000002 3.6
      vertex 49.93059810077445 5.47496318216405 3.6
      vertex 49.658096448796805 5.567465028475169 3.6
    endloop
  endfacet
  facet normal 0 0 1
    outer loop
      vertex 46 -6.500000000000002 3.6
      vertex 50.212842377115884 5.418821304977618 3.6
      vertex 49.93059810077445 5.47496318216405 3.6
    endloop
  endfacet
  facet normal 0 0 1
    outer loop
      vertex 46 -6.500000000000002 3.6
      vertex 50.5 5.4 3.6
      vertex 50.212842377115884 5.418821304977618 3.6
    endloop
  endfacet
  facet normal -1.2997089674684258e-21 -0.09801714032956055 0.9951847266721969
    outer loop
      vertex 46 6.500000000000002 3.6
      vertex 48.50815700170553 6.6755812898145175 3.6172932476370927
      vertex 46 6.6755812898145175 3.6172932476370927
    endloop
  endfacet
  facet normal 1.560742351081554e-19 -0.29028467725446383 0.9569403357322084
    outer loop
      vertex 46 6.6755812898145175 3.6172932476370927
      vertex 48.43816379839525 6.844415089128582 3.668508420739842
      vertex 46 6.844415089128582 3.668508420739842
    endloop
  endfacet
  facet normal 0 -0.2902846772544653 0.956940335732208
    outer loop
      vertex 46 6.6755812898145175 3.6172932476370927
      vertex 48.50815700170553 6.6755812898145175 3.6172932476370927
      vertex 48.46746502847517 6.7580964487968025 3.6423239474617017
    endloop
  endfacet
  facet normal -6.710234616951189e-17 -0.0980171403295596 0.995184726672197
    outer loop
      vertex 46 6.500000000000002 3.6
      vertex 48.59474411167424 6.5 3.6
      vertex 48.50815700170553 6.6755812898145175 3.6172932476370927
    endloop
  endfacet
  facet normal -9.977902908534269e-17 -0.2902846772544624 0.9569403357322088
    outer loop
      vertex 46 6.6755812898145175 3.6172932476370927
      vertex 48.46746502847517 6.7580964487968025 3.6423239474617017
      vertex 48.43816379839525 6.844415089128582 3.668508420739842
    endloop
  endfacet
  facet normal -1.7319492775164216e-18 -0.4713967368259975 0.8819212643483552
    outer loop
      vertex 46 6.844415089128582 3.668508420739842
      vertex 48.385345353690155 7.000013209717643 3.7516773489277093
      vertex 46 7.000013209717643 3.7516773489277093
    endloop
  endfacet
  facet normal 1.480172326103517e-18 -0.6343932841636448 0.7730104533627375
    outer loop
      vertex 46 7.000013209717643 3.7516773489277093
      vertex 48.35391865106382 7.136396103067894 3.863603896932107
      vertex 46 7.136396103067894 3.863603896932107
    endloop
  endfacet
  facet normal 7.691765096546874e-19 -0.7730104533627351 0.6343932841636478
    outer loop
      vertex 46 7.136396103067894 3.863603896932107
      vertex 48.33165507642764 7.248322651072293 3.999986790282358
      vertex 46 7.248322651072293 3.999986790282358
    endloop
  endfacet
  facet normal 1.6100657738534833e-19 -0.8819212643483567 0.4713967368259944
    outer loop
      vertex 46 7.248322651072293 3.999986790282358
      vertex 48.31759897169034 7.33149157926016 4.155584910871419
      vertex 46 7.33149157926016 4.155584910871419
    endloop
  endfacet
  facet normal 0 -0.9569403357322092 0.2902846772544615
    outer loop
      vertex 46 7.33149157926016 4.155584910871419
      vertex 48.31759897169034 7.33149157926016 4.155584910871419
      vertex 46 7.382706752362909 4.324418710185484
    endloop
  endfacet
  facet normal 0 -0.47139673682599753 0.8819212643483552
    outer loop
      vertex 46 6.844415089128582 3.668508420739842
      vertex 48.43816379839525 6.844415089128582 3.668508420739842
      vertex 48.385345353690155 7.000013209717643 3.7516773489277093
    endloop
  endfacet
  facet normal 0 -0.6343932841636435 0.7730104533627387
    outer loop
      vertex 46 7.000013209717643 3.7516773489277093
      vertex 48.385345353690155 7.000013209717643 3.7516773489277093
      vertex 48.37496318216405 7.030598100774455 3.7767777203378396
    endloop
  endfacet
  facet normal 3.6093926566495494e-17 -0.634393284163645 0.7730104533627373
    outer loop
      vertex 46 7.000013209717643 3.7516773489277093
      vertex 48.37496318216405 7.030598100774455 3.7767777203378396
      vertex 48.35391865106382 7.136396103067894 3.863603896932107
    endloop
  endfacet
  facet normal 0 -0.7730104533627351 0.6343932841636479
    outer loop
      vertex 46 7.136396103067894 3.863603896932107
      vertex 48.35391865106382 7.136396103067894 3.863603896932107
      vertex 48.33165507642764 7.248322651072293 3.999986790282358
    endloop
  endfacet
  facet normal 0 -0.8819212643483566 0.4713967368259946
    outer loop
      vertex 46 7.248322651072293 3.999986790282358
      vertex 48.33165507642764 7.248322651072293 3.999986790282358
      vertex 48.31882130497762 7.312842377115887 4.120694707674624
    endloop
  endfacet
  facet normal 3.927649159972888e-17 -0.8819212643483569 0.47139673682599403
    outer loop
      vertex 46 7.248322651072293 3.999986790282358
      vertex 48.31882130497762 7.312842377115887 4.120694707674624
      vertex 48.31759897169034 7.33149157926016 4.155584910871419
    endloop
  endfacet
  facet normal 0 -0.9951847266721964 0.09801714032956552
    outer loop
      vertex 46 7.382706752362909 4.324418710185484
      vertex 48.3142421518965 7.382706752362909 4.324418710185484
      vertex 46 7.400000000000002 4.5
    endloop
  endfacet
  facet normal 0 -0.956940335732209 0.29028467725446144
    outer loop
      vertex 46 7.382706752362909 4.324418710185484
      vertex 48.31759897169034 7.33149157926016 4.155584910871419
      vertex 48.3142421518965 7.382706752362909 4.324418710185484
    endloop
  endfacet
  facet normal 0 -0.9951847266721964 0.09801714032956554
    outer loop
      vertex 46 7.400000000000002 4.5
      vertex 48.3142421518965 7.382706752362909 4.324418710185484
      vertex 48.31310869256305 7.400000000000002 4.5
    endloop
  endfacet
  facet normal 0 -1 0
    outer loop
      vertex 46 7.400000000000002 4.5
      vertex 48.31310869256305 7.400000000000002 4.5
      vertex 46 7.400000000000002 12.5
    endloop
  endfacet
  facet normal 0 0 1
    outer loop
      vertex 46 -6.500000000000002 3.6
      vertex 50.787157622884116 5.418821304977618 3.6
      vertex 50.5 5.4 3.6
    endloop
  endfacet
  facet normal 0 0 1
    outer loop
      vertex 46 -6.500000000000002 3.6
      vertex 51.06940189922555 5.47496318216405 3.6
      vertex 50.787157622884116 5.418821304977618 3.6
    endloop
  endfacet
  facet normal 0 0 1
    outer loop
      vertex 46 -6.500000000000002 3.6
      vertex 51.341903551203195 5.567465028475169 3.6
      vertex 51.06940189922555 5.47496318216405 3.6
    endloop
  endfacet
  facet normal 0 0 1
    outer loop
      vertex 46 -6.500000000000002 3.6
      vertex 51.6 5.694744111674235 3.6
      vertex 51.341903551203195 5.567465028475169 3.6
    endloop
  endfacet
  facet normal 0 0 1
    outer loop
      vertex 51.341903551203195 -5.567465028475169 3.6
      vertex 51.8 5.828379839258092 3.6
      vertex 51.6 5.694744111674235 3.6
    endloop
  endfacet
  facet normal 0 0 -1
    outer loop
      vertex 46 6.500000000000002 13.4
      vertex 48.59474411167424 6.500000000000002 13.4
      vertex 51.6 -5.694744111674235 13.4
    endloop
  endfacet
  facet normal 0 -1 0
    outer loop
      vertex 48.31310869256305 7.400000000000002 4.5
      vertex 48.31310869256305 7.400000000000002 12.5
      vertex 46 7.400000000000002 12.5
    endloop
  endfacet
  facet normal 0 -0.95694033573221 -0.29028467725445867
    outer loop
      vertex 46 7.382706752362909 12.675581289814515
      vertex 48.3142421518965 7.382706752362909 12.675581289814515
      vertex 46 7.33149157926016 12.844415089128582
    endloop
  endfacet
  facet normal -1.8340057922234293e-19 -0.9951847266721965 -0.09801714032956604
    outer loop
      vertex 46 7.382706752362909 12.675581289814515
      vertex 46 7.400000000000002 12.5
      vertex 48.31310869256305 7.400000000000002 12.5
    endloop
  endfacet
  facet normal 0 -0.9951847266721963 -0.09801714032956602
    outer loop
      vertex 46 7.382706752362909 12.675581289814515
      vertex 48.31310869256305 7.400000000000002 12.5
      vertex 48.3142421518965 7.382706752362909 12.675581289814515
    endloop
  endfacet
  facet normal 4.026416036641348e-19 -0.09801714032956554 -0.9951847266721965
    outer loop
      vertex 46 6.500000000000002 13.4
      vertex 46 6.6755812898145175 13.382706752362907
      vertex 48.50815700170553 6.6755812898145175 13.382706752362907
    endloop
  endfacet
  facet normal 7.369714486203104e-19 -0.2902846772544615 -0.9569403357322092
    outer loop
      vertex 46 6.6755812898145175 13.382706752362907
      vertex 46 6.844415089128582 13.331491579260158
      vertex 48.43816379839525 6.844415089128582 13.331491579260158
    endloop
  endfacet
  facet normal 0 -0.2902846772544558 -0.9569403357322108
    outer loop
      vertex 46 6.6755812898145175 13.382706752362907
      vertex 48.46746502847517 6.7580964487968025 13.357676052538299
      vertex 48.50815700170553 6.6755812898145175 13.382706752362907
    endloop
  endfacet
  facet normal 0 -0.09801714032956553 -0.9951847266721964
    outer loop
      vertex 46 6.500000000000002 13.4
      vertex 48.50815700170553 6.6755812898145175 13.382706752362907
      vertex 48.59474411167424 6.500000000000002 13.4
    endloop
  endfacet
  facet normal 4.0309084914518007e-16 -0.2902846772544668 -0.9569403357322075
    outer loop
      vertex 46 6.6755812898145175 13.382706752362907
      vertex 48.43816379839525 6.844415089128582 13.331491579260158
      vertex 48.46746502847517 6.7580964487968025 13.357676052538299
    endloop
  endfacet
  facet normal 1.0440708543773261e-18 -0.4713967368259955 -0.8819212643483562
    outer loop
      vertex 46 6.844415089128582 13.331491579260158
      vertex 46 7.000013209717643 13.248322651072291
      vertex 48.385345353690155 7.000013209717643 13.248322651072291
    endloop
  endfacet
  facet normal -2.0611977663453688e-18 -0.7730104533627371 -0.6343932841636454
    outer loop
      vertex 46 7.136396103067894 13.136396103067893
      vertex 46 7.248322651072293 13.000013209717642
      vertex 48.33165507642764 7.248322651072293 13.000013209717642
    endloop
  endfacet
  facet normal -1.480172326103517e-18 -0.6343932841636448 -0.7730104533627375
    outer loop
      vertex 46 7.000013209717643 13.248322651072291
      vertex 46 7.136396103067894 13.136396103067893
      vertex 48.35391865106382 7.136396103067894 13.136396103067893
    endloop
  endfacet
  facet normal -2.931457067367236e-16 -0.881921264348355 -0.4713967368259976
    outer loop
      vertex 46 7.33149157926016 12.844415089128582
      vertex 48.31882130497762 7.312842377115887 12.879305292325375
      vertex 46 7.248322651072293 13.000013209717642
    endloop
  endfacet
  facet normal 0 -0.6343932841636569 -0.7730104533627276
    outer loop
      vertex 46 7.000013209717643 13.248322651072291
      vertex 48.37496318216405 7.030598100774455 13.22322227966216
      vertex 48.385345353690155 7.000013209717643 13.248322651072291
    endloop
  endfacet
  facet normal 0 -0.773010453362737 -0.6343932841636454
    outer loop
      vertex 46 7.136396103067894 13.136396103067893
      vertex 48.33165507642764 7.248322651072293 13.000013209717642
      vertex 48.35391865106382 7.136396103067894 13.136396103067893
    endloop
  endfacet
  facet normal -3.3554592305847013e-16 -0.6343932841636413 -0.7730104533627403
    outer loop
      vertex 46 7.000013209717643 13.248322651072291
      vertex 48.35391865106382 7.136396103067894 13.136396103067893
      vertex 48.37496318216405 7.030598100774455 13.22322227966216
    endloop
  endfacet
  facet normal 0 -0.9569403357322099 -0.2902846772544587
    outer loop
      vertex 46 7.33149157926016 12.844415089128582
      vertex 48.3142421518965 7.382706752362909 12.675581289814515
      vertex 48.31759897169034 7.33149157926016 12.844415089128582
    endloop
  endfacet
  facet normal 0 -0.881921264348347 -0.47139673682601263
    outer loop
      vertex 46 7.33149157926016 12.844415089128582
      vertex 48.31759897169034 7.33149157926016 12.844415089128582
      vertex 48.31882130497762 7.312842377115887 12.879305292325375
    endloop
  endfacet
  facet normal 0 -0.8819212643483574 -0.4713967368259932
    outer loop
      vertex 46 7.248322651072293 13.000013209717642
      vertex 48.31882130497762 7.312842377115887 12.879305292325375
      vertex 48.33165507642764 7.248322651072293 13.000013209717642
    endloop
  endfacet
  facet normal 0 -0.47139673682599553 -0.8819212643483562
    outer loop
      vertex 46 6.844415089128582 13.331491579260158
      vertex 48.385345353690155 7.000013209717643 13.248322651072291
      vertex 48.43816379839525 6.844415089128582 13.331491579260158
    endloop
  endfacet
  facet normal 0 0 -1
    outer loop
      vertex 49.16072485618081 5.854622651359283 13.4
      vertex 49.4 5.694744111674235 13.4
      vertex 51.6 -5.694744111674235 13.4
    endloop
  endfacet
  facet normal 0 0 -1
    outer loop
      vertex 49.4 5.694744111674235 13.4
      vertex 49.658096448796805 5.567465028475169 13.4
      vertex 51.6 -5.694744111674235 13.4
    endloop
  endfacet
  facet normal 0 0 -1
    outer loop
      vertex 48.9443650813896 6.0443650813895955 13.4
      vertex 51.6 -5.694744111674235 13.4
      vertex 48.754622651359284 6.260724856180815 13.4
    endloop
  endfacet
  facet normal 0 0 -1
    outer loop
      vertex 48.59474411167424 6.500000000000002 13.4
      vertex 48.754622651359284 6.260724856180815 13.4
      vertex 51.6 -5.694744111674235 13.4
    endloop
  endfacet
  facet normal 0 0 -1
    outer loop
      vertex 48.9443650813896 6.0443650813895955 13.4
      vertex 49.16072485618081 5.854622651359283 13.4
      vertex 51.6 -5.694744111674235 13.4
    endloop
  endfacet
  facet normal 0 0 -1
    outer loop
      vertex 49.93059810077445 5.47496318216405 13.4
      vertex 51.6 -5.694744111674235 13.4
      vertex 49.658096448796805 5.567465028475169 13.4
    endloop
  endfacet
  facet normal 0 0 -1
    outer loop
      vertex 51.6 -5.694744111674235 13.4
      vertex 50.212842377115884 5.418821304977618 13.4
      vertex 50.5 5.4 13.4
    endloop
  endfacet
  facet normal 0 0 -1
    outer loop
      vertex 49.93059810077445 5.47496318216405 13.4
      vertex 50.212842377115884 5.418821304977618 13.4
      vertex 51.6 -5.694744111674235 13.4
    endloop
  endfacet
  facet normal 0 0 -1
    outer loop
      vertex 51.6 -5.694744111674235 13.4
      vertex 50.5 5.4 13.4
      vertex 50.787157622884116 5.418821304977618 13.4
    endloop
  endfacet
  facet normal 0 0 -1
    outer loop
      vertex 51.6 -5.694744111674235 13.4
      vertex 50.787157622884116 5.418821304977618 13.4
      vertex 51.06940189922555 5.47496318216405 13.4
    endloop
  endfacet
  facet normal 0 0 -1
    outer loop
      vertex 51.6 -5.694744111674235 13.4
      vertex 51.06940189922555 5.47496318216405 13.4
      vertex 51.341903551203195 5.567465028475169 13.4
    endloop
  endfacet
  facet normal 0 0 -1
    outer loop
      vertex 51.8 -5.828379839258092 13.4
      vertex 51.341903551203195 5.567465028475169 13.4
      vertex 51.6 5.694744111674235 13.4
    endloop
  endfacet
  facet normal 0 0 -1
    outer loop
      vertex 51.8 -5.828379839258092 13.4
      vertex 51.6 5.694744111674235 13.4
      vertex 51.8 5.828379839258092 13.4
    endloop
  endfacet
  facet normal -0.9978589232386191 0.06540312922990701 0
    outer loop
      vertex 48.31310869256305 -7.400000000000002 4.5
      vertex 48.31310869256305 -7.400000000000002 12.5
      vertex 48.3142421518965 -7.382706752362909 4.324418710185484
    endloop
  endfacet
  facet normal -0.9978589232385903 0.06540312923034487 2.097002601007963e-15
    outer loop
      vertex 48.31882130497762 -7.312842377115887 4.120694707674625
      vertex 48.31759897169034 -7.33149157926016 4.155584910871419
      vertex 48.31310869256305 -7.400000000000002 12.5
    endloop
  endfacet
  facet normal -0.9978589232386028 0.06540312923015425 5.252189935789159e-16
    outer loop
      vertex 48.31759897169034 -7.33149157926016 4.155584910871419
      vertex 48.3142421518965 -7.382706752362909 4.324418710185484
      vertex 48.31310869256305 -7.400000000000002 12.5
    endloop
  endfacet
  facet normal -0.9807852804032281 0.19509032201614046 0
    outer loop
      vertex 48.33165507642764 -7.248322651072293 3.999986790282358
      vertex 48.31882130497762 -7.312842377115887 4.120694707674625
      vertex 48.33165507642764 -7.248322651072293 13.000013209717642
    endloop
  endfacet
  facet normal -0.980785280403236 0.19509032201610108 7.191337485058853e-16
    outer loop
      vertex 48.33165507642764 -7.248322651072293 3.999986790282358
      vertex 48.37496318216405 -7.030598100774455 13.223222279662162
      vertex 48.35391865106382 -7.136396103067894 3.863603896932107
    endloop
  endfacet
  facet normal -0.9807852804032238 0.19509032201616222 5.199568467503992e-20
    outer loop
      vertex 48.35391865106382 -7.136396103067894 3.863603896932107
      vertex 48.37496318216405 -7.030598100774455 13.223222279662162
      vertex 48.37496318216405 -7.030598100774455 3.77677772033784
    endloop
  endfacet
  facet normal -0.9469301294951399 0.32143946530306045 2.9805837467653875e-20
    outer loop
      vertex 48.37496318216405 -7.030598100774455 3.77677772033784
      vertex 48.385345353690155 -7.000013209717643 13.248322651072291
      vertex 48.385345353690155 -7.000013209717643 3.7516773489277093
    endloop
  endfacet
  facet normal -0.9469301294951137 0.3214394653031379 -8.259682928879436e-20
    outer loop
      vertex 48.43816379839525 -6.844415089128582 3.668508420739842
      vertex 48.46746502847517 -6.7580964487968025 13.357676052538299
      vertex 48.46746502847517 -6.7580964487968025 3.6423239474617013
    endloop
  endfacet
  facet normal -0.8968727415326905 0.442288690218997 5.650129958776386e-16
    outer loop
      vertex 48.46746502847517 -6.7580964487968025 3.6423239474617013
      vertex 48.59474411167424 -6.5 13.4
      vertex 48.50815700170553 -6.6755812898145175 3.6172932476370927
    endloop
  endfacet
  facet normal -0.8968727415326762 0.4422886902190259 -8.004729685198112e-17
    outer loop
      vertex 48.50815700170553 -6.6755812898145175 3.6172932476370927
      vertex 48.59474411167424 -6.5 13.4
      vertex 48.59474411167424 -6.500000000000002 3.6
    endloop
  endfacet
  facet normal -0.8314696123025497 0.5555702330195957 9.111483692788752e-20
    outer loop
      vertex 48.59474411167424 -6.500000000000002 3.6
      vertex 48.754622651359284 -6.260724856180815 13.4
      vertex 48.754622651359284 -6.260724856180815 3.6
    endloop
  endfacet
  facet normal -0.9469301294951015 0.3214394653031738 -3.571910783509257e-16
    outer loop
      vertex 48.385345353690155 -7.000013209717643 3.7516773489277093
      vertex 48.46746502847517 -6.7580964487968025 13.357676052538299
      vertex 48.43816379839525 -6.844415089128582 3.668508420739842
    endloop
  endfacet
  facet normal -0.7518398074789752 0.6593458151000715 -7.539369783400753e-20
    outer loop
      vertex 48.754622651359284 -6.260724856180815 3.6
      vertex 48.9443650813896 -6.0443650813895955 13.4
      vertex 48.9443650813896 -6.0443650813895955 3.6
    endloop
  endfacet
  facet normal -0.6593458151000756 0.7518398074789715 3.5947064521439616e-19
    outer loop
      vertex 48.9443650813896 -6.0443650813895955 3.6
      vertex 49.16072485618081 -5.854622651359283 13.4
      vertex 49.16072485618081 -5.854622651359283 3.6
    endloop
  endfacet
  facet normal -0.555570233019603 0.8314696123025449 8.920638373398836e-19
    outer loop
      vertex 49.16072485618081 -5.854622651359283 3.6
      vertex 49.4 -5.694744111674235 13.4
      vertex 49.4 -5.694744111674235 3.6
    endloop
  endfacet
  facet normal -0.4422886902189968 0.8968727415326905 8.327250212105516e-19
    outer loop
      vertex 49.4 -5.694744111674235 3.6
      vertex 49.658096448796805 -5.567465028475169 13.4
      vertex 49.658096448796805 -5.567465028475169 3.6
    endloop
  endfacet
  facet normal -0.3214394653031647 0.9469301294951046 3.585908863654402e-20
    outer loop
      vertex 49.658096448796805 -5.567465028475169 3.6
      vertex 49.93059810077445 -5.47496318216405 13.4
      vertex 49.93059810077445 -5.47496318216405 3.6
    endloop
  endfacet
  facet normal 0.3214394653031647 0.9469301294951046 0
    outer loop
      vertex 51.341903551203195 -5.567465028475169 3.6
      vertex 51.06940189922555 -5.47496318216405 3.6
      vertex 51.341903551203195 -5.567465028475169 13.4
    endloop
  endfacet
  facet normal 0.4422886902189968 0.8968727415326905 -8.327250212105516e-19
    outer loop
      vertex 51.341903551203195 -5.567465028475169 3.6
      vertex 51.6 -5.694744111674235 13.4
      vertex 51.6 -5.694744111674235 3.6
    endloop
  endfacet
  facet normal 0.5555702330196027 0.8314696123025448 1.7046537822152497e-20
    outer loop
      vertex 51.6 -5.694744111674235 3.6
      vertex 51.8 -5.828379839258092 13.4
      vertex 51.8 -5.828379839258092 3.6
    endloop
  endfacet
  facet normal -0.19509032201612792 0.9807852804032305 5.167020415809486e-19
    outer loop
      vertex 49.93059810077445 -5.47496318216405 3.6
      vertex 50.212842377115884 -5.418821304977618 13.4
      vertex 50.212842377115884 -5.418821304977618 3.6
    endloop
  endfacet
  facet normal -0.06540312923014333 0.9978589232386035 6.964703573536368e-21
    outer loop
      vertex 50.212842377115884 -5.418821304977618 3.6
      vertex 50.5 -5.4 13.4
      vertex 50.5 -5.4 3.6
    endloop
  endfacet
  facet normal 0.06540312923014333 0.9978589232386035 -6.964703573536368e-21
    outer loop
      vertex 50.5 -5.4 3.6
      vertex 50.787157622884116 -5.418821304977618 13.4
      vertex 50.787157622884116 -5.418821304977618 3.6
    endloop
  endfacet
  facet normal 0.19509032201612792 0.9807852804032305 -5.167020415809486e-19
    outer loop
      vertex 50.787157622884116 -5.418821304977618 3.6
      vertex 51.06940189922555 -5.47496318216405 13.4
      vertex 51.06940189922555 -5.47496318216405 3.6
    endloop
  endfacet
  facet normal -0.9978589232386176 0.06540312922992968 -2.240421760166437e-15
    outer loop
      vertex 48.31882130497762 -7.312842377115887 4.120694707674625
      vertex 48.31310869256305 -7.400000000000002 12.5
      vertex 48.3142421518965 -7.382706752362909 12.675581289814515
    endloop
  endfacet
  facet normal -0.9978589232386028 0.06540312923015383 -4.0174722566584024e-16
    outer loop
      vertex 48.31882130497762 -7.312842377115887 4.120694707674625
      vertex 48.3142421518965 -7.382706752362909 12.675581289814515
      vertex 48.31759897169034 -7.33149157926016 12.844415089128582
    endloop
  endfacet
  facet normal -0.9978589232385905 0.06540312923034096 0
    outer loop
      vertex 48.31882130497762 -7.312842377115887 4.120694707674625
      vertex 48.31759897169034 -7.33149157926016 12.844415089128582
      vertex 48.31882130497762 -7.312842377115887 12.879305292325377
    endloop
  endfacet
  facet normal -0.9807852804032281 0.19509032201614046 0
    outer loop
      vertex 48.31882130497762 -7.312842377115887 4.120694707674625
      vertex 48.31882130497762 -7.312842377115887 12.879305292325377
      vertex 48.33165507642764 -7.248322651072293 13.000013209717642
    endloop
  endfacet
  facet normal -0.9807852804032359 0.1950903220161002 0
    outer loop
      vertex 48.33165507642764 -7.248322651072293 3.999986790282358
      vertex 48.33165507642764 -7.248322651072293 13.000013209717642
      vertex 48.35391865106382 -7.136396103067894 13.136396103067893
    endloop
  endfacet
  facet normal -0.9807852804032235 0.19509032201616286 -7.979385722099384e-16
    outer loop
      vertex 48.33165507642764 -7.248322651072293 3.999986790282358
      vertex 48.35391865106382 -7.136396103067894 13.136396103067893
      vertex 48.37496318216405 -7.030598100774455 13.223222279662162
    endloop
  endfacet
  facet normal -0.94693012949514 0.32143946530306045 0
    outer loop
      vertex 48.37496318216405 -7.030598100774455 3.77677772033784
      vertex 48.37496318216405 -7.030598100774455 13.223222279662162
      vertex 48.385345353690155 -7.000013209717643 13.248322651072291
    endloop
  endfacet
  facet normal -0.9469301294951015 0.321439465303174 0
    outer loop
      vertex 48.385345353690155 -7.000013209717643 3.7516773489277093
      vertex 48.385345353690155 -7.000013209717643 13.248322651072291
      vertex 48.43816379839525 -6.844415089128582 13.331491579260158
    endloop
  endfacet
  facet normal -0.9469301294951138 0.32143946530313766 6.568949416296591e-16
    outer loop
      vertex 48.385345353690155 -7.000013209717643 3.7516773489277093
      vertex 48.43816379839525 -6.844415089128582 13.331491579260158
      vertex 48.46746502847517 -6.7580964487968025 13.357676052538299
    endloop
  endfacet
  facet normal -0.8968727415326905 0.44228869021899686 0
    outer loop
      vertex 48.46746502847517 -6.7580964487968025 3.6423239474617013
      vertex 48.46746502847517 -6.7580964487968025 13.357676052538299
      vertex 48.50815700170553 -6.6755812898145175 13.382706752362907
    endloop
  endfacet
  facet normal -0.8968727415326779 0.44228869021902223 -2.685039352150019e-16
    outer loop
      vertex 48.46746502847517 -6.7580964487968025 3.6423239474617013
      vertex 48.50815700170553 -6.6755812898145175 13.382706752362907
      vertex 48.59474411167424 -6.5 13.4
    endloop
  endfacet
  facet normal -0.8314696123025477 0.5555702330195985 -1.0070316155015864e-16
    outer loop
      vertex 48.59474411167424 -6.500000000000002 3.6
      vertex 48.59474411167424 -6.5 13.4
      vertex 48.754622651359284 -6.260724856180815 13.4
    endloop
  endfacet
  facet normal -0.7518398074789752 0.6593458151000715 0
    outer loop
      vertex 48.754622651359284 -6.260724856180815 3.6
      vertex 48.754622651359284 -6.260724856180815 13.4
      vertex 48.9443650813896 -6.0443650813895955 13.4
    endloop
  endfacet
  facet normal -0.6593458151000756 0.7518398074789715 0
    outer loop
      vertex 48.9443650813896 -6.0443650813895955 3.6
      vertex 48.9443650813896 -6.0443650813895955 13.4
      vertex 49.16072485618081 -5.854622651359283 13.4
    endloop
  endfacet
  facet normal -0.555570233019603 0.8314696123025449 0
    outer loop
      vertex 49.16072485618081 -5.854622651359283 3.6
      vertex 49.16072485618081 -5.854622651359283 13.4
      vertex 49.4 -5.694744111674235 13.4
    endloop
  endfacet
  facet normal -0.4422886902189968 0.8968727415326905 0
    outer loop
      vertex 49.4 -5.694744111674235 3.6
      vertex 49.4 -5.694744111674235 13.4
      vertex 49.658096448796805 -5.567465028475169 13.4
    endloop
  endfacet
  facet normal -0.3214394653031647 0.9469301294951046 0
    outer loop
      vertex 49.658096448796805 -5.567465028475169 3.6
      vertex 49.658096448796805 -5.567465028475169 13.4
      vertex 49.93059810077445 -5.47496318216405 13.4
    endloop
  endfacet
  facet normal 0.3214394653031647 0.9469301294951046 0
    outer loop
      vertex 51.06940189922555 -5.47496318216405 3.6
      vertex 51.06940189922555 -5.47496318216405 13.4
      vertex 51.341903551203195 -5.567465028475169 13.4
    endloop
  endfacet
  facet normal 0.4422886902189968 0.8968727415326905 0
    outer loop
      vertex 51.341903551203195 -5.567465028475169 3.6
      vertex 51.341903551203195 -5.567465028475169 13.4
      vertex 51.6 -5.694744111674235 13.4
    endloop
  endfacet
  facet normal 0.5555702330196027 0.8314696123025448 0
    outer loop
      vertex 51.6 -5.694744111674235 3.6
      vertex 51.6 -5.694744111674235 13.4
      vertex 51.8 -5.828379839258092 13.4
    endloop
  endfacet
  facet normal -0.19509032201612792 0.9807852804032305 0
    outer loop
      vertex 49.93059810077445 -5.47496318216405 3.6
      vertex 49.93059810077445 -5.47496318216405 13.4
      vertex 50.212842377115884 -5.418821304977618 13.4
    endloop
  endfacet
  facet normal -0.06540312923014333 0.9978589232386035 0
    outer loop
      vertex 50.212842377115884 -5.418821304977618 3.6
      vertex 50.212842377115884 -5.418821304977618 13.4
      vertex 50.5 -5.4 13.4
    endloop
  endfacet
  facet normal 0.06540312923014333 0.9978589232386035 0
    outer loop
      vertex 50.5 -5.4 3.6
      vertex 50.5 -5.4 13.4
      vertex 50.787157622884116 -5.418821304977618 13.4
    endloop
  endfacet
  facet normal 0.19509032201612792 0.9807852804032305 0
    outer loop
      vertex 50.787157622884116 -5.418821304977618 3.6
      vertex 50.787157622884116 -5.418821304977618 13.4
      vertex 51.06940189922555 -5.47496318216405 13.4
    endloop
  endfacet
  facet normal -0.8314696123025477 -0.5555702330195985 1.0070316155015864e-16
    outer loop
      vertex 48.59474411167424 6.5 3.6
      vertex 48.754622651359284 6.260724856180815 3.6
      vertex 48.59474411167424 6.500000000000002 13.4
    endloop
  endfacet
  facet normal -0.8968727415326779 -0.44228869021902234 2.679837238083398e-16
    outer loop
      vertex 48.59474411167424 6.5 3.6
      vertex 48.46746502847517 6.7580964487968025 13.357676052538299
      vertex 48.50815700170553 6.6755812898145175 3.6172932476370927
    endloop
  endfacet
  facet normal -0.9469301294951138 -0.3214394653031378 -6.577280914493543e-16
    outer loop
      vertex 48.46746502847517 6.7580964487968025 3.6423239474617017
      vertex 48.385345353690155 7.000013209717643 13.248322651072291
      vertex 48.43816379839525 6.844415089128582 3.668508420739842
    endloop
  endfacet
  facet normal -0.8968727415326905 -0.44228869021899686 0
    outer loop
      vertex 48.46746502847517 6.7580964487968025 3.6423239474617017
      vertex 48.50815700170553 6.6755812898145175 3.6172932476370927
      vertex 48.46746502847517 6.7580964487968025 13.357676052538299
    endloop
  endfacet
  facet normal -0.7518398074789752 -0.6593458151000715 7.539369783400753e-20
    outer loop
      vertex 48.9443650813896 6.0443650813895955 3.6
      vertex 48.754622651359284 6.260724856180815 13.4
      vertex 48.754622651359284 6.260724856180815 3.6
    endloop
  endfacet
  facet normal -0.9807852804032235 -0.19509032201616286 7.977126427387701e-16
    outer loop
      vertex 48.37496318216405 7.030598100774455 3.7767777203378396
      vertex 48.33165507642764 7.248322651072293 13.000013209717642
      vertex 48.35391865106382 7.136396103067894 3.863603896932107
    endloop
  endfacet
  facet normal -0.9807852804032359 -0.19509032201610016 1.6302873511169842e-19
    outer loop
      vertex 48.35391865106382 7.136396103067894 3.863603896932107
      vertex 48.33165507642764 7.248322651072293 13.000013209717642
      vertex 48.33165507642764 7.248322651072293 3.999986790282358
    endloop
  endfacet
  facet normal -0.9807852804032281 -0.19509032201614043 5.1517504351912e-20
    outer loop
      vertex 48.33165507642764 7.248322651072293 3.999986790282358
      vertex 48.31882130497762 7.312842377115887 12.879305292325375
      vertex 48.31882130497762 7.312842377115887 4.120694707674624
    endloop
  endfacet
  facet normal -0.9978589232385905 -0.06540312923034096 0
    outer loop
      vertex 48.31882130497762 7.312842377115887 4.120694707674624
      vertex 48.31882130497762 7.312842377115887 12.879305292325375
      vertex 48.31759897169034 7.33149157926016 4.155584910871419
    endloop
  endfacet
  facet normal -0.9978589232386028 -0.06540312923015383 4.0175330304546785e-16
    outer loop
      vertex 48.31759897169034 7.33149157926016 4.155584910871419
      vertex 48.31882130497762 7.312842377115887 12.879305292325375
      vertex 48.3142421518965 7.382706752362909 4.324418710185484
    endloop
  endfacet
  facet normal -0.9978589232386176 -0.06540312922992966 2.2403798651687665e-15
    outer loop
      vertex 48.3142421518965 7.382706752362909 4.324418710185484
      vertex 48.31882130497762 7.312842377115887 12.879305292325375
      vertex 48.31310869256305 7.400000000000002 4.5
    endloop
  endfacet
  facet normal -0.9469301294951015 -0.321439465303174 -3.2292846147515155e-19
    outer loop
      vertex 48.43816379839525 6.844415089128582 3.668508420739842
      vertex 48.385345353690155 7.000013209717643 13.248322651072291
      vertex 48.385345353690155 7.000013209717643 3.7516773489277093
    endloop
  endfacet
  facet normal -0.94693012949514 -0.32143946530306045 0
    outer loop
      vertex 48.37496318216405 7.030598100774455 3.7767777203378396
      vertex 48.385345353690155 7.000013209717643 3.7516773489277093
      vertex 48.37496318216405 7.030598100774455 13.22322227966216
    endloop
  endfacet
  facet normal -0.19509032201612792 -0.9807852804032305 0
    outer loop
      vertex 49.93059810077445 5.47496318216405 3.6
      vertex 50.212842377115884 5.418821304977618 3.6
      vertex 49.93059810077445 5.47496318216405 13.4
    endloop
  endfacet
  facet normal -0.06540312923014333 -0.9978589232386035 0
    outer loop
      vertex 50.212842377115884 5.418821304977618 3.6
      vertex 50.5 5.4 3.6
      vertex 50.212842377115884 5.418821304977618 13.4
    endloop
  endfacet
  facet normal 0.06540312923014333 -0.9978589232386035 0
    outer loop
      vertex 50.5 5.4 3.6
      vertex 50.787157622884116 5.418821304977618 3.6
      vertex 50.5 5.4 13.4
    endloop
  endfacet
  facet normal 0.19509032201612792 -0.9807852804032305 0
    outer loop
      vertex 50.787157622884116 5.418821304977618 3.6
      vertex 51.06940189922555 5.47496318216405 3.6
      vertex 50.787157622884116 5.418821304977618 13.4
    endloop
  endfacet
  facet normal -0.555570233019603 -0.8314696123025449 0
    outer loop
      vertex 49.16072485618081 5.854622651359283 3.6
      vertex 49.4 5.694744111674235 3.6
      vertex 49.16072485618081 5.854622651359283 13.4
    endloop
  endfacet
  facet normal -0.6593458151000756 -0.7518398074789715 0
    outer loop
      vertex 48.9443650813896 6.0443650813895955 3.6
      vertex 49.16072485618081 5.854622651359283 3.6
      vertex 48.9443650813896 6.0443650813895955 13.4
    endloop
  endfacet
  facet normal -0.4422886902189968 -0.8968727415326905 0
    outer loop
      vertex 49.4 5.694744111674235 3.6
      vertex 49.658096448796805 5.567465028475169 3.6
      vertex 49.4 5.694744111674235 13.4
    endloop
  endfacet
  facet normal -0.3214394653031647 -0.9469301294951046 -3.585908863654402e-20
    outer loop
      vertex 49.93059810077445 5.47496318216405 3.6
      vertex 49.658096448796805 5.567465028475169 13.4
      vertex 49.658096448796805 5.567465028475169 3.6
    endloop
  endfacet
  facet normal 0.3214394653031647 -0.9469301294951046 0
    outer loop
      vertex 51.06940189922555 5.47496318216405 3.6
      vertex 51.341903551203195 5.567465028475169 3.6
      vertex 51.06940189922555 5.47496318216405 13.4
    endloop
  endfacet
  facet normal 0.4422886902189968 -0.8968727415326905 0
    outer loop
      vertex 51.341903551203195 5.567465028475169 3.6
      vertex 51.6 5.694744111674235 3.6
      vertex 51.341903551203195 5.567465028475169 13.4
    endloop
  endfacet
  facet normal 0.5555702330196027 -0.8314696123025448 0
    outer loop
      vertex 51.6 5.694744111674235 3.6
      vertex 51.8 5.828379839258092 3.6
      vertex 51.6 5.694744111674235 13.4
    endloop
  endfacet
  facet normal -0.7518398074789752 -0.6593458151000715 0
    outer loop
      vertex 48.9443650813896 6.0443650813895955 3.6
      vertex 48.9443650813896 6.0443650813895955 13.4
      vertex 48.754622651359284 6.260724856180815 13.4
    endloop
  endfacet
  facet normal -0.9469301294951015 -0.3214394653031738 3.5728071426540975e-16
    outer loop
      vertex 48.46746502847517 6.7580964487968025 3.6423239474617017
      vertex 48.43816379839525 6.844415089128582 13.331491579260158
      vertex 48.385345353690155 7.000013209717643 13.248322651072291
    endloop
  endfacet
  facet normal -0.8968727415326905 -0.44228869021899697 -5.64191317319304e-16
    outer loop
      vertex 48.59474411167424 6.5 3.6
      vertex 48.50815700170553 6.6755812898145175 13.382706752362907
      vertex 48.46746502847517 6.7580964487968025 13.357676052538299
    endloop
  endfacet
  facet normal -0.9469301294951137 -0.3214394653031379 0
    outer loop
      vertex 48.46746502847517 6.7580964487968025 3.6423239474617017
      vertex 48.46746502847517 6.7580964487968025 13.357676052538299
      vertex 48.43816379839525 6.844415089128582 13.331491579260158
    endloop
  endfacet
  facet normal -0.8968727415326762 -0.4422886902190259 8.01696469244842e-17
    outer loop
      vertex 48.59474411167424 6.5 3.6
      vertex 48.59474411167424 6.500000000000002 13.4
      vertex 48.50815700170553 6.6755812898145175 13.382706752362907
    endloop
  endfacet
  facet normal -0.8314696123025497 -0.5555702330195957 0
    outer loop
      vertex 48.754622651359284 6.260724856180815 3.6
      vertex 48.754622651359284 6.260724856180815 13.4
      vertex 48.59474411167424 6.500000000000002 13.4
    endloop
  endfacet
  facet normal -0.9807852804032237 -0.19509032201616222 0
    outer loop
      vertex 48.37496318216405 7.030598100774455 3.7767777203378396
      vertex 48.37496318216405 7.030598100774455 13.22322227966216
      vertex 48.35391865106382 7.136396103067894 13.136396103067893
    endloop
  endfacet
  facet normal -0.9807852804032358 -0.19509032201610108 -7.185362970503874e-16
    outer loop
      vertex 48.37496318216405 7.030598100774455 3.7767777203378396
      vertex 48.35391865106382 7.136396103067894 13.136396103067893
      vertex 48.33165507642764 7.248322651072293 13.000013209717642
    endloop
  endfacet
  facet normal -0.9807852804032281 -0.19509032201614046 0
    outer loop
      vertex 48.33165507642764 7.248322651072293 3.999986790282358
      vertex 48.33165507642764 7.248322651072293 13.000013209717642
      vertex 48.31882130497762 7.312842377115887 12.879305292325375
    endloop
  endfacet
  facet normal -0.9978589232386027 -0.06540312923015425 -5.251811835762119e-16
    outer loop
      vertex 48.31310869256305 7.400000000000002 4.5
      vertex 48.31759897169034 7.33149157926016 12.844415089128582
      vertex 48.3142421518965 7.382706752362909 12.675581289814515
    endloop
  endfacet
  facet normal -0.9978589232385903 -0.06540312923034486 -2.09686638227438e-15
    outer loop
      vertex 48.31310869256305 7.400000000000002 4.5
      vertex 48.31882130497762 7.312842377115887 12.879305292325375
      vertex 48.31759897169034 7.33149157926016 12.844415089128582
    endloop
  endfacet
  facet normal -0.9978589232386191 -0.06540312922990701 0
    outer loop
      vertex 48.31310869256305 7.400000000000002 4.5
      vertex 48.3142421518965 7.382706752362909 12.675581289814515
      vertex 48.31310869256305 7.400000000000002 12.5
    endloop
  endfacet
  facet normal -0.9469301294951399 -0.3214394653030604 0
    outer loop
      vertex 48.385345353690155 7.000013209717643 3.7516773489277093
      vertex 48.385345353690155 7.000013209717643 13.248322651072291
      vertex 48.37496318216405 7.030598100774455 13.22322227966216
    endloop
  endfacet
  facet normal -0.19509032201612792 -0.9807852804032305 -5.167020415809486e-19
    outer loop
      vertex 49.93059810077445 5.47496318216405 13.4
      vertex 50.212842377115884 5.418821304977618 3.6
      vertex 50.212842377115884 5.418821304977618 13.4
    endloop
  endfacet
  facet normal -0.06540312923014333 -0.9978589232386035 0
    outer loop
      vertex 50.5 5.4 3.6
      vertex 50.5 5.4 13.4
      vertex 50.212842377115884 5.418821304977618 13.4
    endloop
  endfacet
  facet normal 0.06540312923014333 -0.9978589232386035 0
    outer loop
      vertex 50.787157622884116 5.418821304977618 3.6
      vertex 50.787157622884116 5.418821304977618 13.4
      vertex 50.5 5.4 13.4
    endloop
  endfacet
  facet normal 0.19509032201612792 -0.9807852804032305 0
    outer loop
      vertex 51.06940189922555 5.47496318216405 3.6
      vertex 51.06940189922555 5.47496318216405 13.4
      vertex 50.787157622884116 5.418821304977618 13.4
    endloop
  endfacet
  facet normal -0.6593458151000756 -0.7518398074789715 0
    outer loop
      vertex 49.16072485618081 5.854622651359283 3.6
      vertex 49.16072485618081 5.854622651359283 13.4
      vertex 48.9443650813896 6.0443650813895955 13.4
    endloop
  endfacet
  facet normal -0.555570233019603 -0.8314696123025449 0
    outer loop
      vertex 49.4 5.694744111674235 3.6
      vertex 49.4 5.694744111674235 13.4
      vertex 49.16072485618081 5.854622651359283 13.4
    endloop
  endfacet
  facet normal -0.4422886902189968 -0.8968727415326905 0
    outer loop
      vertex 49.658096448796805 5.567465028475169 3.6
      vertex 49.658096448796805 5.567465028475169 13.4
      vertex 49.4 5.694744111674235 13.4
    endloop
  endfacet
  facet normal -0.3214394653031647 -0.9469301294951046 0
    outer loop
      vertex 49.93059810077445 5.47496318216405 3.6
      vertex 49.93059810077445 5.47496318216405 13.4
      vertex 49.658096448796805 5.567465028475169 13.4
    endloop
  endfacet
  facet normal 0.3214394653031647 -0.9469301294951046 0
    outer loop
      vertex 51.341903551203195 5.567465028475169 3.6
      vertex 51.341903551203195 5.567465028475169 13.4
      vertex 51.06940189922555 5.47496318216405 13.4
    endloop
  endfacet
  facet normal 0.4422886902189968 -0.8968727415326905 0
    outer loop
      vertex 51.6 5.694744111674235 3.6
      vertex 51.6 5.694744111674235 13.4
      vertex 51.341903551203195 5.567465028475169 13.4
    endloop
  endfacet
  facet normal 0.5555702330196027 -0.8314696123025448 0
    outer loop
      vertex 51.8 5.828379839258092 3.6
      vertex 51.8 5.828379839258092 13.4
      vertex 51.6 5.694744111674235 13.4
    endloop
  endfacet
  facet normal 0.06540312923014853 0.9978589232386031 8.631295767184709e-20
    outer loop
      vertex 50.41437481790365 -8.25038782906122 11.3
      vertex 50.5 -8.256 14.921131001377281
      vertex 50.5 -8.256 11.3
    endloop
  endfacet
  facet normal -0.06540312923014853 0.9978589232386031 0
    outer loop
      vertex 50.5 -8.256 11.3
      vertex 50.5 -8.256 14.921131001377281
      vertex 50.58562518209635 -8.25038782906122 11.3
    endloop
  endfacet
  facet normal 0 0 1
    outer loop
      vertex 49.849612170938784 -7.685625182096354 11.3
      vertex 49.849612170938784 -7.514374817903647 11.3
      vertex 49.844 -7.6000000000000005 11.3
    endloop
  endfacet
  facet normal 0 0 1
    outer loop
      vertex 49.86635265795437 -7.769785293587254 11.3
      vertex 49.893935026672594 -7.851040331631499 11.3
      vertex 49.893935026672594 -7.348959668368502 11.3
    endloop
  endfacet
  facet normal 0 0 1
    outer loop
      vertex 49.93188733511741 -7.928000000000001 11.3
      vertex 49.93188733511741 -7.272 11.3
      vertex 49.893935026672594 -7.851040331631499 11.3
    endloop
  endfacet
  facet normal 0 0 1
    outer loop
      vertex 49.86635265795437 -7.769785293587254 11.3
      vertex 49.86635265795437 -7.430214706412747 11.3
      vertex 49.849612170938784 -7.685625182096354 11.3
    endloop
  endfacet
  facet normal 0 0 1
    outer loop
      vertex 50.036137951541626 -8.063862048458375 11.3
      vertex 50.10065250257028 -8.120439791231052 11.3
      vertex 50.10065250257028 -7.07956020876895 11.3
    endloop
  endfacet
  facet normal 0 0 1
    outer loop
      vertex 49.93188733511741 -7.928000000000001 11.3
      vertex 49.97956020876895 -7.999347497429722 11.3
      vertex 49.97956020876895 -7.2006525025702794 11.3
    endloop
  endfacet
  facet normal 0 0 1
    outer loop
      vertex 49.97956020876895 -7.999347497429722 11.3
      vertex 50.036137951541626 -8.063862048458375 11.3
      vertex 50.036137951541626 -7.136137951541626 11.3
    endloop
  endfacet
  facet normal 0 0 1
    outer loop
      vertex 50.10065250257028 -8.120439791231052 11.3
      vertex 50.172 -8.168112664882592 11.3
      vertex 50.172 -7.031887335117409 11.3
    endloop
  endfacet
  facet normal 0 0 1
    outer loop
      vertex 50.172 -8.168112664882592 11.3
      vertex 50.2489596683685 -8.206064973327404 11.3
      vertex 50.2489596683685 -6.993935026672596 11.3
    endloop
  endfacet
  facet normal 0 0 1
    outer loop
      vertex 49.849612170938784 -7.685625182096354 11.3
      vertex 49.86635265795437 -7.430214706412747 11.3
      vertex 49.849612170938784 -7.514374817903647 11.3
    endloop
  endfacet
  facet normal 0 0 1
    outer loop
      vertex 49.86635265795437 -7.769785293587254 11.3
      vertex 49.893935026672594 -7.348959668368502 11.3
      vertex 49.86635265795437 -7.430214706412747 11.3
    endloop
  endfacet
  facet normal 0 0 1
    outer loop
      vertex 49.893935026672594 -7.851040331631499 11.3
      vertex 49.93188733511741 -7.272 11.3
      vertex 49.893935026672594 -7.348959668368502 11.3
    endloop
  endfacet
  facet normal 0 0 1
    outer loop
      vertex 49.93188733511741 -7.928000000000001 11.3
      vertex 49.97956020876895 -7.2006525025702794 11.3
      vertex 49.93188733511741 -7.272 11.3
    endloop
  endfacet
  facet normal 0 0 1
    outer loop
      vertex 49.97956020876895 -7.999347497429722 11.3
      vertex 50.036137951541626 -7.136137951541626 11.3
      vertex 49.97956020876895 -7.2006525025702794 11.3
    endloop
  endfacet
  facet normal 0 0 1
    outer loop
      vertex 50.036137951541626 -8.063862048458375 11.3
      vertex 50.10065250257028 -7.07956020876895 11.3
      vertex 50.036137951541626 -7.136137951541626 11.3
    endloop
  endfacet
  facet normal 0 0 1
    outer loop
      vertex 50.10065250257028 -8.120439791231052 11.3
      vertex 50.172 -7.031887335117409 11.3
      vertex 50.10065250257028 -7.07956020876895 11.3
    endloop
  endfacet
  facet normal 0 0 1
    outer loop
      vertex 50.172 -8.168112664882592 11.3
      vertex 50.2489596683685 -6.993935026672596 11.3
      vertex 50.172 -7.031887335117409 11.3
    endloop
  endfacet
  facet normal 0.8968727415326757 0.44228869021902667 4.765099874688864e-19
    outer loop
      vertex 49.93188733511741 -7.928000000000001 11.3
      vertex 49.893935026672594 -7.851040331631499 11.3
      vertex 49.893935026672594 -7.851040331631499 15.16313816358721
    endloop
  endfacet
  facet normal 0.9469301294951189 0.3214394653031225 0
    outer loop
      vertex 49.86635265795437 -7.769785293587254 11.3
      vertex 49.86635265795437 -7.769785293587254 15.206569886273964
      vertex 49.893935026672594 -7.851040331631499 11.3
    endloop
  endfacet
  facet normal 0.9807852804032342 0.1950903220161094 3.8569664076592725e-20
    outer loop
      vertex 49.86635265795437 -7.769785293587254 11.3
      vertex 49.849612170938784 -7.685625182096354 11.3
      vertex 49.849612170938784 -7.685625182096354 15.251554403068711
    endloop
  endfacet
  facet normal 0.997858923238602 0.06540312923016711 -1.9122486500889332e-20
    outer loop
      vertex 49.849612170938784 -7.685625182096354 11.3
      vertex 49.844 -7.6000000000000005 11.3
      vertex 49.844 -7.6000000000000005 15.286214495804058
    endloop
  endfacet
  facet normal 0.6593458151000949 0.7518398074789546 2.244588344981103e-19
    outer loop
      vertex 50.036137951541626 -8.063862048458375 11.3
      vertex 50.10065250257028 -8.120439791231052 15.019141152412123
      vertex 50.10065250257028 -8.120439791231052 11.3
    endloop
  endfacet
  facet normal 0.7518398074789784 0.6593458151000678 0
    outer loop
      vertex 49.97956020876895 -7.999347497429722 11.3
      vertex 49.97956020876895 -7.999347497429722 15.083866331926759
      vertex 50.036137951541626 -8.063862048458375 11.3
    endloop
  endfacet
  facet normal 0.8314696123025395 0.555570233019611 0
    outer loop
      vertex 49.93188733511741 -7.928000000000001 11.3
      vertex 49.93188733511741 -7.928000000000001 15.122002363825166
      vertex 49.97956020876895 -7.999347497429722 11.3
    endloop
  endfacet
  facet normal 0.5555702330196015 0.8314696123025458 1.3275292525533578e-19
    outer loop
      vertex 50.10065250257028 -8.120439791231052 11.3
      vertex 50.172 -8.168112664882592 14.993258273290587
      vertex 50.172 -8.168112664882592 11.3
    endloop
  endfacet
  facet normal 0.4422886902189893 0.8968727415326943 1.2628403801413528e-19
    outer loop
      vertex 50.172 -8.168112664882592 11.3
      vertex 50.2489596683685 -8.206064973327404 14.962111618686944
      vertex 50.2489596683685 -8.206064973327404 11.3
    endloop
  endfacet
  facet normal 0.997858923238602 -0.06540312923016711 1.8998691307775932e-20
    outer loop
      vertex 49.844 -7.6000000000000005 11.3
      vertex 49.849612170938784 -7.514374817903647 11.3
      vertex 49.849612170938784 -7.514374817903647 15.312188610826261
    endloop
  endfacet
  facet normal 0.9807852804032342 -0.19509032201610943 -3.774659709387036e-20
    outer loop
      vertex 49.849612170938784 -7.514374817903647 11.3
      vertex 49.86635265795437 -7.430214706412747 11.3
      vertex 49.86635265795437 -7.430214706412747 15.33771830153905
    endloop
  endfacet
  facet normal 0.9469301294951189 -0.3214394653031225 1.487967250505627e-20
    outer loop
      vertex 49.86635265795437 -7.430214706412747 11.3
      vertex 49.893935026672594 -7.348959668368502 11.3
      vertex 49.893935026672594 -7.348959668368502 15.36236674785616
    endloop
  endfacet
  facet normal 0.8968727415326758 -0.44228869021902667 -4.505515376988181e-19
    outer loop
      vertex 49.893935026672594 -7.348959668368502 11.3
      vertex 49.93188733511741 -7.272 11.3
      vertex 49.93188733511741 -7.272 15.385712208027266
    endloop
  endfacet
  facet normal 0.8314696123025394 -0.555570233019611 -2.7515465141006436e-19
    outer loop
      vertex 49.93188733511741 -7.272 11.3
      vertex 49.97956020876895 -7.2006525025702794 11.3
      vertex 49.97956020876895 -7.2006525025702794 15.407355234756256
    endloop
  endfacet
  facet normal 0.7518398074789783 -0.6593458151000678 2.411046128960386e-19
    outer loop
      vertex 49.97956020876895 -7.2006525025702794 11.3
      vertex 50.036137951541626 -7.136137951541626 11.3
      vertex 50.036137951541626 -7.136137951541626 15.426925509855215
    endloop
  endfacet
  facet normal 0.659345815100089 -0.7518398074789596 0
    outer loop
      vertex 50.036137951541626 -7.136137951541626 11.3
      vertex 50.10065250257028 -7.07956020876895 11.3
      vertex 50.036137951541626 -7.136137951541626 15.426925509855215
    endloop
  endfacet
  facet normal 0.5555702330196085 -0.8314696123025409 0
    outer loop
      vertex 50.10065250257028 -7.07956020876895 11.3
      vertex 50.172 -7.031887335117409 11.3
      vertex 50.10065250257028 -7.07956020876895 15.442918301708374
    endloop
  endfacet
  facet normal 0.4422886902189977 -0.8968727415326901 0
    outer loop
      vertex 50.172 -7.031887335117409 11.3
      vertex 50.2489596683685 -6.993935026672596 11.3
      vertex 50.172 -7.031887335117409 15.447613669936384
    endloop
  endfacet
  facet normal 0 0 1
    outer loop
      vertex 50.2489596683685 -8.206064973327404 11.3
      vertex 50.33021470641275 -8.233647342045629 11.3
      vertex 50.33021470641275 -6.9663526579543715 11.3
    endloop
  endfacet
  facet normal 0 0 1
    outer loop
      vertex 50.41437481790365 -8.25038782906122 11.3
      vertex 50.41437481790365 -6.949612170938781 11.3
      vertex 50.33021470641275 -8.233647342045629 11.3
    endloop
  endfacet
  facet normal 0 0 1
    outer loop
      vertex 50.41437481790365 -8.25038782906122 11.3
      vertex 50.5 -8.256 11.3
      vertex 50.5 -6.944000000000001 11.3
    endloop
  endfacet
  facet normal 0 0 1
    outer loop
      vertex 50.5 -8.256 11.3
      vertex 50.58562518209635 -8.25038782906122 11.3
      vertex 50.58562518209635 -6.949612170938781 11.3
    endloop
  endfacet
  facet normal 0 0 1
    outer loop
      vertex 50.58562518209635 -8.25038782906122 11.3
      vertex 50.66978529358725 -8.233647342045629 11.3
      vertex 50.66978529358725 -6.9663526579543715 11.3
    endloop
  endfacet
  facet normal 0 0 1
    outer loop
      vertex 50.66978529358725 -8.233647342045629 11.3
      vertex 50.7510403316315 -8.206064973327404 11.3
      vertex 50.7510403316315 -6.993935026672596 11.3
    endloop
  endfacet
  facet normal 0 0 1
    outer loop
      vertex 50.7510403316315 -8.206064973327404 11.3
      vertex 50.828 -8.168112664882592 11.3
      vertex 50.828 -7.031887335117409 11.3
    endloop
  endfacet
  facet normal 0 0 1
    outer loop
      vertex 50.2489596683685 -8.206064973327404 11.3
      vertex 50.33021470641275 -6.9663526579543715 11.3
      vertex 50.2489596683685 -6.993935026672596 11.3
    endloop
  endfacet
  facet normal 0 0 1
    outer loop
      vertex 50.33021470641275 -8.233647342045629 11.3
      vertex 50.41437481790365 -6.949612170938781 11.3
      vertex 50.33021470641275 -6.9663526579543715 11.3
    endloop
  endfacet
  facet normal 0 0 1
    outer loop
      vertex 50.41437481790365 -8.25038782906122 11.3
      vertex 50.5 -6.944000000000001 11.3
      vertex 50.41437481790365 -6.949612170938781 11.3
    endloop
  endfacet
  facet normal 0 0 1
    outer loop
      vertex 50.5 -8.256 11.3
      vertex 50.58562518209635 -6.949612170938781 11.3
      vertex 50.5 -6.944000000000001 11.3
    endloop
  endfacet
  facet normal 0 0 1
    outer loop
      vertex 50.66978529358725 -8.233647342045629 11.3
      vertex 50.7510403316315 -6.993935026672596 11.3
      vertex 50.66978529358725 -6.9663526579543715 11.3
    endloop
  endfacet
  facet normal 0 0 1
    outer loop
      vertex 50.58562518209635 -8.25038782906122 11.3
      vertex 50.66978529358725 -6.9663526579543715 11.3
      vertex 50.58562518209635 -6.949612170938781 11.3
    endloop
  endfacet
  facet normal 0 0 1
    outer loop
      vertex 50.7510403316315 -8.206064973327404 11.3
      vertex 50.828 -7.031887335117409 11.3
      vertex 50.7510403316315 -6.993935026672596 11.3
    endloop
  endfacet
  facet normal 0 0 1
    outer loop
      vertex 50.828 -8.168112664882592 11.3
      vertex 50.89934749742972 -7.07956020876895 11.3
      vertex 50.828 -7.031887335117409 11.3
    endloop
  endfacet
  facet normal 0 0 1
    outer loop
      vertex 50.828 -8.168112664882592 11.3
      vertex 50.89934749742972 -8.120439791231052 11.3
      vertex 50.89934749742972 -7.07956020876895 11.3
    endloop
  endfacet
  facet normal 0 0 1
    outer loop
      vertex 50.89934749742972 -8.120439791231052 11.3
      vertex 50.963862048458374 -8.063862048458375 11.3
      vertex 50.963862048458374 -7.136137951541626 11.3
    endloop
  endfacet
  facet normal 0 0 1
    outer loop
      vertex 50.963862048458374 -8.063862048458375 11.3
      vertex 51.02043979123105 -7.999347497429722 11.3
      vertex 51.02043979123105 -7.2006525025702794 11.3
    endloop
  endfacet
  facet normal 0 0 1
    outer loop
      vertex 51.02043979123105 -7.999347497429722 11.3
      vertex 51.06811266488259 -7.928000000000001 11.3
      vertex 51.06811266488259 -7.272 11.3
    endloop
  endfacet
  facet normal 0 0 1
    outer loop
      vertex 51.06811266488259 -7.928000000000001 11.3
      vertex 51.106064973327406 -7.851040331631499 11.3
      vertex 51.106064973327406 -7.348959668368502 11.3
    endloop
  endfacet
  facet normal 0 0 1
    outer loop
      vertex 51.106064973327406 -7.851040331631499 11.3
      vertex 51.13364734204563 -7.769785293587254 11.3
      vertex 51.13364734204563 -7.430214706412747 11.3
    endloop
  endfacet
  facet normal 0 0 1
    outer loop
      vertex 51.13364734204563 -7.769785293587254 11.3
      vertex 51.150387829061216 -7.685625182096354 11.3
      vertex 51.150387829061216 -7.514374817903647 11.3
    endloop
  endfacet
  facet normal 0 0 1
    outer loop
      vertex 51.13364734204563 -7.769785293587254 11.3
      vertex 51.150387829061216 -7.514374817903647 11.3
      vertex 51.13364734204563 -7.430214706412747 11.3
    endloop
  endfacet
  facet normal 0 0 1
    outer loop
      vertex 51.150387829061216 -7.685625182096354 11.3
      vertex 51.156 -7.6000000000000005 11.3
      vertex 51.150387829061216 -7.514374817903647 11.3
    endloop
  endfacet
  facet normal 0 0 1
    outer loop
      vertex 50.89934749742972 -8.120439791231052 11.3
      vertex 50.963862048458374 -7.136137951541626 11.3
      vertex 50.89934749742972 -7.07956020876895 11.3
    endloop
  endfacet
  facet normal 0 0 1
    outer loop
      vertex 50.963862048458374 -8.063862048458375 11.3
      vertex 51.02043979123105 -7.2006525025702794 11.3
      vertex 50.963862048458374 -7.136137951541626 11.3
    endloop
  endfacet
  facet normal 0 0 1
    outer loop
      vertex 51.02043979123105 -7.999347497429722 11.3
      vertex 51.06811266488259 -7.272 11.3
      vertex 51.02043979123105 -7.2006525025702794 11.3
    endloop
  endfacet
  facet normal 0 0 1
    outer loop
      vertex 51.06811266488259 -7.928000000000001 11.3
      vertex 51.106064973327406 -7.348959668368502 11.3
      vertex 51.06811266488259 -7.272 11.3
    endloop
  endfacet
  facet normal 0 0 1
    outer loop
      vertex 51.106064973327406 -7.851040331631499 11.3
      vertex 51.13364734204563 -7.430214706412747 11.3
      vertex 51.106064973327406 -7.348959668368502 11.3
    endloop
  endfacet
  facet normal 0.32143946530315337 0.9469301294951085 5.12955302901743e-19
    outer loop
      vertex 50.2489596683685 -8.206064973327404 11.3
      vertex 50.33021470641275 -8.233647342045629 14.93947535367908
      vertex 50.33021470641275 -8.233647342045629 11.3
    endloop
  endfacet
  facet normal 0.1950903220161234 0.9807852804032315 0
    outer loop
      vertex 50.41437481790365 -8.25038782906122 11.3
      vertex 50.33021470641275 -8.233647342045629 11.3
      vertex 50.41437481790365 -8.25038782906122 14.925736791037243
    endloop
  endfacet
  facet normal -0.1950903220161234 0.9807852804032315 0
    outer loop
      vertex 50.58562518209635 -8.25038782906122 11.3
      vertex 50.58562518209635 -8.25038782906122 14.925736791037243
      vertex 50.66978529358725 -8.233647342045629 11.3
    endloop
  endfacet
  facet normal -0.32143946530315337 0.9469301294951085 0
    outer loop
      vertex 50.66978529358725 -8.233647342045629 11.3
      vertex 50.66978529358725 -8.233647342045629 14.93947535367908
      vertex 50.7510403316315 -8.206064973327404 11.3
    endloop
  endfacet
  facet normal -0.4422886902189893 0.8968727415326943 0
    outer loop
      vertex 50.7510403316315 -8.206064973327404 11.3
      vertex 50.7510403316315 -8.206064973327404 14.962111618686944
      vertex 50.828 -8.168112664882592 11.3
    endloop
  endfacet
  facet normal -0.5555702330196014 0.8314696123025458 4.8284954707446453e-17
    outer loop
      vertex 50.828 -8.168112664882592 11.3
      vertex 50.83009819013094 -8.166710699058807 14.994408836907635
      vertex 50.89934749742972 -8.120439791231052 11.3
    endloop
  endfacet
  facet normal 0.32143946530315337 -0.9469301294951086 0
    outer loop
      vertex 50.2489596683685 -6.993935026672596 11.3
      vertex 50.33021470641275 -6.9663526579543715 11.3
      vertex 50.2489596683685 -6.993935026672596 15.451351646055757
    endloop
  endfacet
  facet normal 0.19509032201612336 -0.9807852804032313 5.255375136086693e-20
    outer loop
      vertex 50.33021470641275 -6.9663526579543715 11.3
      vertex 50.41437481790365 -6.949612170938781 11.3
      vertex 50.41437481790365 -6.949612170938781 15.45571706631778
    endloop
  endfacet
  facet normal 0.0654031292301382 -0.9978589232386037 -5.741323083055382e-20
    outer loop
      vertex 50.41437481790365 -6.949612170938781 11.3
      vertex 50.5 -6.944000000000001 11.3
      vertex 50.5 -6.944000000000001 15.456269816909419
    endloop
  endfacet
  facet normal -0.0654031292301382 -0.9978589232386038 5.74208673459381e-20
    outer loop
      vertex 50.5 -6.944000000000001 11.3
      vertex 50.58562518209635 -6.949612170938781 11.3
      vertex 50.58562518209635 -6.949612170938781 15.455717066317778
    endloop
  endfacet
  facet normal -0.1950903220161234 -0.9807852804032314 -5.2574610506009827e-20
    outer loop
      vertex 50.58562518209635 -6.949612170938781 11.3
      vertex 50.66978529358725 -6.9663526579543715 11.3
      vertex 50.66978529358725 -6.9663526579543715 15.45406827225873
    endloop
  endfacet
  facet normal -0.32143946530315337 -0.9469301294951086 4.497061057748821e-19
    outer loop
      vertex 50.66978529358725 -6.9663526579543715 11.3
      vertex 50.7510403316315 -6.993935026672596 11.3
      vertex 50.7510403316315 -6.993935026672596 15.451351646055757
    endloop
  endfacet
  facet normal -0.4422886902189977 -0.8968727415326901 5.825881297703673e-19
    outer loop
      vertex 50.7510403316315 -6.993935026672596 11.3
      vertex 50.828 -7.031887335117409 11.3
      vertex 50.828 -7.031887335117409 15.447613669936384
    endloop
  endfacet
  facet normal -0.6593458151000949 0.7518398074789546 0
    outer loop
      vertex 50.89934749742972 -8.120439791231052 11.3
      vertex 50.89934749742972 -8.120439791231052 15.019141152412123
      vertex 50.963862048458374 -8.063862048458375 11.3
    endloop
  endfacet
  facet normal -0.7518398074789783 0.6593458151000678 0
    outer loop
      vertex 50.963862048458374 -8.063862048458375 11.3
      vertex 50.963862048458374 -8.063862048458375 15.049382585971077
      vertex 51.02043979123105 -7.999347497429722 11.3
    endloop
  endfacet
  facet normal -0.8314696123025394 0.5555702330196108 0
    outer loop
      vertex 51.02043979123105 -7.999347497429722 11.3
      vertex 51.02043979123105 -7.999347497429722 15.083866331926759
      vertex 51.06811266488259 -7.928000000000001 11.3
    endloop
  endfacet
  facet normal -0.8968727415326758 0.4422886902190267 0
    outer loop
      vertex 51.06811266488259 -7.928000000000001 11.3
      vertex 51.06811266488259 -7.928000000000001 15.122002363825166
      vertex 51.106064973327406 -7.851040331631499 11.3
    endloop
  endfacet
  facet normal -0.9469301294951189 0.3214394653031225 0
    outer loop
      vertex 51.106064973327406 -7.851040331631499 11.3
      vertex 51.106064973327406 -7.851040331631499 15.16313816358721
      vertex 51.13364734204563 -7.769785293587254 11.3
    endloop
  endfacet
  facet normal -0.9807852804032342 0.1950903220161094 0
    outer loop
      vertex 51.13364734204563 -7.769785293587254 11.3
      vertex 51.13364734204563 -7.769785293587254 15.206569886273964
      vertex 51.150387829061216 -7.685625182096354 11.3
    endloop
  endfacet
  facet normal -0.9978589232386019 0.06540312923016711 0
    outer loop
      vertex 51.150387829061216 -7.685625182096354 11.3
      vertex 51.150387829061216 -7.685625182096354 15.251554403068711
      vertex 51.156 -7.6000000000000005 11.3
    endloop
  endfacet
  facet normal -0.997858923238602 -0.06540312923016711 0
    outer loop
      vertex 51.156 -7.6000000000000005 11.3
      vertex 51.156 -7.6000000000000005 15.286214495804058
      vertex 51.150387829061216 -7.514374817903647 11.3
    endloop
  endfacet
  facet normal -0.9807852804032342 -0.19509032201610943 0
    outer loop
      vertex 51.150387829061216 -7.514374817903647 11.3
      vertex 51.150387829061216 -7.514374817903647 15.31218861082626
      vertex 51.13364734204563 -7.430214706412747 11.3
    endloop
  endfacet
  facet normal -0.9469301294951189 -0.3214394653031225 -1.4970506184269915e-20
    outer loop
      vertex 51.106064973327406 -7.348959668368502 11.3
      vertex 51.13364734204563 -7.430214706412747 11.3
      vertex 51.13364734204563 -7.430214706412747 15.33771830153905
    endloop
  endfacet
  facet normal -0.8968727415326757 -0.4422886902190267 4.53140750744127e-19
    outer loop
      vertex 51.06811266488259 -7.272 11.3
      vertex 51.106064973327406 -7.348959668368502 11.3
      vertex 51.106064973327406 -7.348959668368502 15.36236674785616
    endloop
  endfacet
  facet normal -0.8314696123025394 -0.5555702330196108 0
    outer loop
      vertex 51.06811266488259 -7.272 11.3
      vertex 51.06811266488259 -7.272 15.385712208027266
      vertex 51.02043979123105 -7.2006525025702794 11.3
    endloop
  endfacet
  facet normal -0.5555702330196085 -0.8314696123025409 -2.764934727797476e-20
    outer loop
      vertex 50.828 -7.031887335117409 11.3
      vertex 50.89934749742972 -7.07956020876895 11.3
      vertex 50.89934749742972 -7.07956020876895 15.442918301708374
    endloop
  endfacet
  facet normal -0.659345815100089 -0.7518398074789596 3.563412389804933e-19
    outer loop
      vertex 50.89934749742972 -7.07956020876895 11.3
      vertex 50.963862048458374 -7.136137951541626 11.3
      vertex 50.963862048458374 -7.136137951541626 15.426925509855215
    endloop
  endfacet
  facet normal -0.7518398074789783 -0.6593458151000678 -2.4225340167429564e-19
    outer loop
      vertex 50.963862048458374 -7.136137951541626 11.3
      vertex 51.02043979123105 -7.2006525025702794 11.3
      vertex 51.02043979123105 -7.2006525025702794 15.407355234756256
    endloop
  endfacet
  facet normal 0.06540312923014852 0.9978589232386031 0
    outer loop
      vertex 50.41437481790365 -8.25038782906122 11.3
      vertex 50.41437481790365 -8.25038782906122 14.925736791037243
      vertex 50.5 -8.256 14.921131001377281
    endloop
  endfacet
  facet normal -0.06540312923014852 0.9978589232386031 0
    outer loop
      vertex 50.58562518209635 -8.25038782906122 11.3
      vertex 50.5 -8.256 14.921131001377281
      vertex 50.58562518209635 -8.25038782906122 14.925736791037243
    endloop
  endfacet
  facet normal 0.659345815100095 0.7518398074789546 0
    outer loop
      vertex 50.036137951541626 -8.063862048458375 11.3
      vertex 50.036137951541626 -8.063862048458375 15.049382585971077
      vertex 50.10065250257028 -8.120439791231052 15.019141152412123
    endloop
  endfacet
  facet normal 0.7518398074789784 0.6593458151000678 -2.6538256757991563e-19
    outer loop
      vertex 49.97956020876895 -7.999347497429722 15.083866331926759
      vertex 50.036137951541626 -8.063862048458375 15.049382585971077
      vertex 50.036137951541626 -8.063862048458375 11.3
    endloop
  endfacet
  facet normal 0.5555702330196032 0.8314696123025446 0
    outer loop
      vertex 50.10065250257028 -8.120439791231052 11.3
      vertex 50.10065250257028 -8.120439791231052 15.019141152412123
      vertex 50.16990180986906 -8.166710699058807 14.994408836907635
    endloop
  endfacet
  facet normal 0.5555702330195424 0.8314696123025852 1.606635732635797e-15
    outer loop
      vertex 50.10065250257028 -8.120439791231052 11.3
      vertex 50.16990180986906 -8.166710699058807 14.994408836907635
      vertex 50.172 -8.168112664882592 14.993258273290587
    endloop
  endfacet
  facet normal 0.44228869021898937 0.8968727415326943 0
    outer loop
      vertex 50.172 -8.168112664882592 11.3
      vertex 50.172 -8.168112664882592 14.993258273290587
      vertex 50.2489596683685 -8.206064973327404 14.962111618686944
    endloop
  endfacet
  facet normal 0.8968727415326758 0.4422886902190267 0
    outer loop
      vertex 49.93188733511741 -7.928000000000001 11.3
      vertex 49.893935026672594 -7.851040331631499 15.16313816358721
      vertex 49.93188733511741 -7.928000000000001 15.122002363825166
    endloop
  endfacet
  facet normal 0.9469301294951189 0.3214394653031225 0
    outer loop
      vertex 49.893935026672594 -7.851040331631499 11.3
      vertex 49.86635265795437 -7.769785293587254 15.206569886273964
      vertex 49.893935026672594 -7.851040331631499 15.16313816358721
    endloop
  endfacet
  facet normal 0.9807852804032342 0.1950903220161094 0
    outer loop
      vertex 49.86635265795437 -7.769785293587254 11.3
      vertex 49.849612170938784 -7.685625182096354 15.251554403068711
      vertex 49.86635265795437 -7.769785293587254 15.206569886273964
    endloop
  endfacet
  facet normal 0.9978589232386019 0.06540312923016711 0
    outer loop
      vertex 49.849612170938784 -7.685625182096354 11.3
      vertex 49.844 -7.6000000000000005 15.286214495804058
      vertex 49.849612170938784 -7.685625182096354 15.251554403068711
    endloop
  endfacet
  facet normal 0.997858923238602 -0.06540312923016711 0
    outer loop
      vertex 49.844 -7.6000000000000005 11.3
      vertex 49.849612170938784 -7.514374817903647 15.312188610826261
      vertex 49.844 -7.6000000000000005 15.286214495804058
    endloop
  endfacet
  facet normal 0.8314696123025394 0.5555702330196108 0
    outer loop
      vertex 49.97956020876895 -7.999347497429722 11.3
      vertex 49.93188733511741 -7.928000000000001 15.122002363825166
      vertex 49.97956020876895 -7.999347497429722 15.083866331926759
    endloop
  endfacet
  facet normal 0.9807852804032343 -0.1950903220161094 0
    outer loop
      vertex 49.849612170938784 -7.514374817903647 11.3
      vertex 49.86635265795437 -7.430214706412747 15.33771830153905
      vertex 49.849612170938784 -7.514374817903647 15.312188610826261
    endloop
  endfacet
  facet normal 0.9469301294951189 -0.3214394653031225 0
    outer loop
      vertex 49.86635265795437 -7.430214706412747 11.3
      vertex 49.893935026672594 -7.348959668368502 15.36236674785616
      vertex 49.86635265795437 -7.430214706412747 15.33771830153905
    endloop
  endfacet
  facet normal 0.8968727415326757 -0.4422886902190267 0
    outer loop
      vertex 49.893935026672594 -7.348959668368502 11.3
      vertex 49.93188733511741 -7.272 15.385712208027266
      vertex 49.893935026672594 -7.348959668368502 15.36236674785616
    endloop
  endfacet
  facet normal 0.8314696123025394 -0.5555702330196108 0
    outer loop
      vertex 49.93188733511741 -7.272 11.3
      vertex 49.97956020876895 -7.2006525025702794 15.407355234756256
      vertex 49.93188733511741 -7.272 15.385712208027266
    endloop
  endfacet
  facet normal 0.7518398074789783 -0.6593458151000678 0
    outer loop
      vertex 49.97956020876895 -7.2006525025702794 11.3
      vertex 50.036137951541626 -7.136137951541626 15.426925509855215
      vertex 49.97956020876895 -7.2006525025702794 15.407355234756256
    endloop
  endfacet
  facet normal 0.6593458151000957 -0.7518398074789537 1.8529255914431736e-16
    outer loop
      vertex 50.10065250257028 -7.07956020876895 11.3
      vertex 50.09414063193244 -7.085270966048387 15.442355841209691
      vertex 50.036137951541626 -7.136137951541626 15.426925509855215
    endloop
  endfacet
  facet normal 0.6593458151000291 -0.7518398074790121 0
    outer loop
      vertex 50.10065250257028 -7.07956020876895 11.3
      vertex 50.10065250257028 -7.07956020876895 15.442918301708374
      vertex 50.09414063193244 -7.085270966048387 15.442355841209691
    endloop
  endfacet
  facet normal 0.5555702330196086 -0.831469612302541 0
    outer loop
      vertex 50.172 -7.031887335117409 11.3
      vertex 50.172 -7.031887335117409 15.447613669936384
      vertex 50.10065250257028 -7.07956020876895 15.442918301708374
    endloop
  endfacet
  facet normal 0.4422886902189976 -0.8968727415326901 0
    outer loop
      vertex 50.2489596683685 -6.993935026672596 11.3
      vertex 50.2489596683685 -6.993935026672596 15.451351646055757
      vertex 50.172 -7.031887335117409 15.447613669936384
    endloop
  endfacet
  facet normal 0.32143946530315337 0.9469301294951085 0
    outer loop
      vertex 50.2489596683685 -8.206064973327404 11.3
      vertex 50.2489596683685 -8.206064973327404 14.962111618686944
      vertex 50.33021470641275 -8.233647342045629 14.93947535367908
    endloop
  endfacet
  facet normal 0.1950903220161234 0.9807852804032315 0
    outer loop
      vertex 50.33021470641275 -8.233647342045629 11.3
      vertex 50.33021470641275 -8.233647342045629 14.93947535367908
      vertex 50.41437481790365 -8.25038782906122 14.925736791037243
    endloop
  endfacet
  facet normal -0.1950903220161234 0.9807852804032315 0
    outer loop
      vertex 50.66978529358725 -8.233647342045629 11.3
      vertex 50.58562518209635 -8.25038782906122 14.925736791037243
      vertex 50.66978529358725 -8.233647342045629 14.93947535367908
    endloop
  endfacet
  facet normal -0.32143946530315337 0.9469301294951085 0
    outer loop
      vertex 50.7510403316315 -8.206064973327404 11.3
      vertex 50.66978529358725 -8.233647342045629 14.93947535367908
      vertex 50.7510403316315 -8.206064973327404 14.962111618686944
    endloop
  endfacet
  facet normal -0.44228869021898937 0.8968727415326943 0
    outer loop
      vertex 50.828 -8.168112664882592 11.3
      vertex 50.7510403316315 -8.206064973327404 14.962111618686944
      vertex 50.828 -8.168112664882592 14.993258273290587
    endloop
  endfacet
  facet normal -0.5555702330195427 0.8314696123025851 0
    outer loop
      vertex 50.828 -8.168112664882592 11.3
      vertex 50.828 -8.168112664882592 14.993258273290587
      vertex 50.83009819013094 -8.166710699058807 14.994408836907635
    endloop
  endfacet
  facet normal -0.5555702330196032 0.8314696123025446 0
    outer loop
      vertex 50.89934749742972 -8.120439791231052 11.3
      vertex 50.83009819013094 -8.166710699058807 14.994408836907635
      vertex 50.89934749742972 -8.120439791231052 15.019141152412123
    endloop
  endfacet
  facet normal -0.659345815100095 0.7518398074789546 0
    outer loop
      vertex 50.963862048458374 -8.063862048458375 11.3
      vertex 50.89934749742972 -8.120439791231052 15.019141152412123
      vertex 50.963862048458374 -8.063862048458375 15.049382585971077
    endloop
  endfacet
  facet normal -0.7518398074789784 0.6593458151000678 0
    outer loop
      vertex 51.02043979123105 -7.999347497429722 11.3
      vertex 50.963862048458374 -8.063862048458375 15.049382585971077
      vertex 51.02043979123105 -7.999347497429722 15.083866331926759
    endloop
  endfacet
  facet normal 0.32143946530315337 -0.9469301294951085 0
    outer loop
      vertex 50.33021470641275 -6.9663526579543715 11.3
      vertex 50.33021470641275 -6.9663526579543715 15.45406827225873
      vertex 50.2489596683685 -6.993935026672596 15.451351646055757
    endloop
  endfacet
  facet normal 0.1950903220161234 -0.9807852804032314 0
    outer loop
      vertex 50.33021470641275 -6.9663526579543715 11.3
      vertex 50.41437481790365 -6.949612170938781 15.45571706631778
      vertex 50.33021470641275 -6.9663526579543715 15.45406827225873
    endloop
  endfacet
  facet normal 0.06540312923013822 -0.9978589232386038 0
    outer loop
      vertex 50.41437481790365 -6.949612170938781 11.3
      vertex 50.5 -6.944000000000001 15.456269816909419
      vertex 50.41437481790365 -6.949612170938781 15.45571706631778
    endloop
  endfacet
  facet normal -0.0654031292301382 -0.9978589232386037 0
    outer loop
      vertex 50.5 -6.944000000000001 11.3
      vertex 50.58562518209635 -6.949612170938781 15.455717066317778
      vertex 50.5 -6.944000000000001 15.456269816909419
    endloop
  endfacet
  facet normal -0.1950903220161234 -0.9807852804032315 0
    outer loop
      vertex 50.58562518209635 -6.949612170938781 11.3
      vertex 50.66978529358725 -6.9663526579543715 15.45406827225873
      vertex 50.58562518209635 -6.949612170938781 15.455717066317778
    endloop
  endfacet
  facet normal -0.32143946530315337 -0.9469301294951085 0
    outer loop
      vertex 50.66978529358725 -6.9663526579543715 11.3
      vertex 50.7510403316315 -6.993935026672596 15.451351646055757
      vertex 50.66978529358725 -6.9663526579543715 15.45406827225873
    endloop
  endfacet
  facet normal -0.5555702330196086 -0.831469612302541 0
    outer loop
      vertex 50.828 -7.031887335117409 11.3
      vertex 50.89934749742972 -7.07956020876895 15.442918301708374
      vertex 50.828 -7.031887335117409 15.447613669936384
    endloop
  endfacet
  facet normal -0.4422886902189976 -0.8968727415326901 0
    outer loop
      vertex 50.7510403316315 -6.993935026672596 11.3
      vertex 50.828 -7.031887335117409 15.447613669936384
      vertex 50.7510403316315 -6.993935026672596 15.451351646055757
    endloop
  endfacet
  facet normal -0.8314696123025395 0.555570233019611 0
    outer loop
      vertex 51.06811266488259 -7.928000000000001 11.3
      vertex 51.02043979123105 -7.999347497429722 15.083866331926759
      vertex 51.06811266488259 -7.928000000000001 15.122002363825166
    endloop
  endfacet
  facet normal -0.8968727415326757 0.44228869021902667 0
    outer loop
      vertex 51.106064973327406 -7.851040331631499 11.3
      vertex 51.06811266488259 -7.928000000000001 15.122002363825166
      vertex 51.106064973327406 -7.851040331631499 15.16313816358721
    endloop
  endfacet
  facet normal -0.9469301294951189 0.3214394653031225 0
    outer loop
      vertex 51.13364734204563 -7.769785293587254 11.3
      vertex 51.106064973327406 -7.851040331631499 15.16313816358721
      vertex 51.13364734204563 -7.769785293587254 15.206569886273964
    endloop
  endfacet
  facet normal -0.9807852804032342 0.1950903220161094 0
    outer loop
      vertex 51.150387829061216 -7.685625182096354 11.3
      vertex 51.13364734204563 -7.769785293587254 15.206569886273964
      vertex 51.150387829061216 -7.685625182096354 15.251554403068711
    endloop
  endfacet
  facet normal -0.997858923238602 0.06540312923016711 0
    outer loop
      vertex 51.156 -7.6000000000000005 11.3
      vertex 51.150387829061216 -7.685625182096354 15.251554403068711
      vertex 51.156 -7.6000000000000005 15.286214495804058
    endloop
  endfacet
  facet normal -0.9978589232386018 -0.0654031292301671 0
    outer loop
      vertex 51.150387829061216 -7.514374817903647 11.3
      vertex 51.156 -7.6000000000000005 15.286214495804058
      vertex 51.150387829061216 -7.514374817903647 15.31218861082626
    endloop
  endfacet
  facet normal -0.9807852804032342 -0.19509032201610943 0
    outer loop
      vertex 51.13364734204563 -7.430214706412747 11.3
      vertex 51.150387829061216 -7.514374817903647 15.31218861082626
      vertex 51.13364734204563 -7.430214706412747 15.33771830153905
    endloop
  endfacet
  facet normal -0.8314696123025394 -0.555570233019611 0
    outer loop
      vertex 51.02043979123105 -7.2006525025702794 11.3
      vertex 51.06811266488259 -7.272 15.385712208027266
      vertex 51.02043979123105 -7.2006525025702794 15.407355234756256
    endloop
  endfacet
  facet normal -0.8968727415326758 -0.44228869021902667 0
    outer loop
      vertex 51.06811266488259 -7.272 11.3
      vertex 51.106064973327406 -7.348959668368502 15.36236674785616
      vertex 51.06811266488259 -7.272 15.385712208027266
    endloop
  endfacet
  facet normal -0.9469301294951189 -0.3214394653031225 0
    outer loop
      vertex 51.106064973327406 -7.348959668368502 11.3
      vertex 51.13364734204563 -7.430214706412747 15.33771830153905
      vertex 51.106064973327406 -7.348959668368502 15.36236674785616
    endloop
  endfacet
  facet normal -0.6593458151000291 -0.7518398074790121 0
    outer loop
      vertex 50.89934749742972 -7.07956020876895 11.3
      vertex 50.90585936806756 -7.085270966048387 15.442355841209691
      vertex 50.89934749742972 -7.07956020876895 15.442918301708374
    endloop
  endfacet
  facet normal -0.6593458151000957 -0.7518398074789538 1.853148924140505e-16
    outer loop
      vertex 50.89934749742972 -7.07956020876895 11.3
      vertex 50.963862048458374 -7.136137951541626 15.426925509855215
      vertex 50.90585936806756 -7.085270966048387 15.442355841209691
    endloop
  endfacet
  facet normal -0.7518398074789783 -0.6593458151000678 0
    outer loop
      vertex 50.963862048458374 -7.136137951541626 11.3
      vertex 51.02043979123105 -7.2006525025702794 15.407355234756256
      vertex 50.963862048458374 -7.136137951541626 15.426925509855215
    endloop
  endfacet
  facet normal 0.9978589232386044 0.06540312923013003 9.19792360615048e-14
    outer loop
      vertex 49.849612170938784 -7.685625182096354 15.251554403068711
      vertex 49.844 -7.6000000000000005 15.286214495804058
      vertex 49.84714938286093 -7.648050297095271 15.27163859753386
    endloop
  endfacet
  facet normal -0.9978589232386044 0.06540312923013003 9.195792781741438e-14
    outer loop
      vertex 51.150387829061216 -7.685625182096354 15.251554403068711
      vertex 51.15285061713907 -7.648050297095271 15.27163859753386
      vertex 51.156 -7.6000000000000005 15.286214495804058
    endloop
  endfacet
  facet normal 0 0 1
    outer loop
      vertex 49.86635265795437 7.430214706412747 11.3
      vertex 49.893935026672594 7.348959668368502 11.3
      vertex 49.893935026672594 7.851040331631499 11.3
    endloop
  endfacet
  facet normal 0 0 1
    outer loop
      vertex 49.893935026672594 7.348959668368502 11.3
      vertex 49.93188733511741 7.272 11.3
      vertex 49.93188733511741 7.928000000000001 11.3
    endloop
  endfacet
  facet normal 0 0 1
    outer loop
      vertex 49.97956020876895 7.2006525025702794 11.3
      vertex 49.97956020876895 7.999347497429722 11.3
      vertex 49.93188733511741 7.272 11.3
    endloop
  endfacet
  facet normal 0 0 1
    outer loop
      vertex 49.97956020876895 7.2006525025702794 11.3
      vertex 50.036137951541626 7.136137951541626 11.3
      vertex 50.036137951541626 8.063862048458375 11.3
    endloop
  endfacet
  facet normal 0 0 1
    outer loop
      vertex 50.036137951541626 7.136137951541626 11.3
      vertex 50.10065250257028 7.07956020876895 11.3
      vertex 50.10065250257028 8.120439791231052 11.3
    endloop
  endfacet
  facet normal 0 0 1
    outer loop
      vertex 50.10065250257028 7.07956020876895 11.3
      vertex 50.172 7.031887335117409 11.3
      vertex 50.172 8.168112664882592 11.3
    endloop
  endfacet
  facet normal 0 0 1
    outer loop
      vertex 50.172 7.031887335117409 11.3
      vertex 50.2489596683685 6.993935026672596 11.3
      vertex 50.2489596683685 8.206064973327404 11.3
    endloop
  endfacet
  facet normal 0 0 1
    outer loop
      vertex 49.849612170938784 7.514374817903647 11.3
      vertex 49.849612170938784 7.685625182096354 11.3
      vertex 49.844 7.6000000000000005 11.3
    endloop
  endfacet
  facet normal 0 0 1
    outer loop
      vertex 49.849612170938784 7.514374817903647 11.3
      vertex 49.86635265795437 7.769785293587254 11.3
      vertex 49.849612170938784 7.685625182096354 11.3
    endloop
  endfacet
  facet normal 0 0 1
    outer loop
      vertex 49.86635265795437 7.430214706412747 11.3
      vertex 49.86635265795437 7.769785293587254 11.3
      vertex 49.849612170938784 7.514374817903647 11.3
    endloop
  endfacet
  facet normal 0 0 1
    outer loop
      vertex 49.86635265795437 7.430214706412747 11.3
      vertex 49.893935026672594 7.851040331631499 11.3
      vertex 49.86635265795437 7.769785293587254 11.3
    endloop
  endfacet
  facet normal 0 0 1
    outer loop
      vertex 49.893935026672594 7.348959668368502 11.3
      vertex 49.93188733511741 7.928000000000001 11.3
      vertex 49.893935026672594 7.851040331631499 11.3
    endloop
  endfacet
  facet normal 0 0 1
    outer loop
      vertex 49.93188733511741 7.272 11.3
      vertex 49.97956020876895 7.999347497429722 11.3
      vertex 49.93188733511741 7.928000000000001 11.3
    endloop
  endfacet
  facet normal 0 0 1
    outer loop
      vertex 49.97956020876895 7.2006525025702794 11.3
      vertex 50.036137951541626 8.063862048458375 11.3
      vertex 49.97956020876895 7.999347497429722 11.3
    endloop
  endfacet
  facet normal 0 0 1
    outer loop
      vertex 50.036137951541626 7.136137951541626 11.3
      vertex 50.10065250257028 8.120439791231052 11.3
      vertex 50.036137951541626 8.063862048458375 11.3
    endloop
  endfacet
  facet normal 0 0 1
    outer loop
      vertex 50.10065250257028 7.07956020876895 11.3
      vertex 50.172 8.168112664882592 11.3
      vertex 50.10065250257028 8.120439791231052 11.3
    endloop
  endfacet
  facet normal 0 0 1
    outer loop
      vertex 50.172 7.031887335117409 11.3
      vertex 50.2489596683685 8.206064973327404 11.3
      vertex 50.172 8.168112664882592 11.3
    endloop
  endfacet
  facet normal 0.8968727415326757 0.44228869021902667 0
    outer loop
      vertex 49.893935026672594 7.348959668368502 11.3
      vertex 49.893935026672594 7.348959668368502 15.362366747856159
      vertex 49.93188733511741 7.272 11.3
    endloop
  endfacet
  facet normal 0.9807852804032343 0.1950903220161094 3.798677995732461e-20
    outer loop
      vertex 49.86635265795437 7.430214706412747 11.3
      vertex 49.849612170938784 7.514374817903647 11.3
      vertex 49.849612170938784 7.514374817903647 15.312188610826261
    endloop
  endfacet
  facet normal 0.9469301294951189 0.3214394653031225 0
    outer loop
      vertex 49.86635265795437 7.430214706412747 11.3
      vertex 49.86635265795437 7.430214706412747 15.33771830153905
      vertex 49.893935026672594 7.348959668368502 11.3
    endloop
  endfacet
  facet normal 0.7518398074789783 0.6593458151000678 0
    outer loop
      vertex 49.97956020876895 7.2006525025702794 11.3
      vertex 49.97956020876895 7.2006525025702794 15.407355234756256
      vertex 50.036137951541626 7.136137951541626 11.3
    endloop
  endfacet
  facet normal 0.659345815100089 0.7518398074789596 0
    outer loop
      vertex 50.036137951541626 7.136137951541626 11.3
      vertex 50.036137951541626 7.136137951541626 15.426925509855215
      vertex 50.10065250257028 7.07956020876895 11.3
    endloop
  endfacet
  facet normal 0.4422886902189977 0.8968727415326901 0
    outer loop
      vertex 50.172 7.031887335117409 11.3
      vertex 50.172 7.031887335117409 15.447613669936384
      vertex 50.2489596683685 6.993935026672596 11.3
    endloop
  endfacet
  facet normal 0.5555702330196085 0.8314696123025409 0
    outer loop
      vertex 50.10065250257028 7.07956020876895 11.3
      vertex 50.10065250257028 7.07956020876895 15.442918301708374
      vertex 50.172 7.031887335117409 11.3
    endloop
  endfacet
  facet normal 0.8314696123025394 0.5555702330196108 2.76612213561254e-19
    outer loop
      vertex 49.97956020876895 7.2006525025702794 11.3
      vertex 49.93188733511741 7.272 11.3
      vertex 49.93188733511741 7.272 15.385712208027266
    endloop
  endfacet
  facet normal 0.9978589232386019 -0.06540312923016711 1.9290214713092744e-20
    outer loop
      vertex 49.844 7.6000000000000005 11.3
      vertex 49.849612170938784 7.685625182096354 11.3
      vertex 49.849612170938784 7.685625182096354 15.251554403068711
    endloop
  endfacet
  facet normal 0.997858923238602 0.06540312923016711 -1.9122486500889332e-20
    outer loop
      vertex 49.849612170938784 7.514374817903647 11.3
      vertex 49.844 7.6000000000000005 11.3
      vertex 49.844 7.6000000000000005 15.286214495804058
    endloop
  endfacet
  facet normal 0.9807852804032342 -0.1950903220161094 -3.901379735768861e-20
    outer loop
      vertex 49.849612170938784 7.685625182096354 11.3
      vertex 49.86635265795437 7.769785293587254 11.3
      vertex 49.86635265795437 7.769785293587254 15.206569886273964
    endloop
  endfacet
  facet normal 0.9469301294951189 -0.3214394653031225 1.5647042441630134e-20
    outer loop
      vertex 49.86635265795437 7.769785293587254 11.3
      vertex 49.893935026672594 7.851040331631499 11.3
      vertex 49.893935026672594 7.851040331631499 15.16313816358721
    endloop
  endfacet
  facet normal 0.8968727415326758 -0.4422886902190267 -4.816386131376357e-19
    outer loop
      vertex 49.893935026672594 7.851040331631499 11.3
      vertex 49.93188733511741 7.928000000000001 11.3
      vertex 49.93188733511741 7.928000000000001 15.122002363825166
    endloop
  endfacet
  facet normal 0.8314696123025394 -0.5555702330196108 -2.986780712365123e-19
    outer loop
      vertex 49.93188733511741 7.928000000000001 11.3
      vertex 49.97956020876895 7.999347497429722 11.3
      vertex 49.97956020876895 7.999347497429722 15.083866331926759
    endloop
  endfacet
  facet normal 0.7518398074789783 -0.6593458151000678 2.653825675799156e-19
    outer loop
      vertex 49.97956020876895 7.999347497429722 11.3
      vertex 50.036137951541626 8.063862048458375 11.3
      vertex 50.036137951541626 8.063862048458375 15.049382585971077
    endloop
  endfacet
  facet normal 0.6593458151000949 -0.7518398074789546 -2.244588344981103e-19
    outer loop
      vertex 50.036137951541626 8.063862048458375 11.3
      vertex 50.10065250257028 8.120439791231052 11.3
      vertex 50.10065250257028 8.120439791231052 15.019141152412123
    endloop
  endfacet
  facet normal 0.5555702330196014 -0.8314696123025458 4.8451659197311565e-17
    outer loop
      vertex 50.10065250257028 8.120439791231052 11.3
      vertex 50.172 8.168112664882592 11.3
      vertex 50.16990180986906 8.166710699058807 14.994408836907635
    endloop
  endfacet
  facet normal 0.4422886902189893 -0.8968727415326943 -1.2628403801413528e-19
    outer loop
      vertex 50.172 8.168112664882592 11.3
      vertex 50.2489596683685 8.206064973327404 11.3
      vertex 50.2489596683685 8.206064973327404 14.962111618686944
    endloop
  endfacet
  facet normal 0 0 1
    outer loop
      vertex 50.33021470641275 6.9663526579543715 11.3
      vertex 50.41437481790365 6.949612170938781 11.3
      vertex 50.41437481790365 8.25038782906122 11.3
    endloop
  endfacet
  facet normal 0 0 1
    outer loop
      vertex 50.2489596683685 6.993935026672596 11.3
      vertex 50.33021470641275 6.9663526579543715 11.3
      vertex 50.33021470641275 8.233647342045629 11.3
    endloop
  endfacet
  facet normal 0 0 1
    outer loop
      vertex 50.41437481790365 6.949612170938781 11.3
      vertex 50.5 6.944000000000001 11.3
      vertex 50.5 8.256 11.3
    endloop
  endfacet
  facet normal 0 0 1
    outer loop
      vertex 50.5 6.944000000000001 11.3
      vertex 50.58562518209635 6.949612170938781 11.3
      vertex 50.58562518209635 8.25038782906122 11.3
    endloop
  endfacet
  facet normal 0 0 1
    outer loop
      vertex 50.58562518209635 6.949612170938781 11.3
      vertex 50.66978529358725 6.9663526579543715 11.3
      vertex 50.66978529358725 8.233647342045629 11.3
    endloop
  endfacet
  facet normal 0 0 1
    outer loop
      vertex 50.66978529358725 6.9663526579543715 11.3
      vertex 50.7510403316315 6.993935026672596 11.3
      vertex 50.7510403316315 8.206064973327404 11.3
    endloop
  endfacet
  facet normal 0 0 1
    outer loop
      vertex 50.7510403316315 6.993935026672596 11.3
      vertex 50.828 7.031887335117409 11.3
      vertex 50.828 8.168112664882592 11.3
    endloop
  endfacet
  facet normal 0 0 1
    outer loop
      vertex 50.2489596683685 6.993935026672596 11.3
      vertex 50.33021470641275 8.233647342045629 11.3
      vertex 50.2489596683685 8.206064973327404 11.3
    endloop
  endfacet
  facet normal 0 0 1
    outer loop
      vertex 50.33021470641275 6.9663526579543715 11.3
      vertex 50.41437481790365 8.25038782906122 11.3
      vertex 50.33021470641275 8.233647342045629 11.3
    endloop
  endfacet
  facet normal 0 0 1
    outer loop
      vertex 50.41437481790365 6.949612170938781 11.3
      vertex 50.5 8.256 11.3
      vertex 50.41437481790365 8.25038782906122 11.3
    endloop
  endfacet
  facet normal 0 0 1
    outer loop
      vertex 50.5 6.944000000000001 11.3
      vertex 50.58562518209635 8.25038782906122 11.3
      vertex 50.5 8.256 11.3
    endloop
  endfacet
  facet normal 0 0 1
    outer loop
      vertex 50.58562518209635 6.949612170938781 11.3
      vertex 50.66978529358725 8.233647342045629 11.3
      vertex 50.58562518209635 8.25038782906122 11.3
    endloop
  endfacet
  facet normal 0 0 1
    outer loop
      vertex 50.66978529358725 6.9663526579543715 11.3
      vertex 50.7510403316315 8.206064973327404 11.3
      vertex 50.66978529358725 8.233647342045629 11.3
    endloop
  endfacet
  facet normal 0 0 1
    outer loop
      vertex 50.7510403316315 6.993935026672596 11.3
      vertex 50.828 8.168112664882592 11.3
      vertex 50.7510403316315 8.206064973327404 11.3
    endloop
  endfacet
  facet normal 0 0 1
    outer loop
      vertex 50.828 7.031887335117409 11.3
      vertex 50.89934749742972 8.120439791231052 11.3
      vertex 50.828 8.168112664882592 11.3
    endloop
  endfacet
  facet normal 0 0 1
    outer loop
      vertex 50.828 7.031887335117409 11.3
      vertex 50.89934749742972 7.07956020876895 11.3
      vertex 50.89934749742972 8.120439791231052 11.3
    endloop
  endfacet
  facet normal 0 0 1
    outer loop
      vertex 50.89934749742972 7.07956020876895 11.3
      vertex 50.963862048458374 7.136137951541626 11.3
      vertex 50.963862048458374 8.063862048458375 11.3
    endloop
  endfacet
  facet normal 0 0 1
    outer loop
      vertex 50.963862048458374 7.136137951541626 11.3
      vertex 51.02043979123105 7.2006525025702794 11.3
      vertex 51.02043979123105 7.999347497429722 11.3
    endloop
  endfacet
  facet normal 0 0 1
    outer loop
      vertex 51.02043979123105 7.2006525025702794 11.3
      vertex 51.06811266488259 7.272 11.3
      vertex 51.06811266488259 7.928000000000001 11.3
    endloop
  endfacet
  facet normal 0 0 1
    outer loop
      vertex 51.06811266488259 7.272 11.3
      vertex 51.106064973327406 7.348959668368502 11.3
      vertex 51.106064973327406 7.851040331631499 11.3
    endloop
  endfacet
  facet normal 0 0 1
    outer loop
      vertex 51.106064973327406 7.348959668368502 11.3
      vertex 51.13364734204563 7.430214706412747 11.3
      vertex 51.13364734204563 7.769785293587254 11.3
    endloop
  endfacet
  facet normal 0 0 1
    outer loop
      vertex 51.13364734204563 7.430214706412747 11.3
      vertex 51.150387829061216 7.514374817903647 11.3
      vertex 51.150387829061216 7.685625182096354 11.3
    endloop
  endfacet
  facet normal 0 0 1
    outer loop
      vertex 50.963862048458374 7.136137951541626 11.3
      vertex 51.02043979123105 7.999347497429722 11.3
      vertex 50.963862048458374 8.063862048458375 11.3
    endloop
  endfacet
  facet normal 0 0 1
    outer loop
      vertex 50.89934749742972 7.07956020876895 11.3
      vertex 50.963862048458374 8.063862048458375 11.3
      vertex 50.89934749742972 8.120439791231052 11.3
    endloop
  endfacet
  facet normal 0 0 1
    outer loop
      vertex 51.02043979123105 7.2006525025702794 11.3
      vertex 51.06811266488259 7.928000000000001 11.3
      vertex 51.02043979123105 7.999347497429722 11.3
    endloop
  endfacet
  facet normal 0 0 1
    outer loop
      vertex 51.06811266488259 7.272 11.3
      vertex 51.106064973327406 7.851040331631499 11.3
      vertex 51.06811266488259 7.928000000000001 11.3
    endloop
  endfacet
  facet normal 0 0 1
    outer loop
      vertex 51.13364734204563 7.430214706412747 11.3
      vertex 51.150387829061216 7.685625182096354 11.3
      vertex 51.13364734204563 7.769785293587254 11.3
    endloop
  endfacet
  facet normal 0 0 1
    outer loop
      vertex 51.150387829061216 7.514374817903647 11.3
      vertex 51.156 7.6000000000000005 11.3
      vertex 51.150387829061216 7.685625182096354 11.3
    endloop
  endfacet
  facet normal 0 0 1
    outer loop
      vertex 51.106064973327406 7.348959668368502 11.3
      vertex 51.13364734204563 7.769785293587254 11.3
      vertex 51.106064973327406 7.851040331631499 11.3
    endloop
  endfacet
  facet normal 0.32143946530315337 0.9469301294951086 0
    outer loop
      vertex 50.2489596683685 6.993935026672596 11.3
      vertex 50.2489596683685 6.993935026672596 15.451351646055757
      vertex 50.33021470641275 6.9663526579543715 11.3
    endloop
  endfacet
  facet normal 0.1950903220161234 0.9807852804032314 0
    outer loop
      vertex 50.33021470641275 6.9663526579543715 11.3
      vertex 50.33021470641275 6.9663526579543715 15.45406827225873
      vertex 50.41437481790365 6.949612170938781 11.3
    endloop
  endfacet
  facet normal 0.0654031292301382 0.9978589232386038 0
    outer loop
      vertex 50.41437481790365 6.949612170938781 11.3
      vertex 50.41437481790365 6.949612170938781 15.455717066317778
      vertex 50.5 6.944000000000001 11.3
    endloop
  endfacet
  facet normal -0.0654031292301382 0.9978589232386037 0
    outer loop
      vertex 50.5 6.944000000000001 11.3
      vertex 50.5 6.944000000000001 15.456269816909419
      vertex 50.58562518209635 6.949612170938781 11.3
    endloop
  endfacet
  facet normal -0.1950903220161234 0.9807852804032315 0
    outer loop
      vertex 50.58562518209635 6.949612170938781 11.3
      vertex 50.58562518209635 6.949612170938781 15.455717066317778
      vertex 50.66978529358725 6.9663526579543715 11.3
    endloop
  endfacet
  facet normal -0.32143946530315337 0.9469301294951086 -4.497061057748821e-19
    outer loop
      vertex 50.66978529358725 6.9663526579543715 11.3
      vertex 50.7510403316315 6.993935026672596 15.451351646055757
      vertex 50.7510403316315 6.993935026672596 11.3
    endloop
  endfacet
  facet normal -0.4422886902189977 0.8968727415326901 -5.825881297703673e-19
    outer loop
      vertex 50.7510403316315 6.993935026672596 11.3
      vertex 50.828 7.031887335117409 15.447613669936384
      vertex 50.828 7.031887335117409 11.3
    endloop
  endfacet
  facet normal 0.32143946530315337 -0.9469301294951085 -5.12955302901743e-19
    outer loop
      vertex 50.2489596683685 8.206064973327404 11.3
      vertex 50.33021470641275 8.233647342045629 11.3
      vertex 50.33021470641275 8.233647342045629 14.93947535367908
    endloop
  endfacet
  facet normal 0.1950903220161234 -0.9807852804032315 6.023562492711914e-20
    outer loop
      vertex 50.33021470641275 8.233647342045629 11.3
      vertex 50.41437481790365 8.25038782906122 11.3
      vertex 50.41437481790365 8.25038782906122 14.925736791037243
    endloop
  endfacet
  facet normal -0.19509032201612336 -0.9807852804032315 -6.023562492711918e-20
    outer loop
      vertex 50.66978529358725 8.233647342045629 11.3
      vertex 50.58562518209635 8.25038782906122 14.925736791037242
      vertex 50.58562518209635 8.25038782906122 11.3
    endloop
  endfacet
  facet normal -0.32143946530315337 -0.9469301294951085 0
    outer loop
      vertex 50.66978529358725 8.233647342045629 11.3
      vertex 50.7510403316315 8.206064973327404 11.3
      vertex 50.66978529358725 8.233647342045629 14.93947535367908
    endloop
  endfacet
  facet normal -0.4422886902189893 -0.8968727415326943 0
    outer loop
      vertex 50.7510403316315 8.206064973327404 11.3
      vertex 50.828 8.168112664882592 11.3
      vertex 50.7510403316315 8.206064973327404 14.962111618686944
    endloop
  endfacet
  facet normal -0.5555702330196015 -0.8314696123025458 0
    outer loop
      vertex 50.828 8.168112664882592 11.3
      vertex 50.89934749742972 8.120439791231052 11.3
      vertex 50.828 8.168112664882592 14.993258273290587
    endloop
  endfacet
  facet normal -0.5555702330196085 0.8314696123025409 2.764934727797476e-20
    outer loop
      vertex 50.828 7.031887335117409 11.3
      vertex 50.89934749742972 7.07956020876895 15.442918301708374
      vertex 50.89934749742972 7.07956020876895 11.3
    endloop
  endfacet
  facet normal -0.659345815100089 0.7518398074789596 -3.563412389804933e-19
    outer loop
      vertex 50.89934749742972 7.07956020876895 11.3
      vertex 50.963862048458374 7.136137951541626 15.426925509855215
      vertex 50.963862048458374 7.136137951541626 11.3
    endloop
  endfacet
  facet normal -0.7518398074789783 0.6593458151000678 0
    outer loop
      vertex 50.963862048458374 7.136137951541626 11.3
      vertex 50.963862048458374 7.136137951541626 15.426925509855215
      vertex 51.02043979123105 7.2006525025702794 11.3
    endloop
  endfacet
  facet normal -0.8314696123025394 0.555570233019611 0
    outer loop
      vertex 51.02043979123105 7.2006525025702794 11.3
      vertex 51.02043979123105 7.2006525025702794 15.407355234756256
      vertex 51.06811266488259 7.272 11.3
    endloop
  endfacet
  facet normal -0.8968727415326758 0.44228869021902667 0
    outer loop
      vertex 51.06811266488259 7.272 11.3
      vertex 51.06811266488259 7.272 15.385712208027266
      vertex 51.106064973327406 7.348959668368502 11.3
    endloop
  endfacet
  facet normal -0.9469301294951189 0.3214394653031225 0
    outer loop
      vertex 51.106064973327406 7.348959668368502 11.3
      vertex 51.106064973327406 7.348959668368502 15.36236674785616
      vertex 51.13364734204563 7.430214706412747 11.3
    endloop
  endfacet
  facet normal -0.9807852804032342 0.19509032201610943 0
    outer loop
      vertex 51.13364734204563 7.430214706412747 11.3
      vertex 51.13364734204563 7.430214706412747 15.33771830153905
      vertex 51.150387829061216 7.514374817903647 11.3
    endloop
  endfacet
  facet normal -0.997858923238602 0.06540312923016711 0
    outer loop
      vertex 51.150387829061216 7.514374817903647 11.3
      vertex 51.150387829061216 7.514374817903647 15.312188610826261
      vertex 51.156 7.6000000000000005 11.3
    endloop
  endfacet
  facet normal -0.9807852804032342 -0.1950903220161094 0
    outer loop
      vertex 51.150387829061216 7.685625182096354 11.3
      vertex 51.150387829061216 7.685625182096354 15.251554403068711
      vertex 51.13364734204563 7.769785293587254 11.3
    endloop
  endfacet
  facet normal -0.997858923238602 -0.06540312923016711 0
    outer loop
      vertex 51.156 7.6000000000000005 11.3
      vertex 51.156 7.6000000000000005 15.286214495804058
      vertex 51.150387829061216 7.685625182096354 11.3
    endloop
  endfacet
  facet normal -0.8968727415326757 -0.44228869021902667 0
    outer loop
      vertex 51.106064973327406 7.851040331631499 11.3
      vertex 51.106064973327406 7.851040331631499 15.16313816358721
      vertex 51.06811266488259 7.928000000000001 11.3
    endloop
  endfacet
  facet normal -0.9469301294951189 -0.3214394653031225 -1.5473084717085004e-20
    outer loop
      vertex 51.106064973327406 7.851040331631499 11.3
      vertex 51.13364734204563 7.769785293587254 11.3
      vertex 51.13364734204563 7.769785293587254 15.206569886273964
    endloop
  endfacet
  facet normal -0.7518398074789784 -0.6593458151000678 -2.62964040010832e-19
    outer loop
      vertex 50.963862048458374 8.063862048458375 11.3
      vertex 51.02043979123105 7.999347497429722 11.3
      vertex 51.02043979123105 7.999347497429722 15.083866331926759
    endloop
  endfacet
  facet normal -0.6593458151000949 -0.7518398074789546 0
    outer loop
      vertex 50.89934749742972 8.120439791231052 11.3
      vertex 50.963862048458374 8.063862048458375 11.3
      vertex 50.89934749742972 8.120439791231052 15.019141152412123
    endloop
  endfacet
  facet normal -0.8314696123025395 -0.555570233019611 2.956978542277948e-19
    outer loop
      vertex 51.02043979123105 7.999347497429722 11.3
      vertex 51.06811266488259 7.928000000000001 11.3
      vertex 51.06811266488259 7.928000000000001 15.122002363825166
    endloop
  endfacet
  facet normal 0.06540312923014852 -0.9978589232386031 -8.631295767184712e-20
    outer loop
      vertex 50.41437481790365 8.25038782906122 11.3
      vertex 50.5 8.256 11.3
      vertex 50.5 8.256 14.92113100137728
    endloop
  endfacet
  facet normal -0.06540312923014852 -0.9978589232386031 0
    outer loop
      vertex 50.5 8.256 11.3
      vertex 50.58562518209635 8.25038782906122 11.3
      vertex 50.5 8.256 14.92113100137728
    endloop
  endfacet
  facet normal 0.7518398074789784 -0.6593458151000678 0
    outer loop
      vertex 49.97956020876895 7.999347497429722 11.3
      vertex 50.036137951541626 8.063862048458375 15.049382585971077
      vertex 49.97956020876895 7.999347497429722 15.083866331926759
    endloop
  endfacet
  facet normal 0.659345815100095 -0.7518398074789546 0
    outer loop
      vertex 50.036137951541626 8.063862048458375 11.3
      vertex 50.10065250257028 8.120439791231052 15.019141152412123
      vertex 50.036137951541626 8.063862048458375 15.049382585971077
    endloop
  endfacet
  facet normal 0.5555702330196032 -0.8314696123025446 0
    outer loop
      vertex 50.10065250257028 8.120439791231052 11.3
      vertex 50.16990180986906 8.166710699058807 14.994408836907635
      vertex 50.10065250257028 8.120439791231052 15.019141152412123
    endloop
  endfacet
  facet normal 0.5555702330195427 -0.8314696123025851 0
    outer loop
      vertex 50.172 8.168112664882592 11.3
      vertex 50.172 8.168112664882592 14.993258273290587
      vertex 50.16990180986906 8.166710699058807 14.994408836907635
    endloop
  endfacet
  facet normal 0.44228869021898937 -0.8968727415326943 0
    outer loop
      vertex 50.172 8.168112664882592 11.3
      vertex 50.2489596683685 8.206064973327404 14.962111618686944
      vertex 50.172 8.168112664882592 14.993258273290587
    endloop
  endfacet
  facet normal 0.8968727415326758 0.44228869021902667 0
    outer loop
      vertex 49.93188733511741 7.272 11.3
      vertex 49.893935026672594 7.348959668368502 15.362366747856159
      vertex 49.93188733511741 7.272 15.385712208027266
    endloop
  endfacet
  facet normal 0.9469301294951189 0.3214394653031225 0
    outer loop
      vertex 49.893935026672594 7.348959668368502 11.3
      vertex 49.86635265795437 7.430214706412747 15.33771830153905
      vertex 49.893935026672594 7.348959668368502 15.362366747856159
    endloop
  endfacet
  facet normal 0.997858923238602 0.06540312923016711 0
    outer loop
      vertex 49.849612170938784 7.514374817903647 11.3
      vertex 49.844 7.6000000000000005 15.286214495804058
      vertex 49.849612170938784 7.514374817903647 15.312188610826261
    endloop
  endfacet
  facet normal 0.9807852804032342 0.19509032201610943 0
    outer loop
      vertex 49.86635265795437 7.430214706412747 11.3
      vertex 49.849612170938784 7.514374817903647 15.312188610826261
      vertex 49.86635265795437 7.430214706412747 15.33771830153905
    endloop
  endfacet
  facet normal 0.6593458151000957 0.7518398074789538 1.853148924140505e-16
    outer loop
      vertex 50.10065250257028 7.07956020876895 11.3
      vertex 50.036137951541626 7.136137951541626 15.426925509855215
      vertex 50.09414063193244 7.085270966048387 15.442355841209691
    endloop
  endfacet
  facet normal 0.7518398074789783 0.6593458151000678 -2.411046128960386e-19
    outer loop
      vertex 49.97956020876895 7.2006525025702794 15.407355234756256
      vertex 50.036137951541626 7.136137951541626 15.426925509855215
      vertex 50.036137951541626 7.136137951541626 11.3
    endloop
  endfacet
  facet normal 0.4422886902189976 0.8968727415326901 0
    outer loop
      vertex 50.2489596683685 6.993935026672596 11.3
      vertex 50.172 7.031887335117409 15.447613669936384
      vertex 50.2489596683685 6.993935026672596 15.451351646055757
    endloop
  endfacet
  facet normal 0.6593458151000291 0.7518398074790121 0
    outer loop
      vertex 50.10065250257028 7.07956020876895 11.3
      vertex 50.09414063193244 7.085270966048387 15.442355841209691
      vertex 50.10065250257028 7.07956020876895 15.442918301708374
    endloop
  endfacet
  facet normal 0.5555702330196086 0.831469612302541 0
    outer loop
      vertex 50.172 7.031887335117409 11.3
      vertex 50.10065250257028 7.07956020876895 15.442918301708374
      vertex 50.172 7.031887335117409 15.447613669936384
    endloop
  endfacet
  facet normal 0.8314696123025394 0.555570233019611 0
    outer loop
      vertex 49.97956020876895 7.2006525025702794 11.3
      vertex 49.93188733511741 7.272 15.385712208027266
      vertex 49.97956020876895 7.2006525025702794 15.407355234756256
    endloop
  endfacet
  facet normal 0.9807852804032342 -0.1950903220161094 0
    outer loop
      vertex 49.849612170938784 7.685625182096354 11.3
      vertex 49.86635265795437 7.769785293587254 15.206569886273964
      vertex 49.849612170938784 7.685625182096354 15.251554403068711
    endloop
  endfacet
  facet normal 0.997858923238602 -0.06540312923016711 0
    outer loop
      vertex 49.844 7.6000000000000005 11.3
      vertex 49.849612170938784 7.685625182096354 15.251554403068711
      vertex 49.844 7.6000000000000005 15.286214495804058
    endloop
  endfacet
  facet normal 0.9469301294951189 -0.3214394653031225 0
    outer loop
      vertex 49.86635265795437 7.769785293587254 11.3
      vertex 49.893935026672594 7.851040331631499 15.16313816358721
      vertex 49.86635265795437 7.769785293587254 15.206569886273964
    endloop
  endfacet
  facet normal 0.8968727415326757 -0.44228869021902667 0
    outer loop
      vertex 49.893935026672594 7.851040331631499 11.3
      vertex 49.93188733511741 7.928000000000001 15.122002363825166
      vertex 49.893935026672594 7.851040331631499 15.16313816358721
    endloop
  endfacet
  facet normal 0.8314696123025395 -0.555570233019611 0
    outer loop
      vertex 49.93188733511741 7.928000000000001 11.3
      vertex 49.97956020876895 7.999347497429722 15.083866331926759
      vertex 49.93188733511741 7.928000000000001 15.122002363825166
    endloop
  endfacet
  facet normal 0.32143946530315337 -0.9469301294951085 0
    outer loop
      vertex 50.2489596683685 8.206064973327404 11.3
      vertex 50.33021470641275 8.233647342045629 14.93947535367908
      vertex 50.2489596683685 8.206064973327404 14.962111618686944
    endloop
  endfacet
  facet normal 0.1950903220161234 -0.9807852804032315 0
    outer loop
      vertex 50.33021470641275 8.233647342045629 11.3
      vertex 50.41437481790365 8.25038782906122 14.925736791037243
      vertex 50.33021470641275 8.233647342045629 14.93947535367908
    endloop
  endfacet
  facet normal -0.1950903220161234 -0.9807852804032315 0
    outer loop
      vertex 50.66978529358725 8.233647342045629 11.3
      vertex 50.66978529358725 8.233647342045629 14.93947535367908
      vertex 50.58562518209635 8.25038782906122 14.925736791037242
    endloop
  endfacet
  facet normal -0.32143946530315337 -0.9469301294951085 0
    outer loop
      vertex 50.7510403316315 8.206064973327404 11.3
      vertex 50.7510403316315 8.206064973327404 14.962111618686944
      vertex 50.66978529358725 8.233647342045629 14.93947535367908
    endloop
  endfacet
  facet normal -0.5555702330195424 -0.8314696123025852 1.606635732635797e-15
    outer loop
      vertex 50.89934749742972 8.120439791231052 11.3
      vertex 50.83009819013094 8.166710699058807 14.994408836907635
      vertex 50.828 8.168112664882592 14.993258273290587
    endloop
  endfacet
  facet normal -0.44228869021898937 -0.8968727415326943 0
    outer loop
      vertex 50.828 8.168112664882592 11.3
      vertex 50.828 8.168112664882592 14.993258273290587
      vertex 50.7510403316315 8.206064973327404 14.962111618686944
    endloop
  endfacet
  facet normal -0.7518398074789783 -0.6593458151000678 0
    outer loop
      vertex 50.963862048458374 8.063862048458375 11.3
      vertex 51.02043979123105 7.999347497429722 15.083866331926759
      vertex 50.963862048458374 8.063862048458375 15.049382585971077
    endloop
  endfacet
  facet normal -0.5555702330196032 -0.8314696123025446 0
    outer loop
      vertex 50.89934749742972 8.120439791231052 11.3
      vertex 50.89934749742972 8.120439791231052 15.019141152412123
      vertex 50.83009819013094 8.166710699058807 14.994408836907635
    endloop
  endfacet
  facet normal -0.659345815100095 -0.7518398074789546 0
    outer loop
      vertex 50.963862048458374 8.063862048458375 11.3
      vertex 50.963862048458374 8.063862048458375 15.049382585971077
      vertex 50.89934749742972 8.120439791231052 15.019141152412123
    endloop
  endfacet
  facet normal 0.32143946530315337 0.9469301294951085 0
    outer loop
      vertex 50.33021470641275 6.9663526579543715 11.3
      vertex 50.2489596683685 6.993935026672596 15.451351646055757
      vertex 50.33021470641275 6.9663526579543715 15.45406827225873
    endloop
  endfacet
  facet normal 0.1950903220161234 0.9807852804032315 0
    outer loop
      vertex 50.41437481790365 6.949612170938781 11.3
      vertex 50.33021470641275 6.9663526579543715 15.45406827225873
      vertex 50.41437481790365 6.949612170938781 15.455717066317778
    endloop
  endfacet
  facet normal 0.0654031292301382 0.9978589232386037 0
    outer loop
      vertex 50.5 6.944000000000001 11.3
      vertex 50.41437481790365 6.949612170938781 15.455717066317778
      vertex 50.5 6.944000000000001 15.456269816909419
    endloop
  endfacet
  facet normal -0.0654031292301382 0.9978589232386038 0
    outer loop
      vertex 50.58562518209635 6.949612170938781 11.3
      vertex 50.5 6.944000000000001 15.456269816909419
      vertex 50.58562518209635 6.949612170938781 15.455717066317778
    endloop
  endfacet
  facet normal -0.1950903220161234 0.9807852804032314 0
    outer loop
      vertex 50.66978529358725 6.9663526579543715 11.3
      vertex 50.58562518209635 6.949612170938781 15.455717066317778
      vertex 50.66978529358725 6.9663526579543715 15.45406827225873
    endloop
  endfacet
  facet normal -0.32143946530315337 0.9469301294951085 0
    outer loop
      vertex 50.66978529358725 6.9663526579543715 11.3
      vertex 50.66978529358725 6.9663526579543715 15.45406827225873
      vertex 50.7510403316315 6.993935026672596 15.451351646055757
    endloop
  endfacet
  facet normal -0.4422886902189976 0.8968727415326901 0
    outer loop
      vertex 50.7510403316315 6.993935026672596 11.3
      vertex 50.7510403316315 6.993935026672596 15.451351646055757
      vertex 50.828 7.031887335117409 15.447613669936384
    endloop
  endfacet
  facet normal -0.5555702330196086 0.831469612302541 0
    outer loop
      vertex 50.828 7.031887335117409 11.3
      vertex 50.828 7.031887335117409 15.447613669936384
      vertex 50.89934749742972 7.07956020876895 15.442918301708374
    endloop
  endfacet
  facet normal -0.6593458151000291 0.7518398074790121 0
    outer loop
      vertex 50.89934749742972 7.07956020876895 11.3
      vertex 50.89934749742972 7.07956020876895 15.442918301708374
      vertex 50.90585936806756 7.085270966048387 15.442355841209691
    endloop
  endfacet
  facet normal -0.6593458151000957 0.7518398074789537 1.8529255914431736e-16
    outer loop
      vertex 50.89934749742972 7.07956020876895 11.3
      vertex 50.90585936806756 7.085270966048387 15.442355841209691
      vertex 50.963862048458374 7.136137951541626 15.426925509855215
    endloop
  endfacet
  facet normal -0.7518398074789783 0.6593458151000678 0
    outer loop
      vertex 51.02043979123105 7.2006525025702794 11.3
      vertex 50.963862048458374 7.136137951541626 15.426925509855215
      vertex 51.02043979123105 7.2006525025702794 15.407355234756256
    endloop
  endfacet
  facet normal -0.8314696123025394 0.5555702330196108 0
    outer loop
      vertex 51.06811266488259 7.272 11.3
      vertex 51.02043979123105 7.2006525025702794 15.407355234756256
      vertex 51.06811266488259 7.272 15.385712208027266
    endloop
  endfacet
  facet normal -0.8968727415326757 0.4422886902190267 0
    outer loop
      vertex 51.106064973327406 7.348959668368502 11.3
      vertex 51.06811266488259 7.272 15.385712208027266
      vertex 51.106064973327406 7.348959668368502 15.36236674785616
    endloop
  endfacet
  facet normal -0.9469301294951189 0.3214394653031225 0
    outer loop
      vertex 51.13364734204563 7.430214706412747 11.3
      vertex 51.106064973327406 7.348959668368502 15.36236674785616
      vertex 51.13364734204563 7.430214706412747 15.33771830153905
    endloop
  endfacet
  facet normal -0.9807852804032343 0.1950903220161094 0
    outer loop
      vertex 51.150387829061216 7.514374817903647 11.3
      vertex 51.13364734204563 7.430214706412747 15.33771830153905
      vertex 51.150387829061216 7.514374817903647 15.312188610826261
    endloop
  endfacet
  facet normal -0.997858923238602 0.06540312923016711 0
    outer loop
      vertex 51.156 7.6000000000000005 11.3
      vertex 51.150387829061216 7.514374817903647 15.312188610826261
      vertex 51.156 7.6000000000000005 15.286214495804058
    endloop
  endfacet
  facet normal -0.9978589232386019 -0.06540312923016711 0
    outer loop
      vertex 51.150387829061216 7.685625182096354 11.3
      vertex 51.156 7.6000000000000005 15.286214495804058
      vertex 51.150387829061216 7.685625182096354 15.251554403068711
    endloop
  endfacet
  facet normal -0.8968727415326758 -0.4422886902190267 0
    outer loop
      vertex 51.06811266488259 7.928000000000001 11.3
      vertex 51.106064973327406 7.851040331631499 15.16313816358721
      vertex 51.06811266488259 7.928000000000001 15.122002363825166
    endloop
  endfacet
  facet normal -0.9807852804032342 -0.1950903220161094 0
    outer loop
      vertex 51.13364734204563 7.769785293587254 11.3
      vertex 51.150387829061216 7.685625182096354 15.251554403068711
      vertex 51.13364734204563 7.769785293587254 15.206569886273964
    endloop
  endfacet
  facet normal -0.9469301294951189 -0.3214394653031225 0
    outer loop
      vertex 51.106064973327406 7.851040331631499 11.3
      vertex 51.13364734204563 7.769785293587254 15.206569886273964
      vertex 51.106064973327406 7.851040331631499 15.16313816358721
    endloop
  endfacet
  facet normal -0.8314696123025394 -0.5555702330196108 0
    outer loop
      vertex 51.02043979123105 7.999347497429722 11.3
      vertex 51.06811266488259 7.928000000000001 15.122002363825166
      vertex 51.02043979123105 7.999347497429722 15.083866331926759
    endloop
  endfacet
  facet normal 0.9978589232386044 -0.06540312923013003 9.196973161781587e-14
    outer loop
      vertex 49.84714938286093 7.648050297095271 15.27163859753386
      vertex 49.844 7.6000000000000005 15.286214495804058
      vertex 49.849612170938784 7.685625182096354 15.251554403068711
    endloop
  endfacet
  facet normal -0.9978589232386044 -0.06540312923013003 9.196743226110331e-14
    outer loop
      vertex 51.15285061713907 7.648050297095271 15.27163859753386
      vertex 51.150387829061216 7.685625182096354 15.251554403068711
      vertex 51.156 7.6000000000000005 15.286214495804058
    endloop
  endfacet
  facet normal 0.06540312923014852 -0.9978589232386031 0
    outer loop
      vertex 50.41437481790365 8.25038782906122 11.3
      vertex 50.5 8.256 14.92113100137728
      vertex 50.41437481790365 8.25038782906122 14.925736791037243
    endloop
  endfacet
  facet normal -0.06540312923014852 -0.9978589232386031 0
    outer loop
      vertex 50.58562518209635 8.25038782906122 11.3
      vertex 50.58562518209635 8.25038782906122 14.925736791037242
      vertex 50.5 8.256 14.92113100137728
    endloop
  endfacet
  facet normal -1 0 0
    outer loop
      vertex 34 -4 9
      vertex 34 -4 10.35
      vertex 34 4 10.35
    endloop
  endfacet
  facet normal 0 -1 0
    outer loop
      vertex 34 -4 9
      vertex 51.8 -4 9
      vertex 34 -4 10.35
    endloop
  endfacet
  facet normal 0 0 1
    outer loop
      vertex 34 -4 10.35
      vertex 51.8 -4 10.35
      vertex 34 4 10.35
    endloop
  endfacet
  facet normal -1 0 0
    outer loop
      vertex 34 -4 9
      vertex 34 4 10.35
      vertex 34 4 9
    endloop
  endfacet
  facet normal 0 0 -1
    outer loop
      vertex 34 -4 9
      vertex 34 4 9
      vertex 51.8 4 9
    endloop
  endfacet
  facet normal 0 1 0
    outer loop
      vertex 34 4 9
      vertex 34 4 10.35
      vertex 51.8 4 10.35
    endloop
  endfacet
  facet normal 0 -1 0
    outer loop
      vertex 34 -4 10.35
      vertex 51.8 -4 9
      vertex 51.8 -4 10.35
    endloop
  endfacet
  facet normal 0 0 -1
    outer loop
      vertex 34 -4 9
      vertex 51.8 4 9
      vertex 51.8 -4 9
    endloop
  endfacet
  facet normal 0 0 1
    outer loop
      vertex 34 4 10.35
      vertex 51.8 -4 10.35
      vertex 51.8 4 10.35
    endloop
  endfacet
  facet normal 0 1 0
    outer loop
      vertex 34 4 9
      vertex 51.8 4 10.35
      vertex 51.8 4 9
    endloop
  endfacet
endsolid OpenSCAD_Model
