t,mag
553.646,1.099
553.666,0.735
553.686,1.087
553.706,1.031
553.726,0.910
553.746,1.079
553.766,1.011
553.786,0.902
553.806,1.079
553.826,1.058
553.846,0.976
553.866,1.076
553.886,0.932
553.906,0.997
553.926,1.045
553.946,0.978
553.966,0.990
553.986,1.030
554.006,0.991
554.026,1.012
554.046,1.010
554.066,1.007
554.086,0.993
554.106,1.010
554.126,0.991
554.146,1.000
554.166,1.024
554.186,0.999
554.206,1.005
554.226,1.001
554.246,1.003
554.266,1.002
554.286,1.004
554.306,1.012
554.326,1.000
554.346,1.037
554.366,1.201
554.386,1.040
554.406,0.920
554.426,1.043
554.446,1.001
554.466,0.991
554.486,1.041
554.506,0.961
554.526,1.007
554.546,1.002
554.566,0.989
554.586,0.992
554.606,1.019
554.626,0.975
554.646,0.983
554.666,1.027
554.686,0.977
554.706,1.029
554.726,1.010
554.746,1.017
554.766,1.014
554.786,1.005
554.806,1.006
554.826,0.990
554.846,0.998
554.866,0.986
554.886,0.997
554.906,0.998
554.926,0.988
554.946,1.011
554.966,1.003
554.986,1.020
555.006,1.011
555.026,1.017
555.046,0.995
555.066,1.011
555.086,0.981
555.106,1.019
555.126,0.990
555.146,0.995
555.166,1.008
555.186,0.982
555.206,1.000
555.226,0.999
555.246,1.019
555.266,1.003
555.286,1.025
555.306,1.012
555.326,0.973
555.346,1.019
555.366,0.974
555.386,1.012
555.406,0.995
555.426,1.002
555.446,1.005
555.466,1.004
555.486,1.008
555.506,1.006
555.526,1.006
555.546,0.998
555.566,0.991
555.586,0.995
555.606,1.004
555.626,1.026
555.646,0.996
555.666,1.030
555.686,0.986
555.706,1.014
555.726,0.979
555.746,1.013
555.766,0.996
555.786,0.979
555.806,1.025
555.826,0.991
555.846,1.020
555.866,1.002
555.886,1.009
555.906,0.998
555.926,0.991
555.946,1.035
555.966,0.976
555.986,1.016
556.006,0.986
556.026,1.008
556.046,1.026
556.066,1.008
556.086,1.024
556.106,1.004
556.126,0.981
556.146,1.000
556.166,0.986
556.186,1.012
556.206,1.007
556.226,1.023
556.246,0.992
556.266,1.011
556.286,0.983
556.306,1.017
556.326,0.993
556.346,0.991
556.366,1.027
556.386,0.985
556.406,1.025
556.426,0.993
556.446,0.994
556.466,1.015
556.486,0.987
556.506,1.025
556.526,0.975
556.546,1.024
556.566,0.991
556.586,1.014
556.606,1.026
556.626,0.975
556.646,1.014
556.666,0.974
556.686,0.997
556.706,1.008
556.726,0.993
556.746,1.024
556.766,1.002
556.786,0.985
556.806,1.010
556.826,0.982
556.846,1.005
556.866,1.012
556.886,1.021
556.906,0.997
556.926,1.026
556.946,0.973
556.966,1.018
556.986,0.988
557.006,0.997
557.026,1.037
557.046,0.984
557.066,1.015
557.086,0.997
557.106,0.997
557.126,1.011
557.146,0.978
557.166,1.030
557.186,0.978
557.206,1.011
557.226,1.001
557.246,1.009
557.266,1.022
557.286,0.990
557.306,1.012
557.326,0.989
557.346,0.985
557.366,1.016
557.386,0.989
557.406,1.022
557.426,1.006
557.446,0.996
557.466,1.007
557.486,1.006
557.506,1.001
557.526,1.009
557.546,1.025
557.566,0.986
557.586,1.023
557.606,0.967
557.626,1.017
557.646,0.993
557.666,0.973
557.686,1.027
557.706,0.991
557.726,1.012
557.746,1.006
557.766,0.988
557.786,1.014
557.806,0.965
557.826,1.022
557.846,0.996
557.866,1.011
557.886,1.013
557.906,0.990
557.926,1.023
557.946,0.988
557.966,0.996
557.986,1.013
558.006,0.985
558.026,1.021
558.046,1.003
558.066,1.001
558.086,1.009
558.106,1.003
558.126,0.980
558.146,1.010
558.166,1.012
558.186,0.991
558.206,1.034
558.226,0.978
558.246,1.017
558.266,0.994
558.286,1.004
558.306,1.031
558.326,0.983
558.346,1.028
558.366,0.985
558.386,1.004
558.406,1.007
558.426,0.973
558.446,1.027
558.466,0.959
558.486,1.021
558.506,0.998
558.526,1.014
558.546,1.013
558.566,0.987
558.586,1.012
558.606,0.998
558.626,0.986
558.646,1.023
558.666,0.991
558.686,1.014
558.706,1.010
558.726,0.994
558.746,0.986
558.766,1.011
558.786,0.977
558.806,0.993
558.826,1.036
558.846,0.847
558.866,1.025
558.886,0.999
558.906,0.979
558.926,1.016
558.946,0.995
558.966,0.986
558.986,1.032
559.006,0.986
559.026,1.012
559.046,1.006
559.066,1.023
559.086,0.992
559.106,1.003
559.126,1.014
559.146,1.006
559.166,1.002
559.186,1.004
559.206,1.003
559.226,1.006
559.246,1.000
559.266,1.115
559.286,0.993
559.306,1.060
559.326,1.025
559.346,0.963
559.366,1.050
559.386,1.001
559.406,0.978
559.426,1.041
559.446,0.978
559.466,1.038
559.486,0.992
559.506,0.987
559.526,1.031
559.546,0.975
559.566,1.041
559.586,0.987
559.606,1.015
559.626,1.000
559.646,0.994
559.666,1.002
559.686,1.002
559.706,1.005
559.726,1.023
559.746,0.992
559.766,1.017
559.786,1.001
559.806,1.001
559.826,1.008
559.846,1.027
559.866,0.974
559.886,1.027
559.906,0.966
559.926,1.017
559.946,1.030
559.966,0.968
559.986,1.031
560.006,0.986
560.026,1.012
560.046,1.010
560.066,0.987
560.086,1.012
560.106,0.978
560.126,1.009
560.146,0.994
560.166,1.011
560.186,1.026
560.206,0.978
560.226,1.022
560.246,0.983
560.266,0.996
560.286,1.017
560.306,0.980
560.326,1.028
560.346,1.016
560.366,0.989
560.386,1.009
560.406,1.008
560.426,0.984
560.446,1.004
560.466,1.020
560.486,0.985
560.506,1.030
560.526,0.971
560.546,1.001
560.566,1.011
560.586,0.964
560.606,1.026
560.626,0.996
560.646,1.020
560.666,1.008
560.686,0.965
560.706,1.032
560.726,0.963
560.746,1.023
560.766,1.017
560.786,1.004
560.806,1.026
560.826,0.995
560.846,1.008
560.866,0.990
560.886,0.993
560.906,1.011
560.926,0.991
560.946,1.010
560.966,1.008
560.986,0.993
561.006,1.007
561.026,1.008
561.046,0.996
561.066,1.010
561.086,1.020
561.106,0.977
561.126,1.033
561.146,0.971
561.166,0.992
561.186,1.028
561.206,0.969
561.226,1.029
561.246,1.005
561.266,1.015
561.286,1.001
561.306,0.989
561.326,1.027
561.346,0.971
561.366,1.017
561.386,1.002
561.406,0.977
561.426,1.020
561.446,0.985
561.466,1.012
561.486,0.989
561.506,0.985
561.526,1.022
561.546,0.980
561.566,1.007
561.586,1.019
561.606,0.993
561.626,1.007
561.646,1.008
561.666,1.003
561.686,0.997
561.706,1.027
561.726,0.978
561.746,1.012
561.766,0.984
561.786,0.990
561.806,1.033
561.826,0.987
561.846,1.012
561.866,1.006
561.886,1.013
561.906,1.045
561.926,0.959
561.946,1.021
561.966,0.980
561.986,1.010
562.006,1.033
562.026,0.992
562.046,1.028
562.066,0.987
562.086,1.009
562.106,1.000
562.126,0.984
562.146,1.034
562.166,0.992
562.186,1.001
562.206,1.025
562.226,0.989
562.246,1.000
562.266,1.003
562.286,1.013
562.306,0.985
562.326,1.029
562.346,0.971
562.366,1.027
562.386,1.031
562.406,0.969
562.426,1.037
562.446,0.991
562.466,1.021
562.486,1.008
562.506,0.965
562.526,1.037
562.546,0.969
562.566,1.023
562.586,1.011
562.606,0.998
562.626,1.030
562.646,0.982
562.666,1.006
562.686,0.986
562.706,1.005
562.726,1.025
562.746,0.986
562.766,1.025
562.786,1.000
562.806,0.972
562.826,1.023
562.846,1.002
562.866,1.008
562.886,1.006
562.906,1.013
562.926,0.983
562.946,1.023
562.966,1.015
562.986,0.975
563.006,1.049
563.026,0.974
563.046,1.015
563.066,1.013
563.086,0.971
563.106,1.013
563.126,0.983
563.146,1.034
563.166,1.004
563.186,1.007
563.206,1.028
563.226,0.975
563.246,1.010
563.266,0.987
563.286,1.000
563.306,1.021
563.326,0.990
563.346,1.025
563.366,1.002
563.386,0.995
563.406,1.028
563.426,0.977
563.446,1.005
563.466,1.013
563.486,0.999
563.506,1.010
563.526,1.007
563.546,0.982
563.566,0.982
563.586,1.013
563.606,0.980
563.626,1.038
563.646,0.990
563.666,1.001
563.686,1.035
563.706,0.974
563.726,1.027
563.746,1.002
563.766,0.978
563.786,1.035
563.806,0.962
563.826,1.024
563.846,1.003
563.866,1.004
563.886,1.017
563.906,0.995
563.926,1.028
563.946,0.996
563.966,0.913
563.986,0.966
564.006,1.004
564.026,0.965
564.046,1.059
564.066,0.965
564.086,1.016
564.106,1.028
564.126,0.997
564.146,0.990
564.166,1.019
564.186,0.988
564.206,1.021
564.226,0.985
564.246,1.005
564.266,0.985
564.286,1.014
564.306,0.992
564.326,1.000
564.346,1.000
564.366,1.005
564.386,0.998
564.406,1.004
564.426,1.003
564.446,1.004
564.466,1.153
564.486,0.974
564.506,1.008
564.526,1.046
564.546,0.944
564.566,1.058
564.586,0.984
564.606,0.985
564.626,1.011
564.646,0.994
564.666,1.003
564.686,1.011
564.706,1.006
564.726,1.006
564.746,1.011
564.766,1.022
564.786,0.977
564.806,1.033
564.826,0.990
564.846,1.006
564.866,1.008
564.886,0.990
564.906,1.017
564.926,0.990
564.946,1.004
564.966,1.012
564.986,1.003
565.006,1.017
565.026,0.981
565.046,0.872
565.066,1.016
565.086,0.969
565.106,1.032
565.126,1.000
565.146,0.993
565.166,1.004
565.186,1.027
565.206,0.972
565.226,1.020
565.246,0.987
565.266,1.016
565.286,1.000
565.306,1.011
565.326,1.000
565.346,1.009
565.366,1.005
565.386,0.995
565.406,1.001
565.426,1.005
565.446,1.003
565.466,1.005
565.486,1.009
565.506,1.003
565.526,1.001
565.546,1.002
565.566,1.002
565.586,0.998
565.606,1.006
565.626,1.002
565.646,1.004
565.666,0.998
565.686,1.003
565.706,1.007
565.726,1.002
565.746,1.004
565.766,1.001
565.786,1.003
565.806,1.002
565.826,1.005
565.846,1.003
565.866,1.004
565.886,1.004
565.906,1.003
565.926,0.999
565.946,1.004
565.966,1.002
565.986,1.004
566.006,1.001
566.026,1.002
566.046,1.002
566.066,1.002
566.086,1.004
566.106,1.003
566.126,1.006
566.146,1.002
566.166,1.005
566.186,1.000
566.206,1.002
566.226,0.999
566.246,1.004
566.266,1.004
566.286,1.006
566.306,1.004
566.326,1.002
566.346,1.003
566.366,1.002
566.386,1.003
566.406,1.002
566.426,1.002
566.446,1.001
566.466,1.002
566.486,1.001
566.506,1.003
566.526,1.004
566.546,1.004
566.566,1.005
566.586,0.993
566.606,1.188
566.626,0.917
566.646,1.034
566.666,0.973
566.686,1.004
566.706,1.021
566.726,1.003
566.746,0.992
566.766,1.023
566.786,0.987
566.806,1.023
566.826,0.988
566.846,1.017
566.866,1.007
566.886,1.012
566.906,0.983
566.926,1.010
566.946,0.995
566.966,0.973
566.986,1.020
567.006,1.000
567.026,1.018
567.046,1.018
567.066,0.977
567.086,1.022
567.106,0.978
567.126,1.011
567.146,1.018
567.166,1.001
567.186,1.020
567.206,0.985
567.226,1.005
567.246,0.993
567.266,0.996
567.286,1.028
567.306,0.988
567.326,1.013
567.346,1.012
567.366,0.990
567.386,0.997
567.406,1.013
567.426,1.008
567.446,0.857
567.466,1.019
567.486,0.995
567.506,0.978
567.526,0.997
567.546,0.993
567.566,0.999
567.586,1.015
567.606,0.994
567.626,1.011
567.646,0.996
567.666,1.001
567.686,1.007
567.706,0.999
567.726,1.016
567.746,0.998
567.766,1.008
567.786,0.997
567.806,1.005
567.826,1.000
567.846,1.004
567.866,1.005
567.886,1.005
567.906,1.005
567.926,1.002
567.946,1.002
567.966,1.004
567.986,1.001
568.006,1.011
568.026,1.004
568.046,1.010
568.066,1.000
568.086,0.998
568.106,1.003
568.126,1.009
568.146,1.005
568.166,1.007
568.186,1.001
568.206,1.005
568.226,0.997
568.246,1.006
568.266,1.000
568.286,1.005
568.306,1.004
568.326,1.003
568.346,1.003
568.366,1.002
568.386,1.002
568.406,1.004
568.426,1.004
568.446,1.004
568.466,1.004
568.486,1.002
568.506,1.002
568.526,1.001
568.546,1.004
568.566,1.005
568.586,1.002
568.606,1.003
568.626,1.004
568.646,1.003
568.666,1.002
568.686,1.004
568.706,1.003
568.726,1.004
568.746,1.000
568.766,1.004
568.786,1.002
568.806,1.002
568.826,1.005
568.846,1.001
568.866,1.005
568.886,1.001
568.906,1.002
568.926,1.002
568.946,1.004
568.966,1.001
568.986,1.003
569.006,1.003
569.026,1.006
569.046,1.000
569.066,1.003
569.086,1.003
569.106,1.004
569.126,1.004
569.146,1.002
569.166,1.003
569.186,1.002
569.206,1.005
569.226,1.004
569.246,1.006
569.266,1.001
569.286,1.006
569.306,1.003
569.326,1.006
569.346,1.004
569.366,1.002
569.386,1.006
569.406,1.002
569.426,1.006
569.446,1.002
569.466,1.005
569.486,1.001
569.506,1.004
569.526,1.001
569.546,1.206
569.566,0.925
569.586,1.039
569.606,1.012
569.626,0.970
569.646,0.992
569.666,1.021
569.686,0.974
569.706,1.038
569.726,0.995
569.746,1.012
569.766,1.010
569.786,0.970
569.806,1.033
569.826,0.982
569.846,1.019
569.866,1.016
569.886,0.983
569.906,1.015
569.926,0.981
569.946,1.007
569.966,0.990
569.986,0.992
570.006,1.028
570.026,0.986
570.046,1.019
570.066,1.008
570.086,0.985
570.106,1.001
570.126,1.010
570.146,0.888
570.166,1.028
570.186,1.000
570.206,0.996
570.226,0.986
570.246,1.005
570.266,0.990
570.286,1.007
570.306,0.989
570.326,1.006
570.346,0.997
570.366,0.998
570.386,1.004
570.406,1.003
570.426,1.013
570.446,1.000
570.466,1.006
570.486,1.004
570.506,1.001
570.526,1.002
570.546,1.003
570.566,1.007
570.586,1.006
570.606,1.002
570.626,1.004
570.646,0.999
570.666,1.003
570.686,1.003
570.706,1.011
570.726,1.004
570.746,1.005
570.766,1.001
570.786,1.003
570.806,1.000
570.826,1.005
570.846,1.005
570.866,1.004
570.886,1.004
570.906,1.004
570.926,0.999
570.946,1.000
570.966,1.003
570.986,1.003
571.006,1.000
571.026,1.004
571.046,1.003
571.066,1.003
571.086,1.008
571.106,1.003
571.126,1.005
571.146,1.001
571.166,1.002
571.186,0.998
571.206,1.004
571.226,1.002
571.246,1.005
571.266,1.000
571.286,1.004
571.306,1.000
571.326,1.002
571.346,1.005
571.366,1.003
571.386,1.003
571.406,1.004
571.426,1.004
571.446,1.000
571.466,1.004
571.486,1.001
571.506,1.003
571.526,1.003
571.546,1.007
571.566,0.998
571.586,1.002
571.606,1.001
571.626,1.004
571.646,1.004
571.666,1.004
571.686,1.003
571.706,1.002
571.726,1.004
571.746,1.002
571.766,1.005
571.786,1.002
571.806,1.008
571.826,1.001
571.846,1.004
571.866,1.002
571.886,1.002
571.906,1.002
571.926,1.005
571.946,1.003
571.966,1.001
571.986,1.004
572.006,1.003
572.026,1.005
572.046,1.002
572.066,1.007
572.086,1.002
572.106,1.003
572.126,0.999
572.146,1.004
572.166,1.002
572.186,1.005
572.206,1.003
572.226,1.004
572.246,1.003
572.266,1.001
572.286,1.003
572.306,1.002
572.326,1.004
572.346,1.003
572.366,1.005
572.386,1.002
572.406,1.003
572.426,1.000
572.446,1.001
572.466,1.004
572.486,1.003
572.506,1.004
572.526,1.002
572.546,1.003
572.566,1.003
572.586,1.005
572.606,1.001
572.626,1.005
572.646,1.000
572.666,1.003
572.686,1.002
572.706,1.006
572.726,1.001
572.746,1.005
572.766,1.003
572.786,1.003
572.806,1.004
572.826,1.002
572.846,1.002
572.866,1.003
572.886,1.003
572.906,1.003
572.926,1.002
572.946,1.002
572.966,1.004
572.986,1.001
573.006,1.002
573.026,1.003
573.046,1.001
573.066,1.003
573.086,1.004
573.106,1.004
573.126,1.000
573.146,1.003
573.166,1.003
573.186,1.004
573.206,1.006
573.226,0.997
573.246,1.005
573.266,1.008
573.286,0.999
573.306,1.001
573.326,1.002
573.346,0.990
573.366,0.997
573.386,1.002
573.406,1.011
573.426,1.000
573.446,1.005
573.466,1.004
573.486,1.006
573.506,1.002
573.526,1.003
573.546,0.997
573.566,1.004
573.586,1.004
573.606,1.002
573.626,1.002
573.646,1.003
573.666,1.002
573.686,1.005
573.706,1.004
573.726,1.002
573.746,1.002
573.766,1.003
573.786,1.003
573.806,1.002
573.826,1.003
573.846,1.002
573.866,1.003
573.886,1.000
573.906,1.002
573.926,1.003
573.946,1.003
573.966,1.003
573.986,1.002
574.006,1.001
574.026,1.001
574.046,1.004
574.066,1.002
574.086,1.001
574.106,1.003
574.126,1.003
574.146,1.002
574.166,1.003
574.186,1.003
574.206,1.004
574.226,1.004
574.246,1.003
574.266,1.004
574.286,1.003
574.306,1.003
574.326,1.002
574.346,1.005
574.366,1.002
574.386,1.005
574.406,0.998
574.426,1.005
574.446,1.000
574.466,1.004
574.486,0.999
574.506,1.007
574.526,1.000
574.546,1.007
574.566,1.000
574.586,1.005
574.606,1.004
574.626,1.006
574.646,0.999
574.666,1.003
574.686,1.003
574.706,1.001
574.726,1.005
574.746,1.003
574.766,1.005
574.786,1.004
574.806,1.004
574.826,1.002
574.846,1.003
574.866,1.001
574.886,1.003
574.906,1.001
574.926,1.000
574.946,0.999
574.966,1.004
574.986,1.005
575.006,1.005
575.026,1.005
575.046,1.000
575.066,1.003
575.086,1.000
575.106,1.004
575.126,1.004
575.146,1.003
575.166,1.002
575.186,1.003
575.206,1.002
575.226,1.000
575.246,1.004
575.266,1.000
575.286,1.002
575.306,1.002
575.326,1.006
575.346,1.001
575.366,1.004
575.386,0.998
575.406,1.003
575.426,1.001
575.446,1.005
575.466,1.003
575.486,1.003
575.506,1.004
575.526,1.003
575.546,1.003
575.566,1.002
575.586,1.004
575.606,1.004
575.626,1.005
575.646,1.001
575.666,1.005
575.686,1.001
575.706,1.006
575.726,1.002
575.746,1.003
575.766,1.002
575.786,1.004
575.806,0.997
575.826,1.005
575.846,0.999
575.866,1.005
575.886,1.001
575.906,1.003
575.926,1.004
575.946,1.003
575.966,1.005
575.986,1.004
576.006,1.004
576.026,1.001
576.046,0.999
576.066,1.001
576.086,1.002
576.106,1.001
576.126,1.004
576.146,1.004
576.166,1.004
576.186,1.009
576.206,0.997
576.226,1.007
576.246,1.003
576.266,1.003
576.286,1.002
576.306,1.005
576.326,1.003
576.346,1.003
576.366,1.001
576.386,1.004
576.406,1.001
576.426,1.003
576.446,1.004
576.466,1.005
576.486,1.004
576.506,0.897
576.526,1.021
576.546,0.825
576.566,1.033
576.586,1.033
576.606,0.983
576.626,1.009
576.646,1.007
576.666,1.104
576.686,1.063
576.706,1.016
576.726,1.021
576.746,0.997
576.766,1.003
576.786,1.000
576.806,0.994
576.826,1.015
576.846,0.991
576.866,1.015
576.886,1.001
576.906,0.995
576.926,1.011
576.946,0.999
576.966,1.013
576.986,0.752
577.006,1.113
577.026,0.953
577.046,0.932
577.066,1.050
577.086,0.958
577.106,1.016
577.126,1.127
577.146,0.979
577.166,1.030
577.186,1.029
577.206,0.970
577.226,1.033
577.246,0.983
577.266,1.001
577.286,1.005
577.306,1.004
577.326,0.995
577.346,1.010
577.366,0.992
577.386,1.003
577.406,0.993
577.426,1.020
577.446,0.988
577.466,1.018
577.486,0.997
577.506,1.015
577.526,0.997
577.546,1.001
577.566,0.998
577.586,1.001
577.606,1.000
577.626,1.007
577.646,1.000
577.666,1.008
577.686,0.998
577.706,1.006
577.726,0.997
577.746,1.009
577.766,1.007
577.786,1.006
577.806,0.998
577.826,1.003
577.846,1.004
577.866,1.004
577.886,1.003
577.906,1.008
577.926,1.006
577.946,0.998
577.966,1.002
577.986,1.002
578.006,1.001
578.026,1.001
578.046,1.004
578.066,1.006
578.086,1.003
578.106,1.002
578.126,1.003
578.146,0.760
578.166,1.124
578.186,0.946
578.206,0.928
578.226,1.067
578.246,1.000
578.266,1.137
578.286,1.004
578.306,1.041
578.326,0.980
578.346,1.014
578.366,0.995
578.386,1.008
578.406,0.984
578.426,1.026
578.446,0.982
578.466,1.034
578.486,0.985
578.506,1.014
578.526,1.000
578.546,1.001
578.566,1.011
578.586,1.010
578.606,1.005
578.626,1.006
578.646,0.994
578.666,1.008
578.686,0.995
578.706,1.011
578.726,0.997
578.746,1.002
578.766,1.007
578.786,1.003
578.806,1.005
578.826,1.002
578.846,1.007
578.866,0.996
578.886,1.006
578.906,0.996
578.926,1.004
578.946,1.005
578.966,1.008
578.986,1.004
579.006,1.005
579.026,1.002
579.046,1.001
579.066,0.998
579.086,1.005
579.106,1.003
579.126,1.007
579.146,1.004
579.166,1.003
579.186,1.004
579.206,1.002
579.226,1.004
579.246,1.002
579.266,1.005
579.286,1.001
579.306,1.000
579.326,1.004
579.346,1.001
579.366,1.005
579.386,1.002
579.406,1.002
579.426,1.000
579.446,1.006
579.466,1.005
579.486,1.005
579.506,1.003
579.526,1.001
579.546,1.003
579.566,0.998
579.586,1.004
579.606,1.003
579.626,1.004
579.646,1.004
579.666,1.006
579.686,1.000
579.706,1.003
579.726,1.000
579.746,1.007
579.766,1.003
579.786,1.003
579.806,1.003
579.826,1.004
579.846,1.000
579.866,1.004
579.886,1.005
579.906,1.006
579.926,1.005
579.946,1.005
579.966,1.001
579.986,1.001
580.006,1.000
580.026,1.003
580.046,1.000
580.066,1.006
580.086,1.003
580.106,1.006
580.126,1.000
580.146,1.000
580.166,1.007
580.186,1.004
580.206,1.000
580.226,1.003
580.246,1.001
580.266,1.003
580.286,1.002
580.306,1.003
580.326,1.004
580.346,1.002
580.366,1.001
580.386,1.003
580.406,1.004
580.426,1.005
580.446,1.004
580.466,1.002
580.486,1.004
580.506,1.002
580.526,1.002
580.546,1.000
580.566,1.003
580.586,1.002
580.606,1.000
580.626,1.006
580.646,1.003
580.666,1.006
580.686,1.003
580.706,1.004
580.726,1.001
580.746,1.002
580.766,1.005
580.786,1.000
580.806,0.994
580.826,1.006
580.846,1.007
580.866,1.002
580.886,1.003
580.906,1.004
580.926,1.002
580.946,0.999
580.966,1.006
580.986,1.002
581.006,1.004
581.026,1.003
581.046,1.002
581.066,1.001
581.086,1.004
581.106,1.002
581.126,1.008
581.146,1.006
581.166,1.001
581.186,1.003
581.206,1.002
581.226,1.002
581.246,1.003
581.266,1.014
581.286,0.998
581.306,1.025
581.326,0.988
581.346,0.978
581.366,1.010
581.386,0.998
581.406,1.003
581.426,1.005
581.446,1.006
581.466,1.006
581.486,1.008
581.506,0.998
581.526,1.016
581.546,0.997
581.566,1.007
581.586,0.998
581.606,1.007
581.626,0.996
581.646,1.007
581.666,1.001
581.686,1.011
581.706,1.013
581.726,1.007
581.746,1.004
581.766,1.003
581.786,1.002
581.806,1.002
581.826,0.999
581.846,1.003
581.866,1.005
581.886,1.004
581.906,1.011
581.926,1.007
581.946,1.004
581.966,1.005
581.986,1.004
582.006,1.004
582.026,1.002
582.046,1.005
582.066,1.006
582.086,1.000
582.106,1.003
582.126,0.999
582.146,1.002
582.166,1.001
582.186,1.002
582.206,1.005
582.226,1.005
582.246,1.002
582.266,1.001
582.286,1.008
582.306,1.000
582.326,1.004
582.346,1.003
582.366,1.003
582.386,1.002
582.406,1.006
582.426,0.999
582.446,1.004
582.466,1.003
582.486,1.000
582.506,1.001
582.526,1.003
582.546,1.000
582.566,1.000
582.586,1.006
582.606,1.005
582.626,1.005
582.646,1.003
582.666,1.004
582.686,1.002
582.706,1.005
582.726,1.005
582.746,1.001
582.766,1.002
582.786,1.005
582.806,1.004
582.826,1.003
582.846,1.005
582.866,1.003
582.886,1.007
582.906,0.998
582.926,1.003
582.946,1.000
582.966,1.006
582.986,1.002
583.006,1.008
583.026,1.004
583.046,1.005
583.066,1.002
583.086,1.003
583.106,1.004
583.126,1.002
583.146,1.002
583.166,1.003
583.186,1.003
583.206,1.002
583.226,1.004
583.246,1.002
583.266,1.005
583.286,1.004
583.306,1.003
583.326,1.003
583.346,1.003
583.366,1.003
583.386,1.004
583.406,1.004
583.426,1.000
583.446,1.006
583.466,1.004
583.486,1.007
583.506,1.002
583.526,1.004
583.546,1.001
583.566,1.004
583.586,1.003
583.606,1.002
583.626,1.003
583.646,1.003
583.666,1.005
583.686,0.999
583.706,1.003
583.726,1.001
583.746,1.009
583.766,1.000
583.786,1.003
583.806,1.006
583.826,1.003
583.846,1.004
583.866,1.004
583.886,1.004
583.906,1.000
583.926,1.005
583.946,1.003
583.966,1.004
583.986,1.002
584.006,1.004
584.026,1.003
584.046,1.004
584.066,1.006
584.086,1.006
584.106,1.004
584.126,1.004
584.146,1.002
584.166,1.005
584.186,1.004
584.206,1.003
584.226,1.005
584.246,1.002
584.266,1.000
584.286,1.003
584.306,1.004
584.326,1.005
584.346,1.004
584.366,1.006
584.386,1.002
584.406,1.006
584.426,1.004
584.446,1.003
584.466,1.003
584.486,1.003
584.506,1.002
584.526,1.005
584.546,1.003
584.566,1.002
584.586,1.005
584.606,1.002
584.626,1.007
584.646,1.002
584.666,1.006
584.686,1.003
584.706,1.005
584.726,1.001
584.746,1.003
584.766,1.009
584.786,0.780
584.806,1.057
584.826,0.986
584.846,1.037
584.866,1.000
584.886,1.108
584.906,1.061
584.926,0.982
584.946,1.042
584.966,0.985
584.986,0.986
585.006,1.042
585.026,0.992
585.046,0.990
585.066,1.019
585.086,0.978
585.106,1.043
585.126,0.980
585.146,0.986
585.166,0.981
585.186,1.006
585.206,0.998
585.226,1.058
585.246,0.948
585.266,1.030
585.286,0.962
585.306,1.120
585.326,0.927
585.346,1.062
585.366,0.979
585.386,1.038
585.406,0.992
585.426,1.021
585.446,0.994
585.466,1.007
585.486,0.991
585.506,1.015
585.526,0.985
585.546,1.005
585.566,1.000
585.586,1.001
585.606,1.010
585.626,0.992
585.646,1.009
585.666,1.001
585.686,1.005
585.706,1.000
585.726,0.998
585.746,1.000
585.766,0.998
585.786,1.009
585.806,1.003
585.826,1.003
585.846,1.007
585.866,1.004
585.886,1.006
585.906,1.001
585.926,1.002
585.946,1.004
585.966,1.003
585.986,1.001
586.006,1.007
586.026,1.005
586.046,1.004
586.066,1.003
586.086,1.008
586.106,1.003
586.126,1.003
586.146,0.999
586.166,1.005
586.186,1.002
586.206,1.004
586.226,1.001
586.246,1.004
586.266,1.001
586.286,1.003
586.306,1.004
586.326,1.004
586.346,1.002
586.366,1.002
586.386,1.002
586.406,1.001
586.426,1.006
586.446,1.006
586.466,1.006
586.486,1.002
586.506,1.006
586.526,1.004
586.546,1.004
586.566,1.001
586.586,1.004
586.606,1.001
586.626,1.002
586.646,1.000
586.666,1.004
586.686,1.004
586.706,1.004
586.726,1.005
586.746,1.003
586.766,1.003
586.786,1.001
586.806,1.005
586.826,1.003
586.846,1.005
586.866,1.002
586.886,1.004
586.906,1.002
586.926,1.005
586.946,1.001
586.966,1.008
586.986,1.003
587.006,1.003
587.026,1.003
587.046,1.001
587.066,1.002
587.086,1.002
587.106,1.005
587.126,1.003
587.146,1.004
587.166,1.001
587.186,1.003
587.206,1.001
587.226,1.005
587.246,1.002
587.266,1.006
587.286,1.004
587.306,1.006
587.326,1.004
587.346,1.005
587.366,1.002
587.386,1.002
587.406,1.005
587.426,1.004
587.446,1.004
587.466,1.005
587.486,1.005
587.506,1.001
587.526,1.003
587.546,1.001
587.566,1.003
587.586,1.004
587.606,1.005
587.626,1.002
587.646,1.006
587.666,1.005
587.686,1.003
587.706,1.000
587.726,0.999
587.746,1.002
587.766,1.006
587.786,1.002
587.806,1.004
587.826,1.005
587.846,1.002
587.866,1.002
587.886,1.005
587.906,1.005
587.926,1.001
587.946,1.001
587.966,1.005
587.986,1.006
588.006,1.003
588.026,1.004
588.046,1.004
588.066,1.002
588.086,1.003
588.106,1.003
588.126,1.004
588.146,1.002
588.166,1.004
588.186,1.001
588.206,1.004
588.226,1.005
588.246,1.004
588.266,1.003
588.286,1.003
588.306,1.004
588.326,1.004
588.346,1.004
588.366,1.004
588.386,1.005
588.406,1.004
588.426,1.007
588.446,1.003
588.466,1.004
588.486,1.000
588.506,1.006
588.526,1.002
588.546,1.004
588.566,1.003
588.586,1.002
588.606,1.003
588.626,1.003
588.646,1.004
588.666,1.003
588.686,1.007
588.706,1.001
588.726,1.006
588.746,1.000
588.766,1.004
588.786,1.002
588.806,1.002
588.826,1.002
588.846,1.005
588.866,1.001
588.886,1.006
588.906,1.002
588.926,1.004
588.946,1.005
588.966,1.002
588.986,1.004
589.006,1.003
589.026,1.003
589.046,1.003
589.066,1.004
589.086,1.003
589.106,1.005
589.126,1.003
589.146,1.006
589.166,1.003
589.186,1.004
589.206,1.001
589.226,1.003
589.246,1.002
589.266,1.003
589.286,1.002
589.306,1.003
589.326,1.005
589.346,1.003
589.366,1.003
589.386,1.001
589.406,1.004
589.426,1.001
589.446,1.003
589.466,1.006
589.486,1.005
589.506,1.002
589.526,1.005
589.546,1.003
589.566,1.006
589.586,1.004
589.606,1.005
589.626,1.004
589.646,1.003
589.666,1.001
589.686,1.002
589.706,1.004
589.726,1.000
589.746,1.009
589.766,0.994
589.786,1.007
589.806,1.001
589.826,1.008
589.846,1.008
589.866,1.005
589.886,0.999
589.906,1.000
589.926,1.001
589.946,1.004
589.966,1.004
589.986,1.004
590.006,1.004
590.026,1.004
590.046,1.005
590.066,1.002
590.086,1.006
590.106,1.003
590.126,1.003
590.146,1.004
590.166,1.006
590.186,1.005
590.206,1.004
590.226,1.002
590.246,1.003
590.266,1.003
590.286,1.002
590.306,1.003
590.326,1.002
590.346,1.003
590.366,1.002
590.386,1.005
590.406,1.002
590.426,1.006
590.446,1.002
590.466,1.004
590.486,1.002
590.506,1.003
590.526,1.005
590.546,1.003
590.566,1.003
590.586,1.001
590.606,1.006
590.626,1.003
590.646,1.004
590.666,1.004
590.686,1.007
590.706,1.002
590.726,1.003
590.746,1.003
590.766,1.004
590.786,1.006
590.806,1.003
590.826,1.004
590.846,1.005
590.866,1.006
590.886,1.001
590.906,1.003
590.926,1.001
590.946,1.005
590.966,1.003
590.986,1.004
591.006,1.004
591.026,1.005
591.046,1.006
591.066,1.004
591.086,1.005
591.106,1.002
591.126,1.007
591.146,1.002
591.166,1.007
591.186,1.004
591.206,1.004
591.226,1.003
591.246,1.004
591.266,1.003
591.286,1.006
591.306,1.003
591.326,1.000
591.346,1.004
591.366,1.001
591.386,1.003
591.406,1.000
591.426,1.003
591.446,1.002
591.466,1.004
591.486,1.002
591.506,1.004
591.526,1.002
591.546,1.005
591.566,1.003
591.586,1.002
591.606,1.003
591.626,1.002
591.646,1.005
591.666,1.003
591.686,1.009
591.706,1.004
591.726,1.004
591.746,1.002
591.766,1.004
591.786,1.003
591.806,1.004
591.826,0.904
591.846,1.090
591.866,0.982
591.886,0.992
591.906,1.061
591.926,0.947
591.946,1.026
591.966,1.113
591.986,0.944
592.006,1.025
592.026,1.016
592.046,0.971
592.066,1.053
592.086,0.971
592.106,1.020
592.126,1.012
592.146,0.988
592.166,1.027
592.186,0.996
592.206,1.000
592.226,1.012
592.246,0.992
592.266,1.011
592.286,0.992
592.306,1.013
592.326,0.999
592.346,1.005
592.366,1.008
592.386,0.996
592.406,1.006
592.426,1.001
592.446,1.007
592.466,1.009
592.486,1.001
592.506,1.010
592.526,0.997
592.546,1.005
592.566,0.999
592.586,1.005
592.606,1.003
592.626,1.002
592.646,1.003
592.666,1.000
592.686,1.003
592.706,1.007
592.726,1.003
592.746,1.005
592.766,1.002
592.786,0.999
592.806,1.001
592.826,1.001
592.846,1.006
592.866,1.005
592.886,1.009
592.906,1.004
592.926,1.004
592.946,1.000
592.966,1.006
592.986,1.004
593.006,1.006
593.026,1.003
593.046,1.003
593.066,1.001
593.086,1.003
593.106,1.004
593.126,1.005
593.146,1.002
593.166,1.005
593.186,1.003
593.206,1.006
593.226,1.066
593.246,0.966
593.266,0.976
593.286,1.043
593.306,1.000
593.326,1.137
593.346,0.943
593.366,1.052
593.386,0.973
593.406,1.027
593.426,0.980
593.446,1.042
593.466,0.957
593.486,1.030
593.506,0.986
593.526,1.026
593.546,0.979
593.566,1.023
593.586,1.000
593.606,1.006
593.626,0.997
593.646,1.014
593.666,0.993
593.686,1.012
593.706,0.996
593.726,1.009
593.746,0.997
593.766,0.998
593.786,0.996
593.806,1.005
593.826,1.011
593.846,1.000
593.866,1.001
593.886,1.003
593.906,1.002
593.926,1.000
593.946,1.004
593.966,1.002
593.986,1.005
594.006,0.999
594.026,1.002
594.046,0.998
594.066,1.007
594.086,1.005
594.106,1.004
594.126,1.005
594.146,1.002
594.166,1.001
594.186,1.003
594.206,1.005
594.226,1.005
594.246,1.006
594.266,1.006
594.286,1.005
594.306,0.999
594.326,1.004
594.346,1.003
594.366,1.003
594.386,1.003
594.406,1.004
594.426,1.005
594.446,1.001
594.466,1.004
594.486,1.001
594.506,1.007
594.526,1.005
594.546,1.004
594.566,0.999
594.586,1.002
594.606,1.001
594.626,1.005
594.646,1.003
594.666,1.003
594.686,1.004
594.706,1.002
594.726,1.004
594.746,0.999
594.766,1.005
594.786,1.002
594.806,1.005
594.826,1.000
594.846,1.005
594.866,1.001
594.886,1.007
594.906,1.004
594.926,1.006
594.946,1.003
594.966,1.003
594.986,1.005
595.006,1.002
595.026,1.004
595.046,1.002
595.066,1.004
595.086,1.003
595.106,1.006
595.126,1.001
595.146,1.003
595.166,1.001
595.186,1.003
595.206,1.004
595.226,1.004
595.246,1.005
595.266,1.002
595.286,1.004
595.306,1.004
595.326,1.002
595.346,1.002
595.366,1.001
595.386,1.000
595.406,1.003
595.426,1.001
595.446,1.005
595.466,1.002
595.486,1.007
595.506,1.004
595.526,1.005
595.546,1.004
595.566,1.006
595.586,1.002
595.606,1.005
595.626,1.004
595.646,1.006
595.666,1.001
595.686,1.004
595.706,1.002
595.726,1.004
595.746,1.003
595.766,1.003
595.786,1.005
595.806,1.001
595.826,1.004
595.846,1.002
595.866,1.006
595.886,1.003
595.906,1.004
595.926,1.005
595.946,1.005
595.966,1.003
595.986,1.003
596.006,1.001
596.026,1.000
596.046,1.007
596.066,1.003
596.086,1.002
596.106,1.005
596.126,1.006
596.146,0.999
596.166,1.006
596.186,0.997
596.206,1.006
596.226,1.000
596.246,1.005
596.266,0.999
596.286,0.998
596.306,1.002
596.326,1.003
596.346,1.003
596.366,1.001
596.386,0.999
596.406,1.003
596.426,1.005
596.446,1.003
596.466,1.004
596.486,0.999
596.506,1.004
596.526,1.002
596.546,1.005
596.566,1.003
596.586,1.005
596.606,1.003
596.626,1.000
596.646,1.002
596.666,1.005
596.686,1.004
596.706,0.999
596.726,1.006
596.746,1.002
596.766,1.002
596.786,1.004
596.806,1.003
596.826,1.003
596.846,1.001
596.866,1.007
596.886,1.001
596.906,1.005
596.926,1.001
596.946,1.005
596.966,1.001
596.986,1.005
597.006,1.003
597.026,1.004
597.046,1.003
597.066,1.005
597.086,1.005
597.106,1.003
597.126,1.003
597.146,1.003
597.166,1.003
597.186,0.999
597.206,1.005
597.226,1.002
597.246,1.007
597.266,1.002
597.286,1.005
597.306,1.003
597.326,1.003
597.346,1.007
597.366,1.004
597.386,1.004
597.406,1.001
597.426,1.005
597.446,1.001
597.466,1.005
597.486,1.000
597.506,1.003
597.526,1.003
597.546,1.004
597.566,1.005
597.586,1.004
597.606,1.003
597.626,0.999
597.646,1.004
597.666,1.004
597.686,1.004
597.706,1.000
597.726,1.004
597.746,1.009
597.766,1.005
597.786,1.001
597.806,1.002
597.826,1.004
597.846,1.001
597.866,0.991
597.886,1.001
597.906,1.002
597.926,0.995
597.946,1.008
597.966,0.996
597.986,1.002
598.006,1.010
598.026,1.005
598.046,0.999
598.066,1.010
598.086,1.004
598.106,0.999
598.126,1.004
598.146,1.001
598.166,1.003
598.186,1.003
598.206,1.003
598.226,1.001
598.246,1.005
598.266,1.004
598.286,1.005
598.306,1.003
598.326,1.005
598.346,1.004
598.366,1.000
598.386,1.004
598.406,1.000
598.426,1.004
598.446,1.003
598.466,1.005
598.486,1.005
598.506,1.007
598.526,1.003
598.546,1.003
598.566,1.004
598.586,1.001
598.606,1.002
598.626,1.001
598.646,1.003
598.666,1.003
598.686,1.004
598.706,1.001
598.726,1.006
598.746,1.002
598.766,1.003
598.786,1.000
598.806,1.005
598.826,1.003
598.846,1.006
598.866,1.003
598.886,1.004
598.906,1.006
598.926,1.001
598.946,1.002
598.966,1.001
598.986,1.004
599.006,1.002
599.026,1.006
599.046,1.002
599.066,1.005
599.086,1.003
599.106,1.003
599.126,1.004
599.146,1.003
599.166,1.002
599.186,1.003
599.206,1.003
599.226,1.001
599.246,1.002
599.266,1.003
599.286,1.004
599.306,1.003
599.326,1.006
599.346,1.005
599.366,1.001
599.386,1.003
599.406,1.005
599.426,1.000
599.446,1.002
599.466,1.004
599.486,1.003
599.506,1.002
599.526,1.004
599.546,1.004
599.566,1.002
599.586,1.004
599.606,1.003
599.626,1.004
599.646,1.002
599.666,1.004
599.686,1.005
599.706,1.005
599.726,1.005
599.746,1.005
599.766,1.004
599.786,1.004
599.806,1.003
599.826,1.006
599.846,1.002
599.866,1.003
599.886,1.004
599.906,1.003
599.926,1.002
599.946,1.003
599.966,1.005
599.986,1.003
600.006,1.004
600.026,1.000
600.046,1.008
600.066,1.003
600.086,1.005
600.106,0.999
600.126,1.010
600.146,1.002
600.166,1.004
600.186,1.002
600.206,1.003
600.226,0.999
600.246,1.004
600.266,1.000
600.286,0.996
600.306,1.002
600.326,1.000
600.346,1.003
600.366,1.003
600.386,1.004
600.406,1.001
600.426,1.004
600.446,1.005
600.466,1.000
600.486,1.002
600.506,1.004
600.526,1.004
600.546,1.004
600.566,1.004
600.586,1.003
600.606,1.006
600.626,1.002
600.646,1.003
600.666,0.992
600.686,1.001
600.706,0.998
600.726,1.006
600.746,1.000
600.766,1.005
600.786,1.003
600.806,1.005
600.826,1.003
600.846,0.999
600.866,1.001
600.886,0.999
600.906,1.005
600.926,1.001
600.946,1.007
600.966,1.007
600.986,1.004
601.006,1.002
601.026,1.003
601.046,0.998
601.066,1.005
601.086,1.005
601.106,1.002
601.126,1.002
601.146,1.000
601.166,1.004
601.186,1.004
601.206,1.005
601.226,1.004
601.246,1.004
601.266,1.002
601.286,1.004
601.306,1.001
601.326,1.003
601.346,1.005
601.366,1.004
601.386,1.003
601.406,1.002
601.426,1.003
601.446,1.005
601.466,1.005
601.486,1.000
601.506,1.005
601.526,1.002
601.546,1.006
601.566,1.004
601.586,1.003
601.606,1.003
601.626,1.004
601.646,1.002
601.666,1.000
601.686,1.002
601.706,1.003
601.726,1.003
601.746,1.004
601.766,1.003
601.786,1.002
601.806,1.007
601.826,1.000
601.846,1.004
601.866,1.006
601.886,1.006
601.906,1.005
601.926,1.001
601.946,1.003
601.966,1.006
601.986,1.001
602.006,1.004
602.026,1.006
602.046,1.005
602.066,1.007
602.086,1.001
602.106,1.003
602.126,1.002
602.146,1.004
602.166,1.003
602.186,1.005
602.206,1.003
602.226,1.001
602.246,1.004
602.266,1.004
602.286,1.003
602.306,1.001
602.326,1.004
602.346,1.002
602.366,1.006
602.386,1.003
602.406,1.004
602.426,1.003
602.446,1.004
602.466,1.003
602.486,1.003
602.506,1.003
602.526,1.002
602.546,1.006
602.566,1.003
602.586,1.002
602.606,1.005
602.626,1.003
602.646,1.002
602.666,1.006
602.686,1.001
602.706,1.003
602.726,1.002
602.746,1.006
602.766,1.000
602.786,1.005
602.806,1.004
602.826,1.003
602.846,0.999
602.866,1.003
602.886,1.002
602.906,1.001
602.926,1.002
602.946,1.001
602.966,1.005
602.986,1.002
603.006,1.007
603.026,1.001
603.046,1.005
603.066,1.003
603.086,1.002
603.106,1.002
603.126,1.005
603.146,1.002
603.166,1.004
603.186,1.003
603.206,1.005
603.226,1.003
603.246,1.005
603.266,1.003
603.286,1.001
603.306,1.005
603.326,1.002
603.346,1.004
603.366,1.001
603.386,1.005
603.406,1.002
603.426,1.004
603.446,1.002
603.466,1.003
603.486,1.001
603.506,1.004
603.526,1.003
603.546,1.002
603.566,1.005
603.586,1.003
603.606,1.003
603.626,1.005
603.646,1.004
603.666,1.002
603.686,1.003
603.706,1.002
603.726,1.004
603.746,1.002
603.766,1.005
603.786,1.001
603.806,1.002
603.826,1.002
603.846,1.003
603.866,1.001
603.886,1.003
603.906,1.004
603.926,1.003
603.946,1.002
603.966,1.002
603.986,1.002
604.006,1.001
604.026,1.005
604.046,1.003
604.066,1.003
604.086,1.001
604.106,1.004
604.126,1.002
604.146,1.005
604.166,1.002
604.186,0.988
604.206,1.006
604.226,0.998
604.246,0.998
604.266,1.002
604.286,1.006
604.306,0.997
604.326,1.004
604.346,1.000
604.366,1.002
604.386,1.003
604.406,1.008
604.426,0.999
604.446,1.002
604.466,1.006
604.486,1.004
604.506,1.001
604.526,1.000
604.546,1.001
604.566,1.004
604.586,1.004
604.606,1.002
604.626,1.006
604.646,1.004
604.666,1.002
604.686,1.002
604.706,1.005
604.726,1.006
604.746,1.000
604.766,1.004
604.786,1.002
604.806,1.005
604.826,0.999
604.846,1.005
604.866,0.998
604.886,1.004
604.906,1.003
604.926,1.004
604.946,1.001
604.966,1.004
604.986,1.003
605.006,1.002
605.026,1.003
605.046,1.003
605.066,1.002
605.086,1.002
605.106,1.005
605.126,1.001
605.146,1.004
605.166,1.004
605.186,1.005
605.206,1.004
605.226,1.003
605.246,1.003
605.266,1.004
605.286,1.003
605.306,1.004
605.326,1.004
605.346,1.003
605.366,1.001
605.386,1.000
605.406,1.004
605.426,1.003
605.446,1.003
605.466,1.004
605.486,1.004
605.506,1.003
605.526,1.002
605.546,1.005
605.566,1.001
605.586,1.001
605.606,1.001
605.626,1.005
605.646,1.003
605.666,1.004
605.686,1.003
605.706,1.003
605.726,1.004
605.746,1.003
605.766,1.002
605.786,1.003
605.806,1.006
605.826,1.000
605.846,1.004
605.866,1.003
605.886,1.005
605.906,1.002
605.926,1.006
605.946,0.999
605.966,1.009
605.986,1.001
606.006,1.005
606.026,1.003
606.046,1.001
606.066,1.002
606.086,1.005
606.106,1.004
606.126,1.001
606.146,1.003
606.166,1.005
606.186,1.004
606.206,1.004
606.226,1.003
606.246,1.004
606.266,1.005
606.286,1.006
606.306,1.000
606.326,1.002
606.346,1.002
606.366,1.005
606.386,1.002
606.406,1.005
606.426,1.003
606.446,1.005
606.466,0.999
606.486,1.005
606.506,1.003
606.526,1.003
606.546,1.002
606.566,1.004
606.586,1.005
606.606,1.002
606.626,1.005
606.646,1.002
606.666,1.003
606.686,1.003
606.706,1.004
606.726,1.001
606.746,1.005
606.766,1.001
606.786,1.007
606.806,1.002
606.826,1.006
606.846,1.002
606.866,1.005
606.886,1.003
606.906,1.003
606.926,1.003
606.946,1.002
606.966,1.004
606.986,1.004
607.006,1.005
607.026,1.004
607.046,1.004
607.066,1.003
607.086,1.006
607.106,1.001
607.126,1.004
607.146,1.007
607.166,1.003
607.186,1.000
607.206,1.007
607.226,0.998
607.246,1.005
607.266,1.005
607.286,1.004
607.306,0.998
607.326,1.004
607.346,1.001
607.366,1.002
607.386,1.003
607.406,1.004
607.426,1.003
607.446,1.003
607.466,1.004
607.486,1.002
607.506,1.004
607.526,1.002
607.546,1.008
607.566,1.002
607.586,1.002
607.606,1.003
607.626,1.005
607.646,1.003
607.666,1.004
607.686,1.001
607.706,1.003
607.726,1.005
607.746,1.004
607.766,1.002
607.786,1.001
607.806,1.007
607.826,1.003
607.846,1.004
607.866,1.005
607.886,1.008
607.906,1.000
607.926,1.005
607.946,1.002
607.966,1.001
607.986,1.002
608.006,1.004
608.026,1.004
608.046,1.005
608.066,1.005
608.086,1.003
608.106,1.004
608.126,1.001
608.146,1.001
608.166,1.001
608.186,1.005
608.206,1.004
608.226,1.003
608.246,1.005
608.266,1.003
608.286,1.004
608.306,1.002
608.326,1.003
608.346,1.001
608.366,1.005
608.386,1.003
608.406,1.003
608.426,1.001
608.446,1.002
608.466,1.003
608.486,1.002
608.506,1.003
608.526,1.004
608.546,1.002
608.566,1.004
608.586,1.003
608.606,1.002
608.626,1.003
608.646,1.004
608.666,1.004
608.686,1.002
608.706,1.004
608.726,1.001
608.746,1.003
608.766,1.000
608.786,1.005
608.806,1.003
608.826,1.003
608.846,1.002
608.866,1.003
608.886,1.006
608.906,1.002
608.926,1.003
608.946,1.002
608.966,1.005
608.986,1.000
609.006,1.005
609.026,1.004
609.046,1.003
609.066,1.005
609.086,1.002
609.106,1.004
609.126,1.002
609.146,1.002
609.166,1.001
609.186,1.006
609.206,1.004
609.226,1.004
609.246,1.002
609.266,1.005
609.286,1.004
609.306,1.005
609.326,1.003
609.346,1.004
609.366,1.001
609.386,1.002
609.406,1.003
609.426,1.002
609.446,1.005
609.466,1.002
609.486,1.003
609.506,1.002
609.526,1.005
609.546,1.001
609.566,1.002
609.586,1.002
609.606,1.005
609.626,1.003
609.646,1.003
609.666,1.004
609.686,1.004
609.706,1.001
609.726,1.002
609.746,1.004
609.766,1.002
609.786,1.003
609.806,1.002
609.826,1.006
609.846,1.004
609.866,1.006
609.886,1.001
609.906,1.006
609.926,1.001
609.946,1.004
609.966,1.003
609.986,1.002
610.006,1.006
610.026,1.003
610.046,1.006
610.066,1.003
610.086,1.005
610.106,1.002
610.126,1.001
610.146,1.002
610.166,1.005
610.186,1.002
610.206,1.004
610.226,1.003
610.246,1.005
610.266,1.001
610.286,1.004
610.306,1.004
610.326,1.005
610.346,1.003
610.366,1.002
610.386,1.005
610.406,1.002
610.426,1.003
610.446,1.002
610.466,1.007
610.486,1.005
610.506,1.002
610.526,1.003
610.546,1.004
610.566,1.004
610.586,1.005
610.606,1.004
610.626,1.006
610.646,1.003
610.666,1.004
610.686,1.005
610.706,1.002
610.726,1.002
610.746,1.005
610.766,1.006
610.786,1.004
610.806,1.002
610.826,1.002
610.846,1.006
610.866,1.002
610.886,1.006
610.906,1.002
610.926,1.004
610.946,1.002
610.966,1.002
610.986,1.002
611.006,1.005
611.026,1.005
611.046,1.004
611.066,1.003
611.086,1.002
611.106,1.004
611.126,1.002
611.146,1.003
611.166,1.001
611.186,1.005
611.206,1.004
611.226,1.004
611.246,1.002
611.266,1.003
611.286,1.002
611.306,1.005
611.326,1.001
611.346,1.005
611.366,1.005
611.386,1.002
611.406,1.005
611.426,1.002
611.446,1.003
611.466,1.004
611.486,1.004
611.506,1.003
611.526,1.005
611.546,1.005
611.566,1.006
611.586,1.003
611.606,1.004
611.626,1.003
611.646,1.003
611.666,1.002
611.686,1.005
611.706,1.003
611.726,1.002
611.746,1.004
611.766,1.001
611.786,1.005
611.806,1.005
611.826,1.004
611.846,1.004
611.866,1.005
611.886,1.003
611.906,1.003
611.926,1.005
611.946,1.005
611.966,1.003
611.986,1.001
612.006,1.004
612.026,1.002
612.046,1.003
612.066,1.002
612.086,1.005
612.106,1.004
612.126,1.007
612.146,1.002
612.166,1.004
612.186,1.004
612.206,1.003
612.226,1.004
612.246,1.004
612.266,1.001
612.286,1.000
612.306,1.005
612.326,1.002
612.346,1.003
612.366,1.001
612.386,1.005
612.406,1.004
612.426,1.004
612.446,1.003
612.466,1.004
612.486,1.001
612.506,1.004
612.526,1.002
612.546,1.003
612.566,1.005
612.586,1.003
612.606,1.004
612.626,1.000
612.646,1.005
612.666,1.003
612.686,1.005
612.706,1.001
612.726,1.002
612.746,1.002
612.766,1.003
612.786,1.004
612.806,1.003
612.826,1.003
612.846,1.001
612.866,1.004
612.886,1.005
612.906,1.005
612.926,1.004
612.946,1.004
612.966,1.001
612.986,1.001
613.006,1.003
613.026,1.004
613.046,1.002
613.066,1.005
613.086,1.003
613.106,1.004
613.126,1.005
613.146,1.003
613.166,1.004
613.186,1.003
613.206,1.004
613.226,1.004
613.246,1.003
613.266,1.003
613.286,1.004
613.306,1.002
639.896,1.154
639.916,1.009
639.936,0.980
639.956,1.033
639.976,1.044
639.996,0.985
640.017,1.020
640.037,1.031
640.057,0.985
640.077,1.020
640.097,1.011
640.117,0.992
640.137,1.002
640.157,1.011
640.177,0.999
640.197,1.007
640.217,1.004
640.237,1.002
640.257,0.999
640.277,0.997
640.297,0.991
640.317,1.009
640.337,1.013
640.357,0.997
640.377,1.018
640.397,1.021
640.417,0.992
640.437,1.026
640.457,0.942
640.477,1.015
640.497,1.011
640.517,0.994
640.537,0.823
640.557,0.897
640.577,0.992
640.597,0.978
640.617,1.002
640.637,1.028
640.657,1.006
640.677,1.004
640.697,0.985
640.717,0.996
640.737,1.010
640.757,0.999
640.777,0.998
640.797,1.004
640.817,1.012
640.837,1.003
640.857,1.012
640.877,1.037
640.897,0.970
640.917,0.975
640.937,0.937
640.957,0.997
640.977,0.997
640.997,1.014
641.017,1.014
641.037,0.981
641.057,1.000
641.077,1.067
641.097,0.935
641.117,1.100
641.137,1.032
641.157,0.949
641.177,0.977
641.197,1.004
641.217,0.996
641.237,0.993
641.257,1.017
641.277,1.003
641.297,1.022
641.317,1.015
641.337,0.984
641.357,0.986
641.377,1.034
641.397,1.028
641.417,1.064
641.437,0.888
641.457,0.811
641.477,1.012
641.497,1.021
641.517,1.089
641.537,1.075
641.557,1.033
641.577,1.020
641.597,0.988
641.617,0.986
641.637,1.008
641.657,0.980
641.677,1.010
641.697,1.019
641.717,1.023
641.737,0.920
641.757,0.840
641.777,1.022
641.797,0.986
641.817,0.993
641.837,1.012
641.857,0.994
641.877,1.025
641.897,1.008
641.917,1.001
641.937,0.987
641.957,0.994
641.977,1.026
641.997,1.007
642.017,1.012
642.037,0.996
642.057,0.991
642.077,1.030
642.097,1.043
642.117,1.014
642.137,0.998
642.157,0.986
642.177,1.001
642.197,0.989
642.217,0.991
642.237,1.003
642.257,1.024
642.277,1.016
642.297,1.005
642.317,1.024
642.337,1.024
642.357,1.002
642.377,0.984
642.397,0.977
642.417,1.012
642.437,1.012
642.457,1.017
642.477,0.998
642.497,1.007
642.517,0.986
642.537,0.998
642.557,0.997
642.577,0.994
642.597,1.088
642.617,1.027
642.637,1.016
642.657,0.994
642.677,1.006
642.697,1.000
642.717,1.006
642.737,1.008
642.757,1.006
642.777,1.005
642.797,1.009
642.817,1.000
642.837,1.005
642.857,1.002
642.877,1.008
642.897,1.002
642.917,1.005
642.937,1.001
642.957,1.005
642.977,1.005
642.997,0.980
643.017,0.972
643.037,1.023
643.057,1.016
643.077,1.001
643.097,1.009
643.117,1.001
643.137,1.008
643.157,1.004
643.177,1.005
643.197,1.002
643.217,1.005
643.237,1.004
643.257,1.003
643.277,1.006
643.297,1.004
643.317,1.005
643.337,1.002
643.357,1.006
643.377,1.001
643.397,1.005
643.417,1.002
643.437,1.007
643.457,1.005
643.477,1.007
643.497,1.001
643.517,1.006
643.537,1.004
643.557,1.004
643.577,1.005
643.597,1.004
643.617,1.006
643.637,1.005
643.657,1.006
643.677,1.004
643.697,1.007
643.717,1.002
643.737,1.005
643.757,1.003
643.777,1.008
643.797,1.002
643.817,1.013
643.837,0.999
643.857,1.008
643.877,0.999
643.897,1.008
643.917,1.001
643.937,1.003
643.957,1.003
643.977,1.001
643.997,1.005
644.017,1.003
644.037,1.006
644.057,1.000
644.077,1.006
644.097,1.001
644.117,1.007
644.137,1.003
644.157,1.006
644.177,1.004
644.197,1.009
644.217,0.998
644.237,0.999
644.257,1.006
644.277,1.001
644.297,1.001
644.317,1.007
644.337,1.009
644.357,1.003
644.377,1.007
644.397,1.007
644.417,1.006
644.437,0.990
644.457,0.994
644.477,0.999
644.497,1.010
644.517,0.993
644.537,1.008
644.557,1.013
644.577,1.010
644.597,1.003
644.617,1.008
644.637,1.001
644.657,1.002
644.677,1.004
644.697,1.002
644.717,1.001
644.737,1.005
644.757,1.004
644.777,1.005
644.797,1.007
644.817,1.003
644.837,1.005
644.857,1.128
644.877,1.027
644.897,0.976
644.917,0.969
644.937,0.955
644.957,1.085
644.977,1.123
644.997,0.994
645.017,0.820
645.037,1.099
645.057,1.009
645.077,0.870
645.097,1.037
645.117,1.041
645.137,0.931
645.157,0.905
645.177,1.094
645.197,1.035
645.217,0.988
645.237,1.047
645.257,0.991
645.277,0.992
645.297,1.010
645.317,1.022
645.337,1.054
645.357,1.023
645.377,1.049
645.397,0.918
645.417,0.946
645.437,1.156
645.457,1.208
645.477,0.961
645.497,1.035
645.517,0.975
645.537,1.066
645.557,1.217
645.577,1.091
645.597,0.978
645.617,1.026
645.637,0.809
645.657,1.046
645.677,0.787
645.697,1.339
645.717,1.111
645.737,0.922
645.757,0.918
645.777,0.978
645.797,1.035
645.817,1.044
645.837,0.976
645.857,1.039
645.877,1.091
645.897,1.046
645.917,0.974
645.937,1.025
645.957,0.991
645.977,1.005
645.997,1.023
646.017,1.004
646.037,0.987
646.057,0.985
646.077,0.934
646.097,0.895
646.117,1.024
646.137,0.637
646.157,0.939
646.177,1.002
646.197,1.012
646.217,0.995
646.237,1.005
646.257,1.007
646.277,1.008
646.297,1.002
646.317,1.005
646.337,1.004
646.357,1.003
646.377,1.008
646.397,1.004
646.417,1.003
646.437,1.004
646.457,1.004
646.477,1.004
646.497,1.004
646.517,1.005
646.537,1.007
646.557,1.003
646.577,1.003
646.597,1.017
646.617,0.993
646.637,1.005
646.657,1.001
646.677,1.001
646.697,0.993
646.717,1.015
646.737,1.002
646.757,1.006
646.777,0.999
646.797,1.013
646.817,0.997
646.837,1.009
646.857,1.005
646.877,1.003
646.897,1.004
646.917,1.034
646.937,1.018
646.957,1.023
646.977,1.001
646.997,1.009
647.017,1.001
647.037,1.002
647.057,1.004
647.077,1.000
647.097,1.006
647.117,1.004
647.137,1.001
647.157,1.009
647.177,1.001
647.197,1.007
647.217,1.003
647.237,1.005
647.257,1.001
647.277,1.007
647.297,1.003
647.317,1.010
647.337,1.002
647.357,0.973
647.377,0.993
647.397,1.039
647.417,0.993
647.437,0.999
647.457,1.086
647.477,1.013
647.497,0.969
647.517,1.057
647.537,1.062
647.557,0.973
647.577,0.973
647.597,0.995
647.617,1.010
647.637,1.003
647.657,0.994
647.677,1.081
647.697,1.004
647.717,1.048
647.737,0.883
647.757,1.030
647.777,1.012
647.797,0.976
647.817,1.018
647.837,0.931
647.857,1.004
647.877,1.021
647.897,1.016
647.917,1.033
647.937,1.011
647.957,0.901
647.977,0.842
647.997,0.943
648.017,1.025
648.037,1.105
648.057,0.470
648.077,1.006
648.097,1.112
648.117,0.947
648.137,0.959
648.157,0.979
648.177,1.024
648.197,0.985
648.217,0.994
648.237,1.097
648.257,1.199
648.277,1.120
648.297,0.894
648.317,0.943
648.337,1.045
648.357,0.951
648.377,0.950
648.397,0.865
648.417,1.032
648.437,1.056
648.457,1.110
648.477,1.029
648.497,0.919
648.517,0.940
648.537,0.994
648.557,1.089
648.577,1.014
648.597,0.930
648.617,1.060
648.637,0.834
648.657,0.921
648.677,1.087
648.697,1.089
648.717,1.005
648.737,0.995
648.757,0.963
648.777,0.991
648.797,1.001
648.817,1.008
648.837,1.027
648.857,1.002
648.877,1.001
648.897,1.009
648.917,0.979
648.937,0.989
648.957,1.046
648.977,0.992
648.997,1.030
649.017,1.002
649.037,0.993
649.057,0.995
649.077,1.000
649.097,0.993
649.117,0.993
649.137,0.986
649.157,1.009
649.177,1.028
649.197,0.982
649.217,0.974
649.237,0.942
649.257,1.064
649.277,0.981
649.297,0.986
649.317,0.983
649.337,0.993
649.357,0.989
649.377,1.015
649.397,1.020
649.417,0.945
649.437,1.014
649.457,1.002
649.477,0.996
649.497,1.006
649.517,0.996
649.537,1.008
649.557,0.980
649.577,0.947
649.597,1.011
649.617,1.013
649.637,1.022
649.657,1.007
649.677,0.993
649.697,1.108
649.717,0.916
649.737,1.082
649.757,1.004
649.777,0.967
649.797,1.168
649.817,0.966
649.837,0.940
649.857,1.012
649.877,0.925
649.897,0.988
649.917,1.036
649.937,1.016
649.957,0.982
649.977,1.012
649.997,1.013
650.017,0.996
650.037,1.057
650.057,1.103
650.077,1.026
650.097,0.569
650.117,0.951
650.137,0.983
650.157,0.940
650.177,1.046
650.197,0.935
650.217,0.981
650.237,1.068
650.257,1.002
650.277,1.023
650.297,1.018
650.317,0.995
650.337,0.958
650.357,1.008
650.377,0.948
650.397,0.969
650.417,1.054
650.437,1.024
650.457,0.991
650.477,1.009
650.497,3.860
650.517,0.890
650.537,1.228
650.557,1.740
650.577,1.638
650.597,1.153
650.617,1.014
650.637,0.886
650.657,0.858
650.677,1.071
650.697,1.206
650.717,1.079
650.737,0.949
650.757,1.006
650.777,1.059
650.797,1.021
650.817,1.009
650.837,0.998
650.857,0.915
650.877,0.953
650.897,0.935
650.917,0.914
650.937,0.826
650.957,0.907
650.977,1.024
650.997,1.125
651.017,1.056
651.037,1.025
651.057,0.986
651.077,1.023
651.097,1.123
651.117,1.077
651.137,1.168
651.157,0.838
651.177,0.985
651.197,0.999
651.217,0.979
651.237,1.150
651.257,0.983
651.277,0.915
651.297,0.863
651.317,0.935
651.337,0.917
651.357,0.940
651.377,1.002
651.397,1.041
651.417,1.076
651.437,0.949
651.457,1.124
651.477,0.983
651.497,0.998
651.517,0.969
651.537,1.040
651.557,1.084
651.577,1.011
651.597,0.996
651.617,1.007
651.637,0.930
651.657,1.046
651.677,1.104
651.697,1.049
651.717,1.045
651.737,0.864
651.757,0.933
651.777,1.096
651.797,1.024
651.817,0.968
651.837,0.997
651.857,0.993
651.877,0.921
651.897,1.067
651.917,1.027
651.937,0.997
651.957,0.961
651.977,1.061
651.997,0.972
652.017,1.059
652.037,1.025
652.057,1.019
652.077,0.966
652.097,0.975
652.117,1.037
652.137,0.975
652.157,0.970
652.177,0.988
652.197,0.979
652.217,0.979
652.237,0.728
652.257,1.087
652.277,1.085
652.297,0.763
652.317,1.159
652.337,1.076
652.357,1.049
652.377,0.977
652.397,1.031
652.417,0.909
652.437,0.991
652.457,0.972
652.477,0.670
652.497,0.794
652.517,1.191
652.537,1.052
652.557,1.057
652.577,0.974
652.597,1.003
652.617,1.064
652.637,1.041
652.657,1.014
652.677,0.978
652.697,0.981
652.717,1.024
652.737,1.013
652.757,1.020
652.777,1.004
652.797,0.961
652.817,1.030
652.837,0.981
652.857,0.967
652.877,1.125
652.897,1.031
652.917,1.033
652.937,1.031
652.957,1.006
652.977,1.055
652.997,1.015
653.017,0.985
653.037,1.030
653.057,1.057
653.077,1.050
653.097,0.993
653.117,1.020
653.137,1.006
653.157,1.030
653.177,1.067
653.197,1.160
653.217,0.892
653.237,0.984
653.257,1.027
653.277,0.978
653.297,0.969
653.317,1.031
653.337,1.028
653.357,1.019
653.377,0.994
653.397,1.005
653.417,1.034
653.437,1.019
653.457,1.048
653.477,1.030
653.497,1.021
653.517,1.017
653.537,1.044
653.557,0.995
653.577,0.983
653.597,1.020
653.617,1.015
653.637,0.983
653.657,0.991
653.677,0.995
653.697,1.015
653.717,1.013
653.737,1.015
653.757,0.973
653.777,1.011
653.797,1.011
653.817,1.009
653.837,1.000
653.857,1.338
653.877,1.208
653.897,1.299
653.917,1.043
653.937,1.015
653.957,1.038
653.977,1.008
653.997,1.015
654.017,1.004
654.037,1.017
654.057,1.006
654.077,1.016
654.097,0.999
654.117,1.011
654.137,1.019
654.157,1.148
654.177,1.015
654.197,1.026
654.217,1.024
654.237,1.048
654.257,1.003
654.277,1.011
654.297,1.010
654.317,1.008
654.337,1.044
654.357,1.021
654.377,1.045
654.397,0.999
654.417,1.012
654.437,1.004
654.457,1.042
654.477,1.009
654.497,1.006
654.517,1.023
654.537,1.031
654.557,1.038
654.577,1.026
654.597,1.010
654.617,1.017
654.637,1.024
654.657,1.016
654.677,1.012
654.697,0.999
654.717,1.034
654.737,1.025
654.757,1.016
654.777,1.023
654.797,1.037
654.817,1.008
654.837,1.016
654.857,1.020
654.877,1.004
654.897,1.016
654.917,1.001
654.937,1.026
654.957,1.015
654.977,1.019
654.997,1.013
655.017,1.004
655.037,1.024
655.057,1.016
655.077,1.034
655.097,0.996
655.117,1.020
655.137,0.998
655.157,1.016
655.177,1.028
655.197,1.019
655.217,1.022
655.237,1.024
655.257,1.031
655.277,1.017
655.297,1.003
655.317,1.034
655.337,1.141
655.357,0.944
655.377,1.119
655.397,1.000
655.417,1.206
655.437,0.919
655.457,1.015
655.477,1.162
655.497,1.013
655.517,1.020
655.537,1.082
655.557,1.053
655.577,1.042
655.597,0.946
655.617,1.098
655.637,1.172
655.657,0.992
655.677,1.048
655.697,1.091
655.717,1.073
655.737,0.855
655.757,0.919
655.777,1.014
655.797,0.953
655.817,1.018
655.837,1.035
655.857,0.967
655.877,1.176
655.897,1.058
655.917,1.022
655.937,1.018
655.957,1.008
655.977,1.011
655.997,1.021
656.017,1.012
656.037,1.021
656.057,1.017
656.077,1.024
656.097,1.053
656.117,1.028
656.137,0.959
656.157,2.510
656.177,0.964
656.197,0.977
656.217,1.041
656.237,1.027
656.257,1.045
656.277,0.947
656.297,1.001
656.317,0.997
656.337,0.940
656.357,1.027
656.377,1.018
656.397,0.992
656.417,1.033
656.437,1.055
656.457,1.033
656.477,1.013
656.497,1.034
656.517,1.043
656.537,1.047
656.557,0.999
656.577,1.005
656.597,0.958
656.617,1.144
656.637,1.035
656.657,1.009
656.677,1.019
656.697,1.020
656.717,1.020
656.737,1.025
656.757,1.015
656.777,1.016
656.797,1.069
656.817,1.018
656.837,1.016
656.857,1.015
656.877,1.025
656.897,1.010
656.917,1.010
656.937,1.015
656.957,1.016
656.977,1.027
656.997,1.038
657.017,1.025
657.037,1.043
657.057,1.022
657.077,1.037
657.097,1.031
657.117,1.059
657.137,1.014
657.157,1.028
657.177,1.008
657.197,1.022
657.217,1.035
657.237,1.024
657.257,1.061
657.277,1.015
657.297,1.016
657.317,1.016
657.337,1.015
657.357,1.029
657.377,1.020
657.397,1.020
657.417,1.015
657.437,1.017
657.457,1.024
657.477,1.014
657.497,1.014
657.517,1.013
657.537,1.014
657.557,1.018
657.577,1.012
657.597,1.019
657.617,1.018
657.637,1.015
657.657,1.014
657.677,1.009
657.697,1.015
657.717,1.016
657.737,1.014
657.757,1.012
657.777,1.018
657.797,1.011
657.817,1.018
657.837,1.015
657.857,1.018
657.877,1.015
657.897,1.014
657.917,1.016
657.937,1.014
657.957,1.015
657.977,1.023
657.997,1.020
658.017,1.000
658.037,1.022
658.057,0.984
658.077,1.010
658.097,1.019
658.117,1.046
658.137,1.005
658.157,1.025
658.177,1.012
658.197,1.012
658.217,1.010
658.237,1.017
658.257,1.014
658.277,1.013
658.297,1.019
658.317,1.012
658.337,1.017
658.357,1.010
658.377,1.011
658.397,1.014
658.417,1.013
658.437,1.012
658.457,1.015
658.477,1.016
658.497,1.012
658.517,1.013
658.537,1.012
658.557,1.013
658.577,1.009
658.597,1.015
658.617,1.012
658.637,1.012
658.657,1.011
658.677,1.022
658.697,1.006
658.717,1.009
658.737,1.015
658.757,1.015
658.777,1.022
658.797,1.016
658.817,1.021
658.837,1.032
658.857,1.007
658.877,1.015
658.897,1.019
658.917,1.015
658.937,1.011
658.957,1.012
658.977,1.019
658.997,1.010
659.017,1.015
659.037,1.012
659.057,1.016
659.077,1.009
659.097,1.016
659.117,1.011
659.137,1.015
659.157,1.010
659.177,1.014
659.197,1.011
659.217,1.011
659.237,1.012
659.257,1.016
659.277,1.021
659.297,1.024
659.317,1.014
659.337,1.120
659.357,1.008
659.377,1.009
659.397,1.011
659.417,1.011
659.437,1.020
659.457,1.012
659.477,1.012
659.497,1.014
659.517,1.012
659.537,1.013
659.557,1.015
659.577,1.010
659.597,1.009
659.617,1.016
659.637,1.016
659.657,1.011
659.677,1.012
659.697,1.021
659.717,1.008
659.737,1.014
659.757,1.013
659.777,1.012
659.797,1.018
659.817,1.020
659.837,1.009
659.857,1.013
659.877,1.017
659.897,1.012
659.917,1.010
659.937,1.012
659.957,1.010
659.977,1.005
659.997,1.013
660.017,1.011
660.037,1.009
660.057,1.011
660.077,1.009
660.097,1.012
660.117,1.010
660.137,1.017
660.157,1.009
660.177,1.015
660.197,1.009
660.217,1.013
660.237,1.009
660.257,1.014
660.277,1.007
660.297,1.031
660.317,1.014
660.337,1.009
660.357,1.008
660.377,1.013
660.397,1.012
660.417,1.010
660.437,1.016
660.457,1.008
660.477,1.010
660.497,1.012
660.517,1.012
660.537,1.008
660.557,1.015
660.577,1.012
660.597,1.009
660.617,1.009
660.637,1.011
660.657,1.010
660.677,1.009
660.697,1.013
660.717,1.011
660.737,1.009
660.757,1.012
660.777,1.018
660.797,1.008
660.817,1.019
660.837,1.015
660.857,1.005
660.877,1.017
660.897,1.011
660.917,1.009
660.937,1.002
660.957,1.012
660.977,1.005
660.997,1.016
661.017,1.007
661.037,1.012
661.057,1.010
661.077,1.013
661.097,1.010
661.117,1.013
661.137,1.010
661.157,1.010
661.177,1.009
661.197,1.010
661.217,1.009
661.237,1.014
661.257,1.006
661.277,1.002
661.297,1.012
661.317,1.017
661.337,1.005
661.357,1.011
661.377,1.014
661.397,1.013
661.417,1.006
661.437,1.015
661.457,1.009
661.477,1.014
661.497,1.006
661.517,1.012
661.537,1.016
661.557,1.014
661.577,1.012
661.597,1.012
661.617,1.009
661.637,1.011
661.657,1.011
661.677,1.010
661.697,1.013
661.717,1.011
661.737,1.010
661.757,1.012
661.777,1.011
661.797,1.011
661.817,1.010
661.837,1.012
661.857,1.006
661.877,1.344
661.897,1.000
661.917,1.010
661.937,1.014
661.957,1.016
661.977,1.007
661.997,1.020
662.017,1.008
662.037,1.014
662.057,1.010
662.077,1.012
662.097,1.009
662.117,1.010
662.137,1.009
662.157,1.011
662.177,1.013
662.197,1.013
662.217,1.004
662.237,0.990
662.257,1.018
662.277,1.015
662.297,1.011
662.317,1.025
662.337,1.007
662.357,1.000
662.377,1.018
662.397,1.003
662.417,1.005
662.437,1.014
662.457,1.011
662.477,1.013
662.497,1.015
662.517,1.010
662.537,1.002
662.557,1.018
662.577,1.006
662.597,1.009
662.617,1.013
662.637,1.011
662.657,1.009
662.677,1.009
662.697,1.009
662.717,1.007
662.737,1.009
662.757,1.011
662.777,1.011
662.797,1.010
662.817,1.009
662.837,1.007
662.857,1.012
662.877,1.007
662.897,1.013
662.917,1.002
662.937,1.016
662.957,1.006
662.977,1.006
662.997,1.012
663.017,1.022
663.037,1.005
663.057,1.016
663.077,1.000
663.097,1.018
663.117,1.008
663.137,1.013
663.157,1.008
663.177,1.017
663.197,1.007
663.217,1.017
663.237,1.010
663.257,1.012
663.277,1.013
663.297,1.011
663.317,1.006
663.337,1.012
663.357,1.012
663.377,1.008
663.397,1.012
663.417,1.010
663.437,1.006
663.457,1.012
663.477,1.012
663.497,1.010
663.517,1.010
663.537,1.008
663.557,1.011
663.577,1.010
663.597,1.012
663.617,1.014
663.637,1.015
663.657,1.007
663.677,0.989
663.697,1.005
663.717,1.022
663.737,1.013
663.757,1.015
663.777,1.014
663.797,1.009
663.817,1.006
663.837,1.012
663.857,1.004
663.877,1.008
663.897,1.011
663.917,1.014
663.937,1.008
663.957,1.016
663.977,1.015
663.997,1.009
664.017,0.954
664.037,1.017
664.057,1.007
664.077,1.007
664.097,1.005
664.117,1.009
664.137,1.013
664.157,1.011
664.177,1.010
664.197,1.012
664.217,1.062
664.237,1.023
664.257,1.003
664.277,1.004
664.297,1.009
664.317,1.009
664.337,1.010
664.357,1.007
664.377,1.011
664.397,1.011
664.417,1.011
664.437,1.008
664.457,1.008
664.477,1.003
664.497,1.005
664.517,1.010
664.537,1.011
664.557,1.009
664.577,1.013
664.597,1.023
664.617,1.040
664.637,1.012
664.657,1.015
664.677,1.007
664.697,1.010
664.717,1.010
664.737,1.009
664.757,1.011
664.777,1.012
664.797,1.006
664.817,1.013
664.837,1.008
664.857,1.013
664.877,1.009
664.897,1.012
664.917,1.008
664.937,1.009
664.957,1.010
664.977,1.010
664.997,1.008
665.017,1.009
665.037,1.011
665.057,1.010
665.077,1.009
665.097,1.009
665.117,1.012
665.137,1.007
665.157,1.009
665.177,1.008
665.197,1.010
665.217,1.015
665.237,1.010
665.257,1.011
665.277,1.007
665.297,1.015
665.317,1.009
665.337,1.012
665.357,1.005
665.377,1.010
665.397,1.008
665.417,1.010
665.437,1.008
665.457,1.008
665.477,1.014
665.497,1.009
665.517,1.011
665.537,1.000
665.557,1.007
665.577,1.007
665.597,1.010
665.617,1.011
665.637,1.014
665.657,1.006
665.677,1.011
665.697,1.022
665.717,1.005
665.737,1.012
665.757,1.014
665.777,1.014
665.797,0.998
665.817,1.016
665.837,1.004
665.857,1.011
665.877,1.010
665.897,1.014
665.917,1.005
665.937,1.014
665.957,1.008
665.977,1.006
665.997,1.009
666.017,1.013
666.037,1.009
666.057,1.012
666.077,1.011
666.097,1.011
666.117,1.014
666.137,1.005
666.157,1.012
666.177,1.010
666.197,1.007
666.217,1.004
666.237,1.008
666.257,1.009
666.277,1.013
666.297,1.008
666.317,1.010
666.337,1.013
666.357,1.012
666.377,1.007
666.397,1.008
666.417,1.006
666.437,1.010
666.457,1.009
666.477,1.010
666.497,1.013
666.517,1.011
666.537,1.006
666.557,1.010
666.577,1.012
666.597,1.012
666.617,1.019
666.637,1.006
666.657,1.013
666.677,1.017
666.697,1.000
666.717,1.014
666.737,1.006
666.757,1.009
666.777,1.006
666.797,1.012
666.817,1.013
666.837,1.011
666.857,1.004
666.877,1.012
666.897,1.006
666.917,1.013
666.937,1.007
666.957,1.014
666.977,1.016
666.997,1.007
667.017,1.010
667.037,1.006
667.057,1.009
667.077,1.007
667.097,1.014
667.117,1.005
667.137,1.012
667.157,1.006
667.177,1.009
667.197,1.010
667.217,1.008
667.237,1.006
667.257,1.009
667.277,1.009
667.297,1.008
667.317,1.010
667.337,1.006
667.357,1.014
667.377,1.006
667.397,1.015
667.417,1.007
667.437,1.011
667.457,1.004
667.477,1.013
667.497,1.009
667.517,1.014
667.537,1.007
667.557,1.014
667.577,1.009
667.597,1.007
667.617,1.010
667.637,1.009
667.657,1.012
667.677,1.006
667.697,1.006
667.717,1.011
667.737,1.012
667.757,1.006
667.777,1.012
667.797,1.007
667.817,1.014
667.837,0.978
667.857,1.021
667.877,1.020
667.897,1.003
667.917,1.012
667.937,0.999
667.957,1.018
667.977,1.003
667.997,1.016
668.017,1.002
668.037,1.014
668.057,1.007
668.077,1.012
668.097,1.007
668.117,1.011
668.137,1.007
668.157,1.008
668.177,1.013
668.197,1.014
668.217,1.003
668.237,1.009
668.257,1.012
668.277,1.006
668.297,1.009
668.317,1.015
668.337,1.007
668.357,1.010
668.377,1.013
668.397,1.006
668.417,1.009
668.437,1.013
668.457,1.007
668.477,1.010
668.497,1.007
668.517,1.008
668.537,1.007
668.557,1.009
668.577,1.008
668.597,1.013
668.617,1.005
668.637,1.009
668.657,1.004
668.677,1.010
668.697,1.010
668.717,1.011
668.737,1.010
668.757,1.012
668.777,1.011
668.797,1.005
668.817,1.013
668.837,1.009
668.857,1.008
668.877,1.008
668.897,1.009
668.917,1.010
668.937,1.009
668.957,1.013
668.977,1.010
668.997,1.016
669.017,1.009
669.037,1.008
669.057,1.006
669.077,1.010
669.097,1.012
669.117,1.010
669.137,1.008
669.157,1.021
669.177,1.015
669.197,1.003
669.217,1.011
669.237,1.007
669.257,1.005
669.277,1.005
669.297,1.009
669.317,1.001
669.337,1.012
669.357,1.013
669.377,1.015
669.397,1.011
669.417,1.013
669.437,1.008
669.457,1.006
669.477,1.009
669.497,1.008
669.517,1.010
669.537,1.003
669.557,1.012
669.577,1.005
669.597,1.011
669.617,1.015
669.637,1.010
669.657,1.013
669.677,1.008
669.697,1.008
669.717,1.007
669.737,1.010
669.757,1.006
669.777,1.015
669.797,1.011
669.817,1.009
669.837,1.007
669.857,1.008
669.877,1.013
669.897,1.012
669.917,1.003
669.937,1.010
669.957,1.006
669.977,1.011
669.997,1.012
670.017,1.010
670.037,1.013
670.057,1.010
670.077,1.009
670.097,1.004
670.117,0.950
670.137,0.981
670.157,1.021
670.177,1.011
670.197,1.013
670.217,1.008
670.237,1.014
670.257,1.000
670.277,1.013
670.297,1.008
670.317,0.999
670.337,1.006
670.357,1.010
670.377,1.009
670.397,1.009
670.417,1.008
670.437,1.010
670.457,1.006
670.477,1.013
670.497,1.011
670.517,1.010
670.537,1.007
670.557,1.015
670.577,1.004
670.597,1.016
670.617,1.009
670.637,1.011
670.657,1.005
670.677,1.019
670.697,1.005
670.717,1.013
670.737,1.009
670.757,0.994
670.777,1.011
670.797,1.009
670.817,1.009
670.837,1.006
670.857,1.013
670.877,1.002
670.897,1.018
670.917,1.006
670.937,1.013
670.957,1.004
670.977,1.010
670.997,1.724
671.017,1.041
671.037,1.006
671.057,1.069
671.077,1.047
671.097,1.075
671.117,1.009
671.137,1.012
671.157,1.010
671.177,1.008
671.197,1.012
671.217,1.003
671.237,1.253
671.257,1.059
671.277,1.038
671.297,1.005
671.317,0.992
671.337,0.994
671.357,1.026
671.377,1.014
671.397,1.027
671.417,1.011
671.437,1.038
671.457,1.020
671.477,1.038
671.497,1.022
671.517,1.006
671.537,1.012
671.557,1.032
671.577,1.015
671.597,1.021
671.617,1.010
671.637,1.005
671.657,1.020
671.677,1.009
671.697,1.009
671.717,1.012
671.737,1.009
671.757,1.007
671.777,1.007
671.797,1.001
671.817,1.060
671.837,1.013
671.857,1.021
671.877,1.035
671.897,0.996
671.917,1.029
671.937,1.009
671.957,1.012
671.977,1.016
671.997,1.040
672.017,1.004
672.037,1.011
672.057,1.003
672.077,1.011
672.097,1.004
672.117,1.011
672.137,1.009
672.157,1.141
672.177,1.034
672.197,1.009
672.217,1.016
672.237,1.023
672.257,1.012
672.277,1.026
672.297,1.015
672.317,1.000
672.337,1.019
672.357,1.006
672.377,1.016
672.397,1.064
672.417,1.011
672.437,1.003
672.457,1.009
672.477,1.020
672.497,1.002
672.517,1.026
672.537,1.013
672.557,1.014
672.577,1.008
672.597,1.016
672.617,1.002
672.637,1.008
672.657,1.005
672.677,1.014
672.697,1.005
672.717,1.017
672.737,1.010
672.757,1.004
672.777,1.011
672.797,1.011
672.817,1.010
672.837,1.019
672.857,1.006
672.877,1.005
672.897,1.030
672.917,1.001
672.937,1.021
672.957,1.014
672.977,1.005
672.997,1.010
673.017,1.010
673.037,1.009
673.057,1.002
673.077,1.014
673.097,1.011
673.117,1.004
673.137,1.006
673.157,1.014
673.177,0.994
673.197,1.022
673.217,1.013
673.237,1.015
673.257,1.015
673.277,1.008
673.297,1.012
673.317,1.008
673.337,1.012
673.357,1.019
673.377,1.011
673.397,1.007
673.417,1.021
673.437,1.012
673.457,1.008
673.477,1.008
673.497,1.011
673.517,1.004
673.537,1.011
673.557,1.005
673.577,1.012
673.597,1.020
673.617,0.928
673.637,1.007
673.657,1.007
673.677,1.005
673.697,1.007
673.717,1.024
673.737,1.001
673.757,1.021
673.777,1.004
673.797,1.014
673.817,1.008
673.837,1.015
673.857,1.005
673.877,1.013
673.897,1.016
673.917,1.013
673.937,0.998
673.957,1.005
673.977,1.006
673.997,1.012
674.017,1.009
674.037,1.009
674.057,1.014
674.077,1.010
674.097,1.010
674.117,1.001
674.137,1.003
674.157,1.012
674.177,1.014
674.197,1.003
674.217,1.007
674.237,1.011
674.257,1.012
674.277,1.007
674.297,1.006
674.317,1.009
674.337,1.011
674.357,1.011
674.377,1.007
674.397,1.008
674.417,1.010
674.437,1.010
674.457,1.007
674.477,1.008
674.497,1.006
674.517,1.016
674.537,1.008
674.557,1.012
674.577,1.015
674.597,1.011
674.617,1.009
674.637,1.010
674.657,1.005
674.677,1.004
674.697,1.010
674.717,1.009
674.737,1.008
674.757,1.012
674.777,1.012
674.797,1.005
674.817,1.014
674.837,1.006
674.857,1.011
674.877,1.006
674.897,1.013
674.917,1.012
674.937,1.009
674.957,1.015
674.977,1.011
674.997,1.005
675.017,1.005
675.037,1.011
675.057,1.006
675.077,1.011
675.097,1.009
675.117,1.011
675.137,1.009
675.157,1.015
675.177,1.003
675.197,1.015
675.217,1.004
675.237,1.011
675.257,1.006
675.277,1.013
675.297,1.004
675.317,1.009
675.337,1.012
675.357,1.010
675.377,1.013
675.397,1.009
675.417,1.011
675.437,1.009
675.457,1.007
675.477,1.005
675.497,1.007
675.517,1.010
675.537,1.009
675.557,1.008
675.577,1.013
675.597,1.015
675.617,1.007
675.637,1.008
675.657,1.006
675.677,1.010
675.697,1.007
675.717,1.010
675.737,1.007
675.757,1.023
675.777,1.005
675.797,1.009
675.817,1.008
675.837,1.014
675.857,1.008
675.877,1.007
675.897,1.007
675.917,1.009
675.937,1.010
675.957,1.008
675.977,1.006
675.997,1.010
676.017,1.014
676.037,1.007
676.057,1.011
676.077,1.009
676.097,1.008
676.117,1.009
676.137,1.009
676.157,1.010
676.177,1.008
676.197,1.013
676.217,1.003
676.237,1.013
676.257,1.006
676.277,1.012
676.297,1.005
676.317,1.010
676.337,1.013
676.357,1.017
676.377,1.003
676.397,1.011
676.417,1.015
676.437,1.014
676.457,1.003
676.477,1.004
676.497,1.011
676.517,1.008
676.537,1.013
676.557,1.011
676.577,1.013
676.597,1.005
676.617,1.012
676.637,1.005
676.657,1.007
676.677,1.009
676.697,1.011
676.717,1.009
676.737,1.008
676.757,1.008
676.777,1.007
676.797,1.004
676.817,1.009
676.837,1.011
676.857,1.004
676.877,1.020
676.897,1.005
676.917,1.005
676.937,1.006
676.957,1.010
676.977,1.012
676.997,1.010
677.017,1.008
677.037,1.012
677.057,0.993
677.077,1.011
677.097,1.010
677.117,1.005
677.137,1.007
677.157,1.006
677.177,1.014
677.197,1.014
677.217,1.019
677.237,1.014
677.257,1.006
677.277,1.010
677.297,1.010
677.317,1.010
677.337,1.009
677.357,1.007
677.377,1.008
677.397,1.005
677.417,1.012
677.437,1.007
677.457,1.013
677.477,1.012
677.497,1.008
677.517,1.013
677.537,1.007
677.557,1.011
677.577,1.009
677.597,1.011
677.617,1.009
677.637,1.012
677.657,1.006
677.677,1.009
677.697,1.010
677.717,1.011
677.737,1.007
677.757,1.011
677.777,1.012
677.797,1.009
677.817,1.010
677.837,1.010
677.857,1.010
677.877,1.008
677.897,1.009
677.917,1.008
677.937,1.011
677.957,1.010
677.977,1.009
677.997,1.011
678.017,1.007
678.037,1.007
678.057,1.010
678.077,1.011
678.097,1.008
678.117,1.010
678.137,1.007
678.157,1.008
678.177,1.008
678.197,1.010
678.217,1.009
678.237,1.009
678.257,1.009
678.277,1.010
678.297,1.008
678.317,1.010
678.337,1.007
678.357,1.010
678.377,1.009
678.397,1.010
678.417,1.012
678.437,1.009
678.457,1.012
678.477,1.010
678.497,1.011
678.517,1.006
678.537,1.013
678.557,1.005
678.577,1.011
678.597,1.008
678.617,1.011
678.637,1.007
678.657,1.012
678.677,1.007
678.697,1.010
678.717,1.010
678.737,1.009
678.757,1.009
678.777,1.010
678.797,1.010
678.817,1.006
678.837,1.011
678.857,1.011
678.877,1.008
678.897,1.007
678.917,1.011
678.937,1.011
678.957,1.008
678.977,1.009
678.997,1.006
679.017,1.009
679.037,1.008
679.057,1.012
679.077,1.009
679.097,1.012
679.117,1.007
679.137,1.009
679.157,1.006
679.177,1.010
679.197,1.009
679.217,1.008
679.237,1.009
679.257,1.010
679.277,1.011
679.297,1.007
679.317,1.011
679.337,1.010
679.357,1.008
679.377,1.008
679.397,1.014
679.417,1.009
679.437,1.012
679.457,1.007
679.477,1.008
679.497,1.007
679.517,1.011
679.537,1.007
679.557,1.010
679.577,1.012
679.597,1.011
679.617,1.008
679.637,1.007
679.657,1.010
679.677,1.009
679.697,1.009
679.717,1.007
679.737,1.009
679.757,1.007
679.777,1.011
679.797,1.010
679.817,1.009
679.837,1.011
679.857,1.010
679.877,1.009
679.897,1.010
679.917,1.023
679.937,1.003
679.957,1.014
679.977,0.995
679.997,1.019
680.017,1.013
680.037,1.013
680.057,1.004
680.077,1.012
680.097,1.007
680.117,1.010
680.137,1.012
680.157,1.010
680.177,1.009
680.197,1.010
680.217,1.007
680.237,1.009
680.257,1.002
680.277,1.003
680.297,1.011
680.317,1.004
680.337,1.005
680.357,1.011
680.377,1.011
680.397,1.010
680.417,1.011
680.437,1.006
680.457,1.006
680.477,1.007
680.497,1.011
680.517,1.006
680.537,1.010
680.557,1.010
680.577,1.006
680.597,1.008
680.617,1.009
680.637,1.009
680.657,1.009
680.677,1.010
680.697,1.008
680.717,1.010
680.737,1.006
680.757,1.010
680.777,1.007
680.797,1.009
680.817,1.010
680.837,1.012
680.857,1.009
680.877,1.012
680.897,1.010
680.917,1.009
680.937,1.006
680.957,1.007
680.977,1.012
680.997,1.009
681.017,1.011
681.037,1.005
681.057,1.007
681.077,1.008
681.097,1.012
681.117,1.010
681.137,1.009
681.157,1.004
681.177,1.013
681.197,1.007
681.217,1.006
681.237,1.008
681.257,1.007
681.277,1.012
681.297,1.009
681.317,1.009
681.337,1.009
681.357,1.010
681.377,1.007
681.397,1.013
681.417,1.006
681.437,1.012
681.457,1.011
681.477,1.010
681.497,1.008
681.517,1.011
681.537,1.007
681.557,1.008
681.577,1.009
681.597,1.007
681.617,1.010
681.637,1.007
681.657,1.010
681.677,1.005
681.697,1.013
681.717,1.008
681.737,1.010
681.757,1.015
681.777,1.011
681.797,1.010
681.817,1.010
681.837,1.006
681.857,1.005
681.877,1.009
681.897,1.005
681.917,1.013
681.937,1.008
681.957,1.009
681.977,1.007
681.997,1.013
682.017,1.007
682.037,1.008
682.057,1.008
682.077,1.010
682.097,1.010
682.117,1.007
682.137,1.013
682.157,1.008
682.177,1.011
682.197,1.008
682.217,1.013
682.237,1.013
682.257,1.004
682.277,1.010
682.297,1.005
682.317,1.008
682.337,1.009
682.357,1.009
682.377,1.010
682.397,1.012
682.417,1.009
682.437,1.009
682.457,1.008
682.477,1.012
682.497,1.007
682.517,1.010
682.537,1.004
682.557,1.010
682.577,1.006
682.597,1.012
682.617,1.010
682.637,1.013
682.657,1.001
682.677,1.008
682.697,1.010
682.717,1.011
682.737,1.006
682.757,1.028
682.777,0.998
682.797,0.987
682.817,1.012
682.837,1.013
682.857,0.985
682.877,1.026
682.897,1.049
682.917,1.006
682.937,0.994
682.957,1.020
682.977,1.020
682.997,1.017
683.017,1.010
683.037,0.993
683.057,1.001
683.077,1.004
683.097,0.993
683.117,1.025
683.137,1.000
683.157,1.013
683.177,1.009
683.197,1.016
683.217,1.022
683.237,1.064
683.257,1.035
683.277,1.002
683.297,1.025
683.317,1.007
683.337,1.012
683.357,1.012
683.377,1.022
683.397,1.017
683.417,1.007
683.437,1.012
683.457,1.015
683.477,1.065
683.497,1.017
683.517,1.039
683.537,1.014
683.557,1.048
683.577,1.044
683.597,1.014
683.617,1.013
683.637,1.006
683.657,1.006
683.677,1.007
683.697,1.010
683.717,1.007
683.737,1.002
683.757,1.021
683.777,1.010
683.797,1.012
683.817,1.008
683.837,1.013
683.857,1.010
683.877,1.001
683.897,1.012
683.917,1.019
683.937,1.016
683.957,1.008
683.977,1.008
683.997,1.006
684.017,1.005
684.037,1.016
684.057,1.004
684.077,1.012
684.097,1.013
684.117,1.018
684.137,1.014
684.157,1.011
684.177,1.012
684.197,1.003
684.217,1.006
684.237,1.004
684.257,1.010
684.277,1.014
684.297,1.028
684.317,1.002
684.337,1.022
684.357,1.040
684.377,1.009
684.397,1.003
684.417,1.012
684.437,1.004
684.457,0.971
684.477,1.055
684.497,1.013
684.517,1.011
684.537,1.012
684.557,1.007
684.577,1.006
684.597,1.037
684.617,1.007
684.637,1.013
684.657,1.009
684.677,1.009
684.697,1.007
684.717,1.012
684.737,1.011
684.757,1.010
684.777,1.008
684.797,1.009
684.817,1.006
684.837,1.005
684.857,1.008
684.877,1.004
684.897,1.019
684.917,1.019
684.937,1.010
684.957,1.014
684.977,1.075
684.997,1.011
685.017,1.018
685.037,1.009
685.057,1.007
685.077,1.008
685.097,1.013
685.117,1.008
685.137,1.012
685.157,1.008
685.177,1.005
685.197,1.010
685.217,1.011
685.237,1.003
685.257,1.014
685.277,1.000
685.297,1.011
685.317,1.016
685.337,1.010
685.357,1.021
685.377,1.024
685.397,0.996
685.417,1.005
685.437,1.011
685.457,1.041
685.477,1.028
685.497,1.046
685.517,1.059
685.537,1.008
685.557,1.030
685.577,1.008
685.597,0.996
685.617,1.010
685.637,1.007
685.657,1.020
685.677,1.001
685.697,1.015
685.717,1.017
685.737,1.007
685.757,1.008
685.777,1.011
685.797,1.000
685.817,1.006
685.837,1.009
685.857,1.009
685.877,1.012
685.897,1.013
685.917,1.000
685.937,1.008
685.957,1.014
685.977,1.008
685.997,1.017
686.017,1.013
686.037,1.023
686.057,1.001
686.077,1.016
686.097,1.004
686.117,1.014
686.137,1.011
686.157,1.009
686.177,1.004
686.197,1.011
686.217,1.008
686.237,1.003
686.257,1.009
686.277,1.006
686.297,1.011
686.317,1.015
686.337,1.012
686.357,1.013
686.377,1.010
686.397,1.055
686.417,1.075
686.437,1.022
686.457,1.021
686.477,1.008
686.497,0.991
686.517,1.063
686.537,1.016
686.557,1.018
686.577,1.015
686.597,1.009
686.617,1.033
686.637,1.027
686.657,1.024
686.677,1.035
686.697,0.872
686.717,1.096
686.737,1.001
686.757,0.996
686.777,1.045
686.797,1.314
686.817,1.057
686.837,1.081
686.857,1.080
686.877,1.171
686.897,0.988
686.917,1.035
686.937,1.030
686.957,1.099
686.977,1.136
686.997,1.225
687.017,1.894
687.037,0.985
687.057,1.017
687.077,1.125
687.097,1.045
687.117,1.009
687.137,0.814
687.157,0.860
687.177,0.926
687.197,0.825
687.217,0.913
687.237,1.127
687.257,1.023
687.277,1.014
687.297,1.154
687.317,1.164
687.337,0.920
687.357,0.900
687.377,1.035
687.397,0.928
687.417,0.939
687.437,0.903
687.457,0.896
687.477,0.937
687.497,1.116
687.517,1.015
687.537,0.894
687.557,0.944
687.577,0.929
687.597,0.895
687.617,0.902
687.637,1.008
687.657,1.108
687.677,1.071
687.697,1.011
687.717,0.939
687.737,1.111
687.757,1.161
687.777,0.930
687.797,1.137
687.817,1.173
687.837,1.023
687.857,0.848
687.877,0.804
687.897,0.849
687.917,0.932
687.937,0.944
687.957,1.124
687.977,1.143
687.997,0.984
688.017,1.107
688.037,1.061
688.057,1.112
688.077,0.974
688.097,1.054
688.117,0.973
688.137,0.993
688.157,0.984
688.177,0.976
688.197,1.098
688.217,1.136
688.237,1.085
688.257,1.039
688.277,1.097
688.297,0.970
688.317,1.092
688.337,1.000
688.357,1.038
688.377,1.043
688.397,1.009
688.417,0.903
688.437,0.844
688.457,0.933
688.477,0.966
688.497,0.850
688.517,0.753
688.537,0.750
688.557,0.866
688.577,0.900
688.597,1.071
688.617,0.845
688.637,1.028
688.657,1.237
688.677,1.185
688.697,1.039
688.717,1.072
688.737,1.038
688.757,1.050
688.777,1.077
688.797,0.995
688.817,1.016
688.837,1.005
688.857,1.032
688.877,1.132
688.897,1.150
688.917,1.035
688.937,1.119
688.957,1.188
688.977,1.069
688.997,1.052
689.017,1.025
689.037,1.838
689.057,1.000
689.077,0.970
689.097,1.085
689.117,0.906
689.137,1.023
689.157,0.981
689.177,0.957
689.197,0.927
689.217,1.127
689.237,1.055
689.257,0.949
689.277,1.065
689.297,1.169
689.317,0.937
689.337,1.049
689.357,0.892
689.377,0.968
689.397,1.041
689.417,1.012
689.437,1.025
689.457,1.105
689.477,0.997
689.497,1.070
689.517,1.023
689.537,0.964
689.557,0.911
689.577,1.011
689.597,0.963
689.617,0.801
689.637,0.891
689.657,0.995
689.677,0.915
689.697,0.889
689.717,1.107
689.737,1.164
689.757,1.197
689.777,1.113
689.797,0.941
689.817,1.042
689.837,1.194
689.857,1.037
689.877,1.085
689.897,1.022
689.917,1.045
689.937,1.043
689.957,0.987
689.977,0.853
689.997,0.808
690.017,0.832
690.037,1.000
690.057,1.006
690.077,0.964
690.097,0.910
690.117,0.873
690.137,1.102
690.157,0.966
690.177,1.056
690.197,0.832
690.217,1.021
690.237,1.236
690.257,1.134
690.277,0.987
690.297,1.009
690.317,1.001
690.337,0.900
690.357,0.938
690.377,0.862
690.397,1.428
690.417,1.175
690.437,1.288
690.457,1.084
690.477,1.036
690.497,1.126
690.517,0.909
690.537,0.783
690.557,0.840
690.577,0.808
690.597,0.762
690.617,0.949
690.637,0.998
690.657,0.936
690.677,0.951
690.697,1.015
690.717,1.242
690.737,1.148
690.757,1.021
690.777,1.216
690.797,1.135
690.817,1.030
690.837,0.883
690.857,1.055
690.877,0.901
690.897,1.202
690.917,1.222
690.937,1.061
690.957,1.046
690.977,0.937
690.997,1.205
691.017,1.384
691.037,1.019
691.057,1.061
691.077,1.120
691.097,0.960
691.117,0.909
691.137,0.955
691.157,0.904
691.177,1.016
691.197,1.236
691.217,0.983
691.237,0.999
691.257,1.001
691.277,1.011
691.297,1.003
691.317,1.002
691.337,1.005
691.357,1.013
691.377,1.015
691.397,1.012
691.417,1.014
691.437,1.052
691.457,1.009
691.477,1.008
691.497,1.013
691.517,1.012
691.537,1.011
691.557,1.007
691.577,1.013
691.597,1.016
691.617,1.006
691.637,1.003
691.657,1.006
691.677,1.008
691.697,1.008
691.717,1.009
691.737,1.016
691.757,1.007
691.777,1.011
691.797,1.010
691.817,1.010
691.837,1.010
691.857,1.014
691.877,1.012
691.897,1.012
691.917,1.009
691.937,0.998
691.957,1.015
691.977,1.015
691.997,1.013
692.017,0.984
692.037,0.978
692.057,1.002
692.077,1.013
692.097,1.016
692.117,0.998
692.137,1.015
692.157,1.017
692.177,1.002
692.197,0.999
692.217,1.044
692.237,1.017
692.257,1.012
692.277,1.015
692.297,1.013
692.317,0.999
692.337,1.014
692.357,1.009
692.377,1.016
692.397,1.000
692.417,1.022
692.437,1.045
692.457,1.012
692.477,1.004
692.497,1.019
692.517,1.003
692.537,1.017
692.557,1.008
692.577,1.010
692.597,1.006
692.617,0.923
692.637,1.033
692.657,1.117
692.677,1.030
692.697,1.005
692.717,1.023
692.737,1.011
692.757,1.002
692.777,1.008
692.797,1.000
692.817,1.007
692.837,1.009
692.857,1.011
692.877,1.006
692.897,1.010
692.917,1.026
692.937,1.002
692.957,1.020
692.977,1.012
692.997,1.006
693.017,1.009
693.037,1.010
693.057,1.016
693.077,1.011
693.097,1.017
693.117,1.005
693.137,0.993
693.157,1.003
693.177,1.009
693.197,1.010
693.217,1.013
693.237,1.000
693.257,1.007
693.277,1.008
693.297,1.012
693.317,0.998
693.337,1.002
693.357,1.006
693.377,1.009
693.397,1.009
693.417,1.006
693.437,1.011
693.457,1.007
693.477,1.010
693.497,1.015
693.517,1.009
693.537,1.011
693.557,1.020
693.577,0.975
693.597,1.026
693.617,1.102
693.637,1.001
693.657,0.943
693.677,0.838
693.697,0.995
693.717,1.020
693.737,1.008
693.757,1.005
693.777,1.007
693.797,1.013
693.817,1.016
693.837,1.014
693.857,1.006
693.877,1.013
693.897,1.013
693.917,1.011
693.937,1.007
693.957,1.007
693.977,1.008
693.997,1.009
694.017,1.009
694.037,1.011
694.057,1.015
694.077,1.008
694.097,1.009
694.117,1.009
694.137,1.012
694.157,1.010
694.177,1.008
694.197,1.010
694.217,1.011
694.237,1.008
694.257,1.012
694.277,1.007
694.297,1.014
694.317,1.021
694.337,1.008
694.357,1.009
694.377,1.011
694.397,1.009
694.417,1.011
694.437,1.008
694.457,1.010
694.477,1.005
694.497,1.007
694.517,1.010
694.537,1.009
694.557,1.012
694.577,1.016
694.597,1.013
694.617,1.011
694.637,1.003
694.657,1.011
694.677,1.008
694.697,1.011
694.717,1.007
694.737,1.010
694.757,1.008
694.777,1.008
694.797,1.005
694.817,1.014
694.837,1.007
694.857,1.012
694.877,1.007
694.897,1.001
694.917,1.010
694.937,1.017
694.957,1.011
694.977,0.989
694.997,1.009
695.017,1.010
695.037,1.014
695.057,1.036
695.077,0.995
695.097,1.020
695.117,0.986
695.137,0.995
695.157,1.014
695.177,1.015
695.197,1.006
695.217,1.015
695.237,1.012
695.257,1.005
695.277,1.029
695.297,1.027
695.317,1.000
695.337,0.992
695.357,1.005
695.377,1.017
695.397,1.017
695.417,1.020
695.437,1.001
695.457,1.007
695.477,1.009
695.497,1.017
695.517,0.989
695.537,1.014
695.557,1.021
695.577,1.009
695.597,0.998
695.617,0.985
695.637,0.990
695.657,1.015
695.677,1.042
695.697,1.007
695.717,1.037
695.737,1.035
695.757,1.010
695.777,1.002
695.797,1.013
695.817,1.005
695.837,1.011
695.857,1.014
695.877,1.010
695.897,1.010
695.917,1.010
695.937,1.011
695.957,1.029
695.977,1.013
695.997,1.015
696.017,1.087
696.037,1.028
696.057,1.139
696.077,0.986
696.097,1.053
696.117,1.031
696.137,1.116
696.157,1.420
696.177,1.100
696.197,1.018
696.217,1.022
696.237,0.977
696.257,1.032
696.277,1.057
696.297,0.970
696.317,1.025
696.337,0.995
696.357,0.967
696.377,1.275
696.397,1.382
696.417,0.989
696.437,1.014
696.457,0.974
696.477,1.153
696.497,0.901
696.517,1.091
696.537,0.949
696.557,0.990
696.577,1.062
696.597,1.015
696.617,0.981
696.637,1.037
696.657,1.051
696.677,1.039
696.697,0.976
696.717,0.974
696.737,1.056
696.757,1.038
696.777,1.079
696.797,0.798
696.817,1.271
696.837,0.970
696.857,0.986
696.877,0.928
696.897,0.955
696.917,1.057
696.937,1.010
696.957,1.029
696.977,1.005
696.997,1.050
697.017,1.008
697.037,1.019
697.057,1.032
697.077,0.880
697.097,0.957
697.117,0.927
697.137,0.986
697.157,1.684
697.177,1.011
697.197,1.012
697.217,0.995
697.237,1.011
697.257,0.989
697.277,1.067
697.297,1.017
697.317,0.987
697.337,0.994
697.357,0.958
697.377,1.023
697.397,1.062
697.417,1.012
697.437,0.963
697.457,0.998
697.477,1.039
697.497,1.031
697.517,1.004
697.537,1.003
697.557,1.018
697.577,1.051
697.597,1.117
697.617,1.007
697.637,0.960
697.657,1.111
697.677,1.017
697.697,1.006
697.717,1.101
697.737,1.002
697.757,0.926
697.777,0.959
697.797,1.122
697.817,1.031
697.837,1.074
697.857,1.000
697.877,1.062
697.897,0.904
697.917,1.077
697.937,0.958
697.957,1.045
697.977,1.032
697.997,0.897
698.017,1.006
698.037,0.982
698.057,1.029
698.077,1.034
698.097,1.008
698.117,0.888
698.137,0.982
698.157,1.060
698.177,0.935
698.197,0.987
698.217,1.107
698.237,1.185
698.257,1.037
698.277,1.003
698.297,1.180
698.317,0.953
698.337,0.775
698.357,1.063
698.377,1.023
698.397,0.978
698.417,1.135
698.437,1.012
698.457,0.979
698.477,1.031
698.497,1.004
698.517,1.018
698.537,1.001
698.557,0.988
698.577,1.024
698.597,0.983
698.617,0.953
698.637,0.967
698.657,1.015
698.677,1.148
698.697,1.014
698.717,1.012
698.737,1.010
698.757,1.008
698.777,1.008
698.797,1.027
698.817,1.146
698.837,1.008
698.857,1.059
698.877,0.996
698.897,0.870
698.917,1.021
698.937,1.013
698.957,0.994
698.977,1.145
698.997,1.014
699.017,1.009
699.037,1.011
699.057,1.013
699.077,1.012
699.097,1.011
699.117,1.012
699.137,1.012
699.157,1.012
699.177,1.008
699.197,1.009
699.217,1.012
699.237,1.009
699.257,1.013
699.277,1.010
699.297,1.014
699.317,1.007
699.337,1.010
699.357,1.011
699.377,1.047
699.397,1.011
699.417,1.016
699.437,1.018
699.457,1.029
699.477,1.012
699.497,1.034
699.517,1.026
699.537,1.019
699.557,1.016
699.577,1.010
699.597,1.009
699.617,1.013
699.637,1.005
699.657,1.017
699.677,1.012
699.697,1.012
699.717,1.012
699.737,1.007
699.757,1.008
699.777,1.011
699.797,1.011
699.817,1.011
699.837,1.011
699.857,1.011
699.877,1.011
699.897,1.010
699.917,1.007
699.937,1.010
699.957,1.012
699.977,1.009
699.997,1.011
700.017,1.008
700.037,1.011
700.057,1.010
700.077,1.009
700.097,1.013
700.117,1.011
700.137,1.011
700.157,1.010
700.177,1.009
700.197,1.011
700.217,1.013
700.237,1.011
700.257,1.010
700.277,1.012
700.297,0.975
700.317,1.009
700.337,1.007
700.357,1.011
700.377,1.011
700.397,1.013
700.417,1.010
700.437,1.010
700.457,1.012
700.477,1.009
700.497,1.010
700.517,1.011
700.537,1.012
700.557,1.009
700.577,1.010
700.597,0.999
700.617,1.010
700.637,1.008
700.657,1.007
700.677,1.008
700.697,1.014
700.717,1.017
700.737,1.013
700.757,1.013
700.777,1.014
700.797,1.049
700.817,1.131
700.837,1.020
700.857,1.037
700.877,1.056
700.897,1.046
700.917,0.999
700.937,1.026
700.957,1.010
700.977,1.011
700.997,1.010
701.017,1.002
701.037,1.009
701.057,1.020
701.077,1.027
701.097,1.035
701.117,1.007
701.137,1.016
701.157,1.044
701.177,1.031
701.197,1.014
701.217,1.053
701.237,1.029
701.257,1.030
701.277,1.187
701.297,0.988
701.317,1.011
701.337,1.015
701.357,1.040
701.377,1.014
701.397,0.985
701.417,1.001
701.437,1.023
701.457,1.024
701.477,1.007
701.497,1.026
701.517,0.997
701.537,1.025
701.557,1.042
701.577,1.014
701.597,1.017
701.617,1.003
701.637,1.031
701.657,1.036
701.677,1.049
701.697,1.051
701.717,1.066
701.737,1.013
701.757,1.052
701.777,0.985
701.797,1.063
701.817,1.045
701.837,1.121
701.857,0.983
701.877,0.961
701.897,1.016
701.917,1.019
701.937,1.243
701.957,1.158
701.977,0.954
701.997,1.025
702.017,1.013
702.037,1.113
702.057,1.018
702.077,1.079
702.097,1.021
702.117,0.943
702.137,0.996
702.157,1.070
702.177,1.026
702.197,1.023
702.217,1.016
702.237,1.022
702.257,1.011
702.277,1.000
702.297,1.016
702.317,1.014
702.337,1.009
702.357,1.012
702.377,1.013
702.397,0.998
702.417,1.006
702.437,1.016
702.457,1.014
702.477,1.007
702.497,1.012
702.517,1.014
702.537,1.008
702.557,1.013
702.577,1.011
702.597,1.012
702.617,1.014
702.637,1.012
702.657,1.012
702.677,1.009
702.697,1.012
702.717,1.011
702.737,1.011
702.757,1.011
702.777,1.011
702.797,1.042
702.817,1.009
702.837,1.112
702.857,1.078
702.877,1.115
702.897,1.026
702.917,0.996
702.937,0.919
702.957,1.088
702.977,1.007
702.997,1.034
703.017,0.966
703.037,1.001
703.057,1.022
703.077,1.018
703.097,1.005
703.117,1.013
703.137,1.008
703.157,0.989
703.177,1.014
703.197,1.099
703.217,1.001
703.237,1.012
703.257,1.009
703.277,1.009
703.297,1.011
703.317,1.010
703.337,1.011
703.357,1.012
703.377,1.011
703.397,0.987
703.417,1.159
703.437,1.115
703.457,1.028
703.477,1.115
703.497,1.015
703.517,1.005
703.537,1.019
703.557,1.002
703.577,1.098
703.597,0.438
703.617,1.026
703.637,1.007
703.657,0.998
703.677,1.036
703.697,1.017
703.717,1.016
703.737,1.012
703.757,1.031
703.777,0.995
703.797,1.013
703.817,1.022
703.837,0.995
703.857,1.010
703.877,1.097
703.897,0.984
703.917,1.002
703.937,0.983
703.957,1.074
703.977,1.006
703.997,1.066
704.017,1.008
704.037,1.011
704.057,1.025
704.077,1.007
704.097,0.998
704.117,1.012
704.137,1.033
704.157,1.014
704.177,1.006
704.197,1.007
704.217,1.010
704.237,1.012
704.257,1.055
704.277,1.007
704.297,0.994
704.317,1.007
704.337,1.020
704.357,0.970
704.377,1.012
704.397,1.022
704.417,1.028
704.437,1.011
704.457,1.015
704.477,1.020
704.497,0.996
704.517,1.036
704.537,1.025
704.557,1.001
704.577,1.012
704.597,1.011
704.617,1.010
704.637,0.994
704.657,1.039
704.677,1.017
704.697,1.020
704.717,0.995
704.737,1.012
704.757,1.018
704.777,1.008
704.797,1.008
704.817,0.998
704.837,1.000
704.857,1.007
704.877,1.012
704.897,0.720
704.917,1.027
704.937,1.015
704.957,1.012
704.977,1.001
704.997,0.986
705.017,0.998
705.037,1.001
705.057,1.007
705.077,1.007
705.097,1.008
705.117,1.011
705.137,1.015
705.157,1.007
705.177,1.008
705.197,1.007
705.217,1.001
705.237,1.010
705.257,1.006
705.277,1.018
705.297,1.007
705.317,0.997
705.337,1.001
705.357,1.015
705.377,1.020
705.397,1.022
705.417,1.006
705.437,1.022
705.457,1.005
705.477,1.012
705.497,0.996
705.517,1.008
705.537,1.007
705.557,1.016
705.577,1.011
705.597,1.006
705.617,1.019
705.637,1.011
705.657,1.018
705.677,0.997
705.697,1.007
705.717,1.009
705.737,1.009
705.757,1.010
705.777,0.997
705.797,1.000
705.817,1.025
705.837,0.980
705.857,1.036
705.877,0.994
705.897,1.002
705.917,1.007
705.937,1.007
705.957,1.042
705.977,0.998
705.997,1.002
706.017,0.996
706.037,1.016
706.057,0.966
706.077,1.018
706.097,0.999
706.117,1.018
706.137,1.036
706.157,1.003
706.177,0.999
706.197,1.005
706.217,1.022
706.237,1.003
706.257,0.997
706.277,1.007
706.297,1.003
706.317,1.034
706.337,1.027
706.357,0.997
706.377,1.011
706.397,1.000
706.417,1.000
706.437,1.023
706.457,1.004
706.477,1.004
706.497,1.007
706.517,1.006
706.537,1.019
706.557,1.000
706.577,1.617
706.597,1.018
706.617,1.019
706.637,1.019
706.657,1.007
706.677,0.985
706.697,1.009
706.717,1.014
706.737,1.015
706.757,1.018
706.777,1.020
706.797,1.004
706.817,1.015
706.837,1.006
706.857,1.015
706.877,1.010
706.897,1.014
706.917,1.018
706.937,1.009
706.957,1.007
706.977,1.031
706.997,1.024
707.017,1.101
707.037,0.889
707.057,0.957
707.077,1.002
707.097,1.008
707.117,1.036
707.137,0.997
707.157,0.991
707.177,1.037
707.197,0.968
707.217,0.986
707.237,0.867
707.257,1.050
707.277,0.968
707.297,0.983
707.317,0.989
707.337,1.008
707.357,1.006
707.377,1.009
707.397,1.005
707.417,1.010
707.437,1.004
707.457,1.006
707.477,1.004
707.497,1.008
707.517,1.009
707.537,1.003
707.557,1.007
707.577,1.005
707.597,1.007
707.617,1.005
707.637,1.004
707.657,1.005
707.677,1.003
707.697,1.005
707.717,0.998
707.737,1.002
707.757,1.005
707.777,1.002
707.797,1.003
707.817,1.004
707.837,1.005
707.857,1.003
707.877,1.001
707.897,0.999
707.917,1.001
707.937,1.002
707.957,1.000
707.977,1.001
707.997,1.002
708.017,1.002
708.037,1.002
708.057,1.002
708.077,1.003
708.097,1.001
708.117,1.000
708.137,1.002
708.157,1.001
708.177,1.000
708.197,0.999
708.217,0.999
708.237,1.000
708.257,1.000
708.277,1.005
708.297,0.996
708.317,0.997
708.337,1.002
708.357,0.998
708.377,0.994
708.397,0.998
708.417,1.002
708.437,0.996
708.457,0.996
708.477,1.004
708.497,0.996
708.517,0.995
708.537,0.998
708.557,1.002
708.577,0.998
708.597,0.999
708.617,0.999
708.637,0.997
708.657,0.996
708.677,1.000
708.697,0.986
708.717,1.001
708.737,1.001
708.757,0.993
708.777,0.996
708.797,1.005
708.817,0.993
708.837,0.999
708.857,0.997
708.877,0.996
708.897,0.996
708.917,0.996
708.937,0.999
708.957,0.998
708.977,0.998
708.997,0.998
709.017,1.002
709.037,1.000
709.057,0.998
709.077,0.996
709.097,0.997
709.117,0.999
709.137,0.999
709.157,0.998
709.177,0.998
709.197,0.997
709.217,0.999
709.237,0.994
709.257,0.998
709.277,0.994
709.297,0.998
709.317,0.995
709.337,0.997
709.357,0.998
709.377,0.998
709.397,0.999
709.417,0.998
709.437,0.998
709.457,0.997
709.477,0.998
709.497,0.999
709.517,0.994
709.537,0.997
709.557,0.996
709.577,0.996
709.597,0.997
709.617,0.995
709.637,0.997
709.657,0.996
709.677,0.998
709.697,0.996
709.717,1.000
709.737,0.995
709.757,0.995
709.777,0.995
709.797,0.996
709.817,0.998
709.837,0.997
709.857,0.996
709.877,0.995
709.897,0.998
709.917,0.996
709.937,0.994
709.957,0.996
709.977,0.995
709.997,0.997
710.017,0.996
710.037,0.997
710.057,0.996
710.077,0.996
710.097,0.996
710.117,0.998
710.137,0.996
710.157,0.996
710.177,0.997
710.197,0.995
710.217,0.998
710.237,0.996
710.257,0.999
710.277,0.999
710.297,0.997
710.317,0.997
710.337,0.994
710.357,0.997
710.377,0.993
710.397,0.995
710.417,0.998
710.437,0.995
710.457,0.998
710.477,0.998
710.497,0.996
710.517,0.996
710.537,0.996
710.557,0.997
710.577,0.996
710.597,0.999
710.617,0.999
710.637,0.997
710.657,0.995
710.677,1.000
710.697,0.998
710.717,0.996
710.737,0.997
710.757,0.997
710.777,0.998
710.797,0.997
710.817,1.000
710.837,0.999
710.857,0.996
710.877,1.000
710.897,0.997
710.917,0.998
710.937,0.997
710.957,0.996
710.977,0.997
710.997,0.997
711.017,0.996
711.037,0.994
711.057,0.999
711.077,0.996
711.097,0.999
711.117,0.996
711.137,0.996
711.157,0.997
711.177,0.994
711.197,0.999
711.217,0.998
711.237,0.998
711.257,0.995
711.277,0.998
711.297,0.999
711.317,0.997
711.337,0.995
711.357,0.996
711.377,0.988
711.397,0.991
711.417,0.993
711.437,0.998
711.457,0.999
711.477,0.996
711.497,1.000
711.517,0.996
711.537,0.995
711.557,0.999
711.577,0.997
711.597,0.998
711.617,1.000
711.637,0.996
711.657,0.996
711.677,0.997
711.697,0.998
711.717,0.998
711.737,0.997
711.757,0.997
711.777,0.999
711.797,0.999
711.817,0.996
711.837,0.998
711.857,0.998
711.877,0.999
711.897,0.998
711.917,0.997
711.937,0.995
711.957,0.998
711.977,0.997
711.997,0.996
712.017,0.998
712.037,0.998
712.057,0.998
712.077,0.996
712.097,0.996
712.117,1.000
712.137,0.997
712.157,0.998
712.177,0.995
712.197,0.997
712.217,0.998
712.237,0.997
712.257,0.998
712.277,0.996
712.297,0.999
712.317,0.995
712.337,0.997
712.357,0.994
712.377,0.997
712.397,0.997
712.417,0.997
712.437,0.999
712.457,0.998
712.477,0.999
712.497,0.999
712.517,1.000
712.537,0.997
712.557,0.995
712.577,0.997
712.597,0.995
712.617,0.997
712.637,0.995
712.657,0.997
712.677,0.999
712.697,0.998
712.717,0.999
712.737,0.998
712.757,0.999
712.777,0.998
712.797,0.997
712.817,0.998
712.837,0.995
712.857,0.997
712.877,0.996
712.897,0.999
712.917,0.999
712.937,1.000
712.957,0.995
712.977,0.999
712.997,0.999
713.017,0.998
713.037,0.998
713.057,1.000
713.077,0.998
713.097,1.000
713.117,0.997
713.137,0.996
713.157,0.997
713.177,1.000
713.197,0.994
713.217,0.998
713.237,0.997
713.257,0.998
713.277,0.998
713.297,0.998
713.317,1.000
713.337,0.999
713.357,0.999
713.377,0.998
713.397,0.999
713.417,0.997
713.437,0.997
713.457,0.999
713.477,0.997
713.497,0.998
713.517,0.997
713.537,0.997
713.557,0.999
713.577,0.999
713.597,0.998
713.617,0.996
713.637,0.999
713.657,0.994
713.677,0.996
713.697,0.998
713.717,0.999
713.737,0.996
713.757,1.000
713.777,0.998
713.797,0.997
713.817,0.998
713.837,0.999
713.857,0.997
713.877,0.997
713.897,0.999
713.917,0.999
713.937,0.997
713.957,0.998
713.977,0.995
713.997,0.999
714.017,0.996
714.037,0.999
714.057,0.999
714.077,0.997
714.097,0.998
714.117,0.997
714.137,1.000
714.157,0.998
714.177,0.998
714.197,0.997
714.217,0.999
714.237,0.999
714.257,0.996
714.277,0.997
714.297,1.000
714.317,0.999
714.337,0.997
714.357,0.997
714.377,1.000
714.397,0.996
714.417,0.998
714.437,0.997
714.457,0.998
714.477,0.994
714.497,0.996
714.517,0.997
714.537,0.999
714.557,0.999
714.577,0.998
714.597,0.997
714.617,0.998
714.637,1.000
714.657,0.997
714.677,0.997
714.697,1.000
714.717,0.996
714.737,0.998
714.757,0.997
714.777,0.998
714.797,0.997
714.817,0.995
714.837,1.004
714.857,0.994
714.877,1.001
714.897,0.998
714.917,0.999
714.937,0.996
714.957,0.997
714.977,1.000
714.997,0.998
715.017,0.997
715.037,0.998
715.057,0.999
715.077,0.997
715.097,0.998
715.117,0.999
715.137,0.998
715.157,1.000
715.177,0.997
715.197,0.999
715.217,0.997
715.237,0.999
715.257,0.997
715.277,0.999
715.297,0.997
715.317,1.000
715.337,0.999
715.357,0.998
715.377,0.998
715.397,0.998
715.417,0.998
715.437,1.000
715.457,0.996
715.477,0.998
715.497,0.995
715.517,0.999
715.537,0.999
715.557,0.998
715.577,1.000
715.597,0.998
715.617,0.999
715.637,0.997
715.657,0.997
715.677,0.997
715.697,0.998
715.717,0.998
715.737,0.998
715.757,1.001
715.777,0.997
715.797,0.999
715.817,0.997
715.837,0.997
715.857,1.000
715.877,0.997
715.897,1.001
715.917,0.999
715.937,0.998
715.957,0.995
715.977,0.999
715.997,0.996
716.017,0.997
716.037,0.997
716.057,0.998
716.077,0.999
716.097,0.998
716.117,0.998
716.137,1.000
716.157,0.998
716.177,1.000
716.197,0.996
716.217,0.997
716.237,0.999
716.257,0.998
716.277,0.996
716.297,0.998
716.317,0.997
716.337,0.995
716.357,0.997
716.377,0.997
716.397,0.999
716.417,0.997
716.437,0.999
716.457,0.997
716.477,0.996
716.497,1.000
716.517,1.000
716.537,1.001
716.557,0.998
716.577,0.998
716.597,0.998
716.617,0.998
716.637,0.999
716.657,0.998
716.677,0.999
716.697,0.998
716.717,0.998
716.737,1.000
716.757,0.999
716.777,0.998
716.797,0.997
716.817,0.998
716.837,0.998
716.857,0.998
716.877,1.001
716.897,0.996
716.917,0.998
716.937,0.997
716.957,1.001
716.977,0.999
716.997,1.002
717.017,0.998
717.037,1.000
717.057,1.001
717.077,0.998
717.097,0.998
717.117,0.999
717.137,1.002
717.157,0.999
717.177,1.000
717.197,0.998
717.217,0.998
717.237,1.000
717.257,0.998
717.277,0.998
717.297,0.998
717.317,0.999
717.337,0.997
717.357,0.998
717.377,1.000
717.397,0.997
717.417,0.997
717.437,0.997
717.457,1.000
717.477,0.999
717.497,0.998
717.517,0.997
717.537,0.998
717.557,0.998
717.577,0.998
717.597,0.998
717.617,0.998
717.637,1.000
717.657,0.999
717.677,0.999
717.697,1.000
717.717,0.998
717.737,0.999
717.757,0.999
717.777,0.998
717.797,1.000
717.817,1.000
717.837,1.001
717.857,0.998
717.877,1.000
717.897,0.997
717.917,0.999
717.937,0.999
717.957,1.002
717.977,1.001
717.997,1.002
718.017,0.999
718.037,0.998
718.057,0.998
718.077,0.996
718.097,1.001
718.117,0.999
718.137,0.999
718.157,1.000
718.177,1.001
718.197,0.998
718.217,0.997
718.237,1.002
718.257,0.998
718.277,0.997
718.297,1.000
718.317,0.997
718.337,0.998
718.357,0.997
718.377,0.999
718.397,0.969
718.417,1.012
718.437,1.008
718.457,0.998
718.477,0.993
718.497,1.012
718.517,0.998
718.537,0.996
718.557,0.996
718.577,1.000
718.597,0.995
718.617,1.003
718.637,0.997
718.657,0.998
718.677,0.996
718.697,1.003
718.717,0.997
718.737,0.998
718.757,0.999
718.777,0.996
718.797,0.999
718.817,1.002
718.837,0.998
718.857,0.999
718.877,0.998
718.897,1.000
718.917,0.998
718.937,1.000
718.957,0.997
718.977,1.001
718.997,0.997
719.017,1.003
719.037,0.998
719.057,0.999
719.077,0.997
719.097,0.999
719.117,1.000
719.137,1.001
719.157,1.001
719.177,0.999
719.197,0.996
719.217,0.999
719.237,0.998
719.257,1.000
719.277,0.997
719.297,1.002
719.317,0.997
719.337,1.002
719.357,1.001
719.377,1.002
719.397,1.000
719.417,1.000
719.437,1.001
719.457,0.993
719.477,0.999
719.497,1.004
719.517,0.996
719.537,0.999
719.557,0.999
719.577,0.998
719.597,1.000
719.617,1.001
719.637,0.999
719.657,0.998
719.677,1.001
719.697,0.997
719.717,0.998
719.737,1.001
719.757,0.999
719.777,0.995
719.797,0.999
719.817,0.998
719.837,0.998
719.857,1.004
719.877,0.998
719.897,0.999
719.917,0.999
719.937,1.000
719.957,0.999
719.977,1.000
719.997,1.001
720.017,0.998
720.037,1.000
720.057,1.000
720.077,0.999
720.097,1.001
720.117,0.998
720.137,0.999
720.157,1.002
720.177,1.001
720.197,0.998
720.217,0.999
720.237,1.002
720.257,0.999
720.277,1.001
720.297,0.999
720.317,0.997
720.337,0.997
720.357,0.998
720.377,0.997
720.397,0.998
720.417,0.998
720.437,0.999
720.457,0.999
720.477,0.999
720.497,1.002
720.517,0.998
720.537,1.000
720.557,1.000
720.577,0.997
720.597,1.000
720.617,1.000
720.637,0.998
720.657,1.000
720.677,1.000
720.697,1.000
720.717,1.001
720.737,1.001
720.757,0.999
720.777,0.999
720.797,0.998
720.817,1.000
720.837,1.001
720.857,1.002
720.877,1.001
720.897,0.998
720.917,1.000
720.937,0.996
720.957,1.004
720.977,0.996
720.997,0.999
721.017,0.999
721.037,1.001
721.057,0.999
721.077,0.999
721.097,1.000
721.117,1.003
721.137,1.000
721.157,0.998
721.177,0.999
721.197,1.003
721.217,1.001
721.237,1.001
721.257,0.997
721.277,1.003
721.297,0.999
721.317,0.998
721.337,1.002
721.357,0.999
721.377,0.997
721.397,0.998
721.417,1.000
721.437,0.998
721.457,0.999
721.477,1.000
721.497,0.999
721.517,0.999
721.537,1.000
721.557,1.000
721.577,0.998
721.597,1.001
721.617,0.999
721.637,0.999
721.657,0.997
721.677,0.997
721.697,1.001
721.717,1.001
721.737,0.999
721.757,0.999
721.777,0.999
721.797,0.998
721.817,1.000
721.837,1.003
721.857,0.999
721.877,1.003
721.897,0.998
721.917,1.003
721.937,0.999
721.957,0.999
721.977,1.001
721.997,0.998
722.017,1.001
722.037,0.998
722.057,0.999
722.077,0.998
722.097,1.000
722.117,0.998
722.137,1.002
722.157,0.990
722.177,0.996
722.197,1.004
722.217,1.000
722.237,0.992
722.257,1.002
722.277,0.999
722.297,0.998
722.317,0.997
722.337,1.001
722.357,0.997
722.377,1.001
722.397,1.001
722.417,1.000
722.437,0.999
722.457,1.000
722.477,1.000
722.497,0.999
722.517,0.999
722.537,1.001
722.557,1.001
722.577,0.999
722.597,0.998
722.617,1.002
722.637,1.000
722.657,1.002
722.677,0.998
722.697,0.999
722.717,1.000
722.737,0.998
722.757,1.002
722.777,1.014
722.797,0.999
722.817,0.995
722.837,0.997
722.857,1.005
722.877,1.001
722.897,1.003
722.917,0.999
722.937,0.998
722.957,0.992
722.977,1.001
722.997,0.999
723.017,1.001
723.037,0.999
723.057,1.001
723.077,1.002
723.097,1.001
723.117,0.999
723.137,1.001
723.157,0.999
723.177,0.999
723.197,0.997
723.217,1.000
723.237,0.999
723.257,1.000
723.277,1.001
723.297,1.000
723.317,1.004
723.337,0.999
723.357,0.999
723.377,0.996
723.397,0.999
723.417,0.999
723.437,1.000
723.457,1.002
723.477,1.001
723.497,1.003
723.517,0.999
723.537,0.999
723.557,0.999
723.577,1.000
723.597,0.999
723.617,1.000
723.637,1.003
723.657,0.998
723.677,0.999
723.697,0.999
723.717,1.001
723.737,1.001
723.757,1.002
723.777,1.003
723.797,1.000
723.817,0.999
723.837,1.001
723.857,1.000
723.877,0.999
723.897,0.999
723.917,0.999
723.937,1.000
723.957,1.000
723.977,1.002
723.997,1.003
724.017,1.001
724.037,0.999
724.057,0.998
724.077,1.001
724.097,1.002
724.117,1.001
724.137,1.002
724.157,0.999
724.177,1.000
724.197,1.000
724.217,1.001
724.237,1.000
724.257,1.001
724.277,1.001
724.297,1.002
724.317,0.998
724.337,0.997
724.357,0.999
724.377,1.002
724.397,1.001
724.417,1.001
724.437,0.999
724.457,1.000
724.477,0.999
724.497,1.003
724.517,0.999
724.537,1.003
724.557,1.000
724.577,0.999
724.597,1.001
724.617,1.000
724.637,0.998
724.657,1.001
724.677,1.002
724.697,1.001
724.717,0.998
724.737,0.999
724.757,0.998
724.777,1.001
724.797,1.003
724.817,1.000
724.837,0.998
724.857,1.003
724.877,1.002
724.897,1.001
724.917,0.999
724.937,1.001
724.957,0.999
724.977,0.998
724.997,0.999
725.017,1.002
725.037,0.999
725.057,0.999
725.077,1.001
725.097,1.001
725.117,0.999
725.137,0.999
725.157,1.000
725.177,0.999
725.197,0.999
725.217,1.000
725.237,1.001
725.257,1.001
725.277,0.998
725.297,1.002
725.317,0.998
725.337,1.001
725.357,1.002
725.377,0.999
725.397,1.000
725.417,1.001
725.437,0.998
725.457,1.001
725.477,1.000
725.497,1.000
725.517,1.001
725.537,1.000
725.557,1.001
725.577,1.002
725.597,0.999
725.617,1.002
725.637,0.999
725.657,1.001
725.677,1.000
725.697,0.999
725.717,0.998
725.737,1.004
725.757,1.002
725.777,0.997
725.797,1.000
725.817,0.999
725.837,1.000
725.857,0.998
725.877,1.000
725.897,1.001
725.917,1.001
725.937,1.000
725.957,0.998
725.977,1.001
725.997,1.000
726.017,1.000
726.037,1.004
726.057,1.000
726.077,1.003
726.097,0.998
726.117,1.001
726.137,1.000
726.157,0.999
726.177,0.998
726.197,1.000
726.217,1.002
726.237,1.001
726.257,1.001
726.277,0.996
726.297,1.000
726.317,1.000
726.337,1.001
726.357,1.001
726.377,0.999
726.397,0.999
726.417,1.003
726.437,1.003
726.457,0.998
726.477,1.003
726.497,1.000
726.517,0.998
726.537,0.999
726.557,1.004
726.577,1.003
726.597,0.998
726.617,1.001
726.637,0.999
726.657,0.997
726.677,1.000
726.697,1.001
726.717,1.004
726.737,1.005
726.757,1.001
726.777,1.001
726.797,1.000
726.817,0.999
726.837,1.011
726.857,0.997
726.877,0.997
726.897,0.998
726.917,1.004
726.937,1.001
726.957,1.000
726.977,1.001
726.997,1.003
727.017,0.997
727.037,1.000
727.057,1.003
727.077,1.000
727.097,1.002
727.117,1.001
727.137,1.002
727.157,1.000
727.177,1.002
727.197,1.002
727.217,1.002
745.802,1.378
745.822,0.934
745.842,0.960
745.862,0.973
745.882,0.883
745.902,1.053
745.922,1.009
745.942,0.875
745.962,1.247
745.982,1.032
746.001,0.942
746.021,0.835
746.041,1.019
746.061,1.060
746.081,1.220
746.101,1.115
746.121,0.968
746.141,1.255
746.161,1.009
746.181,0.970
746.201,0.914
746.221,0.967
746.241,0.973
746.261,0.863
746.281,0.925
746.301,1.089
746.321,1.008
746.341,1.057
746.361,0.947
746.381,0.911
746.401,1.004
746.421,0.887
746.441,1.058
746.461,1.052
746.481,0.979
746.501,1.032
746.521,0.951
746.541,1.025
746.561,1.089
746.581,1.049
746.601,1.032
746.621,1.057
746.641,0.934
746.661,0.944
746.681,1.076
746.701,1.068
746.721,1.095
746.741,1.093
746.761,1.031
746.781,0.950
746.801,0.992
746.821,0.963
746.841,1.007
746.861,0.946
746.881,0.914
746.901,0.878
746.921,0.949
746.941,0.997
746.961,1.062
746.981,1.032
747.001,1.003
747.021,1.154
747.041,1.157
747.061,0.942
747.081,0.890
747.101,1.029
747.121,0.932
747.141,0.909
747.161,1.012
747.181,0.879
747.201,1.115
747.221,1.087
747.241,0.959
747.261,0.925
747.281,1.589
747.301,1.203
747.321,1.253
747.341,1.269
747.361,1.197
747.381,1.085
747.401,0.806
747.421,0.785
747.441,0.853
747.461,0.972
747.481,1.134
747.501,1.062
747.521,0.881
747.541,1.066
747.561,1.020
747.581,0.998
747.601,1.020
747.621,1.003
747.641,0.993
747.661,1.000
747.681,1.047
747.701,0.999
747.721,1.087
747.741,1.007
747.761,0.971
747.781,0.916
747.801,0.949
747.821,1.103
747.841,1.102
747.861,1.002
747.881,0.851
747.901,1.151
747.921,0.925
747.941,0.969
747.961,1.055
747.981,1.118
748.001,1.018
748.021,0.928
748.041,1.062
748.061,0.990
748.081,0.971
748.101,1.018
748.121,1.004
748.141,1.037
748.161,0.993
748.181,0.991
748.201,1.009
748.221,1.005
748.241,1.002
748.261,1.004
748.281,1.004
748.301,1.006
748.321,1.032
748.341,1.047
748.361,0.989
748.381,1.180
748.401,0.843
748.421,1.020
748.441,1.060
748.461,1.019
748.481,1.029
748.501,1.034
748.521,1.000
748.541,0.970
748.561,0.978
748.581,1.212
748.601,0.281
748.621,1.550
748.641,0.715
748.661,1.091
748.681,1.024
748.701,0.995
748.721,1.100
748.741,0.953
748.761,0.869
748.781,0.986
748.801,0.956
748.821,1.066
748.841,1.001
748.861,0.949
748.881,1.032
748.901,1.018
748.921,1.100
748.941,1.087
748.961,1.115
748.981,1.123
749.001,1.000
749.021,1.021
749.041,1.034
749.061,1.021
749.081,1.020
749.101,0.822
749.121,1.088
749.141,1.028
749.161,1.028
749.181,1.016
749.201,0.996
749.221,0.983
749.241,1.010
749.261,0.992
749.281,0.986
749.301,1.129
749.321,1.053
749.341,1.405
749.361,1.010
749.381,1.002
749.401,1.001
749.421,1.028
749.441,1.008
749.461,1.008
749.481,1.199
749.501,1.052
749.521,1.006
749.541,1.004
749.561,1.018
749.581,1.009
749.601,0.998
749.621,1.013
749.641,1.033
749.661,1.002
749.681,1.012
749.701,0.986
749.721,0.990
749.741,0.995
749.761,0.997
749.781,1.031
749.801,1.099
749.821,1.081
749.841,1.130
749.861,1.094
749.881,1.122
749.901,1.008
749.921,1.018
749.941,1.124
749.961,1.019
749.981,1.019
750.001,1.029
750.021,1.003
750.041,1.011
750.061,1.023
750.081,0.647
750.101,1.008
750.121,1.009
750.141,1.030
750.161,1.788
750.181,1.008
750.201,1.036
750.221,1.018
750.241,0.996
750.261,1.014
750.281,1.015
750.301,1.013
750.321,1.003
750.341,1.210
750.361,0.972
750.381,1.013
750.401,1.020
750.421,1.036
750.441,1.016
750.461,1.051
750.481,0.919
750.501,0.998
750.521,1.193
750.541,1.040
750.561,1.027
750.581,0.775
750.601,1.043
750.621,1.016
750.641,0.987
750.661,1.056
750.681,1.035
750.701,1.004
750.721,1.012
750.741,1.005
750.761,1.039
750.781,1.079
750.801,1.024
750.821,0.852
750.841,1.019
750.861,1.005
750.881,0.898
750.901,1.185
750.921,0.879
750.941,1.039
750.961,0.966
750.981,0.990
751.001,0.985
751.021,0.990
751.041,1.113
751.061,1.050
751.081,1.010
751.101,0.999
751.121,1.016
751.141,1.014
751.161,1.019
751.181,1.017
751.201,1.021
751.221,1.010
751.241,0.999
751.261,1.012
751.281,1.009
751.301,1.004
751.321,1.058
751.341,1.052
751.361,1.205
751.381,1.000
751.401,1.101
751.421,0.979
751.441,0.962
751.461,0.955
751.481,0.928
751.501,1.174
751.521,1.000
751.541,0.993
751.561,0.985
751.581,0.959
751.601,0.977
751.621,1.025
751.641,1.056
751.661,1.263
751.681,0.984
751.701,0.932
751.721,1.040
751.741,1.083
751.761,1.050
751.781,1.103
751.801,1.077
751.821,0.950
751.841,1.028
751.861,1.043
751.881,0.931
751.901,1.044
751.921,1.005
751.941,0.969
751.961,1.013
751.981,0.994
752.001,1.046
752.021,1.012
752.041,1.017
752.061,1.006
752.081,1.021
752.101,1.000
752.121,1.019
752.141,1.011
752.161,1.022
752.181,1.001
752.201,1.517
752.221,1.003
752.241,1.013
752.261,1.003
752.281,1.016
752.301,1.014
752.321,1.018
752.341,1.017
752.361,1.015
752.381,1.013
752.401,1.016
752.421,1.008
752.441,1.015
752.461,1.013
752.481,1.016
752.501,1.001
752.521,1.013
752.541,1.014
752.561,1.019
752.581,1.022
752.601,0.969
752.621,1.019
752.641,1.009
752.661,1.017
752.681,1.010
752.701,1.010
752.721,1.014
752.741,0.927
752.761,1.002
752.781,1.010
752.801,1.012
752.821,1.009
752.841,0.992
752.861,1.016
752.881,1.010
752.901,1.053
752.921,1.017
752.941,0.998
752.961,1.027
752.981,1.031
753.001,0.531
753.021,1.124
753.041,1.019
753.061,1.013
753.081,1.143
753.101,0.988
753.121,1.008
753.141,1.001
753.161,0.959
753.181,0.993
753.201,1.010
753.221,1.022
753.241,1.009
753.261,1.018
753.281,1.008
753.301,1.014
753.321,1.014
753.341,1.010
753.361,1.007
753.381,1.014
753.401,1.037
753.421,1.012
753.441,1.013
753.461,1.029
753.481,1.013
753.501,1.013
753.521,1.010
753.541,1.008
753.561,0.996
753.581,1.014
753.601,1.038
753.621,1.008
753.641,1.010
753.661,1.013
753.681,1.044
753.701,1.042
753.721,1.033
753.741,1.013
753.761,1.011
753.781,1.006
753.801,1.013
753.821,1.010
753.841,1.030
753.861,1.014
753.881,1.006
753.901,1.016
753.921,1.011
753.941,1.024
753.961,1.006
753.981,1.074
754.001,0.973
754.021,1.020
754.041,1.022
754.061,1.047
754.081,1.189
754.101,1.006
754.121,1.008
754.141,1.016
754.161,1.014
754.181,1.000
754.201,1.012
754.221,1.014
754.241,1.014
754.261,1.192
754.281,1.012
754.301,1.007
754.321,1.011
754.341,1.008
754.361,1.033
754.381,1.079
754.401,1.003
754.421,1.027
754.441,1.026
754.461,1.481
754.481,1.122
754.501,1.041
754.521,1.058
754.541,1.073
754.561,1.243
754.581,1.128
754.601,1.022
754.621,1.025
754.641,1.008
754.661,1.011
754.681,1.094
754.701,0.992
754.721,1.024
754.741,0.974
754.761,1.056
754.781,0.986
754.801,1.057
754.821,0.980
754.841,1.035
754.861,0.981
754.881,1.031
754.901,1.102
754.921,1.038
754.941,1.002
754.961,1.021
754.981,0.994
755.001,1.039
755.021,1.021
755.041,1.012
755.061,1.006
755.081,1.026
755.101,1.004
755.121,1.020
755.141,1.064
755.161,1.006
755.181,1.016
755.201,1.019
755.221,1.014
755.241,1.018
755.261,1.008
755.281,0.998
755.301,1.032
755.321,1.008
755.341,1.010
755.361,1.035
755.381,1.015
755.401,1.062
755.421,1.019
755.441,1.012
755.461,1.018
755.481,1.012
755.501,1.021
755.521,0.995
755.541,1.008
755.561,1.007
755.581,1.009
755.601,1.003
755.621,1.014
755.641,1.007
755.661,1.019
755.681,1.034
755.701,1.011
755.721,1.007
755.741,1.015
755.761,1.170
755.781,1.333
755.801,2.007
755.821,2.286
755.841,6.470
755.861,2.129
755.881,4.005
755.901,1.214
755.921,0.610
755.941,0.771
755.961,2.337
755.981,0.953
756.001,1.034
756.021,0.963
756.041,0.980
756.061,0.995
756.081,0.948
756.101,0.878
756.121,0.926
756.141,0.969
756.161,0.851
756.181,0.913
756.201,0.909
756.221,0.994
756.241,0.914
756.261,0.940
756.281,0.870
756.301,0.955
756.321,0.916
756.341,0.926
756.361,1.012
756.381,1.130
756.401,0.989
756.421,0.922
756.441,0.893
756.461,0.923
756.481,0.881
756.501,0.940
756.521,0.931
756.541,0.961
756.561,1.015
756.581,0.998
756.601,0.809
756.621,0.892
756.641,0.912
756.661,0.967
756.681,0.932
756.701,0.937
756.721,0.925
756.741,0.929
756.761,0.924
756.781,0.928
756.801,0.926
756.821,1.004
756.841,0.986
756.861,1.002
756.881,1.056
756.901,1.155
756.921,0.800
756.941,0.795
756.961,0.893
756.981,0.762
757.001,0.831
757.021,0.998
757.041,1.001
757.061,0.998
757.081,0.763
757.101,0.821
757.121,1.077
757.141,0.927
757.161,0.922
757.181,0.871
757.201,0.932
757.221,1.008
757.241,0.920
757.261,0.818
757.281,0.973
757.301,1.020
757.321,0.908
757.341,0.871
757.361,0.999
757.381,0.911
757.401,0.929
757.421,0.975
757.441,0.956
757.461,0.914
757.481,0.958
757.501,0.986
757.521,0.948
757.541,0.807
757.561,0.926
757.581,0.973
757.601,0.913
757.621,0.972
757.641,0.951
757.661,0.963
757.681,0.969
757.701,0.987
757.721,0.970
757.741,0.935
757.761,0.979
757.781,0.935
757.801,1.016
757.821,1.027
757.841,0.918
757.861,0.934
757.881,0.972
757.901,0.742
757.921,1.117
757.941,0.917
757.961,1.006
757.981,0.970
758.001,0.920
758.021,0.869
758.041,0.940
758.061,0.970
758.081,0.926
758.101,0.987
758.121,0.956
758.141,0.934
758.161,0.967
758.181,0.994
758.201,0.967
758.221,1.004
758.241,0.975
758.261,0.988
758.281,0.972
758.301,0.968
758.321,0.902
758.341,0.904
758.361,0.918
758.381,0.964
758.401,0.965
758.421,0.973
758.441,1.015
758.461,0.997
758.481,1.007
758.501,1.165
758.521,1.120
758.541,1.184
758.561,1.210
758.581,1.069
758.601,0.868
758.621,0.891
758.641,0.756
758.661,0.944
758.681,1.022
758.701,0.980
758.721,0.990
758.741,0.951
758.761,1.002
758.781,0.955
758.801,1.007
758.821,1.026
758.841,1.023
758.861,0.985
758.881,0.986
758.901,0.921
758.921,1.032
758.941,1.143
758.961,1.061
758.981,0.972
759.001,0.972
759.021,0.994
759.041,1.082
759.061,0.992
759.081,0.906
759.101,0.889
759.121,1.017
759.141,0.997
759.161,0.992
759.181,1.054
759.201,0.914
759.221,0.891
759.241,0.776
759.261,0.895
759.281,0.719
759.301,1.125
759.321,1.218
759.341,1.482
759.361,0.846
759.381,1.279
759.401,1.203
759.421,0.891
759.441,0.877
759.461,0.905
759.481,0.741
759.501,1.008
759.521,0.791
759.541,1.061
759.561,0.594
759.581,1.286
759.601,0.870
759.621,1.284
759.641,1.080
759.661,1.193
759.681,1.065
759.701,0.947
759.721,1.053
759.741,1.003
759.761,1.103
759.781,1.015
759.801,0.929
759.821,0.903
759.841,0.956
759.861,0.980
759.881,0.879
759.901,0.737
759.921,1.000
759.941,0.984
759.961,1.190
759.981,1.119
760.001,1.046
760.021,0.678
760.041,1.103
760.061,1.129
760.081,0.943
760.101,0.989
760.121,1.032
760.141,1.152
760.161,1.037
760.181,1.069
760.201,1.123
760.221,1.077
760.241,0.981
760.261,1.044
760.281,1.257
760.301,0.974
760.321,1.024
760.341,0.983
760.361,0.927
760.381,0.752
760.401,0.789
760.421,1.285
760.441,1.040
760.461,1.047
760.481,0.913
760.501,4.523
760.521,0.852
760.541,0.770
760.561,0.890
760.581,1.000
760.601,0.780
760.621,1.007
760.641,0.890
760.661,1.055
760.681,1.052
760.701,0.884
760.721,0.942
760.741,1.071
760.761,1.057
760.781,1.101
760.801,0.986
760.821,1.093
760.841,1.081
760.861,1.024
760.881,1.111
760.901,0.966
760.921,0.934
760.941,1.149
760.961,1.115
760.981,1.100
761.001,1.835
761.021,0.708
761.041,1.047
761.061,0.862
761.081,0.968
761.101,1.082
761.121,1.053
761.141,1.034
761.161,0.917
761.181,1.144
761.201,1.050
761.221,1.116
761.241,0.859
761.261,0.861
761.281,0.537
761.301,0.929
761.321,0.948
761.341,0.834
761.361,1.004
761.381,0.957
761.401,1.203
761.421,1.165
761.441,0.994
761.461,1.036
761.481,1.093
761.501,0.916
761.521,1.105
761.541,0.960
761.561,0.931
761.581,1.029
761.601,0.907
761.621,0.849
761.641,0.967
761.661,1.146
761.681,1.658
761.701,1.003
761.721,1.221
761.741,0.975
761.761,0.916
761.781,1.304
761.801,1.314
761.821,1.130
761.841,1.095
761.861,1.176
761.881,1.133
761.901,0.886
761.921,0.728
761.941,0.852
761.961,0.797
761.981,0.967
762.001,0.943
762.021,1.083
762.041,1.180
762.061,1.658
762.081,0.979
762.101,1.087
762.121,1.092
762.141,0.812
762.161,0.851
762.181,0.792
762.201,1.129
762.221,0.883
762.241,1.205
762.261,1.109
762.281,1.190
762.301,1.089
762.321,1.028
762.341,0.825
762.361,0.907
762.381,0.956
762.401,1.022
762.421,1.066
762.441,1.174
762.461,1.225
762.481,1.233
762.501,1.255
762.521,0.988
762.541,1.062
762.561,1.077
762.581,1.047
762.601,0.922
762.621,0.869
762.641,0.999
762.661,0.954
762.681,0.754
762.701,1.104
762.721,1.107
762.741,0.951
762.761,0.871
762.781,0.956
762.801,1.219
762.821,1.067
762.841,1.063
762.861,0.982
762.881,0.997
762.901,0.758
762.921,1.060
762.941,1.002
762.961,0.993
762.981,0.999
763.001,0.920
763.021,0.947
763.041,1.005
763.061,0.906
763.081,0.891
763.101,0.874
763.121,1.092
763.141,0.983
763.161,1.002
763.181,0.987
763.201,1.132
763.221,1.119
763.241,1.063
763.261,1.046
763.281,1.081
763.301,1.003
763.321,1.057
763.341,1.140
763.361,1.084
763.381,1.137
763.401,0.983
763.421,0.997
763.441,0.985
763.461,0.926
763.481,0.870
763.501,1.022
763.521,1.017
763.541,0.902
763.561,0.929
763.581,1.082
763.601,1.115
763.621,1.099
763.641,1.001
763.661,0.967
763.681,0.977
763.701,1.098
763.721,1.050
763.741,0.942
763.761,0.824
763.781,0.816
763.801,1.009
763.821,0.926
763.841,0.782
763.861,0.750
763.881,1.184
763.901,1.194
763.921,0.910
763.941,0.978
763.961,1.058
763.981,1.008
764.001,1.041
764.021,0.984
764.041,0.900
764.061,0.917
764.081,0.898
764.101,0.948
764.121,1.059
764.141,1.068
764.161,1.032
764.181,1.083
764.201,1.038
764.221,0.967
764.241,1.086
764.261,1.070
764.281,1.077
764.301,1.125
764.321,1.190
764.341,1.011
764.361,1.008
764.381,1.045
764.401,1.014
764.421,0.955
764.441,0.966
764.461,1.008
764.481,1.050
764.501,1.062
764.521,0.993
764.541,0.979
764.561,0.953
764.581,0.940
764.601,1.117
764.621,1.043
764.641,1.049
764.661,0.986
764.681,0.988
764.701,1.052
764.721,1.046
764.741,1.067
764.761,1.020
764.781,0.984
764.801,1.013
764.821,1.004
764.841,0.977
764.861,0.967
764.881,1.010
764.901,1.030
764.921,0.982
764.941,0.964
764.961,1.032
764.981,1.039
765.001,0.947
765.021,0.940
765.041,1.011
765.061,0.967
765.081,1.020
765.101,1.076
765.121,1.071
765.141,1.004
765.161,1.068
765.181,1.075
765.201,1.042
765.221,1.177
765.241,0.929
765.261,0.938
765.281,0.960
765.301,0.936
765.321,1.009
765.341,1.001
765.361,1.016
765.381,1.041
765.401,1.081
765.421,1.040
765.441,1.024
765.461,0.991
765.481,1.014
765.501,1.008
765.521,0.998
765.541,1.001
765.561,1.034
765.581,1.048
765.601,1.056
765.621,1.047
765.641,1.030
765.661,1.025
765.681,1.058
765.701,1.044
765.721,1.017
765.741,0.997
765.761,1.012
765.781,1.043
765.801,1.053
765.821,1.031
765.841,1.051
765.861,1.045
765.881,0.946
765.901,0.903
765.921,0.887
765.941,0.866
765.961,0.915
765.981,0.943
766.001,0.983
766.021,1.134
766.041,1.108
766.061,1.101
766.081,1.033
766.101,0.979
766.121,0.976
766.141,0.940
766.161,1.018
766.181,1.043
766.201,1.033
766.221,1.020
766.241,1.028
766.261,1.035
766.281,1.052
766.301,1.023
766.321,0.984
766.341,1.011
766.361,1.018
766.381,1.031
766.401,1.002
766.421,0.975
766.441,0.946
766.461,0.901
766.481,0.989
766.501,1.005
766.521,0.968
766.541,1.067
766.561,1.145
766.581,1.051
766.601,1.051
766.621,1.064
766.641,1.091
766.661,1.104
766.681,1.026
766.701,1.001
766.721,1.042
766.741,1.021
766.761,1.030
766.781,1.009
766.801,0.992
766.821,1.003
766.841,0.960
766.861,0.988
766.881,0.980
766.901,0.986
766.921,1.008
766.941,1.006
766.961,1.118
766.981,1.026
767.001,1.042
767.021,1.011
767.041,0.939
767.061,0.961
767.081,0.984
767.101,1.016
767.121,1.013
767.141,1.010
767.161,1.010
767.181,1.044
767.201,1.022
767.221,1.018
767.241,1.094
767.261,0.989
767.281,0.957
767.301,1.011
767.321,1.020
767.341,1.010
767.361,1.007
767.381,1.004
767.401,0.923
767.421,0.905
767.441,0.986
767.461,1.006
767.481,1.063
767.501,1.066
767.521,1.018
767.541,1.029
767.561,1.004
767.581,1.061
767.601,1.075
767.621,1.036
767.641,1.026
767.661,0.993
767.681,1.009
767.701,1.043
767.721,1.039
767.741,1.067
767.761,1.047
767.781,1.028
767.801,1.119
767.821,1.029
767.841,1.044
767.861,1.041
767.881,1.002
767.901,0.981
767.921,0.998
767.941,0.962
767.961,0.970
767.981,0.983
768.001,0.936
768.021,0.952
768.041,0.998
768.061,1.114
768.081,1.074
768.101,0.927
768.121,0.963
768.141,1.039
768.161,1.107
768.181,1.055
768.201,1.051
768.221,1.009
768.241,1.006
768.261,1.021
768.281,1.074
768.301,1.039
768.321,1.071
768.341,1.019
768.361,1.030
768.381,0.992
768.401,1.023
768.421,0.994
768.441,1.000
768.461,1.005
768.481,1.007
768.501,1.023
768.521,1.010
768.541,1.038
768.561,1.059
768.581,0.980
768.601,1.022
768.621,1.011
768.641,1.012
768.661,0.984
768.681,0.997
768.701,1.000
768.721,1.019
768.741,1.018
768.761,1.012
768.781,1.024
768.801,1.005
768.821,1.004
768.841,1.016
768.861,1.021
768.881,1.016
768.901,0.987
768.921,1.009
768.941,0.991
768.961,0.994
768.981,0.991
769.001,1.000
769.021,0.991
769.041,0.989
769.061,0.990
769.081,1.027
769.101,0.983
769.121,0.998
769.141,1.053
769.161,1.066
769.181,1.046
769.201,1.047
769.221,1.055
769.241,1.019
769.261,0.982
769.281,0.924
769.301,0.992
769.321,1.042
769.341,1.037
769.361,1.034
769.381,1.010
769.401,1.046
769.421,1.034
769.441,1.038
769.461,1.011
769.481,1.006
769.501,0.999
769.521,0.993
769.541,0.992
769.561,0.997
769.581,0.999
769.601,0.992
769.621,1.081
769.641,1.007
769.661,1.023
769.681,1.006
769.701,1.019
769.721,1.089
769.741,1.001
769.761,1.037
769.781,1.007
769.801,1.034
769.821,1.029
769.841,1.026
769.861,1.017
769.881,1.027
769.901,1.011
769.921,0.978
769.941,0.987
769.961,0.978
769.981,0.999
770.001,0.986
770.021,1.013
770.041,1.009
770.061,1.020
770.081,1.006
770.101,1.001
770.121,1.021
770.141,1.078
770.161,1.014
770.181,0.966
770.201,1.010
770.221,1.030
770.241,1.089
770.261,1.071
770.281,1.059
770.301,1.013
770.321,1.054
770.341,0.978
770.361,0.965
770.381,0.910
770.401,0.944
770.421,0.937
770.441,0.980
770.461,1.006
770.481,1.106
770.501,1.069
770.521,0.956
770.541,0.997
770.561,0.947
770.581,1.118
770.601,1.044
770.621,1.064
770.641,0.976
770.661,0.999
770.681,0.967
770.701,1.058
770.721,0.964
770.741,0.952
770.761,0.980
770.781,0.998
770.801,0.964
770.821,1.045
770.841,1.070
770.861,1.027
770.881,0.916
770.901,1.039
770.921,1.040
770.941,0.989
770.961,0.986
770.981,1.040
771.001,0.988
771.021,1.091
771.041,1.110
771.061,0.909
771.081,0.976
771.101,1.014
771.121,1.057
771.141,0.958
771.161,1.007
771.181,1.055
771.201,1.005
771.221,0.972
771.241,1.030
771.261,1.073
771.281,1.009
771.301,0.989
771.321,1.011
771.341,0.986
771.361,0.896
771.381,0.906
771.401,0.955
771.421,1.032
771.441,0.985
771.461,1.011
771.481,1.042
771.501,0.785
771.521,1.234
771.541,1.321
771.561,1.121
771.581,0.884
771.601,0.784
771.621,0.980
771.641,1.054
771.661,0.914
771.681,0.938
771.701,0.989
771.721,1.106
771.741,0.744
771.761,0.896
771.781,0.931
771.801,1.095
771.821,1.304
771.841,1.217
771.861,1.045
771.881,0.941
771.901,1.081
771.921,1.130
771.941,1.056
771.961,0.995
771.981,0.712
772.001,0.868
772.021,0.969
772.041,0.989
772.061,1.001
772.081,0.955
772.101,0.925
772.121,0.782
772.141,0.980
772.161,1.145
772.181,1.112
772.201,0.960
772.221,0.981
772.241,1.077
772.261,1.068
772.281,1.060
772.301,1.037
772.321,0.947
772.341,0.923
772.361,1.015
772.381,0.945
772.401,0.983
772.421,1.029
772.441,1.111
772.461,1.213
772.481,0.936
772.501,0.986
772.521,0.996
772.541,1.040
772.561,1.048
772.581,1.028
772.601,1.080
772.621,1.011
772.641,0.970
772.661,0.916
772.681,0.899
772.701,0.831
772.721,0.862
772.741,0.946
772.761,1.196
772.781,1.090
772.801,1.081
772.821,1.008
772.841,0.966
772.861,0.993
772.881,1.002
772.901,1.053
772.921,1.032
772.941,1.083
772.961,1.088
772.981,1.043
773.001,1.023
773.021,0.987
773.041,0.974
773.061,1.084
773.081,1.031
773.101,0.978
773.121,0.955
773.141,0.997
773.161,0.975
773.181,1.064
773.201,1.088
773.221,1.060
773.241,1.047
773.261,1.046
773.281,1.037
773.301,1.073
773.321,1.070
773.341,1.025
773.361,1.013
773.381,1.011
773.401,1.043
773.421,0.991
773.441,0.997
773.461,0.989
773.481,0.996
773.501,0.976
773.521,0.980
773.541,0.971
773.561,0.962
773.581,0.953
773.601,1.011
773.621,1.013
773.641,0.995
773.661,0.993
773.681,1.042
773.701,1.074
773.721,1.048
773.741,1.063
773.761,1.053
773.781,1.063
773.801,1.051
773.821,1.012
773.841,1.010
773.861,1.008
773.881,1.001
773.901,0.970
773.921,0.977
773.941,0.993
773.961,0.998
773.981,1.023
774.001,1.016
774.021,1.004
774.041,0.995
774.061,1.026
774.081,0.997
774.101,0.996
774.121,0.987
774.141,0.996
774.161,1.014
774.181,1.021
774.201,1.024
774.221,0.972
774.241,0.988
774.261,0.991
774.281,0.970
774.301,0.955
774.321,0.985
774.341,1.027
774.361,1.030
774.381,1.022
774.401,0.991
774.421,0.987
774.441,1.017
774.461,1.023
774.481,1.049
774.501,1.047
774.521,1.027
774.541,1.029
774.561,1.036
774.581,1.027
774.601,1.017
774.621,1.006
774.641,0.989
774.661,1.005
774.681,1.008
774.701,1.002
774.721,0.992
774.741,1.006
774.761,0.990
774.781,0.999
774.801,1.007
774.821,1.013
774.841,1.020
774.861,1.021
774.881,1.011
774.901,1.019
774.921,1.051
774.941,1.015
774.961,1.001
774.981,1.016
775.001,1.021
775.021,0.986
775.041,0.961
775.061,0.947
775.081,0.967
775.101,0.981
775.121,0.999
775.141,1.005
775.161,1.022
775.181,1.017
775.201,1.008
775.221,1.015
775.241,1.035
775.261,1.048
775.281,1.038
775.301,1.020
775.321,1.017
775.341,1.024
775.361,1.010
775.381,1.006
775.401,1.000
775.421,1.005
775.441,1.002
775.461,1.011
775.481,1.009
775.501,0.999
775.521,0.996
775.541,0.995
775.561,1.018
775.581,0.993
775.601,1.006
775.621,1.027
775.641,1.036
775.661,1.013
775.681,1.018
775.701,1.001
775.721,0.999
775.741,0.977
775.761,0.979
775.781,0.993
775.801,0.998
775.821,1.004
775.841,1.005
775.861,1.021
775.881,1.029
775.901,1.021
775.921,1.030
775.941,0.999
775.961,0.992
775.981,0.991
776.001,0.984
776.021,0.992
776.041,0.996
776.061,0.983
776.081,0.991
776.101,1.020
776.121,1.030
776.141,1.014
776.161,1.017
776.181,1.030
776.201,1.040
776.221,1.043
776.241,1.040
776.261,1.009
776.281,0.975
776.301,0.993
776.321,0.992
776.341,1.019
776.361,1.027
776.381,1.026
776.401,1.025
776.421,1.019
776.441,1.046
776.461,1.073
776.481,1.084
776.501,1.071
776.521,1.047
776.541,1.035
776.561,0.997
776.581,0.952
776.601,0.912
776.621,0.902
776.641,0.898
776.661,0.902
776.681,0.933
776.701,0.964
776.721,0.992
776.741,1.005
776.761,1.023
776.781,1.035
776.801,1.055
776.821,1.042
776.841,1.035
776.861,1.016
776.881,1.027
776.901,1.036
776.921,1.050
776.941,1.047
776.961,1.048
776.981,1.057
777.001,1.042
777.021,1.039
777.041,1.043
777.061,1.044
777.081,1.040
777.101,1.025
777.121,1.023
777.141,1.022
777.161,1.021
777.181,0.999
777.201,0.983
777.221,0.981
777.241,0.991
777.261,0.993
777.281,0.975
777.301,0.983
777.321,1.001
777.341,1.008
777.361,1.032
777.381,1.034
777.401,1.014
777.421,0.991
777.441,0.991
777.461,0.994
777.481,1.024
777.501,1.039
777.521,1.040
777.541,1.026
777.561,1.001
777.581,1.003
777.601,1.022
777.621,1.024
777.641,1.013
777.661,1.000
777.681,1.004
777.701,1.017
777.721,1.006
777.741,0.979
777.761,0.987
777.781,0.994
777.801,0.998
777.821,1.007
777.841,1.007
777.861,1.006
777.881,0.991
777.901,1.017
777.921,1.016
777.941,1.021
777.961,1.009
777.981,0.994
778.001,0.993
778.021,0.994
778.041,0.990
778.061,0.982
778.081,0.979
778.101,0.987
778.121,0.988
778.141,1.008
778.161,1.023
778.181,1.035
778.201,1.019
778.221,1.015
778.241,1.010
778.261,1.002
778.281,1.014
778.301,1.016
778.321,1.014
778.341,1.009
778.361,1.002
778.381,0.995
778.401,0.997
778.421,1.000
778.441,1.007
778.461,1.000
778.481,0.996
778.501,0.982
778.521,1.003
778.541,1.003
778.561,0.995
778.581,1.008
778.601,1.004
778.621,1.021
778.641,1.043
778.661,1.041
778.681,1.022
778.701,0.997
778.721,1.004
778.741,1.011
778.761,1.013
778.781,1.007
778.801,1.017
778.821,1.023
778.841,1.030
778.861,1.032
778.881,1.023
778.901,1.023
778.921,1.012
778.941,1.004
778.961,1.014
778.981,1.010
779.001,1.013
779.021,1.008
779.041,1.000
779.061,0.983
779.081,0.955
779.101,0.962
779.121,0.963
779.141,0.957
779.161,0.963
779.181,0.981
779.201,1.009
779.221,1.017
779.241,1.034
779.261,1.040
779.281,1.059
779.301,1.076
779.321,1.069
779.341,1.059
779.361,1.023
779.381,1.013
779.401,0.989
779.421,0.976
779.441,0.963
779.461,0.968
779.481,0.978
779.501,0.988
779.521,0.994
779.541,1.002
779.561,1.008
779.581,1.002
779.601,1.004
779.621,1.010
779.641,1.007
779.661,1.008
779.681,1.024
779.701,1.050
779.721,1.053
779.741,1.045
779.761,1.026
779.781,1.029
779.801,1.013
779.821,1.001
779.841,0.978
779.861,0.974
779.881,0.980
779.901,0.991
779.921,0.990
779.941,0.994
779.961,1.015
779.981,1.015
780.001,1.006
780.021,1.003
780.041,1.021
780.061,1.025
780.081,1.014
780.101,1.018
780.121,1.017
780.141,1.017
780.161,0.995
780.181,1.000
780.201,0.998
780.221,0.995
780.241,1.003
780.261,0.996
780.281,0.994
780.301,1.001
780.321,1.009
780.341,1.018
780.361,1.021
780.381,1.025
780.401,1.028
780.421,1.023
780.441,0.991
780.461,0.984
780.481,0.967
780.501,0.972
780.521,0.979
780.541,0.995
780.561,1.031
780.581,1.022
780.601,1.043
780.621,1.031
780.641,1.040
780.661,1.048
780.681,1.077
780.701,1.079
780.721,1.046
780.741,1.000
780.761,0.986
780.781,0.994
780.801,0.992
780.821,0.980
780.841,0.955
780.861,0.961
780.881,0.956
780.901,0.969
780.921,0.954
780.941,0.971
780.961,0.993
780.981,0.998
781.001,1.010
781.021,1.027
781.041,1.034
781.061,1.022
781.081,1.004
781.101,0.991
781.121,0.987
781.141,0.996
781.161,1.028
781.181,1.020
781.201,1.021
781.221,1.015
781.241,1.013
781.261,1.013
781.281,1.017
781.301,1.036
781.321,1.025
781.341,1.006
781.361,1.011
781.381,1.020
781.401,1.013
781.421,1.015
781.441,1.011
781.461,1.014
781.481,0.991
781.501,0.999
781.521,0.989
781.541,1.000
781.561,0.995
781.581,0.992
781.601,1.003
781.621,1.020
781.641,1.057
781.661,1.047
781.681,1.027
781.701,1.013
781.721,1.000
781.741,1.010
781.761,1.015
781.781,1.018
781.801,1.003
781.821,1.011
781.841,1.022
781.861,1.027
781.881,1.032
781.901,1.013
781.921,1.007
781.941,1.002
781.961,1.003
781.981,0.972
782.001,0.973
782.021,0.983
782.041,0.987
782.061,0.989
782.081,0.991
782.101,1.004
782.121,1.020
782.141,1.024
782.161,0.987
782.181,0.992
782.201,0.998
782.221,1.011
782.241,1.017
782.261,1.019
782.281,1.042
782.301,1.052
782.321,1.063
782.341,1.036
782.361,1.026
782.381,1.009
782.401,1.009
782.421,1.012
782.441,1.020
782.461,0.991
782.481,0.994
782.501,0.995
782.521,1.003
782.541,1.014
782.561,1.025
782.581,0.995
782.601,0.988
782.621,1.016
782.641,0.997
782.661,0.980
782.681,1.003
782.701,1.037
782.721,1.103
782.741,1.099
782.761,1.078
782.781,1.059
782.801,1.035
782.821,1.006
782.841,0.984
782.861,0.976
782.881,0.983
782.901,0.976
782.921,1.028
782.941,1.018
782.961,0.992
782.981,0.957
783.001,0.961
783.021,0.983
783.041,1.019
783.061,1.024
783.081,1.021
783.101,1.014
783.121,1.019
783.141,0.984
783.161,0.974
783.181,0.955
783.201,0.906
783.221,0.868
783.241,0.857
783.261,0.849
783.281,0.902
783.301,0.918
783.321,0.997
783.341,1.137
783.361,1.268
783.381,1.171
783.401,1.130
783.421,1.121
783.441,1.099
783.461,1.024
783.481,0.940
783.501,0.880
783.521,0.890
783.541,0.926
783.561,0.951
783.581,0.984
783.601,1.024
783.621,0.950
783.641,0.919
783.661,0.920
783.681,0.919
783.701,0.994
783.721,0.959
783.741,1.019
783.761,1.054
783.781,1.085
783.801,1.109
783.821,1.133
783.841,1.069
783.861,1.142
783.881,1.037
783.901,0.773
783.921,1.074
783.941,1.034
783.961,0.984
783.981,1.018
784.001,1.001
784.021,0.983
784.041,1.000
784.061,0.963
784.081,0.975
784.101,0.963
784.121,0.977
784.141,1.004
784.161,0.976
784.181,0.944
784.201,0.960
784.221,0.995
784.241,1.001
784.261,1.000
784.281,1.010
784.301,1.016
784.321,1.003
784.341,1.002
784.361,1.004
784.381,0.988
784.401,1.045
784.421,1.020
784.441,1.029
784.461,1.017
784.481,1.024
784.501,1.150
784.521,1.093
784.541,1.055
784.561,0.994
784.581,1.041
784.601,0.995
784.621,0.958
784.641,0.947
784.661,0.999
784.681,1.041
784.701,1.036
784.721,1.032
784.741,1.007
784.761,1.028
784.781,1.012
784.801,1.036
784.821,1.003
784.841,1.029
784.861,1.013
784.881,1.048
784.901,1.021
784.921,1.015
784.941,1.045
784.961,1.108
784.981,0.892
785.001,1.003
785.021,1.015
785.041,1.029
785.061,1.043
785.081,1.151
785.101,0.964
785.121,1.071
785.141,0.948
785.161,1.001
785.181,0.956
785.201,0.997
785.221,1.006
785.241,1.024
785.261,1.007
785.281,1.059
785.301,1.028
785.321,1.008
785.341,1.002
785.361,1.031
785.381,1.021
785.401,1.069
785.421,1.047
785.441,0.997
785.461,1.020
785.481,0.998
785.501,0.970
785.521,0.990
785.541,1.014
785.561,0.994
785.581,1.017
785.601,1.027
785.621,1.023
785.641,1.002
785.661,1.020
785.681,1.031
785.701,1.034
785.721,1.000
785.741,0.972
785.761,0.946
785.781,0.910
785.801,1.023
785.821,1.055
785.841,1.148
785.861,1.079
785.881,1.022
785.901,1.003
785.921,0.983
785.941,1.021
785.961,1.039
785.981,1.082
786.001,0.945
786.021,0.917
786.041,0.956
786.061,1.017
786.081,1.043
786.101,1.009
786.121,1.073
786.141,1.059
786.161,1.058
786.181,1.047
786.201,1.016
786.221,0.979
786.241,1.012
786.261,1.037
786.281,1.045
786.301,1.074
786.321,1.097
786.341,1.074
786.361,0.958
786.381,0.848
786.401,0.986
786.421,0.945
786.441,1.002
786.461,1.003
786.481,0.965
786.501,0.957
786.521,0.961
786.541,1.003
786.561,1.066
786.581,1.042
786.601,1.017
786.621,0.963
786.641,0.945
786.661,0.876
786.681,0.981
786.701,1.040
786.721,0.926
786.741,1.091
786.761,1.058
786.781,1.152
786.801,1.026
786.821,0.960
786.841,1.035
786.861,1.139
786.881,0.966
786.901,0.954
786.921,1.124
786.941,0.998
786.961,0.847
786.981,0.982
787.001,1.053
787.021,1.010
787.041,0.938
787.061,0.970
787.081,0.964
787.101,0.992
787.121,1.020
787.141,1.069
787.161,1.092
787.181,1.111
787.201,1.018
787.221,1.006
787.241,1.023
787.261,1.022
787.281,1.025
787.301,1.040
787.321,0.941
787.341,0.979
787.361,0.991
787.381,0.970
787.401,0.970
787.421,0.968
787.441,0.953
787.461,0.945
787.481,0.975
787.501,0.970
787.521,0.976
787.541,0.963
787.561,0.896
787.581,0.886
787.601,1.037
787.621,1.187
787.641,1.079
787.661,1.115
787.681,1.005
787.701,1.137
787.721,1.077
787.741,1.011
787.761,0.926
787.781,0.953
787.801,0.969
787.821,1.012
787.841,1.040
787.861,1.099
787.881,1.007
787.901,0.893
787.921,0.829
787.941,0.945
787.961,1.143
787.981,0.965
788.001,0.991
788.021,1.062
788.041,1.125
788.061,1.159
788.081,1.031
788.101,0.819
788.121,0.699
788.141,0.916
788.161,1.017
788.181,1.076
788.201,1.044
788.221,0.965
788.241,0.993
788.261,0.982
788.281,1.112
788.301,1.169
788.321,1.076
788.341,1.032
788.361,1.088
788.381,1.077
788.401,1.023
788.421,1.016
788.441,1.041
788.461,0.930
788.481,0.884
788.501,1.560
788.521,1.336
788.541,0.935
788.561,0.829
788.581,0.837
788.601,0.986
788.621,0.984
788.641,0.880
788.661,0.850
788.681,0.917
788.701,1.022
788.721,0.742
788.741,1.584
788.761,0.692
788.781,1.273
788.801,0.940
788.821,0.924
788.841,0.782
788.861,0.761
788.881,1.217
788.901,1.205
788.921,1.217
788.941,1.186
788.961,0.972
788.981,0.937
789.001,0.961
789.021,0.999
789.041,1.084
789.061,1.094
789.081,1.045
789.101,1.099
789.121,1.058
789.141,1.034
789.161,1.114
789.181,1.146
789.201,1.135
789.221,1.040
789.241,1.424
789.261,0.980
789.281,0.980
789.301,0.953
789.321,0.941
789.341,0.982
789.361,0.965
789.381,1.056
789.401,1.018
789.421,1.033
789.441,1.054
789.461,1.067
789.481,1.083
789.501,1.059
789.521,1.056
789.541,1.061
789.561,1.016
789.581,1.011
789.601,1.001
789.621,0.978
789.641,0.948
789.661,0.928
789.681,0.919
789.701,0.926
789.721,0.983
789.741,0.998
789.761,1.006
789.781,0.999
789.801,1.038
789.821,1.059
789.841,1.045
789.861,1.055
789.881,1.069
789.901,1.072
789.921,1.057
789.941,1.049
789.961,1.061
789.981,1.029
790.001,0.996
790.021,0.983
790.041,0.980
790.061,0.959
790.081,0.948
790.101,0.943
790.121,0.932
790.141,0.914
790.161,0.885
790.181,0.933
790.201,0.870
790.221,1.113
790.241,1.186
790.261,0.978
790.281,1.238
790.301,0.965
790.321,1.028
790.341,0.994
790.361,1.066
790.381,1.033
790.401,1.018
790.421,0.969
790.441,0.917
790.461,0.985
790.481,1.010
790.501,1.026
790.521,0.967
790.541,0.870
790.561,0.816
790.581,0.860
790.601,0.934
790.621,0.966
790.641,0.934
790.661,0.947
790.681,0.975
790.701,1.005
790.721,1.000
790.741,0.983
790.761,0.968
790.781,1.043
790.801,1.091
790.821,1.043
790.841,1.056
790.861,1.059
790.881,1.033
790.901,1.201
790.921,1.073
790.941,1.045
790.961,1.265
790.981,1.183
791.001,1.052
791.021,1.024
791.041,1.006
791.061,0.957
791.081,0.969
791.101,0.989
791.121,1.098
791.141,1.010
791.161,1.146
791.181,1.274
791.201,1.078
791.221,1.204
791.241,1.079
791.261,1.068
791.281,1.013
791.301,1.017
791.321,1.030
791.341,1.031
791.361,1.003
791.381,0.973
791.401,0.980
791.421,0.989
791.441,1.008
791.461,1.006
791.481,0.996
791.501,1.008
791.521,0.986
791.541,1.080
791.561,0.985
791.581,0.960
791.601,0.952
791.621,0.988
791.641,1.012
791.661,0.997
791.681,0.913
791.701,1.032
791.721,1.015
791.741,0.970
791.761,1.058
791.781,1.109
791.801,1.046
791.821,0.984
791.841,0.940
791.861,0.936
791.881,0.950
791.901,0.998
791.921,1.021
791.941,0.986
791.961,1.041
791.981,1.142
792.001,1.095
792.021,0.963
792.041,0.987
792.061,1.018
792.081,1.077
792.101,1.037
792.121,1.016
792.141,1.028
792.161,0.968
792.181,1.017
792.201,0.954
792.221,0.935
792.241,0.980
792.261,1.050
792.281,1.057
792.301,1.082
792.321,1.005
792.341,0.960
792.361,0.959
792.381,0.975
792.401,0.996
792.421,0.980
792.441,0.998
792.461,0.935
792.481,0.928
792.501,0.988
792.521,0.991
792.541,1.107
792.561,1.064
792.581,0.979
792.601,0.993
792.621,0.986
792.641,1.022
792.661,1.066
792.681,1.060
792.701,1.014
792.721,0.952
792.741,1.003
792.761,1.030
792.781,1.010
792.801,0.972
792.821,0.952
792.841,0.978
792.861,0.996
792.881,0.994
792.901,0.992
792.921,0.950
792.941,1.024
792.961,1.174
792.981,1.077
793.001,1.021
793.021,0.757
793.041,1.109
793.061,0.955
793.081,0.815
793.101,1.166
793.121,1.006
793.141,0.988
793.161,0.995
793.181,0.998
793.201,1.060
793.221,1.090
793.241,1.052
793.261,1.000
793.281,0.928
793.301,0.999
793.321,1.036
793.341,1.028
793.361,0.985
793.381,0.970
793.401,0.895
793.421,0.965
793.441,1.008
793.461,1.031
793.481,1.219
793.501,0.978
793.521,0.993
793.541,1.006
793.561,0.965
793.581,0.971
793.601,1.019
793.621,1.096
793.641,1.019
793.661,0.912
793.681,0.955
793.701,0.960
793.721,0.990
793.741,1.024
793.761,1.064
793.781,1.072
793.801,1.000
793.821,1.057
793.841,1.049
793.861,0.918
793.881,0.875
793.901,0.959
793.921,0.983
793.941,1.094
793.961,1.162
793.981,1.139
794.001,1.210
794.021,1.171
794.041,1.061
794.061,0.923
794.081,1.698
794.101,0.545
794.121,1.112
794.141,0.979
794.161,1.297
794.181,1.092
794.201,1.004
794.221,0.973
794.241,0.938
794.261,0.817
794.281,0.878
794.301,0.952
794.321,1.008
794.341,1.037
794.361,1.017
794.381,1.004
794.401,1.006
794.421,0.990
794.441,0.944
794.461,0.903
794.481,0.965
794.501,0.940
794.521,0.908
794.541,0.907
794.561,0.931
794.581,0.984
794.601,0.966
794.621,0.922
794.641,0.955
794.661,1.132
794.681,1.111
794.701,1.036
794.721,1.005
794.741,1.040
794.761,0.989
794.781,1.006
794.801,1.087
794.821,1.064
794.841,1.074
794.861,1.077
794.881,1.092
794.901,1.078
794.921,1.021
794.941,1.008
794.961,1.023
794.981,0.983
795.001,0.985
795.021,0.956
795.041,0.958
795.061,0.965
795.081,0.977
795.101,1.001
795.121,0.986
795.141,1.042
795.161,1.052
795.181,1.020
795.201,1.039
795.221,0.994
795.241,0.987
795.261,0.998
795.281,0.992
795.301,1.020
795.321,1.032
795.341,1.021
795.361,1.010
795.381,0.993
795.401,0.970
795.421,0.942
795.441,0.950
795.461,0.951
795.481,0.978
795.501,0.990
795.521,1.017
795.541,1.003
795.561,1.006
795.581,1.021
795.601,1.026
795.621,1.031
795.641,1.031
795.661,0.997
795.681,0.985
795.701,0.976
795.721,0.981
795.741,0.993
795.761,0.985
795.781,0.974
795.801,0.985
795.821,0.989
795.841,0.973
795.861,1.012
795.881,1.004
795.901,1.038
795.921,1.031
795.941,1.033
795.961,1.019
795.981,1.017
796.001,0.987
796.021,0.991
796.041,1.051
796.061,1.019
796.081,1.003
796.101,1.011
796.121,1.016
796.141,0.969
796.161,0.969
796.181,0.975
796.201,0.963
796.221,0.987
796.241,0.978
796.261,0.966
796.281,0.949
796.301,0.961
796.321,0.993
796.341,1.034
796.361,1.046
796.381,1.062
796.401,1.057
796.421,1.025
796.441,1.054
796.461,1.057
796.481,1.014
796.501,0.997
796.521,0.982
796.541,1.001
796.561,0.993
796.581,1.021
796.601,1.020
796.621,1.020
796.641,1.076
796.661,0.979
796.681,1.007
796.701,1.092
796.721,1.033
796.741,1.010
796.761,1.124
796.781,1.399
796.801,1.396
796.821,1.276
796.841,1.019
796.861,0.786
796.881,0.719
796.901,0.770
796.921,0.868
796.941,0.976
796.961,0.950
796.981,1.009
797.001,0.965
797.021,0.860
797.041,0.902
797.061,1.067
797.081,1.038
797.101,1.028
797.121,0.897
797.141,0.992
797.161,0.995
797.181,1.035
797.201,1.019
797.221,1.145
797.241,1.137
797.261,0.963
797.281,0.953
797.301,0.996
797.321,0.972
797.341,1.079
797.361,1.128
797.381,1.085
797.401,1.012
797.421,1.022
797.441,0.980
797.461,0.948
797.481,0.943
797.501,0.980
797.521,1.041
797.541,1.045
797.561,1.005
797.581,1.014
797.601,0.985
797.621,1.022
797.641,1.013
797.661,1.022
797.681,1.078
797.701,1.014
797.721,1.002
797.741,1.017
797.761,1.042
797.781,1.001
797.801,1.020
797.821,1.027
797.841,1.032
797.861,1.037
797.881,1.010
797.901,1.011
797.921,1.043
797.941,0.993
797.961,1.002
797.981,0.999
798.001,1.007
798.021,1.034
798.041,1.007
798.061,0.987
798.081,0.987
798.101,1.023
798.121,0.975
798.141,1.030
798.161,1.025
798.181,1.029
798.201,1.011
798.221,1.025
798.241,1.027
798.261,1.043
798.281,1.024
798.301,1.011
798.321,1.007
798.341,1.009
798.361,0.999
798.381,1.011
798.401,1.015
798.421,1.021
798.441,0.997
798.461,0.997
798.481,0.999
798.501,1.003
798.521,1.009
798.541,1.004
798.561,1.003
798.581,1.015
798.601,1.021
798.621,1.038
798.641,1.025
798.661,1.006
798.681,0.997
798.701,0.992
798.721,1.005
798.741,1.020
798.761,1.006
798.781,1.019
798.801,1.024
798.821,1.028
798.841,1.010
798.861,1.017
798.881,1.014
798.901,1.030
798.921,1.029
798.941,1.040
798.961,1.033
798.981,1.003
799.001,1.004
799.021,0.989
799.041,0.984
799.061,1.002
799.081,1.017
799.101,1.015
799.121,1.015
799.141,1.019
799.161,1.016
799.181,1.029
799.201,1.017
799.221,1.010
799.241,0.986
799.261,1.008
799.281,1.007
799.301,1.005
799.321,1.004
799.341,1.016
799.361,1.001
799.381,1.066
799.401,1.040
799.421,1.010
799.441,1.015
799.461,1.016
799.481,1.005
799.501,0.995
799.521,0.989
799.541,1.028
799.561,1.015
799.581,1.010
799.601,1.009
799.621,1.016
799.641,1.009
799.661,1.022
799.681,1.024
799.701,1.010
799.721,1.013
799.741,1.009
799.761,1.013
799.781,0.985
799.801,1.074
799.821,0.954
799.841,0.994
799.861,1.010
799.881,0.973
799.901,0.997
799.921,1.009
799.941,1.008
799.961,1.015
799.981,1.047
800.001,1.088
800.021,1.001
800.041,1.014
800.061,1.002
800.081,1.020
800.101,0.996
800.121,1.025
800.141,0.990
800.161,0.990
800.181,1.014
800.201,1.026
800.221,0.998
800.241,1.002
800.261,1.033
800.281,1.032
800.301,1.016
800.321,0.998
800.341,1.008
800.361,1.007
800.381,1.017
800.401,1.014
800.421,1.008
800.441,1.006
800.461,1.010
800.481,1.009
800.501,1.020
800.521,1.010
800.541,1.007
800.561,1.011
800.581,1.015
800.601,1.018
800.621,1.014
800.641,1.020
800.661,1.015
800.681,1.011
800.701,1.015
800.721,1.023
800.741,0.999
800.761,1.004
800.781,1.009
800.801,1.010
800.821,0.995
800.841,1.008
800.861,1.007
800.881,1.012
800.901,1.028
800.921,1.021
800.941,1.007
800.961,0.999
800.981,1.009
801.001,1.015
801.021,1.016
801.041,1.014
801.061,1.016
801.081,1.029
801.101,1.033
801.121,1.024
801.141,1.008
801.161,1.010
801.181,1.011
801.201,1.012
801.221,1.015
801.241,1.006
801.261,1.006
801.281,1.006
801.301,1.007
801.321,1.015
801.341,1.016
801.361,1.024
801.381,1.010
801.401,1.007
801.421,1.013
801.441,1.015
801.461,1.022
801.481,1.018
801.501,1.016
801.521,1.011
801.541,1.009
801.561,1.000
801.581,1.010
801.601,1.021
801.621,1.011
801.641,1.014
801.661,1.009
801.681,1.007
801.701,1.006
801.721,1.006
801.741,1.002
801.761,1.015
801.781,1.019
801.801,1.029
801.821,1.021
801.841,1.015
801.861,1.017
801.881,1.012
801.901,1.009
801.921,1.022
801.941,1.013
801.961,1.014
801.981,1.006
802.001,1.006
802.021,1.005
802.041,1.010
802.061,1.020
802.081,1.023
802.101,1.024
802.121,1.018
802.141,1.015
802.161,1.007
802.181,1.001
802.201,1.014
802.221,1.018
802.241,1.013
802.261,1.013
802.281,1.020
802.301,1.017
802.321,1.012
802.341,1.013
802.361,1.015
802.381,1.012
802.401,1.021
802.421,1.009
802.441,1.017
802.461,1.007
802.481,1.014
802.501,1.008
802.521,1.009
802.541,1.018
802.561,1.015
802.581,1.015
802.601,0.998
802.621,1.007
802.641,1.002
802.661,1.014
802.681,1.015
802.701,1.014
802.721,1.015
802.741,1.017
802.761,1.008
802.781,1.009
802.801,1.000
802.821,1.013
802.841,1.015
802.861,1.018
802.881,1.008
802.901,1.022
802.921,1.023
802.941,1.022
802.961,1.015
802.981,1.007
803.001,1.018
803.021,1.016
803.041,0.998
803.061,1.011
803.081,1.018
803.101,1.010
803.121,1.008
803.141,0.997
803.161,1.011
803.181,1.013
803.201,1.022
803.221,1.019
803.241,1.010
803.261,1.038
803.281,0.990
803.301,1.016
803.321,1.014
803.341,1.013
803.361,1.014
803.381,1.010
803.401,1.027
803.421,1.059
803.441,1.017
803.461,1.029
803.481,1.035
803.501,1.035
803.521,1.035
803.541,0.993
803.561,0.969
803.581,1.000
803.601,1.016
803.621,1.013
803.641,1.022
803.661,0.982
803.681,0.978
803.701,1.022
803.721,1.021
803.741,1.011
803.761,0.998
803.781,1.005
803.801,1.032
803.821,1.011
803.841,1.011
803.861,0.999
803.881,1.027
803.901,1.058
803.921,1.055
803.941,1.005
803.961,0.976
803.981,0.993
804.001,0.996
804.021,1.004
804.041,1.047
804.061,0.994
804.081,1.019
804.101,0.984
804.121,1.031
804.141,1.002
804.161,1.002
804.181,1.000
804.201,1.004
804.221,1.014
804.241,1.009
804.261,0.997
804.281,1.009
804.301,1.004
804.321,1.015
804.341,1.006
804.361,1.017
804.381,1.010
804.401,1.021
804.421,1.013
804.441,1.019
804.461,1.012
804.481,0.983
804.501,1.012
804.521,0.994
804.541,1.024
804.561,1.008
804.581,1.007
804.601,1.042
804.621,1.062
804.641,1.038
804.661,1.018
804.681,1.009
804.701,1.028
804.721,1.016
804.741,1.017
804.761,1.013
804.781,0.990
804.801,0.979
804.821,0.965
804.841,0.967
804.861,0.965
804.881,0.983
804.901,1.006
804.921,1.047
804.941,1.015
804.961,1.020
804.981,1.024
805.001,1.032
805.021,1.034
805.041,1.029
805.061,1.024
805.081,1.031
805.101,1.029
805.121,1.011
805.141,1.018
805.161,0.980
805.181,1.003
805.201,0.990
805.221,0.988
805.241,0.990
805.261,0.991
805.281,1.006
805.301,1.024
805.321,1.040
805.341,1.042
805.361,1.015
805.381,1.029
805.401,1.023
805.421,1.011
805.441,0.989
805.461,1.012
805.481,0.988
805.501,1.013
805.521,1.003
805.541,1.021
805.561,1.000
805.581,1.005
805.601,1.022
805.621,1.035
805.641,1.000
805.661,1.006
805.681,1.001
805.701,1.020
805.721,1.008
805.741,1.009
805.761,1.017
805.781,1.037
805.801,1.019
805.821,1.016
805.841,1.017
805.861,1.015
805.881,1.015
805.901,1.026
805.921,1.064
805.941,1.096
805.961,0.984
805.981,0.895
806.001,1.039
806.021,1.027
806.041,1.009
806.061,1.057
806.081,1.000
806.101,1.004
806.121,1.045
806.141,1.073
806.161,0.998
806.181,0.974
806.201,0.958
806.221,0.965
806.241,0.979
806.261,0.993
806.281,1.014
806.301,1.013
806.321,0.982
806.341,1.007
806.361,0.996
806.381,1.014
806.401,1.031
806.421,1.015
806.441,1.013
806.461,1.027
806.481,1.025
806.501,1.033
806.521,1.041
806.541,1.064
806.561,1.054
806.581,1.023
806.601,1.017
806.621,1.021
806.641,1.003
806.661,1.001
806.681,1.030
806.701,1.052
806.721,1.074
806.741,1.079
806.761,1.096
806.781,1.070
806.801,1.035
806.821,1.016
806.841,0.999
806.861,0.997
806.881,0.998
806.901,0.987
806.921,0.986
806.941,0.964
806.961,0.945
806.981,0.918
807.001,0.895
807.021,0.891
807.041,0.894
807.061,0.883
807.081,0.907
807.101,0.934
807.121,0.956
807.141,0.975
807.161,0.993
807.181,1.009
807.201,1.026
807.221,1.049
807.241,1.064
807.261,1.076
807.281,1.083
807.301,1.093
807.321,1.075
807.341,1.072
807.361,1.078
807.381,1.072
807.401,1.068
807.421,1.098
807.441,1.104
807.461,1.111
807.481,1.105
807.501,1.108
807.521,1.093
807.541,1.073
807.561,1.019
807.581,0.994
807.601,0.962
807.621,0.963
807.641,0.950
807.661,0.927
807.681,0.942
807.701,0.941
807.721,0.956
807.741,0.959
807.761,0.987
807.781,0.999
807.801,1.005
807.821,0.997
807.841,1.014
807.861,1.023
807.881,1.039
807.901,1.022
807.921,1.008
807.941,1.022
807.961,1.035
807.981,1.075
808.001,1.096
808.021,1.097
808.041,1.076
808.061,1.031
808.081,0.978
808.101,0.968
808.121,0.968
808.141,0.958
808.161,0.963
808.181,0.986
808.201,1.013
808.221,1.045
808.241,1.054
808.261,1.059
808.281,1.061
808.301,1.045
808.321,1.026
808.341,1.013
808.361,1.008
808.381,0.994
808.401,0.983
808.421,1.011
808.441,1.014
808.461,1.003
808.481,0.994
808.501,0.987
808.521,0.974
808.541,0.961
808.561,0.965
808.581,0.990
808.601,1.011
808.621,1.008
808.641,1.005
808.661,1.024
808.681,1.045
808.701,1.046
808.721,1.026
808.741,1.028
808.761,1.022
808.781,1.021
808.801,0.991
808.821,0.992
808.841,0.999
808.861,1.000
808.881,1.004
808.901,1.012
808.921,1.032
808.941,1.041
808.961,1.011
808.981,1.021
809.001,1.024
809.021,1.022
809.041,1.018
809.061,1.011
809.081,1.010
809.101,1.028
809.121,1.029
809.141,1.023
809.161,1.021
809.181,1.013
809.201,1.006
809.221,1.004
809.241,0.992
809.261,0.995
809.281,1.006
809.301,1.010
809.321,1.010
809.341,1.022
809.361,1.043
809.381,1.042
809.401,1.020
809.421,1.007
809.441,0.999
809.461,1.007
809.481,1.010
809.501,1.017
809.521,1.018
809.541,0.987
809.561,0.955
809.581,0.948
809.601,0.954
809.621,0.996
809.641,1.001
809.661,1.006
809.681,1.022
809.701,1.032
809.721,1.026
809.741,1.025
809.761,1.007
809.781,1.006
809.801,1.002
809.821,1.025
809.841,1.062
809.861,1.060
809.881,1.063
809.901,1.061
809.921,1.035
809.941,1.019
809.961,1.025
809.981,1.023
810.001,1.000
810.021,0.982
810.041,0.977
810.061,0.982
810.081,0.988
810.101,0.987
810.121,0.991
810.141,0.995
810.161,1.003
810.181,1.018
810.201,1.016
810.221,1.017
810.241,1.028
810.261,1.042
810.281,1.035
810.301,1.028
810.321,1.025
810.341,1.015
810.361,1.018
810.381,1.011
810.401,1.016
810.421,1.010
810.441,1.008
810.461,1.005
810.481,0.996
810.501,0.982
810.521,0.999
810.541,1.010
810.561,1.012
810.581,1.017
810.601,1.024
810.621,1.016
810.641,1.010
810.661,1.026
810.681,1.034
810.701,1.032
810.721,1.012
810.741,0.993
810.761,0.990
810.781,0.996
810.801,0.995
810.821,1.012
810.841,1.014
810.861,1.019
810.881,1.014
810.901,1.011
810.921,1.016
810.941,1.028
810.961,1.043
810.981,1.019
811.001,1.002
811.021,1.004
811.041,0.990
811.061,0.989
811.081,1.022
811.101,1.030
811.121,1.031
811.141,1.020
811.161,1.028
811.181,1.025
811.201,1.014
811.221,1.000
811.241,1.014
811.261,1.015
811.281,1.023
811.301,1.002
811.321,0.998
811.341,1.014
811.361,1.013
811.381,0.999
811.401,1.000
811.421,1.007
811.441,1.004
811.461,1.009
811.481,1.008
811.501,1.019
811.521,1.032
811.541,1.033
811.561,1.035
811.581,1.003
811.601,0.992
811.621,0.973
811.641,0.965
811.661,0.976
811.681,0.994
811.701,1.014
811.721,1.037
811.741,1.049
811.761,1.046
811.781,1.042
811.801,1.024
811.821,1.007
811.841,1.013
811.861,1.013
811.881,1.013
811.901,1.019
811.921,1.014
811.941,1.002
811.961,0.994
811.981,0.995
812.001,0.996
812.021,1.011
812.041,1.021
812.061,1.030
812.081,1.033
812.101,1.016
812.121,1.012
812.141,1.007
812.161,0.993
812.181,0.993
812.201,1.003
812.221,1.027
812.241,1.021
812.261,1.024
812.281,1.025
812.301,1.009
812.321,1.013
812.341,1.010
812.361,1.002
812.381,1.005
812.401,1.013
812.421,1.016
812.441,0.995
812.461,0.997
812.481,1.011
812.501,1.016
812.521,1.010
812.541,1.016
812.561,1.011
812.581,1.018
812.601,1.020
812.621,1.030
812.641,1.019
812.661,1.021
812.681,1.009
812.701,1.005
812.721,1.000
812.741,1.014
812.761,1.011
812.781,1.006
812.801,1.002
812.821,0.999
812.841,1.009
812.861,1.013
812.881,1.004
812.901,1.008
812.921,1.012
812.941,1.028
812.961,1.028
812.981,1.024
813.001,1.023
813.021,1.026
813.041,1.025
813.061,1.005
813.081,0.998
813.101,0.991
813.121,0.988
813.141,0.993
813.161,1.007
813.181,1.008
813.201,1.008
813.221,1.018
813.241,1.022
813.261,1.031
813.281,1.021
813.301,1.013
813.321,1.016
813.341,1.014
813.361,1.008
813.381,1.007
813.401,1.003
813.421,1.001
813.441,1.002
813.461,1.005
813.481,0.998
813.501,1.004
813.521,1.024
813.541,1.021
813.561,1.031
813.581,1.009
813.601,0.974
813.621,0.965
813.641,1.014
813.661,1.045
813.681,1.073
813.701,1.069
813.721,1.077
813.741,1.082
813.761,1.066
813.781,1.045
813.801,1.009
813.821,0.979
813.841,0.953
813.861,0.936
813.881,0.940
813.901,0.943
813.921,0.951
813.941,0.971
813.961,0.986
813.981,1.006
814.001,1.024
814.021,1.042
814.041,1.065
814.061,1.070
814.081,1.046
814.101,1.028
814.121,1.023
814.141,1.032
814.161,1.037
814.181,1.035
814.201,1.030
814.221,1.032
814.241,1.014
814.261,0.976
814.281,0.969
814.301,0.972
814.321,0.974
814.341,0.986
814.361,1.008
814.381,1.019
814.401,1.028
814.421,1.039
814.441,1.042
814.461,1.035
814.481,1.028
814.501,1.015
814.521,1.007
814.541,1.008
814.561,1.011
814.581,1.008
814.601,1.008
814.621,0.999
814.641,0.993
814.661,0.996
814.681,0.991
814.701,0.978
814.721,0.981
814.741,1.002
814.761,1.021
814.781,1.029
814.801,1.028
814.821,1.061
814.841,1.064
814.861,1.054
814.881,1.053
814.901,1.021
814.921,1.002
814.941,0.998
814.961,1.006
814.981,1.022
815.001,1.038
815.021,1.031
815.041,0.996
815.061,0.946
815.081,0.927
815.101,0.935
815.121,0.962
815.141,1.026
815.161,1.062
815.181,1.075
815.201,1.079
815.221,1.056
815.241,1.017
815.261,0.993
815.281,0.988
815.301,0.999
815.321,0.997
815.341,1.003
815.361,1.013
815.381,1.014
815.401,1.019
815.421,1.025
815.441,1.022
815.461,1.009
815.481,0.986
815.501,0.988
815.521,1.016
815.541,1.046
815.561,1.052
815.581,1.033
815.601,1.021
815.621,0.998
815.641,0.972
815.661,0.961
815.681,0.962
815.701,0.991
815.721,1.045
815.741,1.063
815.761,1.039
815.781,1.007
815.801,0.999
815.821,1.004
815.841,1.016
815.861,1.027
815.881,1.023
815.901,1.002
815.921,1.001
815.941,1.011
815.961,1.014
815.981,1.009
816.001,1.002
816.021,0.989
816.041,1.000
816.061,1.022
816.081,1.032
816.101,1.032
816.121,1.027
816.141,1.029
816.161,1.025
816.181,1.015
816.201,1.000
816.221,0.996
816.241,1.001
816.261,1.003
816.281,0.999
816.301,0.990
816.321,0.973
816.341,0.977
816.361,1.015
816.381,1.036
816.401,1.045
816.421,1.052
816.441,1.061
816.461,1.046
816.481,1.021
816.501,1.016
816.521,1.011
816.541,0.999
816.561,1.000
816.581,1.002
816.601,1.015
816.621,1.005
816.641,0.988
816.661,0.980
816.681,0.988
816.701,0.998
816.721,1.000
816.741,1.008
816.761,1.029
816.781,1.045
816.801,1.046
816.821,1.035
816.841,1.014
816.861,1.023
816.881,1.019
816.901,1.006
816.921,0.996
816.941,1.001
816.961,1.005
816.981,1.017
817.001,1.017
817.021,1.027
817.041,1.049
817.061,1.047
817.081,1.035
817.101,0.996
817.121,0.988
817.141,0.978
817.161,0.986
817.181,0.990
817.201,0.993
817.221,1.010
817.241,1.001
817.261,1.012
817.281,1.015
817.301,1.017
817.321,1.015
817.341,1.023
817.361,1.036
817.381,1.034
817.401,1.027
817.421,1.017
817.441,1.027
817.461,1.031
817.481,1.025
817.501,1.020
817.521,1.017
817.541,1.015
817.561,1.016
817.581,1.002
817.601,0.965
817.621,0.953
817.641,0.958
817.661,0.980
817.681,1.017
817.701,1.044
817.721,1.039
817.741,1.025
817.761,1.008
817.781,1.010
817.801,1.023
817.821,1.021
817.841,1.032
817.861,1.052
817.881,1.049
817.901,1.042
817.921,1.014
817.941,1.010
817.961,1.000
817.981,0.989
818.001,0.998
818.021,0.993
818.041,0.992
818.061,0.992
818.081,0.988
818.101,0.994
818.121,1.015
818.141,1.038
818.161,1.036
818.181,1.031
818.201,1.034
818.221,1.051
818.241,1.055
818.261,1.029
818.281,1.009
818.301,0.997
818.321,0.976
818.341,0.923
818.361,0.889
818.381,0.904
818.401,0.937
818.421,0.981
818.441,1.029
818.461,1.064
818.481,1.078
818.501,1.079
818.521,1.106
818.541,1.108
818.561,1.067
818.581,1.051
818.601,1.038
818.621,1.036
818.641,1.026
818.661,1.008
818.681,0.991
818.701,0.980
818.721,0.989
818.741,0.996
818.761,0.978
818.781,0.947
818.801,0.953
818.821,0.975
818.841,0.994
818.861,1.023
818.881,1.034
818.901,1.054
818.921,1.067
818.941,1.073
818.961,1.059
818.981,1.032
819.001,1.005
819.021,0.974
819.041,0.957
819.061,0.970
819.081,0.964
819.101,0.961
819.121,0.964
819.141,0.992
819.161,1.012
819.181,1.026
819.201,1.024
819.221,1.027
819.241,1.006
819.261,0.997
819.281,0.992
819.301,1.000
819.321,1.008
819.341,1.005
819.361,1.017
819.381,1.019
819.401,1.025
819.421,1.002
819.441,1.024
819.461,1.059
819.481,1.098
819.501,1.127
819.521,1.141
819.541,1.143
819.561,1.139
819.581,1.099
819.601,1.040
819.621,1.054
819.641,1.001
819.661,0.943
819.681,0.952
819.701,0.924
819.721,0.910
819.741,0.991
819.761,0.924
819.781,0.969
819.801,0.979
819.821,1.009
819.841,1.053
819.861,1.076
819.881,1.094
819.901,1.055
819.921,1.017
819.941,0.992
819.961,1.015
819.981,0.975
820.001,1.004
820.021,0.948
820.041,1.010
820.061,0.978
820.081,1.012
820.101,1.093
820.121,1.130
820.141,1.148
820.161,1.065
820.181,0.991
820.201,0.889
820.221,0.872
820.241,0.899
820.261,0.901
820.281,1.075
820.301,1.070
820.321,1.118
820.341,1.092
820.361,1.010
820.381,0.881
820.401,1.019
820.421,0.844
820.441,0.777
820.461,0.853
820.481,0.840
820.501,0.848
820.521,0.952
820.541,1.189
820.561,1.229
820.581,1.265
820.601,1.299
820.621,1.158
820.641,0.911
820.661,0.901
820.681,1.073
820.701,0.952
820.721,0.885
820.741,0.893
820.761,0.883
820.781,0.894
820.801,0.945
820.821,1.012
820.841,1.070
820.861,1.018
820.881,0.935
820.901,0.994
820.921,1.124
820.941,1.215
820.961,0.830
820.981,1.195
821.001,0.905
821.021,0.757
821.041,1.190
821.061,0.816
821.081,1.010
821.101,0.987
821.121,0.768
821.141,0.779
821.161,0.746
821.181,0.860
821.201,0.794
821.221,0.866
821.241,1.104
821.261,1.098
821.281,0.998
821.301,1.089
821.321,1.180
821.341,1.185
821.361,1.198
821.381,1.224
821.401,1.083
821.421,0.974
821.441,1.226
821.461,1.117
821.481,0.983
821.501,1.228
821.521,1.434
821.541,1.389
821.561,1.273
821.581,1.161
821.601,0.998
821.621,0.872
821.641,0.790
821.661,0.874
821.681,0.818
821.701,1.375
821.721,1.079
821.741,1.026
821.761,0.952
821.781,0.977
821.801,0.987
821.821,0.986
821.841,1.103
821.861,1.005
821.881,1.023
821.901,1.010
821.921,0.993
821.941,1.044
821.961,0.931
821.981,1.047
822.001,0.997
822.021,0.837
822.041,2.653
822.061,0.878
822.081,1.033
822.101,1.027
822.121,0.959
822.141,1.008
822.161,1.066
822.181,1.035
822.201,1.020
822.221,0.978
822.241,1.024
822.261,1.006
822.281,1.077
822.301,1.029
822.321,1.007
822.341,1.011
822.361,1.005
822.381,1.011
822.401,1.012
822.421,1.013
822.441,1.010
822.461,1.013
822.481,1.010
822.501,1.008
822.521,1.008
822.541,1.011
822.561,1.010
822.581,1.012
822.601,1.011
822.621,1.009
822.641,1.009
822.661,1.012
822.681,1.012
822.701,1.012
822.721,1.012
822.741,1.010
822.761,1.010
822.781,1.010
822.801,1.011
822.821,1.010
822.841,1.012
822.861,1.012
822.881,1.011
822.901,1.008
822.921,1.011
822.941,1.003
822.961,1.016
822.981,1.005
823.001,1.012
823.021,1.008
823.041,1.013
823.061,1.010
823.081,1.013
823.101,1.011
823.121,1.011
823.141,1.009
823.161,1.012
823.181,1.006
823.201,1.012
823.221,1.007
823.241,1.012
823.261,1.008
823.281,1.011
823.301,1.010
823.321,1.012
823.341,1.012
823.361,1.011
823.381,1.011
823.401,1.012
823.421,1.009
823.441,1.011
823.461,1.011
823.481,1.011
823.501,1.011
823.521,1.014
823.541,1.011
823.561,1.012
823.581,1.011
823.601,1.012
823.621,1.011
823.641,1.012
823.661,1.011
823.681,1.008
823.701,1.009
823.721,1.011
823.741,1.009
823.761,1.011
823.781,1.012
823.801,1.013
823.821,1.012
823.841,1.011
823.861,1.010
823.881,1.008
823.901,1.010
823.921,1.010
823.941,1.010
823.961,1.012
823.981,1.011
824.001,1.008
824.021,1.011
824.041,1.011
824.061,1.010
824.081,1.009
824.101,1.013
824.121,1.008
824.141,1.011
824.161,1.011
824.181,1.010
824.201,1.011
824.221,1.011
824.241,1.010
824.261,1.010
824.281,1.010
824.301,1.010
824.321,1.010
824.341,1.008
824.361,1.008
824.381,1.009
824.401,1.010
824.421,1.009
824.441,1.011
824.461,1.012
824.481,1.010
824.501,1.010
824.521,1.008
824.541,1.009
824.561,1.011
824.581,1.010
824.601,1.012
824.621,1.009
824.641,1.008
824.661,1.011
824.681,1.012
824.701,1.008
824.721,1.010
824.741,1.011
824.761,1.009
824.781,1.011
824.801,1.011
824.821,1.012
824.841,1.011
824.861,1.010
824.881,1.010
824.901,1.008
824.921,1.010
824.941,1.012
824.961,1.013
824.981,1.008
825.001,1.009
825.021,1.009
825.041,1.010
825.061,1.010
825.081,1.010
825.101,1.011
825.121,1.013
825.141,1.011
825.161,1.010
825.181,1.009
825.201,1.010
825.221,1.008
825.241,1.011
825.261,1.011
825.281,1.010
825.301,1.012
825.321,1.011
825.341,1.010
825.361,1.009
825.381,1.011
825.401,1.010
825.421,1.013
825.441,1.011
825.461,1.011
825.481,1.011
825.501,1.010
825.521,1.010
825.541,1.010
825.561,1.010
825.581,1.012
825.601,1.008
825.621,1.010
825.641,1.012
825.661,1.009
825.681,1.009
825.701,1.010
825.721,1.011
825.741,1.010
825.761,1.011
825.781,1.011
825.801,1.010
825.821,1.012
825.841,1.011
825.861,1.011
825.881,1.009
825.901,1.011
825.921,1.009
825.941,1.007
825.961,1.011
825.981,1.011
826.001,1.009
826.021,1.010
826.041,1.011
826.061,1.010
826.081,1.011
826.101,1.011
826.121,1.012
826.141,1.012
826.161,1.010
826.181,1.012
826.201,1.009
826.221,1.009
826.241,1.012
826.261,1.008
826.281,1.011
826.301,1.012
826.321,1.010
826.341,1.010
826.361,1.013
826.381,1.013
826.401,1.012
826.421,1.009
826.441,1.013
826.461,1.011
826.481,1.012
826.501,1.009
826.521,1.012
826.541,1.008
826.561,1.008
826.581,1.013
826.601,1.010
826.621,1.010
826.641,1.008
826.661,1.011
826.681,1.011
826.701,1.010
826.721,1.012
826.741,1.013
826.761,1.010
826.781,1.010
826.801,1.010
826.821,1.009
826.841,1.012
826.861,1.008
826.881,1.011
826.901,1.009
826.921,1.011
826.941,1.009
826.961,1.012
826.981,1.011
827.001,1.012
827.021,1.012
827.041,1.013
827.061,1.010
827.081,1.010
827.101,1.010
827.121,1.010
827.141,1.009
827.161,1.013
827.181,1.010
827.201,1.013
827.221,1.010
827.241,1.009
827.261,1.012
827.281,1.013
827.301,1.010
827.321,1.010
827.341,1.009
827.361,1.010
827.381,1.011
827.401,1.010
827.421,1.011
827.441,1.012
827.461,1.011
827.481,1.011
827.501,1.011
827.521,1.009
827.541,1.010
827.561,1.011
827.581,1.010
827.601,1.009
827.621,1.011
827.641,1.011
827.661,1.011
827.681,1.011
827.701,1.011
827.721,1.011
827.741,1.009
827.761,1.009
827.781,1.009
827.801,1.011
827.821,1.009
827.841,1.010
827.861,1.012
827.881,1.012
827.901,1.010
827.921,1.011
827.941,1.011
827.961,1.011
827.981,1.010
828.001,1.013
828.021,1.011
828.041,1.011
828.061,1.010
828.081,1.011
828.101,1.011
828.121,1.009
828.141,1.010
828.161,1.008
828.181,1.009
828.201,1.010
828.221,1.012
828.241,1.012
828.261,1.011
828.281,1.011
828.301,1.012
828.321,1.009
828.341,1.008
828.361,1.008
828.381,1.011
828.401,1.011
828.421,1.010
828.441,1.010
828.461,1.010
828.481,1.007
828.501,1.010
828.521,1.009
828.541,1.010
828.561,1.011
828.581,1.012
828.601,1.009
828.621,1.011
828.641,1.010
828.661,1.008
828.681,1.010
828.701,1.010
828.721,1.011
828.741,1.012
828.761,1.012
828.781,1.011
828.801,1.010
828.821,1.009
828.841,1.010
828.861,1.012
828.881,1.011
828.901,1.010
828.921,1.009
828.941,1.011
828.961,1.014
828.981,1.013
829.001,1.010
829.021,1.011
829.041,1.009
829.061,1.009
829.081,1.012
829.101,1.012
829.121,1.009
829.141,1.010
829.161,1.011
829.181,1.011
829.201,1.010
829.221,1.011
829.241,1.009
829.261,1.010
829.281,1.010
829.301,1.010
829.321,1.012
829.341,1.011
829.361,1.011
829.381,1.009
829.401,1.010
829.421,1.007
829.441,1.010
829.461,1.010
829.481,1.011
829.501,1.008
829.521,1.012
829.541,1.006
829.561,1.008
829.581,1.011
829.601,1.011
829.621,1.009
829.641,1.011
829.661,1.010
829.681,1.010
829.701,1.011
829.721,1.011
829.741,1.008
829.761,1.010
829.781,1.011
829.801,1.038
829.821,1.022
829.841,1.030
829.861,1.030
829.881,0.996
829.901,1.008
829.921,1.007
829.941,1.008
829.961,1.011
829.981,1.012
830.001,1.007
830.021,1.011
830.041,1.011
830.061,1.010
830.081,1.011
830.101,1.011
830.121,1.013
830.141,1.007
830.161,1.012
830.181,1.006
830.201,1.013
830.221,1.010
830.241,1.013
830.261,1.009
830.281,1.014
830.301,1.011
830.321,1.009
830.341,1.011
830.361,1.013
830.381,1.007
830.401,1.011
830.421,1.007
830.441,1.014
830.461,1.008
830.481,1.013
830.501,1.006
830.521,1.012
830.541,1.008
830.561,1.011
830.581,1.008
830.601,1.011
830.621,1.009
830.641,1.013
830.661,1.010
830.681,1.011
830.701,1.011
830.721,1.012
830.741,1.009
830.761,1.012
830.781,1.010
830.801,1.008
830.821,1.010
830.841,1.010
830.861,1.011
830.881,1.010
830.901,1.013
830.921,1.010
830.941,1.007
830.961,1.010
830.981,1.009
831.001,1.009
831.021,1.009
831.041,1.010
831.061,1.010
831.081,1.010
831.101,1.011
831.121,1.010
831.141,1.009
831.161,1.010
831.181,1.011
831.201,1.010
831.221,1.010
831.241,1.011
831.261,1.010
831.281,1.013
831.301,1.009
831.321,1.009
831.341,1.011
831.361,1.012
831.381,1.012
831.401,1.010
831.421,1.009
831.441,1.009
831.461,1.011
831.481,1.010
831.501,1.010
831.521,1.009
831.541,1.010
831.561,1.009
831.581,1.008
831.601,1.011
831.621,1.012
831.641,1.014
831.661,1.012
831.681,1.011
831.701,1.010
831.721,1.012
831.741,1.011
831.761,1.011
831.781,1.009
831.801,1.010
831.821,1.010
831.841,1.009
831.861,1.010
831.881,1.012
831.901,1.012
831.921,1.011
831.941,1.012
831.961,1.010
831.981,1.010
832.001,1.010
832.021,1.010
832.041,1.008
832.061,1.011
832.081,1.009
832.101,1.011
832.121,1.010
832.141,1.012
832.161,1.011
832.181,1.008
832.201,1.011
832.221,1.008
832.241,1.012
832.261,1.009
832.281,1.011
832.301,1.011
832.321,1.009
832.341,1.009
832.361,1.013
832.381,1.011
832.401,1.010
832.421,1.011
832.441,1.011
832.461,1.012
832.481,1.009
832.501,1.012
832.521,1.012
832.541,1.009
832.561,1.011
832.581,1.009
832.601,1.011
832.621,1.009
832.641,1.012
832.661,1.012
832.681,1.012
832.701,1.009
832.721,1.012
832.741,1.012
832.761,1.011
832.781,1.009
832.801,1.010
832.821,1.011
832.841,1.012
832.861,1.012
832.881,1.010
832.901,1.010
832.921,1.012
832.941,1.010
832.961,1.010
832.981,1.009
833.001,1.009
833.021,1.012
833.041,1.011
833.061,1.008
833.081,1.011
833.101,1.012
833.121,1.011
833.141,1.011
833.161,1.009
833.181,1.008
833.201,1.010
833.221,1.010
833.241,1.011
833.261,1.009
833.281,1.013
833.301,1.009
833.321,1.010
833.341,1.009
833.361,1.011
833.381,1.009
833.401,1.009
833.421,1.008
833.441,1.010
833.461,1.009
833.481,1.011
833.501,1.011
833.521,1.009
833.541,1.010
833.561,1.010
833.581,1.011
833.601,1.011
833.621,1.014
833.641,1.009
833.661,1.010
833.681,1.008
833.701,1.011
833.721,1.010
833.741,1.011
833.761,1.012
833.781,1.010
833.801,1.011
833.821,1.010
833.841,1.009
833.861,1.011
833.881,1.012
833.901,1.009
833.921,1.011
833.941,1.011
833.961,1.009
833.981,1.010
834.001,1.009
834.021,1.010
834.041,1.012
834.061,1.009
834.081,1.012
834.101,1.010
834.121,1.010
834.141,1.011
834.161,1.012
834.181,1.009
834.201,1.013
834.221,1.009
834.241,1.010
834.261,1.008
834.281,1.014
834.301,1.010
834.321,1.008
834.341,1.011
834.361,1.010
834.381,1.008
834.401,1.009
834.421,1.011
834.441,1.010
834.461,1.009
834.481,1.012
834.501,1.012
834.521,1.011
834.541,1.008
834.561,1.009
834.581,1.010
834.601,1.012
834.621,1.010
834.641,1.014
834.661,1.011
834.681,1.011
834.701,1.009
834.721,1.012
834.741,1.011
834.761,1.010
834.781,1.010
834.801,1.012
834.821,1.007
834.841,1.010
834.861,1.012
834.881,1.009
834.901,1.011
834.921,1.011
834.941,1.012
834.961,1.011
834.981,1.011
835.001,1.010
835.021,1.010
835.041,1.009
835.061,1.009
835.081,1.012
835.101,1.010
835.121,1.012
835.141,1.011
835.161,1.012
835.181,1.013
835.201,1.009
835.221,1.012
835.241,1.008
835.261,1.011
835.281,1.010
835.301,1.012
835.321,1.009
835.341,1.011
835.361,1.011
835.381,1.009
835.401,1.011
835.421,1.009
835.441,1.009
835.461,1.010
835.481,1.012
835.501,1.009
835.521,1.010
835.541,1.011
835.561,1.011
835.581,1.010
835.601,1.009
835.621,1.011
835.641,1.012
835.661,1.009
835.681,1.010
835.701,1.012
835.721,1.009
835.741,1.010
835.761,1.009
835.781,1.007
835.801,1.010
835.821,1.009
835.841,1.006
835.861,1.014
835.881,1.007
835.901,1.012
835.921,1.009
835.941,1.011
835.961,1.010
835.981,1.013
836.001,1.008
836.021,1.012
836.041,1.011
836.061,1.009
836.081,1.011
836.101,1.011
836.121,1.011
836.141,1.011
836.161,1.010
836.181,1.010
836.201,1.009
836.221,1.009
836.241,1.011
836.261,1.011
836.281,1.010
836.301,1.010
836.321,1.011
836.341,1.011
836.361,1.009
836.381,1.009
836.401,1.010
836.421,1.010
836.441,1.011
836.461,1.010
836.481,1.012
836.501,1.012
836.521,1.009
836.541,1.010
836.561,1.012
836.581,1.011
836.601,1.010
836.621,1.012
836.641,1.010
836.661,1.010
836.681,1.010
836.701,1.010
836.721,1.010
836.741,1.007
836.761,1.012
836.781,1.011
836.801,1.012
836.821,1.009
836.841,1.012
836.861,1.010
836.881,1.012
836.901,1.010
836.921,1.010
836.941,1.011
836.961,1.013
836.981,1.009
837.001,1.011
837.021,1.011
837.041,1.008
837.061,1.009
837.081,1.009
837.101,1.011
837.121,1.009
837.141,1.011
837.161,1.010
837.181,1.010
837.201,1.009
837.221,1.009
837.241,1.010
837.261,1.010
837.281,1.011
837.301,1.011
837.321,1.011
837.341,1.013
837.361,1.011
837.381,1.010
837.401,1.009
837.421,1.012
837.441,1.010
837.461,1.011
837.481,1.011
837.501,1.012
837.521,1.010
837.541,1.012
837.561,1.009
837.581,1.008
837.601,1.011
837.621,1.009
837.641,1.009
837.661,1.010
837.681,1.009
837.701,1.010
837.721,1.010
837.741,1.013
837.761,1.009
837.781,1.009
837.801,1.009
837.821,1.012
837.841,1.010
837.861,1.010
837.881,1.011
837.901,1.013
837.921,1.011
837.941,1.010
837.961,1.012
837.981,1.010
838.001,1.010
838.021,1.012
838.041,1.012
838.061,1.012
838.081,1.008
838.101,1.011
838.121,1.011
838.141,1.011
838.161,1.010
838.181,1.008
838.201,1.009
838.221,1.010
838.241,1.014
838.261,1.009
838.281,1.012
838.301,1.010
838.321,1.010
838.341,1.011
838.361,1.007
838.381,1.010
838.401,1.011
838.421,1.011
838.441,1.010
838.461,1.010
838.481,1.011
838.501,1.011
838.521,1.011
838.541,1.012
838.561,1.008
838.581,1.011
838.601,1.010
838.621,1.013
838.641,1.011
838.661,1.013
838.681,1.010
838.701,1.012
838.721,1.010
838.741,1.013
838.761,1.008
838.781,1.008
838.801,1.012
838.821,1.010
838.841,1.010
838.861,1.013
838.881,1.009
838.901,1.010
838.921,1.009
838.941,1.010
838.961,1.013
838.981,1.010
839.001,1.010
839.021,1.009
839.041,1.012
839.061,1.008
839.081,1.008
839.101,1.010
839.121,1.010
839.141,1.013
839.161,1.012
839.181,1.010
839.201,1.012
839.221,1.011
839.241,1.009
839.261,1.010
839.281,1.010
839.301,1.008
839.321,1.010
839.341,1.009
839.361,1.012
839.381,1.009
839.401,1.011
839.421,1.012
839.441,1.010
839.461,1.009
839.481,1.010
839.501,1.010
839.521,1.010
839.541,1.011
839.561,1.009
839.581,1.011
839.601,1.010
839.621,1.010
839.641,1.010
839.661,1.010
839.681,1.011
839.701,1.010
839.721,1.010
839.741,1.010
839.761,1.012
839.781,1.009
839.801,1.011
839.821,1.010
839.841,1.010
839.861,1.010
839.881,1.009
839.901,1.008
839.921,1.013
839.941,1.011
839.961,1.009
839.981,1.009
840.001,1.009
840.021,1.009
840.041,1.011
840.061,1.011
840.081,1.011
840.101,1.009
840.121,1.011
840.141,1.010
840.161,1.009
840.181,1.010
840.201,1.012
840.221,1.011
840.241,1.012
840.261,1.012
840.281,1.010
840.301,1.010
840.321,1.009
840.341,1.012
840.361,1.011
840.381,1.010
840.401,1.009
840.421,1.011
840.441,1.012
840.461,1.011
840.481,1.011
840.501,1.008
840.521,1.010
840.541,1.008
840.561,1.010
840.581,1.011
840.601,1.010
840.621,1.011
840.641,1.009
840.661,1.008
840.681,1.011
840.701,1.009
840.721,1.011
840.741,1.009
840.761,1.012
840.781,1.012
840.801,1.012
840.821,1.011
840.841,1.010
840.861,1.011
840.881,1.009
840.901,1.008
840.921,1.008
840.941,1.010
840.961,1.010
840.981,1.009
841.001,1.012
841.021,1.010
841.041,1.011
841.061,1.011
841.081,1.010
841.101,1.009
841.121,1.010
841.141,1.010
841.161,1.011
841.181,1.010
841.201,1.011
841.221,1.011
841.241,1.010
841.261,1.010
841.281,1.012
841.301,1.010
841.321,1.010
841.341,1.013
841.361,1.011
841.381,1.011
841.401,1.012
841.421,1.010
841.441,1.012
841.461,1.012
841.481,1.009
841.501,1.011
841.521,1.008
841.541,1.010
841.561,1.009
841.581,1.011
841.601,1.010
841.621,1.010
841.641,1.011
841.661,1.010
841.681,1.012
841.701,1.011
841.721,1.009
841.741,1.011
841.761,1.009
841.781,1.010
841.801,1.009
841.821,1.010
841.841,1.011
841.861,1.010
841.881,1.010
841.901,1.009
841.921,1.010
841.941,1.010
841.961,1.011
841.981,1.011
842.001,1.009
842.021,1.010
842.041,1.011
842.061,1.011
842.081,1.012
842.101,1.009
842.121,1.011
842.141,1.007
842.161,1.010
842.181,1.010
842.201,1.010
842.221,1.009
884.171,0.978
884.191,0.993
884.211,1.075
884.231,1.042
884.251,1.079
884.271,1.168
884.291,1.082
884.311,1.078
884.331,1.145
884.351,1.165
884.371,1.178
884.391,1.209
884.411,1.195
884.431,1.250
884.451,1.113
884.471,1.017
884.491,0.987
884.511,0.872
884.531,0.985
884.551,0.862
884.571,0.837
884.591,0.761
884.611,1.174
884.631,1.116
884.651,1.144
884.671,1.157
884.691,0.939
884.711,0.970
884.731,0.910
884.751,0.824
884.771,1.047
884.791,1.023
884.811,0.905
884.831,0.894
884.851,0.993
884.871,0.865
884.891,0.960
884.911,0.915
884.931,0.673
884.951,0.723
884.971,0.822
884.991,1.152
885.012,1.237
885.032,1.290
885.052,1.057
885.072,1.025
885.092,0.948
885.112,0.988
885.132,1.005
885.152,1.051
885.172,0.903
885.192,0.941
885.212,0.941
885.232,0.960
885.252,0.695
885.272,1.523
885.292,1.331
885.312,1.248
885.332,1.177
885.352,1.147
885.372,0.998
885.392,0.768
885.412,0.882
885.432,1.080
885.452,1.155
885.472,1.166
885.492,1.131
885.512,0.976
885.532,0.863
885.552,0.890
885.572,0.991
885.592,1.077
885.612,1.125
885.632,1.117
885.652,1.097
885.672,0.964
885.692,0.994
885.712,1.047
885.732,1.189
885.752,1.158
885.772,1.066
885.792,0.954
885.812,1.011
885.832,0.964
885.852,1.023
885.872,1.124
885.892,1.065
885.912,0.958
885.932,1.082
885.952,1.044
885.972,0.984
885.992,1.022
886.012,1.037
886.032,0.948
886.052,1.078
886.072,1.062
886.092,1.032
886.112,0.983
886.132,1.059
886.152,1.133
886.172,1.115
886.192,0.897
886.212,0.903
886.232,1.067
886.252,1.190
886.272,1.226
886.292,1.045
886.312,0.986
886.332,1.003
886.352,1.044
886.372,0.941
886.392,1.046
886.412,0.990
886.432,1.116
886.452,1.060
886.472,0.940
886.492,0.947
886.512,0.933
886.532,0.898
886.552,1.023
886.572,1.013
886.592,1.083
886.612,1.063
886.632,1.103
886.652,1.004
886.672,0.995
886.692,0.991
886.712,0.922
886.732,0.975
886.752,1.001
886.772,1.090
886.792,1.066
886.812,1.022
886.832,1.017
886.852,0.990
886.872,0.896
886.892,1.028
886.912,1.028
886.932,1.014
886.952,1.020
886.972,1.064
886.992,0.969
887.012,0.932
887.032,1.057
887.052,1.050
887.072,0.955
887.092,0.937
887.112,1.018
887.132,1.098
887.152,1.086
887.172,0.947
887.192,0.968
887.212,1.055
887.232,1.023
887.252,1.003
887.272,0.952
887.292,1.101
887.312,1.047
887.332,0.974
887.352,1.043
887.372,0.919
887.392,1.050
887.412,1.041
887.432,0.973
887.452,0.981
887.472,0.938
887.492,1.087
887.512,1.036
887.532,1.077
887.552,1.018
887.572,0.925
887.592,0.956
887.612,1.043
887.632,0.988
887.652,1.185
887.672,0.989
887.692,1.004
887.712,1.020
887.732,0.998
887.752,1.052
887.772,1.094
887.792,0.993
887.812,0.926
887.832,0.903
887.852,0.932
887.872,1.233
887.892,1.251
887.912,1.031
887.932,1.054
887.952,1.041
887.972,1.317
887.992,1.195
888.012,0.957
888.032,0.851
888.052,0.926
888.072,0.771
888.092,1.179
888.112,1.430
888.132,0.740
888.152,0.629
888.172,1.235
888.192,1.534
888.212,0.935
888.232,1.048
888.252,1.078
888.272,0.890
888.292,1.020
888.312,1.037
888.332,1.285
888.352,1.046
888.372,0.852
888.392,1.156
888.412,1.101
888.432,1.035
888.452,1.116
888.472,1.566
888.492,1.106
888.512,1.044
888.532,0.994
888.552,0.986
888.572,1.040
888.592,1.019
888.612,0.960
888.632,0.893
888.652,1.017
888.672,0.947
888.692,1.079
888.712,1.090
888.732,0.947
888.752,1.047
888.772,0.959
888.792,1.091
888.812,1.021
888.832,0.838
888.852,0.993
888.872,0.980
888.892,1.030
888.912,0.851
888.932,0.896
888.952,1.117
888.972,1.128
888.992,0.970
889.012,0.983
889.032,0.893
889.052,0.876
889.072,1.387
889.092,1.331
889.112,0.806
889.132,0.768
889.152,1.002
889.172,1.325
889.192,1.316
889.212,1.191
889.232,0.833
889.252,0.770
889.272,0.830
889.292,1.149
889.312,1.246
889.332,1.045
889.352,0.855
889.372,0.835
889.392,0.856
889.412,1.038
889.432,1.064
889.452,1.009
889.472,0.877
889.492,0.911
889.512,0.928
889.532,1.012
889.552,1.047
889.572,0.984
889.592,0.916
889.612,1.167
889.632,1.041
889.652,1.068
889.672,1.146
889.692,1.145
889.712,1.135
889.732,1.071
889.752,1.151
889.772,1.102
889.792,1.050
889.812,1.044
889.832,1.079
889.852,1.013
889.872,0.969
889.892,0.923
889.912,1.295
889.932,0.954
889.952,0.662
889.972,1.129
889.992,0.987
890.012,1.056
890.032,1.174
890.052,1.190
890.072,1.082
890.092,0.968
890.112,0.991
890.132,1.011
890.152,1.020
890.172,1.022
890.192,1.081
890.212,1.135
890.232,0.713
890.252,0.842
890.272,2.172
890.292,1.073
890.312,0.999
890.332,1.012
890.352,1.005
890.372,0.952
890.392,0.909
890.412,1.036
890.432,0.976
890.452,1.039
890.472,1.084
890.492,1.138
890.512,1.201
890.532,1.141
890.552,1.136
890.572,1.110
890.592,1.050
890.612,0.964
890.632,0.953
890.652,0.981
890.672,0.829
890.692,0.966
890.712,0.938
890.732,0.995
890.752,0.968
890.772,0.990
890.792,1.060
890.812,1.006
890.832,0.949
890.852,0.943
890.872,0.964
890.892,0.975
890.912,0.913
890.932,0.939
890.952,0.858
890.972,1.036
890.992,0.995
891.012,1.143
891.032,1.078
891.052,1.020
891.072,0.857
891.092,0.925
891.112,0.866
891.132,1.079
891.152,0.973
891.172,1.079
891.192,1.041
891.212,0.961
891.232,1.016
891.252,1.055
891.272,1.137
891.292,1.110
891.312,0.893
891.332,0.967
891.352,0.952
891.372,1.063
891.392,1.121
891.412,1.039
891.432,1.034
891.452,0.955
891.472,0.995
891.492,1.068
891.512,0.922
891.532,0.877
891.552,0.885
891.572,0.973
891.592,1.013
891.612,0.961
891.632,0.979
891.652,0.990
891.672,0.954
891.692,0.974
891.712,1.037
891.732,1.035
891.752,1.049
891.772,1.006
891.792,0.966
891.812,1.017
891.832,1.062
891.852,0.953
891.872,0.918
891.892,0.890
891.912,0.996
891.932,0.895
891.952,0.954
891.972,0.940
891.992,0.974
892.012,1.008
892.032,0.920
892.052,1.058
892.072,1.200
892.092,1.126
892.112,1.064
892.132,1.002
892.152,0.893
892.172,1.064
892.192,1.140
892.212,1.159
892.232,1.098
892.252,1.063
892.272,1.031
892.292,1.094
892.312,1.058
892.332,1.000
892.352,1.022
892.372,1.026
892.392,0.980
892.412,0.985
892.432,1.019
892.452,1.006
892.472,1.034
892.492,1.041
892.512,1.092
892.532,0.993
892.552,0.954
892.572,1.027
892.592,1.049
892.612,1.140
892.632,0.996
892.652,0.923
892.672,1.024
892.692,1.090
892.712,0.984
892.732,0.941
892.752,1.016
892.772,1.041
892.792,0.956
892.812,0.822
892.832,0.917
892.852,1.041
892.872,1.096
892.892,0.995
892.912,1.018
892.932,1.048
892.952,2.014
892.972,0.950
892.992,0.974
893.012,0.969
893.032,0.998
893.052,1.000
893.072,1.047
893.092,1.047
893.112,1.017
893.132,0.992
893.152,0.968
893.172,1.013
893.192,1.026
893.212,1.016
893.232,1.008
893.252,1.077
893.272,0.997
893.292,1.007
893.312,1.009
893.332,1.013
893.352,1.011
893.372,1.014
893.392,1.007
893.412,1.009
893.432,1.016
893.452,1.013
893.472,1.009
893.492,1.012
893.512,1.063
893.532,0.966
893.552,0.962
893.572,1.029
893.592,1.010
893.612,1.014
893.632,1.013
893.652,1.012
893.672,1.016
893.692,1.011
893.712,1.012
893.732,1.010
893.752,1.009
893.772,1.010
893.792,1.011
893.812,1.014
893.832,1.013
893.852,1.022
893.872,1.010
893.892,1.006
893.912,1.021
893.932,1.005
893.952,1.015
893.972,1.044
893.992,1.071
894.012,0.985
894.032,1.001
894.052,1.050
894.072,1.068
894.092,1.025
894.112,0.930
894.132,1.005
894.152,1.013
894.172,1.009
894.192,1.009
894.212,0.968
894.232,0.989
894.252,1.006
894.272,1.008
894.292,1.015
894.312,1.002
894.332,1.038
894.352,1.013
894.372,0.986
894.392,1.015
894.412,1.030
894.432,1.056
894.452,1.025
894.472,1.042
894.492,1.067
894.512,0.933
894.532,0.819
894.552,0.993
894.572,1.052
894.592,1.031
894.612,1.027
894.632,1.092
894.652,0.910
894.672,0.909
894.692,0.869
894.712,1.086
894.732,1.087
894.752,0.990
894.772,0.989
894.792,0.989
894.812,1.069
894.832,1.075
894.852,1.079
894.872,1.040
894.892,0.968
894.912,0.888
894.932,1.076
894.952,1.055
894.972,1.100
894.992,0.886
895.012,1.106
895.032,0.847
895.052,0.961
895.072,0.959
895.092,0.996
895.112,1.052
895.132,0.969
895.152,0.932
895.172,0.928
895.192,0.978
895.212,0.938
895.232,1.007
895.252,1.235
895.272,1.076
895.292,1.052
895.312,0.975
895.332,0.929
895.352,1.076
895.372,1.019
895.392,1.017
895.412,1.005
895.432,1.107
895.452,0.976
895.472,0.955
895.492,0.937
895.512,0.974
895.532,1.023
895.552,1.045
895.572,1.123
895.592,0.991
895.612,0.916
895.632,0.855
895.652,1.187
895.672,0.980
895.692,0.925
895.712,0.999
895.732,1.093
895.752,1.050
895.772,1.008
895.792,1.002
895.812,0.919
895.832,1.115
895.852,0.929
895.872,1.045
895.892,1.016
895.912,0.899
895.932,0.999
895.952,1.074
895.972,0.982
895.992,0.911
896.012,0.999
896.032,0.942
896.052,0.973
896.072,0.990
896.092,0.914
896.112,0.967
896.132,0.963
896.152,1.047
896.172,1.025
896.192,0.984
896.212,0.966
896.232,0.915
896.252,1.031
896.272,1.000
896.292,0.937
896.312,1.041
896.332,0.994
896.352,3.468
896.372,1.102
896.392,0.990
896.412,1.033
896.432,0.987
896.452,0.982
896.472,0.982
896.492,0.938
896.512,1.009
896.532,0.966
896.552,0.995
896.572,1.056
896.592,0.909
896.612,1.031
896.632,0.977
896.652,0.973
896.672,0.941
896.692,1.007
896.712,0.998
896.732,1.028
896.752,1.157
896.772,1.012
896.792,0.944
896.812,0.994
896.832,0.967
896.852,0.987
896.872,1.029
896.892,0.974
896.912,1.000
896.932,0.982
896.952,0.978
896.972,0.991
896.992,0.988
897.012,1.022
897.032,1.037
897.052,1.059
897.072,0.893
897.092,0.905
897.112,0.944
897.132,1.028
897.152,0.989
897.172,0.958
897.192,0.952
897.212,0.893
897.232,1.004
897.252,1.028
897.272,0.994
897.292,1.120
897.312,0.971
897.332,0.998
897.352,0.873
897.372,0.983
897.392,0.981
897.412,0.997
897.432,0.966
897.452,0.960
897.472,0.960
897.492,0.922
897.512,0.994
897.532,0.954
897.552,0.974
897.572,0.959
897.592,0.994
897.612,0.986
897.632,0.955
897.652,1.012
897.672,0.965
897.692,0.978
897.712,0.977
897.732,0.948
897.752,0.943
897.772,0.958
897.792,0.962
897.812,0.959
897.832,0.991
897.852,0.968
897.872,0.968
897.892,0.964
897.912,0.960
897.932,0.958
897.952,0.958
897.972,0.957
897.992,0.952
898.012,0.955
898.032,0.957
898.052,0.958
898.072,0.957
898.092,0.960
898.112,0.957
898.132,0.960
898.152,0.957
898.172,0.961
898.192,0.957
898.212,0.959
898.232,0.957
898.252,0.958
898.272,0.958
898.292,0.959
898.312,0.956
898.332,0.962
898.352,0.960
898.372,0.961
898.392,0.959
898.412,0.963
898.432,0.958
898.452,0.959
898.472,0.961
898.492,0.961
898.512,0.960
898.532,0.960
898.552,0.960
898.572,0.962
898.592,0.961
898.612,0.960
898.632,0.961
898.652,0.959
898.672,0.961
898.692,0.962
898.712,0.961
898.732,0.961
898.752,0.961
898.772,0.963
898.792,0.963
898.812,0.962
898.832,0.960
898.852,0.959
898.872,0.958
898.892,0.961
898.912,0.961
898.932,0.961
898.952,0.961
898.972,0.962
898.992,0.960
899.012,0.964
899.032,0.959
899.052,0.961
899.072,0.959
899.092,0.962
899.112,0.961
899.132,0.962
899.152,0.962
899.172,0.958
899.192,0.962
899.212,0.962
899.232,0.963
899.252,0.961
899.272,0.961
899.292,0.960
899.312,0.960
899.332,0.962
899.352,0.962
899.372,0.963
899.392,0.962
899.412,0.962
899.432,0.963
899.452,0.962
899.472,0.960
899.492,0.961
899.512,0.962
899.532,0.960
899.552,0.963
899.572,0.962
899.592,0.965
899.612,0.962
899.632,0.961
899.652,0.962
899.672,0.961
899.692,0.960
899.712,0.963
899.732,0.963
899.752,0.964
899.772,0.962
899.792,0.964
899.812,0.961
899.832,0.960
899.852,0.963
899.872,0.963
899.892,0.960
899.912,0.959
899.932,0.964
899.952,0.959
899.972,0.963
899.992,0.961
900.012,0.963
900.032,0.957
900.052,0.962
900.072,0.963
900.092,0.963
900.112,0.963
900.132,0.963
900.152,0.960
900.172,0.966
900.192,0.961
900.212,0.958
900.232,0.957
900.252,0.965
900.272,0.958
900.292,0.960
900.312,0.962
900.332,0.961
900.352,0.960
900.372,0.960
900.392,0.963
900.412,0.962
900.432,0.961
900.452,0.962
900.472,0.960
900.492,0.964
900.512,0.961
900.532,0.961
900.552,0.965
900.572,0.963
900.592,0.963
900.612,0.961
900.632,0.962
900.652,0.959
900.672,0.964
900.692,0.961
900.712,0.960
900.732,0.961
900.752,0.962
900.772,0.961
900.792,0.960
900.812,0.961
900.832,0.960
900.852,0.960
900.872,0.962
900.892,0.961
900.912,0.961
900.932,0.962
900.952,0.963
900.972,0.961
900.992,0.961
901.012,0.961
901.032,0.963
901.052,0.960
901.072,0.960
901.092,0.961
901.112,0.962
901.132,0.960
901.152,0.960
901.172,0.961
901.192,0.962
901.212,0.964
901.232,0.958
901.252,0.962
901.272,0.958
901.292,0.964
901.312,0.960
901.332,0.962
901.352,0.963
901.372,0.961
901.392,0.963
901.412,0.960
901.432,0.961
901.452,0.959
901.472,0.962
901.492,0.962
901.512,0.961
901.532,0.962
901.552,0.960
901.572,0.961
901.592,0.963
901.612,0.960
901.632,0.960
901.652,0.962
901.672,0.959
901.692,0.962
901.712,0.961
901.732,0.962
901.752,0.960
901.772,0.960
901.792,0.962
901.812,0.963
901.832,0.961
901.852,0.962
901.872,0.960
901.892,0.962
901.912,0.960
901.932,0.962
901.952,0.959
901.972,0.958
901.992,0.961
902.012,0.960
902.032,0.960
902.052,0.959
902.072,0.963
902.092,0.961
902.112,0.960
902.132,0.959
902.152,0.962
902.172,0.962
902.192,0.961
902.212,0.962
902.232,0.961
902.252,0.960
902.272,0.961
902.292,0.965
902.312,0.963
902.332,0.960
902.352,0.961
902.372,0.961
902.392,0.960
902.412,0.959
902.432,0.962
902.452,0.962
902.472,0.959
902.492,0.961
902.512,0.961
902.532,0.964
902.552,0.970
902.572,0.961
902.592,0.959
902.612,0.961
902.632,0.961
902.652,0.962
902.672,0.963
902.692,0.963
902.712,0.960
902.732,0.964
902.752,0.963
902.772,0.961
902.792,0.957
902.812,0.961
902.832,0.961
902.852,0.960
902.872,0.960
902.892,0.963
902.912,0.960
902.932,0.962
902.952,0.961
902.972,0.959
902.992,0.961
903.012,0.961
903.032,0.959
903.052,0.963
903.072,0.958
903.092,0.962
903.112,0.961
903.132,0.959
903.152,0.961
903.172,0.963
903.192,0.959
903.212,0.957
903.232,0.960
903.252,0.962
903.272,0.957
903.292,0.962
903.312,0.964
903.332,0.963
903.352,0.960
903.372,0.963
903.392,0.961
903.412,0.957
903.432,0.960
903.452,0.957
903.472,0.961
903.492,0.962
903.512,0.962
903.532,0.962
903.552,0.963
903.572,0.960
903.592,0.960
903.612,0.958
903.632,0.962
903.652,0.959
903.672,0.961
903.692,0.959
903.712,0.962
903.732,0.965
903.752,0.964
903.772,0.959
903.792,0.962
903.812,0.960
903.832,0.962
903.852,0.959
903.872,0.958
903.892,0.962
903.912,0.962
903.932,0.962
903.952,0.960
903.972,0.960
903.992,0.960
904.012,0.960
904.032,0.958
904.052,0.961
904.072,0.961
904.092,0.961
904.112,0.959
904.132,0.962
904.152,0.962
904.172,0.961
904.192,0.960
904.212,0.962
904.232,0.962
904.252,0.957
904.272,0.960
904.292,0.960
904.312,0.962
904.332,0.961
904.352,0.963
904.372,0.960
904.392,0.960
904.412,0.960
904.432,0.959
904.452,0.959
904.472,0.960
904.492,0.960
904.512,0.959
904.532,0.963
904.552,0.963
904.572,0.960
904.592,0.960
904.612,0.964
904.632,0.959
904.652,0.960
904.672,0.961
904.692,0.962
904.712,0.961
904.732,0.960
904.752,0.962
904.772,0.963
904.792,0.961
904.812,0.962
904.832,0.961
904.852,0.957
904.872,0.961
904.892,0.957
904.912,0.959
904.932,0.959
904.952,0.963
904.972,0.962
904.992,0.962
905.012,0.960
905.032,0.960
905.052,0.959
905.072,0.960
905.092,0.959
905.112,0.959
905.132,0.960
905.152,0.961
905.172,0.961
905.192,0.962
905.212,0.962
905.232,0.962
905.252,0.960
905.272,0.960
905.292,0.961
905.312,0.961
905.332,0.961
905.352,0.959
905.372,0.960
905.392,0.961
905.412,0.962
905.432,0.960
905.452,0.962
905.472,0.962
905.492,0.961
905.512,0.959
905.532,0.960
905.552,0.958
905.572,0.962
905.592,0.961
905.612,0.960
905.632,0.959
905.652,0.961
905.672,0.960
905.692,0.958
905.712,0.960
905.732,0.959
905.752,0.961
905.772,0.961
905.792,0.959
905.812,0.962
905.832,0.960
905.852,0.959
905.872,0.962
905.892,0.960
905.912,0.959
905.932,0.957
905.952,0.960
905.972,0.963
905.992,0.959
906.012,0.961
906.032,0.965
906.052,0.959
906.072,0.959
906.092,0.961
906.112,0.961
906.132,0.954
906.152,0.956
906.172,0.961
906.192,0.962
906.212,0.957
906.232,0.962
906.252,0.956
906.272,0.967
906.292,0.953
906.312,0.960
906.332,0.961
906.352,0.957
906.372,0.960
906.392,0.957
906.412,0.961
906.432,0.948
906.452,0.969
906.472,0.960
906.492,0.962
906.512,0.959
906.532,0.963
906.552,0.956
906.572,0.953
906.592,0.956
906.612,0.960
906.632,0.960
906.652,0.965
906.672,0.961
906.692,0.960
906.712,0.960
906.732,0.959
906.752,0.959
906.772,0.959
906.792,0.956
906.812,0.961
906.832,0.960
906.852,0.958
906.872,0.959
906.892,0.964
906.912,0.961
906.932,0.959
906.952,0.959
906.972,0.959
906.992,0.959
907.012,0.960
907.032,0.961
907.052,0.961
907.072,0.959
907.092,0.961
907.112,0.961
907.132,0.961
907.152,0.960
907.172,0.959
907.192,0.947
907.212,0.963
907.232,0.958
907.252,0.971
907.272,0.959
907.292,0.959
907.312,0.957
907.332,0.962
907.352,0.966
907.372,0.958
907.392,0.959
907.412,0.963
907.432,0.958
907.452,0.958
907.472,0.963
907.492,0.961
907.512,0.965
907.532,0.963
907.552,0.964
907.572,0.960
907.592,0.960
907.612,0.958
907.632,0.957
907.652,0.965
907.672,0.961
907.692,0.960
907.712,0.963
907.732,0.962
907.752,0.957
907.772,0.961
907.792,0.958
907.812,0.959
907.832,0.958
907.852,0.960
907.872,0.961
907.892,0.961
907.912,0.962
907.932,0.962
907.952,0.961
907.972,0.958
907.992,0.959
908.012,0.958
908.032,0.958
908.052,0.957
908.072,0.958
908.092,0.961
908.112,0.960
908.132,0.961
908.152,0.960
908.172,0.961
908.192,0.963
908.212,0.961
908.232,0.959
908.252,0.959
908.272,0.958
908.292,0.957
908.312,0.961
908.332,0.959
908.352,0.961
908.372,0.960
908.392,0.958
908.412,0.959
908.432,0.961
908.452,0.956
908.472,0.960
908.492,0.960
908.512,0.960
908.532,0.959
908.552,0.963
908.572,0.958
908.592,0.964
908.612,0.961
908.632,0.961
908.652,0.959
908.672,0.958
908.692,0.960
908.712,0.960
908.732,0.960
908.752,0.963
908.772,0.961
908.792,0.959
908.812,0.961
908.832,0.958
908.852,0.959
908.872,0.955
908.892,0.961
908.912,0.961
908.932,0.962
908.952,0.961
908.972,0.961
908.992,0.960
909.012,0.960
909.032,0.959
909.052,0.960
909.072,0.960
909.092,0.960
909.112,0.958
909.132,0.961
909.152,0.965
909.172,0.959
909.192,0.962
909.212,0.960
909.232,0.960
909.252,0.959
909.272,0.959
909.292,0.958
909.312,0.958
909.332,0.962
909.352,0.961
909.372,0.961
909.392,0.962
909.412,0.960
909.432,0.959
909.452,0.960
909.472,0.959
909.492,0.958
909.512,0.958
909.532,0.959
909.552,0.962
909.572,0.960
909.592,0.962
909.612,0.962
909.632,0.959
909.652,0.958
909.672,0.961
909.692,0.957
909.712,0.959
909.732,0.958
909.752,0.960
909.772,0.962
909.792,0.961
909.812,0.960
909.832,0.962
909.852,0.959
909.872,0.957
909.892,0.959
909.912,0.959
909.932,0.958
909.952,0.959
909.972,0.961
909.992,0.964
910.012,0.962
910.032,0.962
910.052,0.958
910.072,0.961
910.092,0.960
910.112,0.959
910.132,0.960
910.152,0.960
910.172,0.960
910.192,0.963
910.212,0.961
910.232,0.963
910.252,0.959
910.272,0.960
910.292,0.959
910.312,0.960
910.332,0.958
910.352,0.958
910.372,0.959
910.392,0.960
910.412,0.960
910.432,0.962
910.452,0.960
910.472,0.960
910.492,0.957
910.512,0.959
910.532,0.961
910.552,0.959
910.572,0.961
910.592,0.961
910.612,0.963
910.632,0.962
910.652,0.958
910.672,0.960
910.692,0.962
910.712,0.959
910.732,0.957
910.752,0.961
910.772,0.960
910.792,0.960
910.812,0.962
910.832,0.963
910.852,0.960
910.872,0.960
910.892,0.960
910.912,0.960
910.932,0.960
910.952,0.959
910.972,0.962
910.992,0.960
911.012,0.960
911.032,0.962
911.052,0.958
911.072,0.960
911.092,0.959
911.112,0.961
911.132,0.958
911.152,0.960
911.172,0.959
911.192,0.959
911.212,0.963
911.232,0.960
911.252,0.958
911.272,0.961
911.292,0.961
911.312,0.960
911.332,0.958
911.352,0.959
911.372,0.960
911.392,0.960
911.412,0.959
911.432,0.960
911.452,0.960
911.472,0.961
911.492,0.960
911.512,0.960
911.532,0.961
911.552,0.962
911.572,0.959
911.592,0.962
911.612,0.961
911.632,0.959
911.652,0.959
911.672,0.959
911.692,0.961
911.712,0.960
911.732,0.961
911.752,0.958
911.772,0.962
911.792,0.958
911.812,0.960
911.832,0.960
911.852,0.960
911.872,0.962
911.892,0.961
911.912,0.959
911.932,0.959
911.952,0.961
911.972,0.960
911.992,0.959
912.012,0.961
912.032,0.960
912.052,0.960
912.072,0.960
912.092,0.959
912.112,0.961
912.132,0.960
912.152,0.960
912.172,0.960
912.192,0.958
912.212,0.961
912.232,0.960
912.252,0.961
912.272,0.959
912.292,0.960
912.312,0.959
912.332,0.961
912.352,0.960
912.372,0.961
912.392,0.956
912.412,0.960
912.432,0.958
912.452,0.959
912.472,0.961
912.492,0.961
912.512,0.959
912.532,0.961
912.552,0.959
912.572,0.959
912.592,0.961
912.612,0.958
912.632,0.960
912.652,0.959
912.672,0.963
912.692,0.958
912.712,0.958
912.732,0.961
912.752,0.962
912.772,0.960
912.792,0.959
912.812,0.961
912.832,0.959
912.852,0.961
912.872,0.960
912.892,0.960
912.912,0.959
912.932,0.962
912.952,0.960
912.972,0.960
912.992,0.959
913.012,0.960
913.032,0.960
913.052,0.960
913.072,0.960
913.092,0.959
913.112,0.960
913.132,0.959
913.152,0.961
913.172,0.961
913.192,0.959
913.212,0.960
913.232,0.958
913.252,0.960
913.272,0.963
913.292,0.959
913.312,0.958
913.332,0.963
913.352,0.960
913.372,0.961
913.392,0.960
913.412,0.961
913.432,0.961
913.452,0.960
913.472,0.959
913.492,0.960
913.512,0.962
913.532,0.962
913.552,0.958
913.572,0.960
913.592,0.960
913.612,0.961
913.632,0.960
913.652,0.961
913.672,0.959
913.692,0.960
913.712,0.958
913.732,0.960
913.752,0.960
913.772,0.960
913.792,0.960
913.812,0.962
913.832,0.958
913.852,0.959
913.872,0.961
913.892,0.961
913.912,0.960
913.932,0.960
913.952,0.960
913.972,0.959
913.992,0.961
914.012,0.961
914.032,0.957
914.052,0.957
914.072,0.959
914.092,0.961
914.112,0.958
914.132,0.961
914.152,0.962
914.172,0.960
914.192,0.961
914.212,0.960
914.232,0.960
914.252,0.959
914.272,0.961
914.292,0.960
914.312,0.959
914.332,0.958
914.352,0.959
914.372,0.959
914.392,0.959
914.412,0.961
914.432,0.962
914.452,0.962
914.472,0.960
914.492,0.960
914.512,0.960
914.532,0.959
914.552,0.962
914.572,0.961
914.592,0.958
914.612,0.961
914.632,0.962
914.652,0.957
914.672,0.959
914.692,0.960
914.712,0.957
914.732,0.961
914.752,0.960
914.772,0.960
914.792,0.960
914.812,0.960
914.832,0.960
914.852,0.960
914.872,0.960
914.892,0.959
914.912,0.960
914.932,0.959
914.952,0.960
914.972,0.960
914.992,0.961
915.012,0.959
915.032,0.958
915.052,0.958
915.072,0.958
915.092,0.958
915.112,0.959
915.132,0.960
915.152,0.959
915.172,0.961
915.192,0.957
915.212,0.959
915.232,0.957
915.252,0.958
915.272,0.962
915.292,0.959
915.312,0.958
915.332,0.960
915.352,0.962
915.372,0.960
915.392,0.959
915.412,0.961
915.432,0.960
915.452,0.960
915.472,0.960
915.492,0.957
915.512,0.962
915.532,0.959
915.552,0.959
915.572,0.960
915.592,0.957
915.612,0.961
915.632,0.957
915.652,0.959
915.672,0.960
915.692,0.960
915.712,0.961
915.732,0.958
915.752,0.960
915.772,0.958
915.792,0.959
915.812,0.961
915.832,0.960
915.852,0.959
915.872,0.958
915.892,0.960
915.912,0.959
915.932,0.961
915.952,0.959
915.972,0.959
915.992,0.961
916.012,0.959
916.032,0.959
916.052,0.959
916.072,0.960
916.092,0.958
916.112,0.960
916.132,0.957
916.152,0.958
916.172,0.958
916.192,0.959
916.212,0.958
916.232,0.959
916.252,0.962
916.272,0.958
916.292,0.959
916.312,0.958
916.332,0.958
916.352,0.961
916.372,0.960
916.392,0.962
916.412,0.958
916.432,0.958
916.452,0.959
916.472,0.958
916.492,0.958
916.512,0.958
916.532,0.963
916.552,0.962
916.572,0.960
916.592,0.958
916.612,0.964
916.632,0.960
916.652,0.959
916.672,0.960
916.692,0.959
916.712,0.957
916.732,0.957
916.752,0.960
916.772,0.958
916.792,0.961
916.812,0.960
916.832,0.960
916.852,0.959
916.872,0.959
916.892,0.961
916.912,0.960
916.932,0.962
916.952,0.960
916.972,0.958
916.992,0.959
917.012,0.957
917.032,0.960
917.052,0.957
917.072,0.959
917.092,0.961
917.112,0.961
917.132,0.960
917.152,0.959
917.172,0.958
917.192,0.959
917.212,0.959
917.232,0.958
917.252,0.959
917.272,0.957
917.292,0.958
917.312,0.960
917.332,0.960
927.882,0.812
927.902,0.912
927.922,0.975
927.942,0.966
927.962,0.969
927.982,0.971
928.001,0.952
928.021,0.959
928.041,0.975
928.061,0.968
928.081,0.935
928.101,0.939
928.121,0.950
928.141,0.991
928.161,0.964
928.181,0.946
928.201,0.965
928.221,1.013
928.241,0.942
928.261,0.947
928.281,0.973
928.301,0.973
928.321,0.956
928.341,0.970
928.361,0.964
928.381,0.964
928.401,0.961
928.421,0.959
928.441,0.967
928.461,0.969
928.481,0.962
928.501,0.977
928.521,0.955
928.541,0.977
928.561,0.977
928.581,0.959
928.601,0.969
928.621,0.984
928.641,0.974
928.661,0.999
928.681,0.997
928.701,0.935
928.721,0.978
928.741,0.960
928.761,0.977
928.781,0.991
928.801,1.045
928.821,0.928
928.841,1.610
928.861,0.973
928.881,1.009
928.901,1.443
928.921,1.178
928.941,1.100
928.961,0.991
928.981,0.969
929.001,1.040
929.021,0.984
929.041,0.988
929.061,0.945
929.081,0.994
929.101,0.987
929.121,0.953
929.141,1.129
929.161,0.909
929.181,1.069
929.201,1.064
929.221,0.903
929.241,1.031
929.261,1.053
929.281,0.952
929.301,1.018
929.321,0.914
929.341,1.147
929.361,1.351
929.381,1.440
929.401,0.936
929.421,1.018
929.441,0.979
929.461,0.990
929.481,0.848
929.501,1.196
929.521,0.981
929.541,0.991
929.561,0.976
929.581,0.938
929.601,1.059
929.621,1.000
929.641,0.958
929.661,0.974
929.681,0.987
929.701,0.924
929.721,1.135
929.741,1.105
929.761,0.910
929.781,1.019
929.801,1.034
929.821,1.005
929.841,1.081
929.861,0.974
929.881,1.012
929.901,0.934
929.921,1.017
929.941,1.020
929.961,0.995
929.981,0.970
930.001,1.023
930.021,1.000
930.041,0.983
930.061,0.982
930.081,1.020
930.101,1.084
930.121,0.986
930.141,0.928
930.161,1.002
930.181,1.014
930.201,1.018
930.221,1.008
930.241,1.011
930.261,1.003
930.281,1.031
930.301,0.953
930.321,1.013
930.341,0.939
930.361,1.065
930.381,0.965
930.401,1.023
930.421,1.003
930.441,0.997
930.461,1.001
930.481,0.983
930.501,0.983
930.521,1.038
930.541,1.047
930.561,1.025
930.581,1.023
930.601,1.058
930.621,0.967
930.641,0.987
930.661,0.989
930.681,1.027
930.701,1.000
930.721,1.041
930.741,1.064
930.761,1.089
930.781,1.044
930.801,1.025
930.821,1.055
930.841,1.058
930.861,1.038
930.881,0.978
930.901,1.107
930.921,0.927
930.941,0.969
930.961,0.943
930.981,0.988
931.001,1.082
931.021,1.115
931.041,0.991
931.061,1.015
931.081,1.010
931.101,1.000
931.121,0.999
931.141,1.019
931.161,1.001
931.181,1.000
931.201,1.022
931.221,1.005
931.241,1.021
931.261,1.111
931.281,0.832
931.301,0.973
931.321,0.984
931.341,1.035
931.361,1.038
931.381,1.023
931.401,1.048
931.421,1.005
931.441,1.009
931.461,1.024
931.481,1.006
931.501,1.037
931.521,1.018
931.541,1.002
931.561,0.983
931.581,1.067
931.601,0.989
931.621,0.992
931.641,1.029
931.661,1.016
931.681,1.005
931.701,1.008
931.721,1.024
931.741,0.956
931.761,1.018
931.781,1.022
931.801,1.015
931.821,0.986
931.841,1.035
931.861,1.095
931.881,0.974
931.901,0.875
931.921,1.015
931.941,1.007
931.961,1.012
931.981,1.014
932.001,1.012
932.021,1.009
932.041,1.002
932.061,1.009
932.081,1.005
932.101,1.001
932.121,1.022
932.141,1.060
932.161,1.039
932.181,1.037
932.201,0.967
932.221,1.019
932.241,1.018
932.261,0.999
932.281,0.993
932.301,1.013
932.321,1.026
932.341,1.028
932.361,1.033
932.381,0.988
932.401,0.934
932.421,1.025
932.441,1.044
932.461,1.017
932.481,1.002
932.501,1.047
932.521,0.973
932.541,1.106
932.561,1.076
932.581,1.006
932.601,1.028
932.621,0.903
932.641,0.940
932.661,0.981
932.681,1.076
932.701,0.974
932.721,0.938
932.741,1.112
932.761,1.087
932.781,1.110
932.801,0.987
932.821,1.852
932.841,1.176
932.861,1.005
932.881,0.990
932.901,1.074
932.921,1.020
932.941,0.988
932.961,0.985
932.981,1.446
933.001,0.978
933.021,1.052
933.041,1.005
933.061,1.010
933.081,1.019
933.101,1.008
933.121,0.967
933.141,0.915
933.161,1.019
933.181,1.041
933.201,1.023
933.221,1.026
933.241,1.014
933.261,1.020
933.281,1.007
933.301,1.014
933.321,1.014
933.341,1.012
933.361,1.014
933.381,1.012
933.401,1.011
933.421,1.008
933.441,1.016
933.461,1.008
933.481,1.009
933.501,1.018
933.521,1.005
933.541,1.010
933.561,1.017
933.581,1.005
933.601,1.006
933.621,1.006
933.641,1.022
933.661,1.012
933.681,1.009
933.701,1.011
933.721,1.018
933.741,1.013
933.761,1.007
933.781,1.006
933.801,1.014
933.821,1.015
933.841,1.020
933.861,1.012
933.881,1.001
933.901,1.012
933.921,1.014
933.941,1.017
933.961,1.008
933.981,1.006
934.001,1.010
934.021,1.013
934.041,1.012
934.061,1.019
934.081,1.010
934.101,1.013
934.121,1.009
934.141,1.012
934.161,1.024
934.181,1.018
934.201,1.014
934.221,1.013
934.241,1.365
934.261,1.064
934.281,1.016
934.301,1.011
934.321,1.010
934.341,1.026
934.361,1.030
934.381,1.018
934.401,1.018
934.421,1.171
934.441,0.986
934.461,0.992
934.481,0.832
934.501,0.952
934.521,1.081
934.541,1.081
934.561,0.941
934.581,1.043
934.601,1.024
934.621,1.111
934.641,1.029
934.661,1.019
934.681,1.106
934.701,0.975
934.721,1.024
934.741,0.999
934.761,1.032
934.781,1.024
934.801,1.037
934.821,0.975
934.841,1.745
934.861,2.325
934.881,1.030
934.901,1.007
934.921,1.037
934.941,1.001
934.961,1.026
934.981,0.980
935.001,1.035
935.021,1.003
935.041,1.016
935.061,1.001
935.081,1.025
935.101,0.995
935.121,1.021
935.141,1.008
935.161,1.015
935.181,1.009
935.201,1.022
935.221,1.026
935.241,1.091
935.261,1.030
935.281,1.007
935.301,1.004
935.321,1.016
935.341,1.019
935.361,1.019
935.381,1.067
935.401,1.074
935.421,1.020
935.441,1.016
935.461,1.011
935.481,1.021
935.501,1.012
935.521,1.013
935.541,1.010
935.561,1.016
935.581,1.012
935.601,1.013
935.621,1.013
935.641,1.015
935.661,1.012
935.681,1.014
935.701,1.015
935.721,1.036
935.741,1.008
935.761,1.014
935.781,1.012
935.801,1.012
935.821,1.014
935.841,1.018
935.861,1.013
935.881,1.014
935.901,1.011
935.921,1.009
935.941,1.013
935.961,1.013
935.981,1.011
936.001,1.014
936.021,1.014
936.041,1.022
936.061,1.029
936.081,1.032
936.101,1.013
936.121,1.015
936.141,1.015
936.161,1.010
936.181,1.016
936.201,1.015
936.221,1.014
936.241,1.012
936.261,1.013
936.281,1.016
936.301,1.012
936.321,1.026
936.341,1.010
936.361,1.013
936.381,1.008
936.401,1.013
936.421,1.014
936.441,1.014
936.461,1.012
936.481,1.015
936.501,1.014
936.521,1.013
936.541,1.013
936.561,1.012
936.581,1.010
936.601,1.011
936.621,1.010
936.641,1.014
936.661,1.011
936.681,1.015
936.701,1.016
936.721,1.013
936.741,1.013
936.761,1.012
936.781,1.002
936.801,1.011
936.821,1.010
936.841,1.014
936.861,1.024
936.881,1.012
936.901,1.012
936.921,1.067
936.941,1.015
936.961,1.014
936.981,1.019
937.001,1.014
937.021,1.007
937.041,1.026
937.061,1.013
937.081,1.015
937.101,1.040
937.121,1.011
937.141,1.011
937.161,1.014
937.181,1.010
937.201,1.008
937.221,1.012
937.241,1.014
937.261,1.010
937.281,1.014
937.301,1.012
937.321,1.021
937.341,1.002
937.361,1.037
937.381,1.016
937.401,1.029
937.421,1.008
937.441,1.021
937.461,1.013
937.481,1.028
937.501,1.021
937.521,1.017
937.541,1.010
937.561,1.022
937.581,1.012
937.601,1.009
937.621,1.008
937.641,1.020
937.661,1.009
937.681,1.013
937.701,1.052
937.721,1.002
937.741,1.019
937.761,1.027
937.781,1.043
937.801,1.023
937.821,1.017
937.841,1.025
937.861,1.003
937.881,1.014
937.901,1.009
937.921,1.026
937.941,1.008
937.961,1.023
937.981,1.001
938.001,1.048
938.021,0.943
938.041,0.950
938.061,1.042
938.081,1.077
938.101,0.996
938.121,0.946
938.141,0.821
938.161,0.935
938.181,0.975
938.201,0.859
938.221,1.063
938.241,1.063
938.261,1.252
938.281,1.029
938.301,1.009
938.321,1.020
938.341,1.010
938.361,1.043
938.381,1.010
938.401,1.013
938.421,1.017
938.441,1.018
938.461,1.011
938.481,1.029
938.501,1.007
938.521,1.013
938.541,1.010
938.561,1.014
938.581,1.012
938.601,1.011
938.621,1.008
938.641,1.014
938.661,1.075
938.681,1.017
938.701,1.015
938.721,1.019
938.741,1.014
938.761,1.016
938.781,1.009
938.801,1.013
938.821,1.013
938.841,1.523
938.861,1.001
938.881,1.020
938.901,1.021
938.921,1.010
938.941,1.054
938.961,1.018
938.981,1.009
939.001,0.957
939.021,1.007
939.041,0.997
939.061,1.010
939.081,1.015
939.101,1.010
939.121,1.020
939.141,1.010
939.161,1.043
939.181,1.013
939.201,1.007
939.221,0.977
939.241,1.051
939.261,1.005
939.281,1.002
939.301,1.020
939.321,1.051
939.341,1.145
939.361,1.028
939.381,1.113
939.401,0.333
939.421,1.003
939.441,1.013
939.461,1.008
939.481,1.061
939.501,1.019
939.521,0.981
939.541,1.146
939.561,0.982
939.581,0.988
939.601,1.000
939.621,1.017
939.641,1.077
939.661,1.011
939.681,1.053
939.701,0.921
939.721,0.879
939.741,1.125
939.761,0.807
939.781,2.796
939.801,1.012
939.821,1.237
939.841,0.619
939.861,1.100
939.881,0.982
939.901,1.099
939.921,1.063
939.941,1.184
939.961,1.233
939.981,1.234
940.001,0.918
940.021,1.065
940.041,1.044
940.061,1.403
940.081,0.985
940.101,0.400
940.121,1.567
940.141,1.397
940.161,1.322
940.181,1.167
940.201,0.966
940.221,0.980
940.241,0.772
940.261,0.823
940.281,0.887
940.301,0.896
940.321,0.998
940.341,0.963
940.361,0.969
940.381,0.962
940.401,1.017
940.421,0.870
940.441,0.973
940.461,1.051
940.481,0.954
940.501,0.843
940.521,1.273
940.541,0.949
940.561,1.032
940.581,0.732
940.601,0.932
940.621,1.017
940.641,1.058
940.661,0.929
940.681,0.957
940.701,0.911
940.721,1.059
940.741,2.284
940.761,1.258
940.781,1.021
940.801,1.263
940.821,0.638
940.841,0.681
940.861,1.226
940.881,0.991
940.901,0.774
940.921,0.705
940.941,0.585
940.961,1.367
940.981,0.945
941.001,1.022
941.021,0.607
941.041,0.589
941.061,1.246
941.081,1.340
941.101,1.473
941.121,1.027
941.141,0.564
941.161,0.813
941.181,0.808
941.201,1.061
941.221,1.372
941.241,1.306
941.261,1.743
941.281,1.523
941.301,1.075
941.321,1.005
941.341,1.041
941.361,1.085
941.381,1.413
941.401,1.082
941.421,1.140
941.441,1.008
941.461,0.890
941.481,1.049
941.501,1.071
941.521,1.037
941.541,1.008
941.561,1.038
941.581,1.065
941.601,1.004
941.621,1.057
941.641,1.102
941.661,0.962
941.681,1.247
941.701,1.121
941.721,0.971
941.741,0.941
941.761,1.192
941.781,1.191
941.801,1.089
941.821,0.952
941.841,0.945
941.861,0.978
941.881,1.024
941.901,1.096
941.921,1.057
941.941,1.088
941.961,0.862
941.981,0.832
942.001,1.064
942.021,0.992
942.041,1.007
942.061,0.965
942.081,0.973
942.101,0.980
942.121,0.990
942.141,1.118
942.161,0.997
942.181,0.985
942.201,1.015
942.221,1.181
942.241,1.157
942.261,1.134
942.281,1.052
942.301,1.064
942.321,1.274
942.341,2.191
942.361,2.819
942.381,3.540
942.401,3.713
942.421,2.584
942.441,1.408
942.461,1.756
942.481,4.014
942.501,7.154
942.521,3.889
942.541,1.901
942.561,2.605
942.581,4.733
942.601,5.001
942.621,3.924
942.641,1.760
942.661,1.128
942.681,3.075
942.701,4.249
942.721,2.970
942.741,1.297
942.761,2.208
942.781,3.411
942.801,3.684
942.821,2.708
942.841,1.208
942.861,0.788
942.881,2.121
942.901,2.545
942.921,2.368
942.941,1.686
942.961,1.669
942.981,1.904
943.001,1.904
943.021,1.631
943.041,1.274
943.061,0.967
943.081,0.888
943.101,1.021
943.121,1.113
943.141,1.076
943.161,1.071
943.181,1.005
943.201,0.938
943.221,0.967
943.241,1.018
943.261,1.052
943.281,1.092
943.301,1.113
943.321,1.066
943.341,0.999
943.361,0.987
943.381,0.967
943.401,1.043
943.421,1.080
943.441,1.209
943.461,1.169
943.481,1.048
943.501,1.055
943.521,1.119
943.541,1.155
943.561,0.968
943.581,1.196
943.601,1.053
943.621,0.912
943.641,1.592
943.661,1.464
943.681,1.052
943.701,0.989
943.721,0.834
943.741,0.837
943.761,1.357
943.781,1.510
943.801,0.745
943.821,1.004
943.841,1.096
943.861,1.192
943.881,1.013
943.901,0.997
943.921,0.900
943.941,0.960
943.961,1.022
943.981,1.104
944.001,1.079
944.021,0.957
944.041,1.041
944.061,1.047
944.081,1.112
944.101,0.971
944.121,1.032
944.141,0.938
944.161,0.882
944.181,0.978
944.201,0.861
944.221,1.004
944.241,1.070
944.261,1.097
944.281,1.041
944.301,1.155
944.321,1.362
944.341,1.054
944.361,1.019
944.381,1.048
944.401,1.037
944.421,0.989
944.441,0.978
944.461,0.990
944.481,1.020
944.501,0.997
944.521,1.087
944.541,1.020
944.561,0.805
944.581,1.118
944.601,1.067
944.621,1.052
944.641,1.094
944.661,1.008
944.681,1.045
944.701,0.905
944.721,1.042
944.741,1.021
944.761,1.027
944.781,0.944
944.801,1.219
944.821,0.924
944.841,0.985
944.861,1.017
944.881,1.027
944.901,0.979
944.921,0.993
944.941,0.999
944.961,0.978
944.981,1.016
945.001,1.020
945.021,1.047
945.041,1.090
945.061,1.017
945.081,1.041
945.101,1.006
945.121,1.004
945.141,1.043
945.161,1.049
945.181,0.920
945.201,0.984
945.221,0.980
945.241,0.975
945.261,1.010
945.281,1.042
945.301,0.995
945.321,0.965
945.341,0.939
945.361,1.052
945.381,1.013
945.401,0.934
945.421,1.022
945.441,1.100
945.461,1.041
945.481,1.034
945.501,1.009
945.521,1.048
945.541,1.025
945.561,1.043
945.581,1.020
945.601,0.968
945.621,1.015
945.641,1.000
945.661,1.036
945.681,0.996
945.701,1.062
945.721,0.960
945.741,1.033
945.761,1.008
945.781,1.006
945.801,1.001
945.821,1.019
945.841,0.976
945.861,1.235
945.881,0.970
945.901,1.019
945.921,0.986
945.941,1.009
945.961,1.036
945.981,0.931
946.001,1.035
946.021,0.954
946.041,1.020
946.061,1.041
946.081,1.063
946.101,1.051
946.121,1.018
946.141,1.021
946.161,1.007
946.181,0.987
946.201,1.002
946.221,1.003
946.241,0.944
946.261,1.097
946.281,0.985
946.301,1.066
946.321,1.093
946.341,0.944
946.361,0.952
946.381,0.925
946.401,1.076
946.421,1.003
946.441,0.989
946.461,1.035
946.481,1.018
946.501,1.045
946.521,1.002
946.541,1.024
946.561,1.010
946.581,1.040
946.601,1.099
946.621,1.110
946.641,1.036
946.661,1.105
946.681,1.037
946.701,1.031
946.721,0.980
946.741,1.087
946.761,1.022
946.781,1.015
946.801,0.939
946.821,1.091
946.841,0.968
946.861,1.041
946.881,1.061
946.901,1.122
946.921,1.052
946.941,0.999
946.961,0.931
946.981,1.117
947.001,0.949
947.021,0.993
947.041,1.006
947.061,1.021
947.081,1.007
947.101,1.022
947.121,1.179
947.141,1.023
947.161,0.969
947.181,0.944
947.201,1.006
947.221,0.975
947.241,0.961
947.261,0.967
947.281,1.016
947.301,1.025
947.321,1.050
947.341,1.039
947.361,1.039
947.381,0.975
947.401,1.085
947.421,1.007
947.441,1.093
947.461,0.999
947.481,1.010
947.501,1.003
947.521,1.114
947.541,1.192
947.561,0.984
947.581,0.967
947.601,1.019
947.621,1.015
947.641,1.013
947.661,1.018
947.681,1.044
947.701,1.180
947.721,1.028
947.741,1.021
947.761,0.997
947.781,1.023
947.801,1.015
947.821,0.989
947.841,1.013
947.861,1.006
947.881,0.997
947.901,1.053
947.921,1.005
947.941,0.979
947.961,1.028
947.981,1.029
948.001,0.996
948.021,1.022
948.041,1.022
948.061,0.948
948.081,0.994
948.101,0.985
948.121,1.019
948.141,1.014
948.161,1.003
948.181,1.018
948.201,0.999
948.221,0.511
948.241,0.192
948.261,0.048
948.281,0.048
948.301,0.050
948.321,0.052
948.341,0.051
948.361,0.053
948.381,0.057
948.401,0.061
948.421,0.060
948.441,0.066
948.461,0.068
948.481,0.071
948.501,0.072
948.521,0.079
948.541,0.083
948.561,0.086
948.581,0.092
948.601,0.097
948.621,0.102
948.641,0.107
948.661,0.112
948.681,18.547
948.701,3.890
948.721,2.096
948.741,2.202
948.761,2.692
948.781,3.040
948.801,3.125
948.821,3.065
948.841,2.887
948.861,2.640
948.881,2.251
948.901,1.763
948.921,1.359
948.941,1.239
948.961,1.405
948.981,1.703
949.001,2.111
949.021,2.653
949.041,2.953
949.061,3.072
949.081,5.299
949.101,1.211
949.121,1.257
949.141,1.276
949.161,1.291
949.181,1.311
949.201,1.334
949.221,14.874
949.241,1.590
949.261,3.700
949.281,1.220
949.301,3.266
949.321,3.682
949.341,1.799
949.361,0.525
949.381,2.284
949.401,0.606
949.421,0.689
949.441,1.403
949.461,1.010
949.481,0.939
949.501,0.987
949.521,0.993
949.541,0.998
949.561,1.005
949.581,1.005
949.601,1.009
949.621,1.007
949.641,1.011
949.661,1.012
949.681,1.010
949.701,1.010
949.721,1.013
949.741,1.010
949.761,1.012
949.781,1.010
949.801,1.011
949.821,1.010
949.841,1.009
949.861,1.012
949.881,1.009
949.901,1.012
949.921,1.010
949.941,1.009
949.961,1.009
949.981,1.011
950.001,1.012
950.021,1.012
950.041,1.009
950.061,1.009
950.081,1.011
950.101,1.011
950.121,1.012
950.141,1.014
950.161,1.013
950.181,1.010
950.201,1.011
950.221,1.011
950.241,1.012
950.261,1.010
950.281,1.011
950.301,1.013
950.321,1.011
950.341,1.009
950.361,1.011
950.381,1.009
950.401,1.012
950.421,1.012
950.441,1.011
950.461,1.008
950.481,1.029
950.501,1.005
950.521,1.002
950.541,0.759
950.561,1.892
950.581,1.650
950.601,1.514
950.621,1.364
950.641,1.455
950.661,1.501
950.681,1.642
950.701,1.546
950.721,1.433
950.741,1.440
950.761,1.472
950.781,1.598
950.801,1.587
950.821,1.588
950.841,1.520
950.861,1.437
950.881,1.278
950.901,1.217
950.921,1.103
950.941,1.118
950.961,1.135
950.981,1.024
951.001,0.832
951.021,0.860
951.041,0.899
951.061,0.698
951.081,0.935
951.101,0.977
951.121,0.989
951.141,0.817
951.161,0.782
951.181,0.819
951.201,0.966
951.221,0.979
951.241,0.867
951.261,0.812
951.281,0.705
951.301,0.738
951.321,0.775
951.341,0.820
951.361,0.687
951.381,0.512
951.401,0.666
951.421,0.739
951.441,0.852
951.461,0.787
951.481,0.549
951.501,0.593
951.521,0.736
951.541,0.845
951.561,0.923
951.581,0.875
951.601,0.741
951.621,0.910
951.641,0.937
951.661,1.170
951.681,0.914
951.701,0.995
951.721,1.155
951.741,0.985
951.761,0.781
951.781,0.892
951.801,1.043
951.821,1.011
951.841,0.902
951.861,1.098
951.881,1.047
951.901,0.920
951.921,1.046
951.941,1.081
951.961,1.095
951.981,1.042
952.001,1.028
952.021,1.062
952.041,0.992
952.061,1.038
952.081,1.199
952.101,0.975
952.121,0.967
952.141,1.019
952.161,0.947
952.181,0.974
952.201,0.921
952.221,1.049
952.241,1.054
952.261,1.031
952.281,1.047
952.301,1.003
952.321,0.970
952.341,1.054
952.361,0.981
952.381,1.057
952.401,1.061
952.421,1.102
952.441,0.919
952.461,0.877
952.481,1.033
952.501,0.894
952.521,1.067
952.541,1.022
952.561,1.062
952.581,1.049
952.601,1.038
952.621,1.057
952.641,1.052
952.661,0.945
952.681,1.110
952.701,0.873
952.721,0.916
952.741,0.935
952.761,1.082
952.781,1.034
952.801,0.923
952.821,0.915
952.841,0.936
952.861,0.922
952.881,1.028
952.901,1.043
952.921,0.898
952.941,1.027
952.961,1.037
952.981,1.037
953.001,1.014
953.021,0.975
953.041,1.010
953.061,1.019
953.081,1.007
953.101,1.016
953.121,0.978
953.141,1.142
953.161,0.973
953.181,0.918
953.201,0.965
953.221,1.035
953.241,1.065
953.261,0.986
953.281,1.026
953.301,1.093
953.321,1.000
953.341,1.018
953.361,1.000
953.381,0.943
953.401,1.011
953.421,1.016
953.441,1.025
953.461,1.008
953.481,0.996
953.501,0.968
953.521,1.012
953.541,0.972
953.561,1.031
953.581,1.017
953.601,0.930
953.621,0.996
953.641,1.017
953.661,1.033
953.681,0.924
953.701,0.996
953.721,0.923
953.741,1.016
953.761,1.204
953.781,1.032
953.801,0.852
953.821,1.120
953.841,1.041
953.861,0.913
953.881,1.087
953.901,1.130
953.921,1.074
953.941,1.006
953.961,0.913
953.981,1.022
954.001,0.979
954.021,0.974
954.041,1.039
954.061,1.056
954.081,1.039
954.101,1.003
954.121,1.021
954.141,0.981
954.161,0.967
954.181,1.022
954.201,1.006
954.221,0.989
954.241,0.968
954.261,0.974
954.281,1.022
954.301,1.033
954.321,0.949
954.341,1.010
954.361,1.071
954.381,1.010
954.401,0.964
954.421,1.057
954.441,1.025
954.461,1.001
954.481,1.010
954.501,1.036
954.521,1.013
954.541,1.015
954.561,1.033
954.581,1.028
954.601,1.024
954.621,0.978
954.641,1.307
954.661,1.095
954.681,1.001
954.701,1.109
954.721,0.919
954.741,1.015
954.761,1.019
954.781,1.011
954.801,1.006
954.821,1.009
954.841,0.992
954.861,1.004
954.881,1.013
954.901,1.014
954.921,1.011
954.941,1.013
954.961,1.007
954.981,1.026
955.001,1.013
955.021,0.996
955.041,1.010
955.061,1.015
955.081,1.009
955.101,0.999
955.121,1.021
955.141,1.018
955.161,1.073
955.181,1.022
955.201,0.997
955.221,1.012
955.241,1.011
955.261,1.004
955.281,1.009
955.301,1.003
955.321,1.014
955.341,1.003
955.361,1.005
955.381,1.074
955.401,1.108
955.421,1.092
955.441,1.024
955.461,1.017
955.481,1.012
955.501,0.996
955.521,1.012
955.541,1.012
955.561,1.011
955.581,1.012
955.601,1.005
955.621,1.012
955.641,1.008
955.661,1.013
955.681,0.998
955.701,1.060
955.721,1.005
955.741,1.021
955.761,1.019
955.781,0.997
955.801,1.086
955.821,1.013
955.841,1.008
955.861,1.005
955.881,1.013
955.901,1.022
955.921,0.856
955.941,1.060
955.961,0.999
955.981,1.020
956.001,1.002
956.021,1.012
956.041,1.012
956.061,1.008
956.081,1.008
956.101,1.017
956.121,1.010
956.141,1.011
956.161,1.009
956.181,1.014
956.201,1.006
956.221,1.013
956.241,1.005
956.261,1.009
956.281,1.011
956.301,1.013
956.321,1.017
956.341,1.011
956.361,1.001
956.381,1.013
956.401,1.012
956.421,1.009
956.441,1.013
956.461,1.011
956.481,1.010
956.501,1.007
956.521,1.012
956.541,1.013
956.561,1.011
956.581,1.001
956.601,1.018
956.621,1.015
956.641,1.002
956.661,1.007
956.681,0.984
956.701,0.961
956.721,0.919
956.741,0.765
956.761,0.085
956.781,0.090
956.801,0.092
956.821,0.094
956.841,0.094
956.861,0.097
956.881,0.097
956.901,0.097
956.921,0.098
956.941,0.097
956.961,0.099
956.981,0.094
957.001,0.095
957.021,0.092
957.041,0.093
957.061,0.092
957.081,0.092
957.101,0.095
957.121,0.094
957.141,0.093
957.161,0.097
957.181,0.100
957.201,6.896
957.221,4.626
957.241,0.990
957.261,1.484
957.281,1.419
957.301,1.385
957.321,3.136
957.341,1.026
957.361,1.015
957.381,0.992
957.401,1.806
957.421,0.854
957.441,3.320
957.461,2.167
957.481,0.064
957.501,0.881
957.521,0.445
957.541,1.043
957.561,2.662
957.581,0.932
957.601,0.342
957.621,1.598
957.641,0.728
957.661,1.412
957.681,1.031
957.701,1.012
957.721,1.007
957.741,1.013
957.761,1.010
957.781,1.009
957.801,1.008
957.821,1.009
957.841,1.010
957.861,1.011
957.881,1.010
957.901,1.009
957.921,1.009
957.941,1.009
957.961,1.010
957.981,1.009
958.001,1.012
958.021,1.009
958.041,1.008
958.061,1.010
958.081,1.010
958.101,1.008
958.121,1.010
958.141,1.013
958.161,1.013
958.181,1.007
958.201,1.009
958.221,1.009
958.241,1.011
958.261,1.008
958.281,1.008
958.301,1.014
958.321,1.008
958.341,1.009
958.361,1.013
958.381,1.011
958.401,1.008
958.421,1.008
958.441,1.012
958.461,1.010
958.481,1.013
958.501,1.010
958.521,1.011
958.541,1.012
958.561,1.002
958.581,1.009
958.601,1.009
958.621,1.448
958.641,1.390
958.661,1.981
958.681,1.582
958.701,1.823
958.721,1.836
958.741,1.695
958.761,1.660
958.781,1.467
958.801,1.663
958.821,1.799
958.841,1.727
958.861,1.702
958.881,1.587
958.901,1.466
958.921,1.405
958.941,1.310
958.961,1.269
958.981,1.141
959.001,1.065
959.021,0.961
959.041,0.817
959.061,0.733
959.081,0.778
959.101,0.844
959.121,0.921
959.141,0.838
959.161,0.810
959.181,0.841
959.201,0.670
959.221,0.644
959.241,0.733
959.261,0.931
959.281,1.099
959.301,0.746
959.321,0.793
959.341,0.643
959.361,0.699
959.381,0.797
959.401,0.635
959.421,0.930
959.441,0.802
959.461,0.697
959.481,0.723
959.501,0.783
959.521,0.743
959.541,0.926
959.561,1.016
959.581,0.828
959.601,0.738
959.621,0.728
959.641,0.906
959.661,0.762
959.681,1.001
959.701,0.696
959.721,0.687
959.741,0.752
959.761,1.062
959.781,1.033
959.801,1.137
959.821,1.042
959.841,0.971
959.861,1.124
959.881,1.160
959.901,1.039
959.921,1.013
959.941,0.993
959.961,1.038
959.981,1.092
960.001,1.000
960.021,1.035
960.041,1.016
960.061,0.873
960.081,0.989
960.101,1.086
960.121,1.038
960.141,0.974
960.161,1.000
960.181,0.997
960.201,1.080
960.221,1.036
960.241,1.060
960.261,1.048
960.281,1.042
960.301,1.024
960.321,1.032
960.341,1.041
960.361,0.938
960.381,0.995
960.401,0.974
960.421,0.978
960.441,1.007
960.461,1.068
960.481,1.019
960.501,0.970
960.521,1.011
960.541,1.080
960.561,1.153
960.581,1.194
960.601,1.073
960.621,1.022
960.641,0.971
960.661,1.003
960.681,1.003
960.701,0.976
960.721,1.028
960.741,0.998
960.761,1.020
960.781,0.983
960.801,1.003
960.821,1.091
960.841,1.010
960.861,1.051
960.881,1.021
960.901,1.020
960.921,1.008
960.941,1.017
960.961,0.994
960.981,0.961
961.001,1.023
961.021,1.027
961.041,1.026
961.061,1.028
961.081,1.023
961.101,0.999
961.121,0.982
961.141,0.994
961.161,1.027
961.181,0.968
961.201,1.009
961.221,1.014
961.241,0.998
961.261,0.977
961.281,1.008
961.301,1.001
961.321,0.999
961.341,1.030
961.361,0.993
961.381,1.011
961.401,0.969
961.421,1.062
961.441,0.949
961.461,1.004
961.481,1.006
961.501,1.032
961.521,1.000
961.541,1.006
961.561,0.956
961.581,1.003
961.601,0.998
961.621,1.008
961.641,1.021
961.661,1.009
961.681,1.000
961.701,1.005
961.721,1.016
961.741,1.016
961.761,1.014
961.781,1.051
961.801,1.008
961.821,1.004
961.841,1.002
961.861,1.045
961.881,0.982
961.901,0.986
961.921,1.042
961.941,1.017
961.961,1.050
961.981,1.012
962.001,1.005
962.021,1.021
962.041,0.990
962.061,1.025
962.081,1.007
962.101,1.020
962.121,0.890
962.141,1.033
962.161,1.001
962.181,1.016
962.201,1.040
962.221,1.011
962.241,1.006
962.261,1.006
962.281,1.021
962.301,0.999
962.321,1.011
962.341,1.000
962.361,1.019
962.381,1.014
962.401,1.032
962.421,1.042
962.441,1.038
962.461,0.994
962.481,1.025
962.501,0.991
962.521,1.024
962.541,0.989
962.561,0.992
962.581,0.963
962.601,1.008
962.621,0.973
962.641,0.970
962.661,1.022
962.681,0.998
962.701,0.986
962.721,0.891
962.741,1.039
962.761,1.038
962.781,0.863
962.801,1.127
962.821,1.001
962.841,0.941
962.861,1.016
962.881,0.687
962.901,0.956
962.921,1.020
962.941,0.984
962.961,1.038
962.981,0.986
963.001,1.025
963.021,1.021
963.041,0.984
963.061,1.038
963.081,1.013
963.101,1.018
963.121,0.864
963.141,1.045
963.161,0.999
963.181,0.989
963.201,1.029
963.221,1.006
963.241,0.992
963.261,1.014
963.281,0.994
963.301,1.010
963.321,1.011
963.341,1.009
963.361,1.016
963.381,1.025
963.401,0.981
963.421,1.017
963.441,0.988
963.461,0.974
963.481,1.015
963.501,1.031
963.521,1.003
963.541,1.009
963.561,1.017
963.581,1.016
963.601,1.024
963.621,0.991
963.641,1.016
963.661,1.015
963.681,1.011
963.701,1.021
963.721,1.006
963.741,0.998
963.761,1.019
963.781,0.982
963.801,0.955
963.821,0.993
963.841,0.588
963.861,0.041
963.881,0.045
963.901,0.043
963.921,0.046
963.941,0.047
963.961,0.048
963.981,0.047
964.001,0.050
964.021,0.054
964.041,0.055
964.061,0.060
964.081,0.062
964.101,0.065
964.121,0.063
964.141,0.065
964.161,0.066
964.181,0.068
964.201,0.069
964.221,0.068
964.241,0.066
964.261,0.065
964.281,0.069
964.301,15.677
964.321,6.450
964.341,0.501
964.361,0.125
964.381,0.128
964.401,0.130
964.421,0.133
964.441,0.132
964.461,0.135
964.481,0.132
964.501,0.132
964.521,3.053
964.541,5.169
964.561,0.617
964.581,0.083
964.601,0.083
964.621,0.812
964.641,0.449
964.661,0.356
964.681,0.084
964.701,0.509
964.721,2.386
964.741,0.221
964.761,0.795
964.781,1.066
964.801,1.217
964.821,1.073
964.841,0.913
964.861,0.919
964.881,0.874
964.901,0.910
964.921,0.943
964.941,0.923
964.961,0.925
964.981,0.923
965.001,0.924
965.021,0.902
965.041,0.883
965.061,0.941
965.081,0.901
965.101,0.940
965.121,0.918
965.141,0.929
965.161,0.926
965.181,0.930
965.201,0.928
965.221,0.931
965.241,0.928
965.261,0.930
965.281,0.928
965.301,0.929
965.321,0.928
965.341,0.930
965.361,0.927
965.381,0.929
965.401,0.929
965.421,0.931
965.441,0.928
965.461,0.933
965.481,0.930
965.501,0.884
965.521,0.951
965.541,0.945
965.561,0.757
965.581,0.654
965.601,0.726
965.621,1.020
965.641,1.274
965.661,1.074
965.681,2.112
965.701,1.374
965.721,1.439
965.741,1.536
965.761,1.420
965.781,1.446
965.801,1.408
965.821,1.431
965.841,1.425
965.861,1.462
965.881,1.515
965.901,1.559
965.921,1.503
965.941,1.456
965.961,1.360
965.981,1.373
966.001,1.396
966.021,1.236
966.041,1.174
966.061,1.125
966.081,1.073
966.101,1.034
966.121,0.847
966.141,0.785
966.161,0.958
966.181,0.916
966.201,0.770
966.221,0.649
966.241,0.644
966.261,0.725
966.281,0.722
966.301,0.741
966.321,0.690
966.341,0.630
966.361,0.681
966.381,0.623
966.401,0.584
966.421,0.949
966.441,0.622
966.461,0.916
966.481,0.915
966.501,1.100
966.521,0.314
966.541,0.937
966.561,1.166
966.581,1.134
966.601,0.971
966.621,0.692
966.641,0.809
966.661,0.894
966.681,0.939
966.701,0.807
966.721,0.631
966.741,0.693
966.761,0.829
966.781,0.665
966.801,0.485
966.821,0.578
966.841,0.941
966.861,0.898
966.881,0.798
966.901,1.027
966.921,1.043
966.941,0.987
966.961,1.208
966.981,1.101
967.001,1.009
967.021,1.084
967.041,1.070
967.061,1.028
967.081,0.942
967.101,1.021
967.121,0.994
967.141,1.103
967.161,1.108
967.181,0.914
967.201,1.136
967.221,0.986
967.241,0.948
967.261,1.012
967.281,1.070
967.301,0.869
967.321,1.147
967.341,0.863
967.361,1.041
967.381,1.054
967.401,1.172
967.421,1.036
967.441,0.935
967.461,1.005
967.481,1.007
967.501,1.049
967.521,1.014
967.541,1.001
967.561,1.066
967.581,1.067
967.601,1.023
967.621,1.000
967.641,0.973
967.661,0.754
967.681,1.009
967.701,0.957
967.721,0.964
967.741,1.048
967.761,1.019
967.781,0.926
967.801,0.968
967.821,1.143
967.841,1.032
967.861,1.000
967.881,0.952
967.901,0.974
967.921,0.982
967.941,1.041
967.961,0.990
967.981,1.030
968.001,1.027
968.021,0.801
968.041,1.111
968.061,1.000
968.081,0.973
968.101,1.018
968.121,0.976
968.141,1.056
968.161,1.024
968.181,1.200
968.201,1.029
968.221,1.006
968.241,0.965
968.261,1.010
968.281,1.013
968.301,1.008
968.321,1.011
968.341,1.002
968.361,0.984
968.381,0.992
968.401,1.028
968.421,0.992
968.441,1.016
968.461,1.007
968.481,1.003
968.501,1.080
968.521,0.915
968.541,1.053
968.561,1.054
968.581,1.000
968.601,1.019
968.621,0.988
968.641,0.998
968.661,1.032
968.681,1.018
968.701,1.000
968.721,1.010
968.741,1.027
968.761,1.065
968.781,1.029
968.801,1.026
968.821,1.014
968.841,1.011
968.861,0.994
968.881,1.004
968.901,0.985
968.921,1.008
968.941,1.012
968.961,1.013
968.981,1.006
969.001,1.006
969.021,1.012
969.041,1.009
969.061,1.337
969.081,1.023
969.101,1.011
969.121,1.006
969.141,1.005
969.161,1.015
969.181,1.008
969.201,1.009
969.221,1.047
969.241,1.020
969.261,0.996
969.281,1.006
969.301,1.016
969.321,1.017
969.341,1.006
969.361,1.010
969.381,1.021
969.401,1.020
969.421,1.012
969.441,1.003
969.461,0.998
969.481,1.011
969.501,1.014
969.521,1.010
969.541,1.008
969.561,1.012
969.581,1.010
969.601,0.992
969.621,1.010
969.641,1.011
969.661,1.002
969.681,1.006
969.701,1.005
969.721,1.009
969.741,1.005
969.761,1.012
969.781,1.011
969.801,1.040
969.821,1.015
969.841,1.002
969.861,0.992
969.881,1.008
969.901,1.015
969.921,1.015
969.941,1.014
969.961,1.013
969.981,1.004
970.001,1.016
970.021,1.016
970.041,1.011
970.061,1.015
970.081,1.011
970.101,0.995
970.121,1.016
970.141,1.010
970.161,1.012
970.181,1.003
970.201,1.013
970.221,1.000
970.241,1.018
970.261,1.008
970.281,1.010
970.301,1.015
970.321,1.011
970.341,1.012
970.361,1.005
970.381,1.014
970.401,1.010
970.421,0.999
970.441,1.001
970.461,1.017
970.481,1.016
970.501,1.018
970.521,0.984
970.541,1.018
970.561,1.013
970.581,1.009
970.601,1.011
970.621,1.015
970.641,1.003
970.661,0.996
970.681,0.864
970.701,0.915
970.721,0.285
970.741,0.043
970.761,0.037
970.781,0.040
970.801,0.042
970.821,0.043
970.841,0.046
970.861,0.047
970.881,0.047
970.901,0.049
970.921,0.047
970.941,0.045
970.961,0.041
970.981,0.038
971.001,0.040
971.021,0.040
971.041,0.047
971.061,0.051
971.081,0.055
971.101,0.059
971.121,0.062
971.141,0.070
971.161,12.547
971.181,14.792
971.201,11.602
971.221,9.534
971.241,12.068
971.261,14.460
971.281,14.056
971.301,11.001
971.321,3.899
971.341,1.437
971.361,1.137
971.381,1.144
971.401,1.179
971.421,1.231
971.441,1.302
971.461,1.369
971.481,1.425
971.501,10.773
971.521,0.606
971.541,1.564
971.561,0.041
971.581,0.045
971.601,4.550
971.621,0.356
971.641,3.074
971.661,0.268
971.681,0.103
971.701,4.422
971.721,0.081
971.741,0.971
971.761,0.629
971.781,1.215
971.801,0.483
971.821,1.031
971.841,1.094
971.861,1.013
971.881,0.904
971.901,0.878
971.921,0.991
971.941,0.781
971.961,1.169
971.981,0.944
972.001,0.983
972.021,1.011
972.041,0.958
972.061,1.043
972.081,0.984
972.101,0.936
972.121,0.918
972.141,0.917
972.161,1.127
972.181,1.027
972.201,0.976
972.221,1.009
972.241,0.910
972.261,1.018
972.281,0.992
972.301,1.018
972.321,1.029
972.341,0.892
972.361,0.954
972.381,1.006
972.401,1.002
972.421,0.962
972.441,0.932
972.461,0.997
972.481,0.985
972.501,0.960
972.521,2.475
972.541,1.409
972.561,1.364
972.581,1.732
972.601,1.395
972.621,1.453
972.641,1.461
972.661,1.392
972.681,1.385
972.701,1.489
972.721,1.586
972.741,1.616
972.761,1.624
972.781,1.613
972.801,1.584
972.821,1.589
972.841,1.553
972.861,1.478
972.881,1.361
972.901,1.305
972.921,1.269
972.941,1.108
972.961,1.012
972.981,0.827
973.001,0.834
973.021,0.787
973.041,0.775
973.061,0.729
973.081,0.749
973.101,0.705
973.121,0.740
973.141,0.790
973.161,0.681
973.181,0.687
973.201,0.864
973.221,0.820
973.241,0.682
973.261,0.610
973.281,0.619
973.301,0.636
973.321,0.671
973.341,0.511
973.361,0.485
973.381,1.059
973.401,0.808
973.421,0.781
973.441,0.978
973.461,0.662
973.481,0.513
973.501,1.157
973.521,1.070
973.541,0.902
973.561,0.960
973.581,0.906
973.601,0.765
973.621,0.799
973.641,0.968
973.661,0.957
973.681,0.749
973.701,1.060
973.721,1.052
973.741,0.932
973.761,1.111
973.781,1.049
973.801,0.992
973.821,1.020
973.841,1.160
973.861,1.177
973.881,1.168
973.901,1.576
973.921,0.969
973.941,0.994
973.961,1.093
973.981,1.058
974.001,0.919
974.021,1.012
974.041,1.019
974.061,0.994
974.081,0.992
974.101,0.982
974.121,0.992
974.141,0.954
974.161,1.016
974.181,1.132
974.201,0.909
974.221,1.000
974.241,1.057
974.261,1.034
974.281,1.055
974.301,0.990
974.321,0.975
974.341,0.928
974.361,1.058
974.381,1.029
974.401,0.723
974.421,0.971
974.441,1.012
974.461,1.000
974.481,0.991
974.501,0.987
974.521,0.979
974.541,0.995
974.561,1.062
974.581,0.964
974.601,1.091
974.621,1.052
974.641,1.007
974.661,1.022
974.681,0.952
974.701,1.021
974.721,0.986
974.741,1.037
974.761,1.027
974.781,0.978
974.801,1.036
974.821,1.012
974.841,1.028
974.861,1.033
974.881,1.019
974.901,0.988
974.921,0.957
974.941,1.019
974.961,1.033
974.981,1.018
975.001,0.990
975.021,1.011
975.041,1.020
975.061,1.005
975.081,1.003
975.101,1.029
975.121,1.045
975.141,0.929
975.161,0.948
975.181,0.936
975.201,1.001
975.221,1.040
975.241,1.087
975.261,1.039
975.281,1.010
975.301,1.005
975.321,0.998
975.341,0.992
975.361,1.008
975.381,1.020
975.401,1.018
975.421,1.012
975.441,1.009
975.461,0.996
975.481,1.016
975.501,1.004
975.521,1.015
975.541,1.011
975.561,1.020
975.581,1.019
975.601,0.995
975.621,1.127
975.641,0.999
975.661,1.042
975.681,1.017
975.701,1.036
975.721,0.996
975.741,0.998
975.761,1.022
975.781,1.028
975.801,1.003
975.821,1.003
975.841,0.967
975.861,1.008
975.881,1.004
975.901,1.010
975.921,1.026
975.941,1.009
975.961,1.011
975.981,0.999
976.001,1.005
976.021,1.025
976.041,1.007
976.061,1.009
976.081,0.991
976.101,0.998
976.121,1.004
976.141,1.022
976.161,1.018
976.181,1.002
976.201,1.021
976.221,1.007
976.241,1.020
976.261,1.007
976.281,1.007
976.301,1.009
976.321,1.008
976.341,1.001
976.361,1.012
976.381,1.021
976.401,0.994
976.421,0.997
976.441,1.002
976.461,0.980
976.481,0.988
976.501,0.587
976.521,0.399
976.541,0.260
976.561,0.064
976.581,0.064
976.601,0.064
976.621,0.068
976.641,0.069
976.661,0.068
976.681,0.068
976.701,0.067
976.721,0.064
976.741,0.068
976.761,0.070
976.781,0.078
976.801,0.082
976.821,0.085
976.841,0.086
976.861,0.083
976.881,0.079
976.901,0.077
976.921,0.082
976.941,0.089
976.961,0.095
976.981,9.423
977.001,5.736
977.021,4.341
977.041,4.970
977.061,7.811
977.081,9.490
977.101,9.509
977.121,7.829
977.141,4.716
977.161,4.426
977.181,1.211
977.201,1.670
977.221,6.961
977.241,0.456
977.261,0.811
977.281,0.845
977.301,1.824
977.321,1.244
977.341,0.642
977.361,0.946
977.381,1.089
977.401,0.728
977.421,0.797
977.441,0.632
977.461,4.618
977.481,0.847
977.501,0.595
977.521,0.659
977.541,2.953
977.561,3.094
977.581,0.044
977.601,0.057
977.621,0.604
977.641,0.904
977.661,0.631
977.681,1.033
977.701,0.910
977.721,0.919
977.741,0.927
977.761,0.921
977.781,0.923
977.801,0.926
977.821,0.923
977.841,0.930
977.861,0.924
977.881,0.921
977.901,0.925
977.921,0.929
977.941,0.917
977.961,0.924
977.981,0.927
978.001,0.924
978.021,0.924
978.041,0.925
978.061,0.925
978.081,0.924
978.101,0.926
978.121,0.926
978.141,0.927
978.161,0.925
978.181,0.926
978.201,0.928
978.221,0.925
978.241,0.923
978.261,0.926
978.281,0.926
978.301,0.926
978.321,0.925
978.341,0.871
978.361,1.032
978.381,1.734
978.401,0.659
978.421,1.207
978.441,2.146
978.461,1.941
978.481,1.700
978.501,1.613
978.521,1.242
978.541,1.113
978.561,1.361
978.581,1.714
978.601,1.756
978.621,1.959
978.641,2.130
978.661,2.208
978.681,1.556
978.701,1.832
978.721,1.527
978.741,1.491
978.761,1.316
978.781,1.208
978.801,1.068
978.821,0.971
978.841,0.829
978.861,0.499
978.881,0.653
978.901,0.824
978.921,0.723
978.941,0.358
978.961,0.522
978.981,0.768
979.001,0.714
979.021,0.587
979.041,0.631
979.061,2.751
979.081,0.799
979.101,0.785
979.121,0.725
979.141,0.613
979.161,0.864
979.181,0.730
979.201,0.821
979.221,0.826
979.241,0.759
979.261,0.691
979.281,0.858
979.301,0.979
979.321,1.039
979.341,0.688
979.361,0.570
979.381,0.665
979.401,0.886
979.421,1.132
979.441,1.093
979.461,0.816
979.481,0.889
979.501,0.795
979.521,0.965
979.541,1.242
979.561,1.012
979.581,1.034
979.601,1.008
979.621,0.902
979.641,0.945
979.661,1.082
979.681,1.046
979.701,0.989
979.721,1.025
979.741,1.091
979.761,1.024
979.781,0.855
979.801,0.940
979.821,0.960
979.841,0.921
979.861,1.067
979.881,1.119
979.901,1.032
979.921,1.158
979.941,1.046
979.961,1.026
979.981,1.065
980.001,1.043
980.021,1.019
980.041,0.906
980.061,1.011
980.081,0.980
980.101,0.981
980.121,1.029
980.141,1.009
980.161,0.989
980.181,0.990
980.201,0.989
980.221,1.037
980.241,0.906
980.261,1.071
980.281,1.028
980.301,0.993
980.321,1.060
980.341,1.008
980.361,1.017
980.381,1.047
980.401,1.008
980.421,1.002
980.441,1.120
980.461,1.007
980.481,0.974
980.501,1.060
980.521,1.011
980.541,0.956
980.561,1.036
980.581,1.079
980.601,0.871
980.621,0.915
980.641,0.928
980.661,1.051
980.681,1.024
980.701,1.001
980.721,0.986
980.741,1.000
980.761,1.007
980.781,1.016
980.801,1.062
980.821,1.034
980.841,1.051
980.861,0.985
980.881,1.025
980.901,0.945
980.921,0.921
980.941,0.977
980.961,0.936
980.981,1.018
981.001,0.900
981.021,1.053
981.041,1.043
981.061,1.052
981.081,0.946
981.101,1.020
981.121,1.020
981.141,1.017
981.161,0.992
981.181,1.283
981.201,1.093
981.221,1.024
981.241,1.013
981.261,1.012
981.281,1.005
981.301,1.027
981.321,1.007
981.341,1.004
981.361,1.012
981.381,1.019
981.401,1.019
981.421,1.007
981.441,1.014
981.461,1.021
981.481,0.958
981.501,0.978
981.521,1.020
981.541,1.011
981.561,1.016
981.581,1.011
981.601,1.011
981.621,1.003
981.641,1.015
981.661,1.065
981.681,0.978
981.701,1.038
981.721,1.024
981.741,1.009
981.761,0.992
981.781,1.011
981.801,1.015
981.821,1.012
981.841,0.964
981.861,1.105
981.881,0.901
981.901,0.042
981.921,0.046
981.941,0.047
981.961,0.046
981.981,0.048
982.001,0.048
982.021,0.048
982.041,0.053
982.061,0.055
982.081,0.057
982.101,0.058
982.121,0.062
982.141,0.066
982.161,0.068
982.181,0.073
982.201,0.073
982.221,0.078
982.241,0.077
982.261,0.079
982.281,0.084
982.301,0.085
982.321,0.088
982.341,14.653
982.361,2.075
982.381,0.931
982.401,1.020
982.421,1.048
982.441,1.060
982.461,1.056
982.481,12.979
982.501,0.702
982.521,0.223
982.541,0.246
982.561,0.251
982.581,3.959
982.601,1.068
982.621,0.954
982.641,0.630
982.661,1.134
982.681,0.654
982.701,2.518
982.721,0.284
982.741,1.218
982.761,1.569
982.781,0.661
982.801,1.241
982.821,1.094
982.841,1.022
982.861,0.986
982.881,0.997
982.901,0.950
982.921,0.963
982.941,0.981
982.961,1.031
982.981,1.003
983.001,0.965
983.021,0.958
983.041,0.979
983.061,1.008
983.081,0.999
983.101,0.981
983.121,0.965
983.141,0.984
983.161,0.997
983.181,0.989
983.201,0.976
983.221,0.982
983.241,0.989
983.261,0.985
983.281,0.981
983.301,0.987
983.321,0.982
983.341,0.983
983.361,0.987
983.381,0.980
983.401,0.985
983.421,0.985
983.441,0.984
983.461,0.986
983.481,0.981
983.501,0.989
983.521,0.806
983.541,2.628
983.561,1.656
983.581,1.888
983.601,1.744
983.621,1.651
983.641,1.831
983.661,1.703
983.681,1.459
983.701,1.588
983.721,1.465
983.741,1.444
983.761,1.500
983.781,1.487
983.801,1.451
983.821,1.328
983.841,1.026
983.861,1.179
983.881,1.252
983.901,1.234
983.921,0.980
983.941,0.880
983.961,0.725
983.981,0.615
984.001,0.479
984.021,0.679
984.041,0.653
984.061,0.591
984.081,0.708
984.101,1.040
984.121,0.608
984.141,0.562
984.161,0.844
984.181,0.798
984.201,0.829
984.221,0.929
984.241,0.664
984.261,0.619
984.281,0.667
984.301,0.723
984.321,1.012
984.341,0.860
984.361,0.731
984.381,0.552
984.401,0.578
984.421,0.839
984.441,0.904
984.461,1.401
984.481,0.974
984.501,1.213
984.521,0.531
984.541,0.945
984.561,0.826
984.581,1.500
984.601,1.688
984.621,1.087
984.641,0.848
984.661,0.857
984.681,0.562
984.701,0.754
984.721,1.048
984.741,0.840
984.761,1.010
984.781,0.825
984.801,0.910
984.821,1.031
984.841,0.948
984.861,1.039
984.881,0.988
984.901,0.960
984.921,1.086
984.941,1.123
984.961,1.019
984.981,0.974
985.001,0.826
985.021,0.915
985.041,1.003
985.061,0.938
985.081,1.089
985.101,1.047
985.121,1.014
985.141,1.039
985.161,1.366
985.181,1.045
985.201,1.134
985.221,1.048
985.241,1.072
985.261,1.000
985.281,0.928
985.301,0.949
985.321,1.015
985.341,1.016
985.361,0.992
985.381,1.004
985.401,1.037
985.421,1.010
985.441,1.007
985.461,1.004
985.481,1.013
985.501,1.026
985.521,0.974
985.541,1.033
985.561,1.023
985.581,1.013
985.601,0.970
985.621,0.972
985.641,1.000
985.661,1.015
985.681,1.037
985.701,1.047
985.721,1.003
985.741,0.998
985.761,1.004
985.781,0.982
985.801,1.013
985.821,1.028
985.841,1.021
985.861,1.015
985.881,1.060
985.901,1.000
985.921,1.012
985.941,0.988
985.961,1.218
985.981,1.017
986.001,1.000
986.021,0.982
986.041,1.004
986.061,1.009
986.081,1.035
986.101,1.006
986.121,0.985
986.141,1.013
986.161,1.007
986.181,1.002
986.201,1.014
986.221,1.021
986.241,1.013
986.261,0.986
986.281,0.996
986.301,1.008
986.321,1.020
986.341,1.002
986.361,0.944
986.381,1.103
986.401,0.827
986.421,0.495
986.441,0.090
986.461,0.090
986.481,0.087
986.501,0.081
986.521,0.079
986.541,0.076
986.561,0.071
986.581,0.071
986.601,0.069
986.621,0.067
986.641,0.063
986.661,0.061
986.681,0.061
986.701,0.057
986.721,0.062
986.741,0.071
986.761,0.074
986.781,0.079
986.801,0.086
986.821,0.086
986.841,0.092
986.861,5.467
986.881,0.497
986.901,0.121
986.921,0.189
986.941,0.321
986.961,0.464
986.981,0.545
987.001,0.609
987.021,0.656
987.041,0.713
987.061,0.763
987.081,0.826
987.101,0.906
987.121,4.595
987.141,3.338
987.161,1.709
987.181,1.136
987.201,3.420
987.221,0.725
987.241,1.939
987.261,1.726
987.281,0.271
987.301,0.087
987.321,1.060
987.341,0.250
987.361,1.563
987.381,0.626
987.401,1.760
987.421,0.178
987.441,0.733
987.461,1.156
987.481,0.963
987.501,0.900
987.521,0.945
987.541,0.928
987.561,0.930
987.581,0.924
987.601,0.929
987.621,0.930
987.641,0.927
987.661,0.929
987.681,0.932
987.701,0.928
987.721,0.931
987.741,0.930
987.761,0.927
987.781,0.927
987.801,0.927
987.821,0.929
987.841,0.929
987.861,0.928
987.881,0.928
987.901,0.928
987.921,0.927
987.941,0.931
987.961,0.929
987.981,0.929
988.001,0.928
988.021,0.974
988.041,1.313
988.061,0.881
988.081,1.297
988.101,0.951
988.121,1.002
988.141,1.214
988.161,1.309
988.181,2.086
988.201,1.722
988.221,1.722
988.241,1.563
988.261,1.466
988.281,1.732
988.301,1.687
988.321,1.784
988.341,1.860
988.361,1.720
988.381,1.641
988.401,1.541
988.421,1.716
988.441,1.311
988.461,1.250
988.481,0.924
988.501,0.903
988.521,1.015
988.541,0.778
988.561,0.789
988.581,0.589
988.601,0.454
988.621,0.534
988.641,0.590
988.661,0.415
988.681,0.527
988.701,0.485
988.721,0.555
988.741,0.576
988.761,0.561
988.781,0.490
988.801,0.461
988.821,0.481
988.841,0.709
988.861,0.624
988.881,0.679
988.901,0.613
988.921,0.727
988.941,0.749
988.961,0.692
988.981,0.762
989.001,0.923
989.021,0.829
989.041,0.875
989.061,1.076
989.081,0.987
989.101,0.802
989.121,0.975
989.141,0.921
989.161,0.797
989.181,0.921
989.201,0.905
989.221,0.939
989.241,1.040
989.261,0.790
989.281,1.100
989.301,1.164
989.321,1.024
989.341,0.980
989.361,0.958
989.381,1.039
989.401,1.294
989.421,1.087
989.441,1.132
989.461,1.141
989.481,0.942
989.501,0.945
989.521,0.949
989.541,1.100
989.561,1.009
989.581,0.971
989.601,0.958
989.621,1.016
989.641,1.082
989.661,1.121
989.681,1.098
989.701,1.100
989.721,1.077
989.741,0.948
989.761,0.920
989.781,1.058
989.801,1.077
989.821,1.115
989.841,1.061
989.861,0.813
989.881,0.919
989.901,1.015
989.921,0.943
989.941,0.990
989.961,0.993
989.981,1.030
990.001,1.028
990.021,1.089
990.041,1.106
990.061,1.075
990.081,0.898
990.101,1.010
990.121,0.891
990.141,1.037
990.161,1.013
990.181,1.017
990.201,0.982
990.221,1.009
990.241,1.051
990.261,1.025
990.281,1.023
990.301,1.006
990.321,1.022
990.341,1.022
990.361,0.991
990.381,0.932
990.401,1.015
990.421,1.014
990.441,1.012
990.461,1.024
990.481,0.988
990.501,0.982
990.521,0.972
990.541,0.987
990.561,1.086
990.581,1.015
990.601,0.997
990.621,1.009
990.641,1.002
990.661,1.031
990.681,1.009
990.701,0.990
990.721,1.012
990.741,1.013
990.761,1.013
990.781,1.026
990.801,0.480
990.821,0.049
990.841,0.049
990.861,0.051
990.881,0.049
990.901,0.051
990.921,0.049
990.941,0.049
990.961,0.052
990.981,0.051
991.001,0.056
991.021,0.057
991.041,0.060
991.061,0.062
991.081,0.067
991.101,0.068
991.121,0.070
991.141,0.072
991.161,0.073
991.181,0.079
991.201,0.080
991.221,0.085
991.241,0.089
991.261,18.268
991.281,1.725
991.301,1.452
991.321,1.412
991.341,1.361
991.361,1.287
991.381,1.171
991.401,12.117
991.421,1.211
991.441,1.428
991.461,4.063
991.481,2.040
991.501,2.335
991.521,1.770
991.541,2.323
991.561,1.331
991.581,0.913
991.601,0.815
991.621,0.999
991.641,1.146
991.661,0.997
991.681,1.024
991.701,1.015
991.721,1.009
991.741,1.008
991.761,1.010
991.781,1.011
991.801,1.012
991.821,1.012
991.841,1.012
991.861,1.007
991.881,1.011
991.901,1.010
991.921,1.010
991.941,1.012
991.961,1.012
991.981,1.010
992.001,1.010
992.021,1.011
992.041,1.011
992.061,1.012
992.081,1.009
992.101,1.011
992.121,1.012
992.141,1.009
992.161,1.009
992.181,1.010
992.201,1.012
992.221,1.011
992.241,1.013
992.261,1.009
992.281,1.011
992.301,1.012
992.321,1.010
992.341,1.010
992.361,1.012
992.381,1.007
992.401,1.014
992.421,1.010
992.441,1.011
992.461,1.011
992.481,1.010
992.501,1.004
992.521,1.002
992.541,1.011
992.561,1.008
992.581,1.007
992.601,1.010
992.621,1.013
992.641,1.013
992.661,1.013
992.681,1.012
992.701,1.012
992.721,1.011
992.741,1.015
992.761,1.022
992.781,1.019
992.801,1.007
992.821,1.008
992.841,1.013
992.861,1.013
992.881,1.013
992.901,1.010
992.921,1.011
992.941,1.008
992.961,1.005
992.981,0.996
993.001,0.995
993.021,1.025
993.041,0.987
993.061,1.004
993.081,1.009
993.101,1.016
993.121,1.104
993.141,1.444
993.161,1.195
993.181,1.736
993.201,0.977
993.221,1.203
993.241,1.215
993.261,1.317
993.281,1.322
993.301,1.303
993.321,1.229
993.341,1.421
993.361,1.586
993.381,1.570
993.401,1.445
993.421,1.388
993.441,1.225
993.461,1.260
993.481,1.293
993.501,1.210
993.521,1.078
993.541,1.152
993.561,0.992
993.581,1.067
993.601,1.070
993.621,1.121
993.641,1.157
993.661,1.063
993.681,0.953
993.701,0.985
993.721,1.049
993.741,1.084
993.761,1.117
993.781,1.122
993.801,1.099
993.821,1.165
993.841,1.148
993.861,1.031
993.881,1.035
993.901,1.031
993.921,0.985
993.941,1.046
993.961,0.979
993.981,0.976
994.001,1.015
994.021,0.942
994.041,0.951
994.061,1.036
994.081,0.568
994.101,1.021
994.121,0.852
994.141,0.918
994.161,0.933
994.181,0.849
994.201,0.770
994.221,1.041
994.241,0.976
994.261,0.800
994.281,0.865
994.301,1.063
994.321,0.913
994.341,0.922
994.361,0.883
994.381,0.939
994.401,0.986
994.421,0.992
994.441,0.846
994.461,0.899
994.481,0.994
994.501,0.898
994.521,0.851
994.541,0.791
994.561,0.838
994.581,0.722
994.601,0.777
994.621,0.851
994.641,0.848
994.661,0.827
994.681,0.812
994.701,0.784
994.721,0.816
994.741,0.925
994.761,0.998
994.781,0.980
994.801,0.963
994.821,0.977
994.841,1.044
994.861,1.044
994.881,0.931
994.901,0.913
994.921,0.907
994.941,0.901
994.961,0.950
994.981,1.100
995.001,1.013
995.021,1.023
995.041,0.882
995.061,1.070
995.081,1.054
995.101,0.840
995.121,1.055
995.141,0.872
995.161,1.021
995.181,1.119
995.201,0.912
995.221,1.251
995.241,1.042
995.261,1.037
995.281,0.953
995.301,0.945
995.321,0.918
995.341,1.074
995.361,1.041
995.381,0.972
995.401,0.992
995.421,1.036
995.441,1.012
995.461,1.121
995.481,1.054
995.501,1.009
995.521,1.080
995.541,0.954
995.561,0.965
995.581,0.992
995.601,0.955
995.621,1.034
995.641,1.090
995.661,0.944
995.681,0.979
995.701,1.029
995.721,0.954
995.741,0.908
995.761,0.947
995.781,1.013
995.801,1.033
995.821,1.182
995.841,1.134
995.861,1.121
995.881,0.992
995.901,1.102
995.921,1.052
995.941,1.013
995.961,0.965
995.981,1.020
996.001,1.001
996.021,1.015
996.041,0.983
996.061,0.930
996.081,0.937
996.101,1.047
996.121,1.061
996.141,0.960
996.161,1.055
996.181,1.057
996.201,1.009
996.221,1.012
996.241,1.046
996.261,0.949
996.281,1.060
996.301,1.006
996.321,0.989
996.341,0.950
996.361,1.066
996.381,1.097
996.401,1.092
996.421,1.054
996.441,0.845
996.461,0.918
996.481,1.014
996.501,0.973
996.521,0.863
996.541,1.033
996.561,1.211
996.581,1.094
996.601,0.914
996.621,0.967
996.641,1.134
996.661,0.979
996.681,0.998
996.701,1.076
996.721,0.939
996.741,0.982
996.761,0.900
996.781,0.960
996.801,1.052
996.821,0.908
996.841,0.795
996.861,1.020
996.881,1.018
996.901,0.867
996.921,1.104
996.941,1.048
996.961,1.024
996.981,0.882
997.001,1.379
997.021,1.175
997.041,1.143
997.061,1.018
997.081,0.999
997.101,0.723
997.121,0.760
997.141,0.980
997.161,1.078
997.181,1.085
997.201,0.928
997.221,0.809
997.241,0.990
997.261,0.973
997.281,0.816
997.301,0.954
997.321,1.056
997.341,0.958
997.361,0.766
997.381,0.917
997.401,0.837
997.421,1.064
997.441,1.132
997.461,1.079
997.481,1.118
997.501,0.725
997.521,1.024
997.541,1.069
997.561,0.968
997.581,0.909
997.601,0.913
997.621,0.724
997.641,0.858
997.661,0.975
997.681,1.043
997.701,1.074
997.721,1.057
997.741,0.975
997.761,0.903
997.781,0.914
997.801,0.952
997.821,0.919
997.841,0.878
997.861,0.957
997.881,0.901
997.901,0.938
997.921,0.970
997.941,0.961
997.961,0.997
997.981,0.898
998.001,0.816
998.021,0.888
998.041,1.027
998.061,0.976
998.081,0.791
998.101,0.924
998.121,0.937
998.141,0.895
998.161,0.933
998.181,1.036
998.201,0.882
998.221,1.457
998.241,0.940
998.261,0.934
998.281,0.912
998.301,0.978
998.321,0.972
998.341,0.972
998.361,1.001
998.381,0.954
998.401,1.050
998.421,0.988
998.441,0.936
998.461,0.896
998.481,0.973
998.501,1.107
998.521,0.889
998.541,0.978
998.561,0.926
998.581,0.955
998.601,0.971
998.621,1.101
998.641,0.965
998.661,0.991
998.681,0.935
998.701,0.964
998.721,0.973
998.741,0.942
998.761,0.909
998.781,0.901
998.801,1.003
998.821,1.031
998.841,1.004
998.861,0.992
998.881,0.903
998.901,0.837
998.921,0.820
998.941,0.805
998.961,0.974
998.981,0.788
999.001,0.968
999.021,0.942
999.041,1.195
999.061,1.018
999.081,1.233
999.101,0.819
999.121,0.906
999.141,0.977
999.161,0.958
999.181,0.984
999.201,0.931
999.221,0.917
999.241,0.910
999.261,0.899
999.281,1.029
999.301,0.987
999.321,1.014
999.341,0.977
999.361,0.803
999.381,0.980
999.401,0.969
999.421,0.898
999.441,1.004
999.461,0.964
999.481,0.855
999.501,0.819
999.521,0.712
999.541,0.930
999.561,0.886
999.581,0.927
999.601,1.067
999.621,1.157
999.641,0.388
999.661,0.954
999.681,0.756
999.701,0.599
999.721,0.679
999.741,0.850
999.761,1.049
999.781,0.981
999.801,0.984
999.821,0.897
999.841,0.985
999.861,1.077
999.881,1.001
999.901,0.998
999.921,1.016
999.941,0.730
999.961,0.790
999.981,1.315
1000.001,0.880
1000.021,1.034
1000.041,0.947
1000.061,0.791
1000.081,0.822
1000.101,1.011
1000.121,0.895
1000.141,0.930
1000.161,1.130
1000.181,1.027
1000.201,0.795
1000.221,0.864
1000.241,1.273
1000.261,0.885
1000.281,0.920
1000.301,1.053
1000.321,1.132
1000.341,1.001
1000.361,0.882
1000.381,0.951
1000.401,0.864
1000.421,0.998
1000.441,0.990
1000.461,0.909
1000.481,0.873
1000.501,0.874
1000.521,0.988
1000.541,1.054
1000.561,1.000
1000.581,0.869
1000.601,1.032
1000.621,1.000
1000.641,0.957
1000.661,0.944
1000.681,0.936
1000.701,0.977
1000.721,0.993
1000.741,0.809
1000.761,0.824
1000.781,0.941
1000.801,0.949
1000.821,1.112
1000.841,1.023
1000.861,0.948
1000.881,1.053
1000.901,1.037
1000.921,1.054
1000.941,1.044
1000.961,0.982
1000.981,0.953
1001.001,1.050
1001.021,1.121
1001.041,0.968
1001.061,0.917
1001.081,0.970
1001.101,0.929
1001.121,1.063
1001.141,1.153
1001.161,0.698
1001.181,1.050
1001.201,0.808
1001.221,1.102
1001.241,0.689
1001.261,2.502
1001.281,1.324
1001.301,0.807
1001.321,1.021
1001.341,1.115
1001.361,0.864
1001.381,1.033
1001.401,1.057
1001.421,1.017
1001.441,0.853
1001.461,0.971
1001.481,0.889
1001.501,1.314
1001.521,0.792
1001.541,0.924
1001.561,1.105
1001.581,1.175
1001.601,1.522
1001.621,0.804
1001.641,1.187
1001.661,3.185
1001.681,1.120
1001.701,0.853
1001.721,1.327
1001.741,0.939
1001.761,0.782
1001.781,0.733
1001.801,0.975
1001.821,0.951
1001.841,1.487
1001.861,1.136
1001.881,0.684
1001.901,0.499
1001.921,0.665
1001.941,1.995
1001.961,1.207
1001.981,1.090
1002.001,0.881
1002.021,0.912
1002.041,0.737
1002.061,0.833
1002.081,0.830
1002.101,1.034
1002.121,1.023
1002.141,1.122
1002.161,1.008
1002.181,1.371
1002.201,1.259
1002.221,1.799
1002.241,1.694
1002.261,1.293
1002.281,0.872
1002.301,1.172
1002.321,0.988
1002.341,0.834
1002.361,1.012
1002.381,0.967
1002.401,1.115
1002.421,1.650
1002.441,0.916
1002.461,1.052
1002.481,0.879
1002.501,1.101
1002.521,1.130
1002.541,1.078
1002.561,0.913
1002.581,1.020
1002.601,1.612
1002.621,0.961
1002.641,0.949
1002.661,0.919
1002.681,1.380
1002.701,0.969
1002.721,0.953
1002.741,0.817
1002.761,0.915
1002.781,1.259
1002.801,0.908
1002.821,1.005
1002.841,0.677
1002.861,0.976
1002.881,0.997
1002.901,1.026
1002.921,1.049
1002.941,1.087
1002.961,0.850
1002.981,0.896
1003.001,0.974
1003.021,0.904
1003.041,1.102
1003.061,1.176
1003.081,1.086
1003.101,1.167
1003.121,0.876
1003.141,1.305
1003.161,1.249
1003.181,0.962
1003.201,1.031
1003.221,0.811
1003.241,0.975
1003.261,0.931
1003.281,0.804
1003.301,0.831
1003.321,0.807
1003.341,0.973
1003.361,0.923
1003.381,1.171
1003.401,1.195
1003.421,1.183
1003.441,1.064
1003.461,1.287
1003.481,2.183
1003.501,0.996
1003.521,0.787
1003.541,0.910
1003.561,1.011
1003.581,0.956
1003.601,1.152
1003.621,1.179
1003.641,1.001
1003.661,0.696
1003.681,1.409
1003.701,1.133
1003.721,1.211
1003.741,1.057
1003.761,1.058
1003.781,1.012
1003.801,0.978
1003.821,1.040
1003.841,0.998
1003.861,0.615
1003.881,0.623
1003.901,4.817
1003.921,1.158
1003.941,1.009
1003.961,1.031
1003.981,1.012
1004.001,1.005
1004.021,1.011
1004.041,1.014
1004.061,1.029
1004.081,1.185
1004.101,1.003
1004.121,1.008
1004.141,1.011
1004.161,1.013
1004.181,1.013
1004.201,1.010
1004.221,1.012
1004.241,1.012
1004.261,1.010
1004.281,1.011
1004.301,1.010
1004.321,1.011
1004.341,1.004
1004.361,1.005
1004.381,1.006
1004.401,1.010
1004.421,1.164
1004.441,1.068
1004.461,1.012
1004.481,1.016
1004.501,1.370
1004.521,1.062
1004.541,1.018
1004.561,0.922
1004.581,1.083
1004.601,1.080
1004.621,0.972
1004.641,0.493
1004.661,2.846
1004.681,0.997
1004.701,0.981
1004.721,1.029
1004.741,1.008
1004.761,1.016
1004.781,1.012
1004.801,1.021
1004.821,0.993
1004.841,1.010
1004.861,1.026
1004.881,1.017
1004.901,1.006
1004.921,1.013
1004.941,1.004
1004.961,1.009
1004.981,1.015
1005.001,1.018
1005.021,1.007
1005.041,1.021
1005.061,0.970
1005.081,1.010
1005.101,0.993
1005.121,1.015
1005.141,1.016
1005.161,1.023
1005.181,0.999
1005.201,1.027
1005.221,1.022
1005.241,1.039
1005.261,1.003
1005.281,1.013
1005.301,1.014
1005.321,1.009
1005.341,1.177
1005.361,1.083
1005.381,1.058
1005.401,1.039
1005.421,0.979
1005.441,1.017
1005.461,1.008
1005.481,1.013
1005.501,1.009
1005.521,1.010
1005.541,1.016
1005.561,1.012
1005.581,1.012
1005.601,1.010
1005.621,1.012
1005.641,1.009
1005.661,1.005
1005.681,1.007
1005.701,1.008
1005.721,1.012
1005.741,1.008
1005.761,0.996
1005.781,1.014
1005.801,1.017
1005.821,1.050
1005.841,1.035
1005.861,1.053
1005.881,1.030
1005.901,1.024
1005.921,1.070
1005.941,1.043
1005.961,1.050
1005.981,0.999
1006.001,1.014
1006.021,1.015
1006.041,1.017
1006.061,1.012
1006.081,1.027
1006.101,1.022
1006.121,1.001
1006.141,1.014
1006.161,1.011
1006.181,1.037
1006.201,1.017
1006.221,1.013
1006.241,1.010
1006.261,1.012
1006.281,1.012
1006.301,1.013
1006.321,1.011
1006.341,1.019
1006.361,1.111
1006.381,0.943
1006.401,1.024
1006.421,1.019
1006.441,1.035
1006.461,1.015
1006.481,1.026
1006.501,1.014
1006.521,1.010
1006.541,1.013
1006.561,1.015
1006.581,1.014
1006.601,1.008
1006.621,1.017
1006.641,1.004
1006.661,1.010
1006.681,1.019
1006.701,1.022
1006.721,0.985
1006.741,0.994
1006.761,1.002
1006.781,1.012
1006.801,1.011
1006.821,1.005
1006.841,1.013
1006.861,1.011
1006.881,1.009
1006.901,1.010
1006.921,1.012
1006.941,1.007
1006.961,1.015
1006.981,1.011
1007.001,1.020
1007.021,1.008
1007.041,1.016
1007.061,1.014
1007.081,1.011
1007.101,1.009
1007.121,1.012
1007.141,1.009
1007.161,1.011
1007.181,1.012
1007.201,1.015
1007.221,1.008
1007.241,1.014
1007.261,1.013
1007.281,1.012
1007.301,1.011
1007.321,1.012
1007.341,1.011
1007.361,1.012
1007.381,1.008
1007.401,1.011
1007.421,1.012
1007.441,1.014
1007.461,1.011
1007.481,1.012
1007.501,1.010
1007.521,1.012
1007.541,1.010
1007.561,1.013
1007.581,1.012
1007.601,1.011
1007.621,1.009
1007.641,1.010
1007.661,1.013
1007.681,1.015
1007.701,1.013
1007.721,1.013
1007.741,1.009
1007.761,1.012
1007.781,1.009
1007.801,1.011
1007.821,1.014
1007.841,1.012
1007.861,1.012
1007.881,1.011
1007.901,1.265
1007.921,1.232
1007.941,1.166
1007.961,0.991
1007.981,1.015
1008.001,0.973
1008.021,1.040
1008.041,1.138
1008.061,1.062
1008.081,0.929
1008.101,0.906
1008.121,1.159
1008.141,0.987
1008.161,1.100
1008.181,1.351
1008.201,1.005
1008.221,1.024
1008.241,0.977
1008.261,1.016
1008.281,1.021
1008.301,0.999
1008.321,1.024
1008.341,1.021
1008.361,1.011
1008.381,1.000
1008.401,0.988
1008.421,1.016
1008.441,1.017
1008.461,1.006
1008.481,1.017
1008.501,0.999
1008.521,1.008
1008.541,1.008
1008.561,1.018
1008.581,1.040
1008.601,1.004
1008.621,1.016
1008.641,1.061
1008.661,1.034
1008.681,1.169
1008.701,1.021
1008.721,1.025
1008.741,1.017
1008.761,1.027
1008.781,1.001
1008.801,1.046
1008.821,1.083
1008.841,0.979
1008.861,1.001
1008.881,1.005
1008.901,1.020
1008.921,1.023
1008.941,1.043
1008.961,1.044
1008.981,1.006
1009.001,1.025
1009.021,1.011
1009.041,1.007
1009.061,0.994
1009.081,0.996
1009.101,1.008
1009.121,0.994
1009.141,1.024
1009.161,1.067
1009.181,0.992
1009.201,1.011
1009.221,1.022
1009.241,1.056
1009.261,1.090
1009.281,0.997
1009.301,1.004
1009.321,0.996
1009.341,1.021
1009.361,1.031
1009.381,1.018
1009.401,1.002
1009.421,1.030
1009.441,1.806
1009.461,0.965
1009.481,1.023
1009.501,1.023
1009.521,1.012
1009.541,1.035
1009.561,1.059
1009.581,0.994
1009.601,1.014
1009.621,1.000
1009.641,1.014
1009.661,0.804
1009.681,0.998
1009.701,1.565
1009.721,0.983
1009.741,1.065
1009.761,1.609
1009.781,0.908
1009.801,1.081
1009.821,1.042
1009.841,1.086
1009.861,1.804
1009.881,1.136
1009.901,1.024
1009.921,1.009
1009.941,1.024
1009.961,1.012
1009.981,0.982
1010.001,1.145
1010.021,0.984
1010.041,1.085
1010.061,0.976
1010.081,1.052
1010.101,1.034
1010.121,1.004
1010.141,1.205
1010.161,1.006
1010.181,0.903
1010.201,0.919
1010.221,1.128
1010.241,1.095
1010.261,0.959
1010.281,0.947
1010.301,0.967
1010.321,1.014
1010.341,1.041
1010.361,1.045
1010.381,1.029
1010.401,0.965
1010.421,0.934
1010.441,1.017
1010.461,1.019
1010.481,1.012
1010.501,0.935
1010.521,1.018
1010.541,1.029
1010.561,1.011
1010.581,0.978
1010.601,1.009
1010.621,0.996
1010.641,1.023
1010.661,1.011
1010.681,0.891
1010.701,1.015
1010.721,1.049
1010.741,1.056
1010.761,1.633
1010.781,1.029
1010.801,0.891
1010.821,1.010
1010.841,1.024
1010.861,0.976
1010.881,0.973
1010.901,1.028
1010.921,1.009
1010.941,1.052
1010.961,0.992
1010.981,0.940
1011.001,0.956
1011.021,1.553
1011.041,0.933
1011.061,1.037
1011.081,0.898
1011.101,0.961
1011.121,1.045
1011.141,1.011
1011.161,1.003
1011.181,0.978
1011.201,1.008
1011.221,1.083
1011.241,0.998
1011.261,1.017
1011.281,0.947
1011.301,1.518
1011.321,1.029
1011.341,1.005
1011.361,0.933
1011.381,1.100
1011.401,1.188
1011.421,1.000
1011.441,1.036
1011.461,1.064
1011.481,1.002
1011.501,0.958
1011.521,1.019
1011.541,1.060
1011.561,1.022
1011.581,0.979
1011.601,1.036
1011.621,1.191
1011.641,1.026
1011.661,0.984
1011.681,1.024
1011.701,1.015
1011.721,0.987
1011.741,1.003
1011.761,1.000
1011.781,1.035
1011.801,0.994
1011.821,1.035
1011.841,1.027
1011.861,0.930
1011.881,0.885
1011.901,1.006
1011.921,1.101
1011.941,1.016
1011.961,0.984
1011.981,0.935
1012.001,0.919
1012.021,1.055
1012.041,0.882
1012.061,0.706
1012.081,1.298
1012.101,0.959
1012.121,1.300
1012.141,0.834
1012.161,0.873
1012.181,1.025
1012.201,1.014
1012.221,0.988
1012.241,1.020
1012.261,1.013
1012.281,1.010
1012.301,1.011
1012.321,1.009
1012.341,1.034
1012.361,1.005
1012.381,0.993
1012.401,1.028
1012.421,1.086
1012.441,0.638
1012.461,0.946
1012.481,0.982
1012.501,0.942
1012.521,1.002
1012.541,0.980
1012.561,1.007
1012.581,1.007
1012.601,1.016
1012.621,0.997
1012.641,1.016
1012.661,1.005
1012.681,1.008
1012.701,1.007
1012.721,1.007
1012.741,1.005
1012.761,1.005
1012.781,1.007
1012.801,1.007
1012.821,1.010
1012.841,1.003
1012.861,1.006
1012.881,1.008
1012.901,1.010
1012.921,1.005
1012.941,1.010
1012.961,1.008
1012.981,1.006
1013.001,1.005
1013.021,1.006
1013.041,1.003
1013.061,1.004
1013.081,1.007
1013.101,1.008
1013.121,1.005
1013.141,1.009
1013.161,1.005
1013.181,1.005
1013.201,1.009
1013.221,1.004
1013.241,1.002
1013.261,1.007
1013.281,1.006
1013.301,1.005
1013.321,1.004
1013.341,1.004
1013.361,1.007
1013.381,1.002
1013.401,1.006
1013.421,1.003
1013.441,1.001
1013.461,1.004
1013.481,1.003
1013.501,1.004
1013.521,1.003
1013.541,1.001
1013.561,1.007
1013.581,1.005
1013.601,1.004
1013.621,1.002
1013.641,1.002
1013.661,1.005
1013.681,1.003
1013.701,1.002
1013.721,1.004
1013.741,1.004
1013.761,1.006
1013.781,1.003
1013.801,1.004
1013.821,1.005
1013.841,1.004
1013.861,1.003
1013.881,1.003
1013.901,1.001
1013.921,1.001
1013.941,1.003
1013.961,1.002
1013.981,0.998
1014.001,1.004
1014.021,1.004
1014.041,1.002
1014.061,1.001
1014.081,1.004
1014.101,1.002
1014.121,1.003
1014.141,1.002
1014.161,1.002
1014.181,1.004
1014.201,1.004
1014.221,1.002
1014.241,1.002
1014.261,1.001
1014.281,1.003
1014.301,1.000
1014.321,1.004
1014.341,1.001
1014.361,1.001
1014.381,1.001
1014.401,1.002
1014.421,0.999
1014.441,1.004
1014.461,1.002
1014.481,1.000
1014.501,1.002
1014.521,1.005
1014.541,1.000
1014.561,1.003
1014.581,1.001
1014.601,0.999
1014.621,1.000
1014.641,1.003
1014.661,0.999
1014.681,1.003
1014.701,1.000
1014.721,1.000
1014.741,1.003
1014.761,1.003
1014.781,1.003
1014.801,0.994
1014.821,1.005
1014.841,0.997
1014.861,1.003
1014.881,1.000
1014.901,1.001
1014.921,1.000
1014.941,1.003
1014.961,1.002
1014.981,1.001
1015.001,1.001
1015.021,1.003
1015.041,0.999
1015.061,1.003
1015.081,1.000
1015.101,1.003
1015.121,1.000
1015.141,1.002
1015.161,1.000
1015.181,1.002
1015.201,0.998
1015.221,1.002
1015.241,1.000
1015.261,1.001
1015.281,1.000
1015.301,1.002
1015.321,1.002
1015.341,1.005
1015.361,0.999
1015.381,1.002
1015.401,1.000
1015.421,1.001
1015.441,0.999
1015.461,1.000
1015.481,1.000
1015.501,0.999
1015.521,1.000
1015.541,1.004
1015.561,0.997
1015.581,1.009
1015.601,1.002
1015.621,0.999
1015.641,1.003
1015.661,1.001
1015.681,0.994
1015.701,1.005
1015.721,1.001
1015.741,1.002
1015.761,1.002
1015.781,1.001
1015.801,0.999
1015.821,1.002
1015.841,1.002
1015.861,1.003
1015.881,1.001
1015.901,1.002
1015.921,1.003
1015.941,1.000
1015.961,1.001
1015.981,1.001
1016.001,1.000
1016.021,1.001
1016.041,1.000
1016.061,1.001
1016.081,1.001
1016.101,1.000
1016.121,1.000
1016.141,1.002
1016.161,1.004
1016.181,1.000
1016.201,1.000
1016.221,1.001
1016.241,0.998
1016.261,1.000
1016.281,1.001
1016.301,1.003
1016.321,1.001
1016.341,1.000
1016.361,1.004
1016.381,1.001
1016.401,1.001
1016.421,0.999
1016.441,1.000
1016.461,1.000
1016.481,1.002
1016.501,1.000
1016.521,1.002
1016.541,1.000
1016.561,1.003
1016.581,0.999
1016.601,1.000
1016.621,0.999
1016.641,1.001
1016.661,1.000
1016.681,1.002
1016.701,1.003
1016.721,1.003
1016.741,1.003
1016.761,1.001
1016.781,1.000
1016.801,1.000
1016.821,0.999
1016.841,0.999
1016.861,1.000
1016.881,1.001
1016.901,1.005
1016.921,0.999
1016.941,1.001
1016.961,1.000
1016.981,1.001
1017.001,1.001
1017.021,0.998
1017.041,1.001
1017.061,1.000
1017.081,1.002
1017.101,1.002
1017.121,1.001
1017.141,1.002
1017.161,1.001
1017.181,0.999
1017.201,1.001
1017.221,1.001
1017.241,1.003
1017.261,1.000
1017.281,1.000
1017.301,1.002
1017.321,1.002
1017.341,1.003
1017.361,1.003
1017.381,1.003
1017.401,1.002
1017.421,0.999
1017.441,0.998
1017.461,1.000
1017.481,1.001
1017.501,1.003
1017.521,1.004
1017.541,1.000
1017.561,1.001
1017.581,0.999
1017.601,1.000
1017.621,1.000
1017.641,1.002
1017.661,0.999
1017.681,0.999
1017.701,1.003
1017.721,1.000
1017.741,1.002
1017.761,1.002
1017.781,1.001
1017.801,0.997
1017.821,1.000
1017.841,1.000
1017.861,1.000
1017.881,1.001
1017.901,1.000
1017.921,1.001
1017.941,1.000
1017.961,1.001
1017.981,1.001
1018.001,1.000
1018.021,1.000
1018.041,0.999
1018.061,1.001
1018.081,1.001
1018.101,1.001
1018.121,1.001
1018.141,1.002
1018.161,1.002
1018.181,1.001
1018.201,1.002
1018.221,1.000
1018.241,0.999
1018.261,1.002
1018.281,0.999
1018.301,1.001
1018.321,1.001
1018.341,1.002
1018.361,1.002
1018.381,1.002
1018.401,1.001
1018.421,1.000
1018.441,1.001
1018.461,1.000
1018.481,1.001
1018.501,1.001
1018.521,1.002
1018.541,1.004
1018.561,1.001
1018.581,1.001
1018.601,1.000
1018.621,1.001
1018.641,1.001
1018.661,0.998
1018.681,1.002
1018.701,1.001
1018.721,0.999
1018.741,1.002
1018.761,1.001
1018.781,1.003
1018.801,1.001
1018.821,1.003
1018.841,1.002
1018.861,1.002
1018.881,1.000
1018.901,1.002
1018.921,1.002
1018.941,1.002
1018.961,1.000
1018.981,1.002
1019.001,1.003
1019.021,1.001
1019.041,0.999
1019.061,1.000
1019.081,1.002
1019.101,1.002
1019.121,1.003
1019.141,1.001
1019.161,1.002
1019.181,1.001
1019.201,1.001
1019.221,1.000
1019.241,1.002
1019.261,1.002
1019.281,1.002
1019.301,1.001
1019.321,1.002
1019.341,1.001
1019.361,1.000
1019.381,1.000
1019.401,1.001
1019.421,1.003
1019.441,0.999
1019.461,1.002
1019.481,0.999
1019.501,1.000
1019.521,1.001
1019.541,1.002
1019.561,1.000
1019.581,1.001
1019.601,1.000
1019.621,0.999
1019.641,1.002
1019.661,1.003
1019.681,1.002
1019.701,0.998
1019.721,1.001
1019.741,1.000
1019.761,1.000
1019.781,1.002
1019.801,0.999
1019.821,1.001
1019.841,1.001
1019.861,1.002
1019.881,1.000
1019.901,1.002
1019.921,1.001
1019.941,0.999
1019.961,1.002
1019.981,1.000
1020.001,1.001
1020.021,1.001
1020.041,1.000
1020.061,1.002
1020.081,1.002
1020.101,1.002
1020.121,1.002
1020.141,1.001
1020.161,1.004
1020.181,1.001
1020.201,1.002
1020.221,1.000
1020.241,1.002
1020.261,0.999
1020.281,1.001
1020.301,1.003
1020.321,1.000
1020.341,1.000
1020.361,1.000
1020.381,1.001
1020.401,1.000
1020.421,1.003
1020.441,1.001
1020.461,1.001
1020.481,1.002
1020.501,1.004
1020.521,1.000
1020.541,1.001
1020.561,1.003
1020.581,1.000
1020.601,1.002
1020.621,1.002
1020.641,1.000
1020.661,0.999
1020.681,1.003
1020.701,0.999
1020.721,0.999
1020.741,1.002
1020.761,1.002
1020.781,1.001
1020.801,1.002
1020.821,1.002
1020.841,0.999
1020.861,1.002
1020.881,1.003
1020.901,1.002
1020.921,1.000
1020.941,1.001
1020.961,1.003
1020.981,1.002
1021.001,1.003
1021.021,1.000
1021.041,1.001
1021.061,0.999
1021.081,1.002
1021.101,1.002
1021.121,1.002
1021.141,1.003
1021.161,1.003
1021.181,1.000
1021.201,1.001
1021.221,1.001
1021.241,1.002
1021.261,1.001
1021.281,1.001
1021.301,1.001
1021.321,1.002
1021.341,1.001
1021.361,1.002
1021.381,1.001
1021.401,1.002
1021.421,1.002
1021.441,1.000
1021.461,1.001
1021.481,0.999
1021.501,1.002
1021.521,1.001
1021.541,1.001
1021.561,1.000
1021.581,1.002
1021.601,1.003
1021.621,1.003
1021.641,0.989
1021.661,1.013
1021.681,0.997
1021.701,1.006
1021.721,1.000
1021.741,1.008
1021.761,0.993
1021.781,1.006
1021.801,1.000
1021.821,1.002
1021.841,1.000
1021.861,1.004
1021.881,0.999
1021.901,1.001
1021.921,1.002
1021.941,1.002
1021.961,1.001
1021.981,1.003
1022.001,1.001
1022.021,1.001
1022.041,1.000
1022.061,1.004
1022.081,1.000
1022.101,1.003
1022.121,1.001
1022.141,1.001
1022.161,1.001
1022.181,1.002
1022.201,1.001
1022.221,1.001
1022.241,1.000
1022.261,1.000
1022.281,0.999
1022.301,1.003
1022.321,1.000
1022.341,0.999
1022.361,1.005
1022.381,1.001
1022.401,1.004
1022.421,1.001
1022.441,1.000
1022.461,1.001
1022.481,1.004
1022.501,1.001
1022.521,1.002
1022.541,1.002
1022.561,1.003
1022.581,1.002
1022.601,1.001
1022.621,0.999
1022.641,1.002
1022.661,1.000
1022.681,1.001
1022.701,1.003
1022.721,1.000
1022.741,1.001
1022.761,1.003
1022.781,1.002
1022.801,1.002
1022.821,1.002
1022.841,1.001
1022.861,0.999
1022.881,1.003
1022.901,1.002
1022.921,1.003
1022.941,1.001
1022.961,1.002
1022.981,1.001
1023.001,1.002
1023.021,1.001
1023.041,1.001
1023.061,1.003
1023.081,1.000
1023.101,1.003
1023.121,1.001
1023.141,1.001
1023.161,1.001
1023.181,1.003
1023.201,1.001
1023.221,1.001
1023.241,1.003
1023.261,1.002
1023.281,0.999
1023.301,1.000
1023.321,0.999
1023.341,1.003
1023.361,1.001
1023.381,1.000
1023.401,1.002
1023.421,1.000
1023.441,1.002
1023.461,1.002
1023.481,1.001
1023.501,1.000
1023.521,0.999
1023.541,1.002
1023.561,1.000
1023.581,1.003
1023.601,1.000
1023.621,1.002
1023.641,1.001
1023.661,1.001
1023.681,1.003
1023.701,1.000
1023.721,1.000
1023.741,1.002
1023.761,1.001
1023.781,1.001
1023.801,1.001
1023.821,1.001
1023.841,1.001
1023.861,1.002
1023.881,1.000
1023.901,1.001
1023.921,1.002
1023.941,0.999
1023.961,0.999
1023.981,1.002
1024.001,1.000
1024.021,1.002
1024.041,1.001
1024.061,1.001
1024.081,1.004
1024.101,1.001
1024.121,1.001
1024.141,1.002
1024.161,1.001
1024.181,1.002
1024.201,1.001
1024.221,1.000
1024.241,1.000
1024.261,1.003
1024.281,1.001
1024.301,1.000
1024.321,1.002
1024.341,1.002
1024.361,1.002
1024.381,1.001
1024.401,1.000
1024.421,1.002
1024.441,1.002
1024.461,1.001
1024.481,1.003
1024.501,1.002
1024.521,1.000
1024.541,1.000
1024.561,1.003
1024.581,1.003
1024.601,1.002
1024.621,1.000
1024.641,1.001
1024.661,1.002
1024.681,1.004
1024.701,1.000
1024.721,1.003
1024.741,1.001
1024.761,1.003
1024.781,1.002
1024.801,0.999
1024.821,1.000
1024.841,1.002
1024.861,1.001
1024.881,1.000
1024.901,0.999
1024.921,1.000
1024.941,1.003
1024.961,1.003
1024.981,1.001
1025.001,1.003
1025.021,1.001
1025.041,1.003
1025.061,1.001
1025.081,1.000
1025.101,1.001
1025.121,1.001
1025.141,1.003
1025.161,1.000
1025.181,1.001
1025.201,1.001
1025.221,1.001
1025.241,0.999
1025.261,1.000
1025.281,1.003
1025.301,1.002
1025.321,1.001
1025.341,1.002
1025.361,1.001
1025.381,1.002
1025.401,1.004
1025.421,1.001
1025.441,1.003
1025.461,0.999
1025.481,1.000
1025.501,1.000
1025.521,1.001
1025.541,1.000
1025.561,1.001
1025.581,1.002
1025.601,1.003
1025.621,1.002
1025.641,1.003
1025.661,1.003
1025.681,1.002
1025.701,1.002
1025.721,1.002
1025.741,1.004
1025.761,1.003
1025.781,1.002
1025.801,1.000
1025.821,1.001
1025.841,1.003
1025.861,1.003
1025.881,1.002
1025.901,1.001
1025.921,1.002
1025.941,1.001
1025.961,1.004
1025.981,1.002
1026.001,1.002
1026.021,1.005
1026.041,0.999
1026.061,1.004
1026.081,0.999
1026.101,1.003
1026.121,1.002
1026.141,1.004
1026.161,0.996
1026.181,1.012
1026.201,1.006
1026.221,1.000
1026.241,0.999
1026.261,1.005
1026.281,0.999
1026.301,1.001
1026.321,1.002
1026.341,1.002
1026.361,1.002
1026.381,1.003
1026.401,0.999
1026.421,1.000
1026.441,1.003
1026.461,1.001
1026.481,0.998
1026.501,1.002
1026.521,1.002
1026.541,1.001
1026.561,1.001
1026.581,1.002
1026.601,1.003
1026.621,1.002
1026.641,1.003
1026.661,1.000
1026.681,1.000
1026.701,1.006
1026.721,1.001
1026.741,1.000
1026.761,1.004
1026.781,1.004
1026.801,1.001
1026.821,0.999
1026.841,1.007
1026.861,0.996
1026.881,1.004
1026.901,1.002
1026.921,1.003
1026.941,0.998
1026.961,1.006
1026.981,1.000
1027.001,1.003
1027.021,1.002
1027.041,1.000
1027.061,1.001
1027.081,1.002
1027.101,1.006
1027.121,1.002
1027.141,1.002
1027.161,1.003
1027.181,1.002
1027.201,1.002
1027.221,1.002
1027.241,1.003
1027.261,1.001
1027.281,1.002
1027.301,1.002
1027.321,1.000
1027.341,1.002
1027.361,1.000
1027.381,1.002
1027.401,1.000
1027.421,1.003
1027.441,1.005
1027.461,1.002
1027.481,1.001
1027.501,1.003
1027.521,1.002
1027.541,1.003
1027.561,1.003
1027.581,1.002
1027.601,1.002
1027.621,1.002
1027.641,1.004
1027.661,1.002
1027.681,1.003
1027.701,1.000
1027.721,1.002
1027.741,1.001
1027.761,1.001
1027.781,1.002
1027.801,1.002
1027.821,0.999
1027.841,1.001
1027.861,1.002
1027.881,1.000
1027.901,0.999
1027.921,1.002
1027.941,1.001
1027.961,1.002
1027.981,1.002
1028.001,1.000
1028.021,1.002
1028.041,1.002
1028.061,1.001
1028.081,0.999
1028.101,1.000
1028.121,1.002
1028.141,1.002
1028.161,1.001
1028.181,1.002
1028.201,1.002
1028.221,1.001
1028.241,1.001
1028.261,1.005
1028.281,0.999
1028.301,1.001
1028.321,1.002
1028.341,1.003
1028.361,1.004
1028.381,1.001
1028.401,1.003
1028.421,1.004
1028.441,1.004
1028.461,1.002
1028.481,1.002
1028.501,1.001
1028.521,1.002
1028.541,1.003
1028.561,1.000
1028.581,1.001
1028.601,1.003
1028.621,1.001
1028.641,1.003
1028.661,1.000
1028.681,1.002
1028.701,1.002
1028.721,1.001
1028.741,1.005
1028.761,1.001
1028.781,1.002
1028.801,1.001
1028.821,1.002
1028.841,1.001
1028.861,1.003
1028.881,1.001
1028.901,1.004
1028.921,1.001
1028.941,1.000
1028.961,1.001
1028.981,1.003
1029.001,1.002
1029.021,1.002
1029.041,1.004
1029.061,1.002
1029.081,1.003
1029.101,1.001
1029.121,1.001
1029.141,1.001
1029.161,1.002
1029.181,1.000
1029.201,1.004
1029.221,1.002
1029.241,1.001
1029.261,1.002
1029.281,1.002
1029.301,1.002
1029.321,1.001
1029.341,1.002
1029.361,1.002
1029.381,1.004
1029.401,1.003
1029.421,1.002
1029.441,1.003
1029.461,1.001
1029.481,1.004
1029.501,1.001
1029.521,1.001
1029.541,1.000
1029.561,1.002
1029.581,1.004
1029.601,1.001
1029.621,1.003
1029.641,1.002
1029.661,1.001
1029.681,1.001
1029.701,1.002
1029.721,1.004
1029.741,1.004
1029.761,1.002
1029.781,1.001
1029.801,1.005
1029.821,1.002
1029.841,1.001
1029.861,1.003
1029.881,1.004
1029.901,1.002
1029.921,1.004
1029.941,1.000
1029.961,1.000
1029.981,1.002
1030.001,1.003
1030.021,1.000
1030.041,1.005
1030.061,1.001
1030.081,1.004
1030.101,1.002
1030.121,1.002
1030.141,1.000
1030.161,1.003
1030.181,1.002
1030.201,1.008
1030.221,0.993
1030.241,1.014
1030.261,0.994
1030.281,1.003
1030.301,1.001
1030.321,1.008
1030.341,0.994
1030.361,1.003
1030.381,1.001
1030.401,1.003
1030.421,0.999
1030.441,1.003
1030.461,1.001
1030.481,1.004
1030.501,1.000
1030.521,1.001
1030.541,0.999
1030.561,1.004
1030.581,0.997
1030.601,1.000
1030.621,1.004
1030.641,1.002
1030.661,1.002
1030.681,1.003
1030.701,1.003
1030.721,1.001
1030.741,1.004
1030.761,1.001
1030.781,1.006
1030.801,0.998
1030.821,1.002
1030.841,0.999
1030.861,1.005
1030.881,1.000
1030.901,1.001
1030.921,1.003
1030.941,1.002
1030.961,0.999
1030.981,1.002
1031.001,1.002
1031.021,1.002
1031.041,1.003
1031.061,1.002
1031.081,1.001
1031.101,1.002
1031.121,1.002
1031.141,1.002
1031.161,0.999
1031.181,1.006
1031.201,0.998
1031.221,1.003
1031.241,1.001
1031.261,1.005
1031.281,0.999
1031.301,1.005
1031.321,1.001
1031.341,1.002
1031.361,1.003
1031.381,1.001
1031.401,1.000
1031.421,1.003
1031.441,1.001
1031.461,1.004
1031.481,1.003
1031.501,1.000
1031.521,1.003
1031.541,1.002
1031.561,1.001
1031.581,1.004
1031.601,1.003
1031.621,1.000
1031.641,1.002
1031.661,1.001
1031.681,1.004
1031.701,1.002
1031.721,1.002
1031.741,1.002
1031.761,1.003
1031.781,1.004
1031.801,1.003
1031.821,1.002
1031.841,1.002
1031.861,1.002
1031.881,1.002
1031.901,1.000
1031.921,1.001
1031.941,1.002
1031.961,1.002
1031.981,1.001
298.353,1.216
298.373,0.823
298.393,0.981
298.413,0.998
298.433,0.871
298.453,1.046
298.473,0.997
298.493,0.975
298.513,1.004
298.533,1.008
298.553,0.983
298.573,1.034
298.593,0.982
298.613,1.046
298.633,0.965
298.653,1.034
298.673,0.980
298.693,0.985
298.713,1.023
298.733,0.986
298.753,0.996
298.773,1.040
298.793,0.970
298.813,1.030
298.833,1.001
298.853,0.979
298.873,1.023
298.893,1.002
298.913,0.982
298.933,1.013
298.953,1.013
298.973,1.002
298.993,1.016
299.013,0.995
299.033,0.994
299.053,1.011
299.073,1.001
299.093,1.004
299.113,1.006
299.133,1.005
299.153,0.990
299.173,1.010
299.193,1.013
299.213,0.985
299.233,1.010
299.253,1.011
299.273,0.969
299.293,1.028
299.313,0.992
299.333,0.989
299.353,1.035
299.373,0.989
299.393,0.996
299.413,1.023
299.433,1.001
299.453,0.990
299.473,1.003
299.493,0.983
299.513,1.000
299.533,1.021
299.553,0.979
299.573,0.999
299.593,1.021
299.613,0.987
299.633,1.006
299.653,0.997
299.673,1.006
299.693,0.989
299.713,0.996
299.733,1.002
299.753,0.989
299.773,1.011
299.793,1.021
299.813,0.981
299.833,1.122
299.853,1.053
299.873,0.955
299.893,1.064
299.913,0.986
299.933,0.996
299.953,0.988
299.973,0.994
299.993,0.908
300.013,1.040
300.033,0.937
300.053,1.003
300.073,1.027
300.093,0.984
300.113,1.012
300.133,0.976
300.153,0.987
300.173,0.990
300.193,1.034
300.213,0.956
300.233,1.040
300.253,1.008
300.273,0.995
300.293,1.013
300.313,1.017
300.333,0.983
300.353,1.011
300.373,0.983
300.393,0.996
300.413,0.984
300.433,1.019
300.453,1.005
300.473,0.976
300.493,1.032
300.513,0.980
300.533,0.988
300.553,1.015
300.573,0.989
300.593,0.998
300.613,1.030
300.633,0.972
300.653,1.016
300.673,1.014
300.693,0.990
300.713,1.018
300.733,1.012
300.753,0.977
300.773,1.017
300.793,1.004
300.813,0.973
300.833,0.998
300.853,1.007
300.873,0.985
300.893,1.007
300.913,0.993
300.933,1.020
300.953,0.999
300.973,1.009
300.993,1.021
301.013,0.983
301.033,1.008
301.053,1.001
301.073,0.980
301.093,1.025
301.113,0.985
301.133,0.997
301.153,1.026
301.173,0.987
301.193,0.995
301.213,1.032
301.233,0.982
301.253,0.992
301.273,1.022
301.293,0.981
301.313,0.989
301.333,1.012
301.353,0.973
301.373,1.023
301.393,1.016
301.413,0.994
301.433,1.003
301.453,1.008
301.473,0.991
301.493,1.005
301.513,0.993
301.533,1.007
301.553,1.002
301.573,0.990
301.593,1.013
301.613,0.984
301.633,0.994
301.653,1.021
301.673,0.974
301.693,1.018
301.713,1.025
301.733,0.965
301.753,1.018
301.773,0.996
301.793,0.989
301.813,1.002
301.833,1.010
301.853,0.995
301.873,1.004
301.893,1.002
301.913,0.983
301.933,1.025
301.953,1.000
301.973,0.984
301.993,1.008
302.013,0.996
302.033,0.992
302.053,1.013
302.073,0.987
302.093,1.011
302.113,0.994
302.133,0.998
302.153,1.002
302.173,0.983
302.193,0.997
302.213,1.014
302.233,0.976
302.253,1.031
302.273,1.029
302.293,0.969
302.313,1.031
302.333,0.990
302.353,0.994
302.373,1.017
302.393,0.998
302.413,0.993
302.433,1.017
302.453,0.999
302.473,0.992
302.493,1.029
302.513,0.981
302.533,0.989
302.553,1.013
302.573,0.995
302.593,1.003
302.613,1.010
302.633,0.992
302.653,1.009
302.673,0.993
302.693,1.000
302.713,1.008
302.733,0.987
302.753,1.020
302.773,1.015
302.793,0.976
302.813,1.034
302.833,0.988
302.853,0.974
302.873,1.029
302.893,0.990
302.913,0.991
302.933,1.016
302.953,0.998
302.973,0.998
302.993,1.013
303.013,1.004
303.033,0.988
303.053,1.025
303.073,0.986
303.093,0.985
303.113,1.008
303.133,0.995
303.153,0.995
303.173,1.010
303.193,0.988
303.213,1.013
303.233,0.998
303.253,0.990
303.273,1.012
303.293,0.988
303.313,1.010
303.333,1.020
303.353,0.973
303.373,1.023
303.393,1.003
303.413,0.968
303.433,1.015
303.453,1.002
303.473,0.977
303.493,1.006
303.513,1.002
303.533,0.988
303.553,1.026
303.573,1.014
303.593,0.978
303.613,1.024
303.633,0.988
303.653,0.991
303.673,1.009
303.693,1.000
303.713,0.992
303.733,1.006
303.753,0.993
303.773,1.005
303.793,1.001
303.813,0.978
303.833,1.007
303.853,0.998
303.873,0.989
303.893,1.016
303.913,0.986
303.933,0.997
303.953,1.030
303.973,0.975
303.993,0.998
304.013,1.040
304.033,0.981
304.053,1.005
304.073,1.020
304.093,0.988
304.113,0.993
304.133,1.012
304.153,0.996
304.173,1.004
304.193,1.013
304.213,0.989
304.233,0.990
304.253,1.016
304.273,0.995
304.293,1.006
304.313,1.004
304.333,0.992
304.353,1.017
304.373,0.980
304.393,1.001
304.413,1.024
304.433,0.973
304.453,1.026
304.473,0.988
304.493,0.973
304.513,1.023
304.533,0.990
304.553,0.988
304.573,1.026
304.593,0.991
304.613,0.987
304.633,1.026
304.653,1.002
304.673,0.990
304.693,1.024
304.713,0.997
304.733,0.971
304.753,1.015
304.773,1.009
304.793,0.981
304.813,1.009
304.833,1.002
304.853,1.006
304.873,1.002
304.893,0.991
304.913,1.019
304.933,0.995
304.953,0.990
304.973,1.020
304.993,0.988
305.013,0.974
305.033,1.027
305.053,0.990
305.073,0.978
305.093,1.030
305.113,0.972
305.133,0.989
305.153,1.024
305.173,0.975
305.193,1.005
305.213,1.019
305.233,0.988
305.253,1.004
305.273,1.022
305.293,0.982
305.313,0.993
305.333,1.009
305.353,0.994
305.373,0.997
305.393,1.009
305.413,0.996
305.433,1.006
305.453,1.007
305.473,0.989
305.493,1.011
305.513,0.990
305.533,0.989
305.553,1.023
305.573,0.974
305.593,1.010
305.613,1.037
305.633,0.958
305.653,1.006
305.673,1.010
305.693,0.976
305.713,1.008
305.733,1.001
305.753,0.984
305.773,1.019
305.793,0.999
305.813,1.000
305.833,1.002
305.853,1.020
305.873,1.003
305.893,0.995
305.913,1.010
305.933,1.007
305.953,1.000
305.973,0.999
305.993,0.995
306.013,1.015
306.033,0.993
306.053,0.993
306.073,1.022
306.093,0.980
306.113,0.988
306.133,1.028
306.153,0.971
306.173,1.014
306.193,1.028
306.213,0.974
306.233,1.022
306.253,1.002
306.273,0.985
306.293,1.011
306.313,0.993
306.333,0.989
306.353,1.006
306.373,1.014
306.393,0.991
306.413,1.000
306.433,1.001
306.453,0.996
306.473,0.987
306.493,1.005
306.513,0.985
306.533,1.009
306.553,1.002
306.573,1.000
306.593,1.004
306.613,1.002
306.633,0.995
306.653,1.014
306.673,0.999
306.693,0.998
306.713,1.030
306.733,0.964
306.753,0.986
306.773,1.032
306.793,0.985
306.813,1.009
306.833,1.021
306.853,0.988
306.873,1.009
306.893,1.000
306.913,1.002
306.933,0.987
306.953,1.006
306.973,1.004
306.993,0.994
307.013,1.007
307.033,1.000
307.053,1.010
307.073,0.999
307.093,0.993
307.113,1.000
307.133,1.006
307.153,0.988
307.173,1.021
307.193,0.999
307.213,0.978
307.233,1.014
307.253,0.999
307.273,0.971
307.293,1.026
307.313,1.005
307.333,0.982
307.353,1.012
307.373,0.988
307.393,1.004
307.413,1.012
307.433,0.998
307.453,0.989
307.473,1.016
307.493,1.011
307.513,0.986
307.533,1.010
307.553,0.997
307.573,0.997
307.593,1.012
307.613,0.979
307.633,1.011
307.653,1.010
307.673,0.975
307.693,0.997
307.713,1.007
307.733,0.977
307.753,1.017
307.773,1.018
307.793,1.119
307.813,0.982
307.833,1.030
307.853,0.989
307.873,1.036
307.893,0.972
307.913,0.985
307.933,1.008
307.953,1.016
307.973,0.980
307.993,1.025
308.013,0.983
308.033,1.021
308.053,0.848
308.073,0.976
308.093,1.002
308.113,0.956
308.133,1.004
308.153,1.019
308.173,0.940
308.193,1.057
308.213,0.944
308.233,0.992
308.253,0.998
308.273,1.031
308.293,1.011
308.313,1.043
308.333,1.116
308.353,0.965
308.373,1.000
308.393,1.014
308.413,0.990
308.433,1.007
308.453,1.016
308.473,0.977
308.493,1.022
308.513,1.001
308.533,1.020
308.553,0.966
308.573,1.028
308.593,0.996
308.613,0.992
308.633,0.998
308.653,1.007
308.673,1.000
308.693,1.006
308.713,0.989
308.733,1.014
308.753,0.993
308.773,1.010
308.793,0.988
308.813,1.011
308.833,0.997
308.853,0.995
308.873,1.001
308.893,1.006
308.913,1.001
308.933,1.005
308.953,1.006
308.973,1.005
308.993,0.993
309.013,1.005
309.033,0.994
309.053,1.007
309.073,0.999
309.093,1.002
309.113,1.003
309.133,1.001
309.153,0.998
309.173,1.000
309.193,1.004
309.213,1.001
309.233,0.997
309.253,1.001
309.273,1.003
309.293,1.000
309.313,1.002
309.333,1.004
309.353,1.001
309.373,0.996
309.393,0.999
309.413,1.001
309.433,1.001
309.453,0.999
309.473,1.003
309.493,1.004
309.513,1.001
309.533,1.001
309.553,0.998
309.573,1.004
309.593,1.001
309.613,1.002
309.633,1.001
309.653,1.001
309.673,1.000
309.693,1.000
309.713,1.001
309.733,1.001
309.753,1.002
309.773,1.002
309.793,1.005
309.813,1.000
309.833,1.001
309.853,1.000
309.873,1.003
309.893,0.999
309.913,1.002
309.933,1.002
309.953,1.000
309.973,1.002
309.993,1.001
310.013,1.002
310.033,1.001
310.053,1.002
310.073,1.001
310.093,1.003
310.113,1.000
310.133,1.003
310.153,1.002
310.173,1.004
310.193,1.000
310.213,1.003
310.233,1.000
310.253,1.001
310.273,1.002
310.293,0.999
310.313,1.000
310.333,1.001
310.353,1.002
310.373,0.998
310.393,1.003
310.413,1.002
310.433,1.002
310.453,0.999
310.473,1.004
310.493,1.000
310.513,1.000
310.533,1.003
310.553,1.002
310.573,1.003
310.593,1.000
310.613,1.005
310.633,1.000
310.653,1.005
310.673,0.999
310.693,1.003
310.713,1.001
310.733,1.000
310.753,0.998
310.773,1.001
310.793,1.002
310.813,0.999
310.833,1.003
310.853,0.998
310.873,0.999
310.893,1.002
310.913,1.002
310.933,1.002
310.953,1.003
310.973,1.000
310.993,0.995
311.013,1.018
311.033,0.989
311.053,0.998
311.073,1.001
311.093,1.008
311.113,0.989
311.133,1.010
311.153,0.997
311.173,1.008
311.193,0.995
311.213,1.000
311.233,0.997
311.253,1.006
311.273,0.999
311.293,1.004
311.313,0.997
311.333,1.008
311.353,0.999
311.373,1.004
311.393,1.001
311.413,1.003
311.433,1.000
311.453,0.999
311.473,0.999
311.493,1.002
311.513,1.004
311.533,0.999
311.553,1.002
311.573,1.000
311.593,1.000
311.613,1.002
311.633,1.002
311.653,1.002
311.673,1.000
311.693,1.005
311.713,1.000
311.733,0.998
311.753,1.002
311.773,1.001
311.793,1.002
311.813,1.000
311.833,0.999
311.853,1.001
311.873,1.007
311.893,1.000
311.913,1.003
311.933,1.000
311.953,1.000
311.973,1.001
311.993,1.001
312.013,1.001
312.033,1.002
312.053,0.999
312.073,1.003
312.093,0.997
312.113,1.002
312.133,1.000
312.153,1.002
312.173,1.001
312.193,1.003
312.213,0.998
312.233,1.002
312.253,1.001
312.273,0.999
312.293,1.001
312.313,1.000
312.333,1.003
312.353,1.000
312.373,1.001
312.393,1.000
312.413,1.001
312.433,1.001
312.453,1.000
312.473,1.000
312.493,1.000
312.513,0.999
312.533,1.001
312.553,1.001
312.573,1.000
312.593,1.001
312.613,0.999
312.633,1.001
312.653,1.003
312.673,1.000
312.693,0.999
312.713,1.001
312.733,0.999
312.753,1.003
312.773,0.999
312.793,1.003
312.813,1.000
312.833,1.002
312.853,0.999
312.873,1.003
312.893,0.999
312.913,1.002
312.933,1.001
312.953,0.999
312.973,1.000
312.993,1.001
313.013,1.000
313.033,1.001
313.053,1.001
313.073,1.001
313.093,1.003
313.113,1.001
313.133,1.002
313.153,1.002
313.173,1.000
313.193,1.002
313.213,1.002
313.233,1.000
313.253,1.001
313.273,1.000
313.293,1.001
313.313,1.003
313.333,0.999
313.353,1.002
313.373,0.998
313.393,1.001
313.413,1.001
313.433,1.001
313.453,1.000
313.473,1.002
313.493,1.000
313.513,1.002
313.533,1.001
313.553,1.001
313.573,1.002
313.593,1.001
313.613,1.001
313.633,1.001
313.653,1.004
313.673,1.000
313.693,1.001
313.713,1.000
313.733,1.001
313.753,1.000
313.773,1.001
313.793,1.002
313.813,1.001
313.833,1.003
313.853,1.002
313.873,1.000
313.893,1.001
313.913,1.002
313.933,1.000
313.953,1.003
313.973,1.001
313.993,0.999
314.013,1.001
314.033,1.000
314.053,0.999
314.073,1.002
314.093,1.001
314.113,1.002
314.133,1.002
314.153,1.001
314.173,1.002
314.193,1.002
314.213,1.004
314.233,0.999
314.253,1.001
314.273,1.002
314.293,1.000
314.313,1.001
314.333,0.999
314.353,1.001
314.373,1.002
314.393,1.001
314.413,1.000
314.433,1.001
314.453,1.000
314.473,1.001
314.493,1.000
314.513,0.999
314.533,1.000
314.553,1.001
314.573,1.000
314.593,1.001
314.613,0.999
314.633,0.999
314.653,1.001
314.673,0.998
314.693,1.002
314.713,1.001
314.733,1.002
314.753,1.001
314.773,1.001
314.793,1.000
314.813,1.002
314.833,1.000
314.853,1.002
314.873,1.001
314.893,1.002
314.913,0.998
314.933,1.001
314.953,1.001
314.973,1.001
314.993,0.999
315.013,0.998
315.033,1.003
315.053,0.999
315.073,1.002
315.093,0.998
315.113,1.001
315.133,1.001
315.153,1.002
315.173,1.000
315.193,1.001
315.213,0.999
315.233,0.999
315.253,1.002
315.273,1.000
315.293,1.002
315.313,1.002
315.333,1.001
315.353,1.001
315.373,1.002
315.393,1.002
315.413,1.002
315.433,1.000
315.453,1.002
315.473,1.000
315.493,1.003
315.513,1.000
315.533,1.002
315.553,0.999
315.573,1.001
315.593,1.002
315.613,1.002
315.633,0.999
315.653,1.000
315.673,0.998
315.693,1.000
315.713,1.002
315.733,1.002
315.753,1.002
315.773,1.000
315.793,1.002
315.813,1.001
315.833,1.002
315.853,1.001
315.873,1.002
315.893,1.002
315.913,1.000
315.933,1.001
315.953,1.002
315.973,0.999
315.993,0.999
316.013,0.999
316.033,1.001
316.053,1.002
316.073,1.000
316.093,1.003
316.113,1.000
316.133,1.002
316.153,0.999
316.173,1.003
316.193,1.002
316.213,1.004
316.233,1.001
316.253,1.001
316.273,1.000
316.293,1.002
316.313,1.001
316.333,1.001
316.353,1.001
316.373,1.002
316.393,1.000
316.413,1.001
316.433,1.001
316.453,1.001
316.473,1.004
316.493,0.998
316.513,1.002
316.533,0.999
316.553,1.002
316.573,0.998
316.593,1.001
316.613,1.000
316.633,1.002
316.653,1.003
316.673,1.000
316.693,1.002
316.713,1.001
316.733,1.003
316.753,1.000
316.773,1.001
316.793,0.998
316.813,1.003
316.833,1.001
316.853,1.000
316.873,1.003
316.893,1.002
316.913,1.002
316.933,0.999
316.953,1.001
316.973,1.000
316.993,1.004
317.013,1.000
317.033,1.001
317.053,1.000
317.073,1.001
317.093,0.999
317.113,1.003
317.133,1.000
317.153,1.001
317.173,1.002
317.193,1.000
317.213,1.001
317.233,1.000
317.253,1.000
317.273,1.001
317.293,1.004
317.313,1.001
317.333,1.003
317.353,0.999
317.373,1.003
317.393,1.000
317.413,1.003
317.433,1.001
317.453,0.999
317.473,1.004
317.493,1.001
317.513,1.002
317.533,0.999
317.553,1.002
317.573,1.000
317.593,1.002
317.613,1.003
317.633,1.002
317.653,1.001
317.673,1.001
317.693,1.001
317.713,1.000
317.733,1.001
317.753,1.000
317.773,1.002
317.793,1.001
317.813,1.002
317.833,1.000
317.853,1.004
317.873,1.002
317.893,1.002
317.913,1.001
317.933,1.001
317.953,1.002
317.973,1.002
317.993,1.003
318.013,0.999
318.033,1.002
318.053,1.002
318.073,1.001
318.093,1.000
318.113,1.003
318.133,0.999
318.153,1.004
318.173,1.002
318.193,1.001
318.213,1.001
318.233,1.002
318.253,1.003
318.273,1.002
318.293,1.003
318.313,1.002
318.333,1.003
318.353,0.998
318.373,1.003
318.393,1.001
318.413,1.001
318.433,1.002
318.453,1.003
318.473,1.001
318.493,1.001
318.513,1.000
318.533,1.002
318.553,1.001
318.573,1.002
318.593,1.001
318.613,1.002
318.633,1.002
318.653,1.000
318.673,0.999
318.693,1.001
318.713,1.000
318.733,1.000
318.753,1.004
318.773,1.001
318.793,1.002
318.813,0.999
318.833,1.003
318.853,0.999
318.873,1.000
318.893,1.001
318.913,1.003
318.933,0.999
318.953,1.001
318.973,1.002
318.993,1.001
319.013,1.004
319.033,1.000
319.053,1.002
319.073,0.999
319.093,1.005
319.113,1.003
319.133,1.001
319.153,1.002
319.173,0.999
319.193,0.999
319.213,1.002
319.233,1.001
319.253,1.002
319.273,1.000
319.293,1.000
319.313,1.002
319.333,1.001
319.353,1.001
319.373,1.001
319.393,0.999
319.413,1.001
319.433,1.003
319.453,1.000
319.473,1.001
319.493,1.000
319.513,1.000
319.533,1.002
319.553,1.002
319.573,1.001
319.593,1.000
319.613,1.002
319.633,1.003
319.653,1.001
319.673,1.001
319.693,1.000
319.713,1.002
319.733,1.002
319.753,0.998
319.773,1.002
319.793,1.002
319.813,1.001
319.833,0.998
319.853,1.003
319.873,1.000
319.893,1.002
319.913,1.000
319.933,1.000
319.953,1.001
319.973,1.003
319.993,1.002
320.013,1.000
320.033,0.999
320.053,1.001
320.073,1.004
320.093,1.000
320.113,1.002
320.133,1.002
320.153,1.001
320.173,1.002
320.193,1.001
320.213,1.000
320.233,1.003
320.253,1.002
320.273,1.002
320.293,1.002
320.313,0.999
320.333,1.004
320.353,1.001
320.373,1.001
320.393,1.000
320.413,1.000
320.433,1.001
320.453,1.000
320.473,1.000
320.493,1.001
320.513,1.001
320.533,1.000
320.553,1.001
320.573,1.001
320.593,1.002
320.613,1.001
320.633,1.002
320.653,0.999
320.673,1.003
320.693,0.998
320.713,1.002
320.733,0.998
320.753,0.999
320.773,1.001
320.793,1.002
320.813,1.000
320.833,1.000
320.853,1.001
320.873,1.002
320.893,1.003
320.913,0.999
320.933,0.999
320.953,1.001
320.973,1.002
320.993,1.000
321.013,1.001
321.033,1.000
321.053,1.000
321.073,1.001
321.093,1.003
321.113,1.000
321.133,1.001
321.153,1.002
321.173,1.001
321.193,1.002
321.213,1.001
321.233,1.002
321.253,1.000
321.273,1.004
321.293,1.002
321.313,1.002
321.333,0.999
321.353,1.004
321.373,0.999
321.393,1.004
321.413,1.003
321.433,1.001
321.453,1.003
321.473,1.001
321.493,1.003
321.513,0.999
321.533,1.000
321.553,1.002
321.573,1.002
321.593,0.999
321.613,1.003
321.633,1.000
321.653,1.000
321.673,1.000
321.693,1.005
321.713,1.002
321.733,1.002
321.753,1.001
321.773,1.003
321.793,1.001
321.813,1.002
321.833,1.004
321.853,1.002
321.873,1.002
321.893,1.001
321.913,1.001
321.933,1.001
321.953,1.000
321.973,0.999
321.993,1.001
322.013,1.000
322.033,1.003
322.053,1.002
322.073,1.001
322.093,1.000
322.113,0.997
322.133,1.004
322.153,0.999
322.173,1.002
322.193,1.001
322.213,1.000
322.233,1.001
322.253,1.002
322.273,1.002
322.293,1.000
322.313,1.001
322.333,1.000
322.353,1.000
322.373,1.002
322.393,0.999
322.413,1.003
322.433,1.002
322.453,1.000
322.473,1.001
322.493,1.002
322.513,1.001
322.533,1.001
322.553,1.005
322.573,0.999
322.593,1.002
322.613,1.000
322.633,1.001
322.653,1.003
322.673,1.002
322.693,1.001
322.713,1.001
322.733,0.999
322.753,1.001
322.773,1.002
322.793,1.001
322.813,1.001
322.833,1.002
322.853,1.002
322.873,1.002
322.893,0.999
322.913,1.000
322.933,1.002
322.953,0.999
322.973,1.002
322.993,1.000
323.013,1.004
323.033,1.000
323.053,1.003
323.073,1.001
323.093,1.003
323.113,1.001
323.133,1.001
323.153,0.999
323.173,1.001
323.193,1.001
323.213,1.000
323.233,1.001
323.253,1.000
323.273,1.003
323.293,1.001
323.313,1.002
323.333,1.000
323.353,1.000
323.373,1.002
323.393,1.002
323.413,1.005
323.433,1.000
323.453,1.003
323.473,1.000
323.493,1.002
323.513,1.005
323.533,1.002
323.553,1.001
323.573,1.004
323.593,1.001
323.613,1.003
323.633,0.999
323.653,1.004
323.673,1.002
323.693,1.001
323.713,1.003
323.733,1.003
323.753,1.000
323.773,1.001
323.793,1.002
323.813,1.001
323.833,1.001
323.853,1.001
323.873,1.003
323.893,1.002
323.913,1.001
323.933,1.000
323.953,1.002
323.973,1.000
323.993,1.004
324.013,1.002
324.033,1.001
324.053,1.002
324.073,1.001
324.093,1.002
324.113,1.002
324.133,1.002
324.153,1.002
324.173,1.000
324.193,1.000
324.213,1.001
324.233,1.002
324.253,1.004
324.273,1.000
324.293,1.002
324.313,1.000
324.333,1.002
324.353,1.001
324.373,1.002
324.393,1.001
324.413,1.001
324.433,1.000
324.453,1.003
324.473,1.002
324.493,1.002
324.513,1.003
324.533,1.003
324.553,1.004
324.573,1.001
324.593,1.001
324.613,1.002
324.633,1.003
324.653,1.001
324.673,1.005
324.693,1.002
324.713,1.003
324.733,1.000
324.753,1.002
324.773,1.000
324.793,1.000
324.813,1.003
324.833,1.003
324.853,1.003
324.873,1.001
324.893,1.003
324.913,1.002
324.933,1.004
324.953,1.001
324.973,1.002
324.993,1.001
325.013,1.003
325.033,1.002
325.053,1.002
325.073,1.002
325.093,1.002
325.113,1.001
325.133,1.000
325.153,1.000
325.173,1.002
325.193,1.004
325.213,1.000
325.233,1.003
325.253,1.000
325.273,1.001
325.293,1.002
325.313,1.004
325.333,1.005
325.353,1.005
325.373,1.002
325.393,1.001
325.413,0.999
325.433,1.000
325.453,1.002
325.473,1.000
325.493,1.002
325.513,1.002
325.533,1.003
325.553,1.001
325.573,1.002
325.593,1.001
325.613,1.001
325.633,1.002
325.653,0.998
325.673,1.001
325.693,0.998
325.713,1.002
325.733,1.001
325.753,1.000
325.773,1.001
325.793,1.002
325.813,1.003
325.833,1.002
325.853,1.003
325.873,1.003
325.893,1.004
325.913,1.003
325.933,1.002
325.953,0.999
325.973,1.002
325.993,1.002
326.013,1.006
326.033,1.003
326.053,1.003
326.073,1.000
326.093,1.001
326.113,1.003
326.133,1.000
326.153,1.005
326.173,1.000
326.193,1.003
326.213,1.000
326.233,1.003
326.253,0.998
326.273,1.004
326.293,1.000
326.313,1.003
326.333,1.001
326.353,1.002
326.373,1.002
326.393,1.003
326.413,1.002
326.433,1.000
326.453,1.002
326.473,1.000
326.493,1.005
326.513,1.001
326.533,1.003
326.553,1.001
326.573,1.001
326.593,1.002
326.613,1.000
326.633,1.002
326.653,1.001
326.673,1.005
326.693,1.001
326.713,1.001
326.733,1.002
326.753,1.004
326.773,1.000
326.793,1.005
326.813,1.002
326.833,1.002
326.853,0.999
326.873,1.003
326.893,1.000
326.913,1.002
326.933,1.000
326.953,1.000
326.973,1.003
326.993,1.002
327.013,1.012
327.033,1.000
327.053,1.002
327.073,1.002
327.093,1.005
327.113,0.995
327.133,1.008
327.153,1.003
327.173,1.000
327.193,1.002
327.213,1.000
327.233,1.003
327.253,1.001
327.273,1.005
327.293,1.001
327.313,1.003
327.333,1.002
327.353,1.004
327.373,1.000
327.393,1.000
327.413,1.003
327.433,0.999
327.453,1.002
327.473,0.999
327.493,1.002
327.513,1.000
327.533,1.003
327.553,1.000
327.573,1.001
327.593,1.000
327.613,1.001
327.633,1.003
327.653,1.001
327.673,1.004
327.693,1.002
327.713,1.001
327.733,1.002
327.753,1.002
327.773,0.999
327.793,1.002
327.813,1.002
327.833,1.003
327.853,1.002
327.873,1.001
327.893,1.002
327.913,1.002
327.933,1.001
327.953,1.004
327.973,1.003
327.993,1.004
328.013,1.002
328.033,1.000
1039.223,0.842
1039.243,0.973
1039.263,1.076
1039.283,0.998
1039.303,1.020
1039.323,0.991
1039.343,1.016
1039.363,0.996
1039.383,1.028
1039.403,0.992
1039.423,1.010
1039.443,0.990
1039.463,1.017
1039.483,0.981
1039.503,1.016
1039.523,0.998
1039.543,1.011
1039.563,0.992
1039.583,1.011
1039.603,0.997
1039.623,1.006
1039.643,0.998
1039.663,1.006
1039.683,0.998
1039.703,1.005
1039.723,0.998
1039.743,1.009
1039.763,1.003
1039.783,1.004
1039.803,1.001
1039.823,1.003
1039.843,1.003
1039.863,1.005
1039.883,1.004
1039.903,1.003
1039.923,1.004
1039.943,1.001
1039.963,1.003
1039.983,1.005
1040.003,1.004
1040.023,1.001
1040.043,1.009
1040.063,0.994
1040.083,1.006
1040.103,1.001
1040.123,1.000
1040.143,1.008
1040.163,1.002
1040.183,1.002
1040.203,1.004
1040.223,1.003
1040.243,1.002
1040.263,1.002
1040.283,1.006
1040.303,1.001
1040.323,1.001
1040.343,1.000
1040.363,1.003
1040.383,1.003
1040.403,1.008
1040.423,0.992
1040.443,1.002
1040.463,1.001
1040.483,0.995
1040.503,1.009
1040.523,1.004
1040.543,1.010
1040.563,1.006
1040.583,1.000
1040.603,1.003
1040.623,1.004
1040.643,1.005
1040.663,1.006
1040.683,0.997
1040.703,1.007
1040.723,1.006
1040.743,1.006
1040.763,1.002
1040.783,1.002
1040.803,1.004
1040.823,1.001
1040.843,1.003
1040.863,1.005
1040.883,1.006
1040.903,1.006
1040.923,1.001
1040.943,1.003
1040.963,1.007
1040.983,1.005
1041.003,1.009
1041.023,0.999
1041.043,1.006
1041.063,0.998
1041.083,1.000
1041.103,1.000
1041.123,1.007
1041.143,1.004
1041.163,1.006
1041.183,1.005
1041.203,1.003
1041.223,1.003
1041.243,1.003
1041.263,1.001
1041.283,1.003
1041.303,0.998
1041.323,1.009
1041.343,1.001
1041.363,1.009
1041.383,1.001
1041.403,1.002
1041.423,0.998
1041.443,1.002
1041.463,1.002
1041.483,1.006
1041.503,1.003
1041.523,1.003
1041.543,1.006
1041.563,1.002
1041.583,1.004
1041.603,0.999
1041.623,1.001
1041.643,1.006
1041.663,1.004
1041.683,1.001
1041.703,1.006
1041.723,1.004
1041.743,1.005
1041.763,1.007
1041.783,1.000
1041.803,1.004
1041.823,1.003
1041.843,1.003
1041.863,1.003
1041.883,1.004
1041.903,1.004
1041.923,1.003
1041.943,1.005
1041.963,1.002
1041.983,1.006
1042.003,1.003
1042.023,1.014
1042.043,0.997
1042.063,1.009
1042.083,1.000
1042.103,1.001
1042.123,1.002
1042.143,1.009
1042.163,1.002
1042.183,1.006
1042.203,1.008
1042.223,0.998
1042.243,1.002
1042.263,1.002
1042.283,1.004
1042.303,1.004
1042.323,1.006
1042.343,1.004
1042.363,1.003
1042.383,1.000
1042.403,1.002
1042.423,1.002
1042.443,1.001
1042.463,1.006
1042.483,1.006
1042.503,1.006
1042.523,1.004
1042.543,1.003
1042.563,1.003
1042.583,1.004
1042.603,1.005
1042.623,1.005
1042.643,1.004
1042.663,1.002
1042.683,1.003
1042.703,1.003
1042.723,1.006
1042.743,1.003
1042.763,1.003
1042.783,1.002
1042.803,1.003
1042.823,1.005
1042.843,1.001
1042.863,1.005
1042.883,1.005
1042.903,1.004
1042.923,1.002
1042.943,1.002
1042.963,1.003
1042.983,1.007
1043.003,1.001
1043.023,1.004
1043.043,1.005
1043.063,1.002
1043.083,1.002
1043.103,1.001
1043.123,1.003
1043.143,1.003
1043.163,1.006
1043.183,1.002
1043.203,1.003
1043.223,1.003
1043.243,1.003
1043.263,1.006
1043.283,1.004
1043.303,1.002
1043.323,1.005
1043.343,1.004
1043.363,1.003
1043.383,1.004
1043.403,1.003
1043.423,1.005
1043.443,1.001
1043.463,1.005
1043.483,1.002
1043.503,1.002
1043.523,0.995
1043.543,1.009
1043.563,1.000
1043.583,1.007
1043.603,1.003
1043.623,1.000
1043.643,1.006
1043.663,1.005
1043.683,1.002
1043.703,1.003
1043.723,1.003
1043.743,1.001
1043.763,1.004
1043.783,1.004
1043.803,1.004
1043.823,1.005
1043.843,1.001
1043.863,1.004
1043.883,1.002
1043.903,1.000
1043.923,0.995
1043.943,1.004
1043.963,1.003
1043.983,1.008
1044.003,1.002
1044.023,0.998
1044.043,1.005
1044.063,1.000
1044.083,1.002
1044.103,1.003
1044.123,1.007
1044.143,0.999
1044.163,1.004
1044.183,1.003
1044.203,1.002
1044.223,1.002
1044.243,1.003
1044.263,1.002
1044.283,1.004
1044.303,1.002
1044.323,1.001
1044.343,1.002
1044.363,1.006
1044.383,1.003
1044.403,1.001
1044.423,1.003
1044.443,1.006
1044.463,1.001
1044.483,1.007
1044.503,1.005
1044.523,1.003
1044.543,1.001
1044.563,1.007
1044.583,1.002
1044.603,1.007
1044.623,1.004
1044.643,1.002
1044.663,1.001
1044.683,1.004
1044.703,1.002
1044.723,1.005
1044.743,1.007
1044.763,1.002
1044.783,1.000
1044.803,1.003
1044.823,1.018
1044.843,0.995
1044.863,1.015
1044.883,1.001
1044.903,1.000
1044.923,1.007
1044.943,1.008
1044.963,1.000
1044.983,1.005
1045.003,1.003
1045.023,1.003
1045.043,1.001
1045.063,1.003
1045.083,1.003
1045.103,1.005
1045.123,1.006
1045.143,1.009
1045.163,1.005
1045.183,1.002
1045.203,1.000
1045.223,1.001
1045.243,1.002
1045.263,1.003
1045.283,1.006
1045.303,1.006
1045.323,1.002
1045.343,1.002
1045.363,1.003
1045.383,1.005
1045.403,0.998
1045.423,1.011
1045.443,0.997
1045.463,1.008
1045.483,1.002
1045.503,1.001
1045.523,1.002
1045.543,1.002
1045.563,1.004
1045.583,1.002
1045.603,1.003
1045.623,1.003
1045.643,1.001
1045.663,1.000
1045.683,1.009
1045.703,1.001
1045.723,1.007
1045.743,1.002
1045.763,1.002
1045.783,0.998
1045.803,1.009
1045.823,0.998
1045.843,1.003
1045.863,1.001
1045.883,1.006
1045.903,1.003
1045.923,1.004
1045.943,1.004
1045.963,0.998
1045.983,1.005
1046.003,0.999
1046.023,1.006
1046.043,1.003
1046.063,1.003
1046.083,1.003
1046.103,1.003
1046.123,1.003
1046.143,1.003
1046.163,1.009
1046.183,1.003
1046.203,1.005
1046.223,1.000
1046.243,1.005
1046.263,1.000
1046.283,1.002
1046.303,1.005
1046.323,1.001
1046.343,1.003
1046.363,1.006
1046.383,1.004
1046.403,1.001
1046.423,1.004
1046.443,1.004
1046.463,1.004
1046.483,1.006
1046.503,1.001
1046.523,1.006
1046.543,1.005
1046.563,1.006
1046.583,1.007
1046.603,1.003
1046.623,1.004
1046.643,1.010
1046.663,1.006
1046.683,1.006
1046.703,1.005
1046.723,1.002
1046.743,1.003
1046.763,1.003
1046.783,1.005
1046.803,1.008
1046.823,1.008
1046.843,1.005
1046.863,1.002
1046.883,0.997
1046.903,1.005
1046.923,1.000
1046.943,1.008
1046.963,1.006
1046.983,1.002
1047.003,1.006
1047.023,1.005
1047.043,1.004
1047.063,1.004
1047.083,1.005
1047.103,1.002
1047.123,1.003
1047.143,1.004
1047.163,1.004
1047.183,1.003
1047.203,1.001
1047.223,1.003
1047.243,1.002
1047.263,1.007
1047.283,1.003
1047.303,1.004
1047.323,1.004
1047.343,1.006
1047.363,1.003
1047.383,1.005
1047.403,1.004
1047.423,0.996
1047.443,0.993
1047.463,1.008
1047.483,1.001
1047.503,1.001
1047.523,1.005
1047.543,1.007
1047.563,1.005
1047.583,1.003
1047.603,1.004
1047.623,1.001
1047.643,1.002
1047.663,1.011
1047.683,1.008
1047.703,1.000
1047.723,1.003
1047.743,1.001
1047.763,1.003
1047.783,1.007
1047.803,1.005
1047.823,1.002
1047.843,1.002
1047.863,1.004
1047.883,1.000
1047.903,1.004
1047.923,1.006
1047.943,1.008
1047.963,1.009
1047.983,1.004
1048.003,1.001
1048.023,1.003
1048.043,1.002
1048.063,1.004
1048.083,1.004
1048.103,1.004
1048.123,1.005
1048.143,1.003
1048.163,1.011
1048.183,1.002
1048.203,1.004
1048.223,0.998
1048.243,1.003
1048.263,1.003
1048.283,1.007
1048.303,1.006
1048.323,1.006
1048.343,1.005
1048.363,1.004
1048.383,1.011
1048.403,0.996
1048.423,1.010
1048.443,1.002
1048.463,1.002
1048.483,1.007
1048.503,1.003
1048.523,1.002
1048.543,1.004
1048.563,1.006
1048.583,1.002
1048.603,1.001
1048.623,1.006
1048.643,1.002
1048.663,1.008
1048.683,1.003
1048.703,1.005
1048.723,1.004
1048.743,1.004
1048.763,1.000
1048.783,1.006
1048.803,1.005
1048.823,1.005
1048.843,1.012
1048.863,1.003
1048.883,1.005
1048.903,1.001
1048.923,1.008
1048.943,1.000
1048.963,1.006
1048.983,1.003
1049.003,1.005
1049.023,1.002
1049.043,1.005
1049.063,1.005
1049.083,1.006
1049.103,1.002
1049.123,1.005
1049.143,1.003
1049.163,1.005
1049.183,1.003
1049.203,1.004
1049.223,1.002
1049.243,1.002
1049.263,1.003
1049.283,1.003
1049.303,1.004
1049.323,1.007
1049.343,1.003
1049.363,1.002
1049.383,1.013
1049.403,1.000
1049.423,1.008
1049.443,1.001
1049.463,1.001
1049.483,1.005
1049.503,1.001
1049.523,1.001
1049.543,1.004
1049.563,1.002
1049.583,1.003
1049.603,1.003
1049.623,1.006
1049.643,1.003
1049.663,1.006
1049.683,1.006
1049.703,1.001
1049.723,1.001
1049.743,1.002
1049.763,1.004
1049.783,1.002
1049.803,1.005
1049.823,1.004
1049.843,1.007
1049.863,1.003
1049.883,1.007
1049.903,1.002
1049.923,1.004
1049.943,1.004
1049.963,0.997
1049.983,1.009
1050.003,1.003
1050.023,1.009
1050.043,1.002
1050.063,1.009
1050.083,1.004
1050.103,1.004
1050.123,0.999
1050.143,1.006
1050.163,1.003
1050.183,1.005
1050.203,1.007
1050.223,1.005
1050.243,1.005
1050.263,1.005
1050.283,1.005
1050.303,1.005
1050.323,1.003
1050.343,1.003
1050.363,1.001
1050.383,1.003
1050.403,1.005
1050.423,1.005
1050.443,1.001
1050.463,1.004
1050.483,1.004
1050.503,1.000
1050.523,1.003
1050.543,1.000
1050.563,1.008
1050.583,1.004
1050.603,1.007
1050.623,1.005
1050.643,1.002
1050.663,1.005
1050.683,1.005
1050.703,1.004
1050.723,0.999
1050.743,1.006
1050.763,1.002
1050.783,0.998
1050.803,1.001
1050.823,1.000
1050.843,1.005
1050.863,1.011
1050.883,1.003
1050.903,1.004
1050.923,1.005
1050.943,1.001
1050.963,1.005
1050.983,1.004
1051.003,1.004
1051.023,1.004
1051.043,1.002
1051.063,1.003
1051.083,1.004
1051.103,1.003
1051.123,1.002
1051.143,1.004
1051.163,1.003
1051.183,1.005
1051.203,1.001
1051.223,1.002
1051.243,1.004
1051.263,1.002
1051.283,1.007
1051.303,1.003
1051.323,1.005
1051.343,0.999
1051.363,0.998
1051.383,1.003
1051.403,1.003
1051.423,1.003
1051.443,1.003
1051.463,1.003
1051.483,1.001
1051.503,1.005
1051.523,1.004
1051.543,1.001
1051.563,1.006
1051.583,1.002
1051.603,1.002
1051.623,1.005
1051.643,1.006
1051.663,1.004
1051.683,1.004
1051.703,1.002
1051.723,1.001
1051.743,1.003
1051.763,1.004
1051.783,1.003
1051.803,1.004
1051.823,1.007
1051.843,1.004
1051.863,1.003
1051.883,1.002
1051.903,1.001
1051.923,1.003
1051.943,1.004
1051.963,1.004
1051.983,1.003
1052.003,1.001
1052.023,1.002
1052.043,1.001
1052.063,1.002
1052.083,1.003
1052.103,1.004
1052.123,1.006
1052.143,1.004
1052.163,1.003
1052.183,1.004
1052.203,1.002
1052.223,1.007
1052.243,1.004
1052.263,0.999
1052.283,1.007
1052.303,1.003
1052.323,1.004
1052.343,1.001
1052.363,1.003
1052.383,1.000
1052.403,1.006
1052.423,0.998
1052.443,1.008
1052.463,1.001
1052.483,1.005
1052.503,1.000
1052.523,1.003
1052.543,1.007
1052.563,1.002
1052.583,1.002
1052.603,1.011
1052.623,1.008
1052.643,1.003
1052.663,1.004
1052.683,1.004
1052.703,0.997
1052.723,1.007
1052.743,1.001
1052.763,1.005
1052.783,1.005
1052.803,1.004
1052.823,0.998
1052.843,1.000
1052.863,1.001
1052.883,1.010
1052.903,1.005
1052.923,1.010
1052.943,1.002
1052.963,1.004
1052.983,1.001
1053.003,1.003
1053.023,1.005
1053.043,1.005
1053.063,1.004
1053.083,1.008
1053.103,1.002
1053.123,1.002
1053.143,1.003
1053.163,1.006
1053.183,1.007
1053.203,1.001
1053.223,1.003
1053.243,1.004
1053.263,1.006
1053.283,1.002
1053.303,1.003
1053.323,1.002
1053.343,1.004
1053.363,1.002
1053.383,1.003
1053.403,1.002
1053.423,1.004
1053.443,1.006
1053.463,1.004
1053.483,1.002
1053.503,1.002
1053.523,1.001
1053.543,1.006
1053.563,1.006
1053.583,1.003
1053.603,1.005
1053.623,1.002
1053.643,1.002
1053.663,1.001
1053.683,1.005
1053.703,1.004
1053.723,1.003
1053.743,1.005
1053.763,1.003
1053.783,1.005
1053.803,0.998
1053.823,1.007
1053.843,1.001
1053.863,1.007
1053.883,1.008
1053.903,1.005
1053.923,1.006
1053.943,1.005
1053.963,1.004
1053.983,1.004
1054.003,1.009
1054.023,1.011
1054.043,1.001
1054.063,1.008
1054.083,1.001
1054.103,1.003
1054.123,1.006
1054.143,1.003
1054.163,1.005
1054.183,1.003
1054.203,1.003
1054.223,1.003
1054.243,1.005
1054.263,1.005
1054.283,1.004
1054.303,1.006
1054.323,1.002
1054.343,1.002
1054.363,1.001
1054.383,1.004
1054.403,1.008
1054.423,1.007
1054.443,1.000
1054.463,1.004
1054.483,1.002
1054.503,1.006
1054.523,1.007
1054.543,1.004
1054.563,1.007
1054.583,1.005
1054.603,1.004
1054.623,1.002
1054.643,1.003
1054.663,1.003
1054.683,0.999
1054.703,1.003
1054.723,1.005
1054.743,1.003
1054.763,1.004
1054.783,1.001
1054.803,1.004
1054.823,1.000
1054.843,1.002
1054.863,0.999
1054.883,1.006
1054.903,1.003
1054.923,1.006
1054.943,1.003
1054.963,1.003
1054.983,1.003
1055.003,1.002
1055.023,1.004
1055.043,1.002
1055.063,1.005
1055.083,1.003
1055.103,1.003
1055.123,1.003
1055.143,1.005
1055.163,1.004
1055.183,1.004
1055.203,1.002
1055.223,1.000
1055.243,0.999
1055.263,1.007
1055.283,1.004
1055.303,1.009
1055.323,1.001
1055.343,1.003
1055.363,1.001
1055.383,1.004
1055.403,1.002
1055.423,0.997
1055.443,1.008
1055.463,1.002
1055.483,1.007
1055.503,1.001
1055.523,1.000
1055.543,1.006
1055.563,1.004
1055.583,1.003
1055.603,1.006
1055.623,1.000
1055.643,1.003
1055.663,1.000
1055.683,1.001
1055.703,1.003
1055.723,1.003
1055.743,1.012
1055.763,1.003
1055.783,1.003
1055.803,1.008
1055.823,1.002
1055.843,1.004
1055.863,1.001
1055.883,1.002
1055.903,1.005
1055.923,0.999
1055.943,1.008
1055.963,1.004
1055.983,0.997
1056.003,1.009
1056.023,0.998
1056.043,1.005
1056.063,1.000
1056.083,0.996
1056.103,0.998
1056.123,1.005
1056.143,1.006
1056.163,1.003
1056.183,1.004
1056.203,1.006
1056.223,0.995
1056.243,1.005
1056.263,1.002
1056.283,1.006
1056.303,1.003
1056.323,1.004
1056.343,1.004
1056.363,1.001
1056.383,1.006
1056.403,1.003
1056.423,1.002
1056.443,0.999
1056.463,1.007
1056.483,1.004
1056.503,1.007
1056.523,1.008
1056.543,1.001
1056.563,1.003
1056.583,1.001
1056.603,1.005
1056.623,1.008
1056.643,1.008
1056.663,1.005
1056.683,1.001
1056.703,1.003
1056.723,1.000
1056.743,1.004
1056.763,1.008
1056.783,1.003
1056.803,1.007
1056.823,1.007
1056.843,1.003
1056.863,1.004
1056.883,1.010
1056.903,0.998
1056.923,1.006
1056.943,1.008
1056.963,1.005
1056.983,1.008
1057.003,1.004
1057.023,0.994
1057.043,0.997
1057.063,1.000
1057.083,1.002
1057.103,1.014
1057.123,1.005
1057.143,0.999
1057.163,1.007
1057.183,0.997
1057.203,1.004
1057.223,1.005
1057.243,0.996
1057.263,1.007
1057.283,1.003
1057.303,1.008
1057.323,1.008
1057.343,1.002
1057.363,0.989
1057.383,1.010
1057.403,0.994
1057.423,1.008
1057.443,1.002
1057.463,1.008
1057.483,1.003
1057.503,1.005
1057.523,1.007
1057.543,0.998
1057.563,1.005
1057.583,1.014
1057.603,0.995
1057.623,1.004
1057.643,1.011
1057.663,1.004
1057.683,1.004
1057.703,1.009
1057.723,1.006
1057.743,1.004
1057.763,1.007
1057.783,1.003
1057.803,1.005
1057.823,1.004
1057.843,1.002
1057.863,1.008
1057.883,1.004
1057.903,1.007
1057.923,1.002
1057.943,1.001
1057.963,1.001
1057.983,1.003
1058.003,1.004
1058.023,1.007
1058.043,1.006
1058.063,1.004
1058.083,1.004
1058.103,1.000
1058.123,1.003
1058.143,1.002
1058.163,1.001
1058.183,1.004
1058.203,1.003
1058.223,1.006
1058.243,1.001
1058.263,1.006
1058.283,1.004
1058.303,1.004
1058.323,1.000
1058.343,1.005
1058.363,1.004
1058.383,1.004
1058.403,1.002
1058.423,1.004
1058.443,1.000
1058.463,1.006
1058.483,1.002
1058.503,1.004
1058.523,1.004
1058.543,1.005
1058.563,1.003
1058.583,1.003
1058.603,1.002
1058.623,1.002
1058.643,1.007
1058.663,1.004
1058.683,1.006
1058.703,1.005
1058.723,0.999
1058.743,1.001
1058.763,1.006
1058.783,1.001
1058.803,1.002
1058.823,1.003
1058.843,1.004
1058.863,1.005
1058.883,1.004
1058.903,1.005
1058.923,1.003
1058.943,1.005
1058.963,1.005
1058.983,1.005
1059.003,1.004
1059.023,1.004
1059.043,1.002
1059.063,1.004
1059.083,1.003
1059.103,1.003
1059.123,1.005
1059.143,1.004
1059.163,1.000
1059.183,0.999
1059.203,0.998
1059.223,1.004
1448.498,1.036
1448.518,1.024
1448.538,0.949
1448.558,1.067
1448.578,0.986
1448.598,0.977
1448.618,1.016
1448.638,1.033
1448.658,1.005
1448.678,1.004
1448.698,1.006
1448.718,0.998
1448.738,1.009
1448.758,0.996
1448.778,1.004
1448.798,0.990
1448.818,1.009
1448.838,0.996
1448.858,1.014
1448.878,1.000
1448.898,1.013
1448.918,1.006
1448.938,1.005
1448.958,1.011
1448.978,1.030
1448.998,0.954
1449.018,1.023
1449.038,0.983
1449.058,1.002
1449.078,1.020
1449.098,1.003
1449.118,0.997
1449.138,1.008
1449.158,1.001
1449.178,1.003
1449.198,1.013
1449.218,1.004
1449.238,0.997
1449.258,1.007
1449.278,0.998
1449.298,1.006
1449.318,1.005
1449.338,1.005
1449.358,0.995
1449.378,1.008
1449.398,1.001
1449.418,1.003
1449.438,1.006
1449.458,1.004
1449.478,1.000
1449.498,1.003
1449.518,1.002
1449.538,1.004
1449.558,1.005
1449.578,1.005
1449.598,1.001
1449.618,1.000
1449.638,1.006
1449.658,1.001
1449.678,1.004
1449.698,0.999
1449.718,1.005
1449.738,1.003
1449.758,1.001
1449.778,1.003
1449.798,1.006
1449.818,1.003
1449.838,1.008
1449.858,1.005
1449.878,1.006
1449.898,1.002
1449.918,0.999
1449.938,1.001
1449.958,1.002
1449.978,1.002
1449.998,1.013
1450.018,1.004
1450.038,1.002
1450.058,1.004
1450.078,1.007
1450.098,1.002
1450.118,1.005
1450.138,1.002
1450.158,1.004
1450.178,1.005
1450.198,1.001
1450.218,1.000
1450.238,1.005
1450.258,1.002
1450.278,1.000
1450.298,1.003
1450.318,1.004
1450.338,1.001
1450.358,1.002
1450.378,1.002
1450.398,1.003
1450.418,1.001
1450.438,1.005
1450.458,1.001
1450.478,1.006
1450.498,1.003
1450.518,1.005
1450.538,1.002
1450.558,1.005
1450.578,0.996
1450.598,1.001
1450.618,1.000
1450.638,1.005
1450.658,1.005
1450.678,1.004
1450.698,1.002
1450.718,1.002
1450.738,1.000
1450.758,1.003
1450.778,1.003
1450.798,1.004
1450.818,1.005
1450.838,1.004
1450.858,1.005
1450.878,1.011
1450.898,0.998
1450.918,0.992
1450.938,1.000
1450.958,1.001
1450.978,1.004
1450.998,1.011
1451.018,1.000
1451.038,0.999
1451.058,0.998
1451.078,1.008
1451.098,1.002
1451.118,1.004
1451.138,0.995
1451.158,1.004
1451.178,1.000
1451.198,1.005
1451.218,1.005
1451.238,1.007
1451.258,1.004
1451.278,1.002
1451.298,0.999
1451.318,1.002
1451.338,1.005
1451.358,1.003
1451.378,1.004
1451.398,1.005
1451.418,1.002
1451.438,1.001
1451.458,1.005
1451.478,1.006
1451.498,1.005
1451.518,1.002
1451.538,1.004
1451.558,1.005
1451.578,1.000
1451.598,1.001
1451.618,1.001
1451.638,1.002
1451.658,1.001
1451.678,1.004
1451.698,1.005
1451.718,1.003
1451.738,1.004
1451.758,1.000
1451.778,1.004
1451.798,0.999
1451.818,1.003
1451.838,1.005
1451.858,1.004
1451.878,1.000
1451.898,1.005
1451.918,1.005
1451.938,1.005
1451.958,1.001
1451.978,1.004
1451.998,1.001
1452.018,1.003
1452.038,1.004
1452.058,1.005
1452.078,1.000
1452.098,1.003
1452.118,1.003
1452.138,1.003
1452.158,1.003
1452.178,1.000
1452.198,1.005
1452.218,1.002
1452.238,1.005
1452.258,1.000
1452.278,1.002
1452.298,1.003
1452.318,1.002
1452.338,1.001
1452.358,1.002
1452.378,1.004
1452.398,1.003
1452.418,1.002
1452.438,1.002
1452.458,1.004
1452.478,1.005
1452.498,1.005
1452.518,1.002
1452.538,1.005
1452.558,1.002
1452.578,1.001
1452.598,1.002
1452.618,1.005
1452.638,1.003
1452.658,1.003
1452.678,0.999
1452.698,1.002
1452.718,1.003
1452.738,1.004
1452.758,1.004
1452.778,1.001
1452.798,1.003
1452.818,1.004
1452.838,1.003
1452.858,1.005
1452.878,1.000
1452.898,1.004
1452.918,1.005
1452.938,1.005
1452.958,1.002
1452.978,1.000
1452.998,1.004
1453.018,1.005
1453.038,1.003
1453.058,1.003
1453.078,1.004
1453.098,1.003
1453.118,1.003
1453.138,1.004
1453.158,0.998
1453.178,1.000
1453.198,1.004
1453.218,1.007
1453.238,1.004
1453.258,1.004
1453.278,1.000
1453.298,1.003
1453.318,1.003
1453.338,1.002
1453.358,1.000
1453.378,1.006
1453.398,0.997
1453.418,1.006
1453.438,1.003
1453.458,1.003
1453.478,1.001
1453.498,1.004
1453.518,1.002
1453.538,1.006
1453.558,1.004
1453.578,1.000
1453.598,1.004
1453.618,1.002
1453.638,1.005
1453.658,1.003
1453.678,1.004
1453.698,1.002
1453.718,1.003
1453.738,1.004
1453.758,1.005
1453.778,1.002
1453.798,1.002
1453.818,1.003
1453.838,1.002
1453.858,1.003
1453.878,1.002
1453.898,1.004
1453.918,1.003
1453.938,1.003
1453.958,1.004
1453.978,1.006
1453.998,1.003
1454.018,1.003
1454.038,1.003
1454.058,1.002
1454.078,0.999
1454.098,1.002
1454.118,1.003
1454.138,1.006
1454.158,1.003
1454.178,1.004
1454.198,1.003
1454.218,1.001
1454.238,1.004
1454.258,1.001
1454.278,1.002
1454.298,1.003
1454.318,1.004
1454.338,1.003
1454.358,1.002
1454.378,1.006
1454.398,1.000
1454.418,1.006
1454.438,1.002
1454.458,1.005
1454.478,1.003
1454.498,1.003
1454.518,1.001
1454.538,1.001
1454.558,1.002
1454.578,1.003
1454.598,1.004
1454.618,1.002
1454.638,1.004
1454.658,1.000
1454.678,1.003
1454.698,1.003
1454.718,1.003
1454.738,1.000
1454.758,1.005
1454.778,1.001
1454.798,1.001
1454.818,1.002
1454.838,1.005
1454.858,1.001
1454.878,1.004
1454.898,1.002
1454.918,1.001
1454.938,1.002
1454.958,1.001
1454.978,1.002
1454.998,1.001
1455.018,1.005
1455.038,1.003
1455.058,1.004
1455.078,1.002
1455.098,1.003
1455.118,1.004
1455.138,1.002
1455.158,1.001
1455.178,1.003
1455.198,1.002
1455.218,1.003
1455.238,1.005
1455.258,1.004
1455.278,1.005
1455.298,1.003
1455.318,1.003
1455.338,1.004
1455.358,1.000
1455.378,1.003
1455.398,1.002
1455.418,1.004
1455.438,1.003
1455.458,1.000
1455.478,1.001
1455.498,1.006
1455.518,1.004
1455.538,1.002
1455.558,1.002
1455.578,1.002
1455.598,1.005
1455.618,1.001
1455.638,1.004
1455.658,1.004
1455.678,1.002
1455.698,1.000
1455.718,1.004
1455.738,1.002
1455.758,1.002
1455.778,1.003
1455.798,1.004
1455.818,0.999
1455.838,1.005
1455.858,1.001
1455.878,1.005
1455.898,1.003
1455.918,1.004
1455.938,1.003
1455.958,1.002
1455.978,1.001
1455.998,1.001
1456.018,1.003
1456.038,1.002
1456.058,1.003
1456.078,1.004
1456.098,1.003
1456.118,1.001
1456.138,1.003
1456.158,1.002
1456.178,1.004
1456.198,1.002
1456.218,1.003
1456.238,1.002
1456.258,1.001
1456.278,1.005
1456.298,1.004
1456.318,1.001
1456.338,1.002
1456.358,1.004
1456.378,1.003
1456.398,1.004
1456.418,1.002
1456.438,1.005
1456.458,1.002
1456.478,1.002
1456.498,1.002
1456.518,1.004
1456.538,1.003
1456.558,1.001
1456.578,1.004
1456.598,1.002
1456.618,1.003
1456.638,1.002
1456.658,1.004
1456.678,1.003
1456.698,1.005
1456.718,1.004
1456.738,1.004
1456.758,1.002
1456.778,1.004
1456.798,1.002
1456.818,1.003
1456.838,1.005
1456.858,1.002
1456.878,1.003
1456.898,1.004
1456.918,1.001
1456.938,1.004
1456.958,1.002
1456.978,1.003
1456.998,1.005
1457.018,1.003
1457.038,1.005
1457.058,1.001
1457.078,1.002
1457.098,1.000
1457.118,1.005
1457.138,1.002
1457.158,1.004
1457.178,1.003
1457.198,1.006
1457.218,0.999
1457.238,1.005
1457.258,1.001
1457.278,1.003
1457.298,1.003
1457.318,1.003
1457.338,1.004
1457.358,1.002
1457.378,1.003
1457.398,1.002
1457.418,1.001
1457.438,1.002
1457.458,1.005
1457.478,1.000
1457.498,1.004
1457.518,1.004
1457.538,1.003
1457.558,1.002
1457.578,1.004
1457.598,1.001
1457.618,1.005
1457.638,1.002
1457.658,1.002
1457.678,1.003
1457.698,1.000
1457.718,1.003
1457.738,1.001
1457.758,1.003
1457.778,1.002
1457.798,1.005
1457.818,1.005
1457.838,1.003
1457.858,1.001
1457.878,1.004
1457.898,1.002
1457.918,1.004
1457.938,1.001
1457.958,1.003
1457.978,1.003
1457.998,1.002
1458.018,1.003
1458.038,1.003
1458.058,1.003
1458.078,1.003
1458.098,1.004
1458.118,1.003
1458.138,1.004
1458.158,1.003
1458.178,1.003
1458.198,1.002
1458.218,1.002
1458.238,1.002
1458.258,1.003
1458.278,1.004
1458.298,1.003
1458.318,1.000
1458.338,1.001
1458.358,1.004
1458.378,1.002
1458.398,1.004
1458.418,1.004
1458.438,1.004
1458.458,1.002
1458.478,1.005
1458.498,1.003
1458.518,1.004
1458.538,1.003
1458.558,1.002
1458.578,1.005
1458.598,1.004
1458.618,1.004
1458.638,1.004
1458.658,1.006
1458.678,1.003
1458.698,1.000
1458.718,1.002
1458.738,1.004
1458.758,1.002
1458.778,1.005
1458.798,1.002
1458.818,1.003
1458.838,1.004
1458.858,1.002
1458.878,1.004
1458.898,1.007
1458.918,0.999
1458.938,1.004
1458.958,1.000
1458.978,1.005
1458.998,0.997
1459.018,1.003
1459.038,0.998
1459.058,1.005
1459.078,1.004
1459.098,1.008
1459.118,1.002
1459.138,1.005
1459.158,1.003
1459.178,1.004
1459.198,1.001
1459.218,1.005
1459.238,1.005
1459.258,1.004
1459.278,1.001
1459.298,1.004
1459.318,1.001
1459.338,1.003
1459.358,1.003
1459.378,1.004
1459.398,1.005
1459.418,1.002
1459.438,1.006
1459.458,1.000
1459.478,1.002
1459.498,1.004
1459.518,1.003
1459.538,1.002
1459.558,1.004
1459.578,1.001
1459.598,1.005
1459.618,1.002
1459.638,1.000
1459.658,1.001
1459.678,1.003
1459.698,1.003
1459.718,1.006
1459.738,1.003
1459.758,1.006
1459.778,1.006
1459.798,1.001
1459.818,1.001
1459.838,1.001
1459.858,1.004
1459.878,1.003
1459.898,1.003
1459.918,1.003
1459.938,1.002
1459.958,1.002
1459.978,1.002
1459.998,1.003
1460.018,1.001
1460.038,1.002
1460.058,1.004
1460.078,1.004
1460.098,1.004
1460.118,1.003
1460.138,1.003
1460.158,1.002
1460.178,0.999
1460.198,1.004
1460.218,1.002
1460.238,1.002
1460.258,1.001
1460.278,1.005
1460.298,1.001
1460.318,1.002
1460.338,1.002
1460.358,1.005
1460.378,1.003
1460.398,1.002
1460.418,1.005
1460.438,1.001
1460.458,1.002
1460.478,1.002
1460.498,1.005
1460.518,1.003
1460.538,1.005
1460.558,1.002
1460.578,1.006
1460.598,1.001
1460.618,1.003
1460.638,1.002
1460.658,1.002
1460.678,1.003
1460.698,1.001
1460.718,1.002
1460.738,1.001
1460.758,1.003
1460.778,1.005
1460.798,1.003
1460.818,1.002
1460.838,1.002
1460.858,1.004
1460.878,1.005
1460.898,1.002
1460.918,1.004
1460.938,1.002
1460.958,1.004
1460.978,1.002
1460.998,1.002
1461.018,1.003
1461.038,1.002
1461.058,1.004
1461.078,1.002
1461.098,1.005
1461.118,1.001
1461.138,1.004
1461.158,1.001
1461.178,1.002
1461.198,1.001
1461.218,1.002
1461.238,1.003
1461.258,1.003
1461.278,1.002
1461.298,1.001
1461.318,1.005
1461.338,1.002
1461.358,1.005
1461.378,1.002
1461.398,1.002
1461.418,1.005
1461.438,1.004
1461.458,1.002
1461.478,1.003
1461.498,1.001
1461.518,1.002
1461.538,1.004
1461.558,1.002
1461.578,1.002
1461.598,1.003
1461.618,1.002
1461.638,1.002
1461.658,1.002
1461.678,0.999
1461.698,1.002
1461.718,1.004
1461.738,0.999
1461.758,1.004
1461.778,1.002
1461.798,1.003
1461.818,1.001
1461.838,1.004
1461.858,0.998
1461.878,1.003
1461.898,1.002
1461.918,1.004
1461.938,1.000
1461.958,1.004
1461.978,1.006
1461.998,1.002
1462.018,1.003
1462.038,1.002
1462.058,1.005
1462.078,1.000
1462.098,1.005
1462.118,1.002
1462.138,1.004
1462.158,1.003
1462.178,1.003
1462.198,1.003
1462.218,1.001
1462.238,1.005
1462.258,1.000
1462.278,1.007
1462.298,1.002
1462.318,1.003
1462.338,1.001
1462.358,1.003
1462.378,1.002
1462.398,1.005
1462.418,1.002
1462.438,1.006
1462.458,1.005
1462.478,1.001
1462.498,1.002
1462.518,1.003
1462.538,1.003
1462.558,1.002
1462.578,1.004
1462.598,1.004
1462.618,1.002
1462.638,1.002
1462.658,1.004
1462.678,1.003
1462.698,1.003
1462.718,1.003
1462.738,1.001
1462.758,1.004
1462.778,1.000
1462.798,1.002
1462.818,1.004
1462.838,1.004
1462.858,1.000
1462.878,1.005
1462.898,1.001
1462.918,1.002
1462.938,1.006
1462.958,1.003
1462.978,1.004
1462.998,1.001
1463.018,1.003
1463.038,1.003
1463.058,1.007
1463.078,1.005
1463.098,1.004
1463.118,1.002
1463.138,1.003
1463.158,1.002
1463.178,1.002
1463.198,1.005
1463.218,1.004
1463.238,1.001
1463.258,1.003
1463.278,1.002
1463.298,1.005
1463.318,1.003
1463.338,1.004
1463.358,1.005
1463.378,1.003
1463.398,1.003
1463.418,1.003
1463.438,1.005
1463.458,1.004
1463.478,1.004
1463.498,1.001
1463.518,1.004
1463.538,1.004
1463.558,1.002
1463.578,1.002
1463.598,1.004
1463.618,1.004
1463.638,1.001
1463.658,1.002
1463.678,1.001
1463.698,1.004
1463.718,1.003
1463.738,1.004
1463.758,1.002
1463.778,1.003
1463.798,1.002
1463.818,1.003
1463.838,1.004
1463.858,1.001
1463.878,1.001
1463.898,1.003
1463.918,1.004
1463.938,1.002
1463.958,1.006
1463.978,1.002
1463.998,1.005
1464.018,1.002
1464.038,1.004
1464.058,1.001
1464.078,1.004
1464.098,1.001
1464.118,1.009
1464.138,1.003
1464.158,1.003
1464.178,1.003
1464.198,1.003
1464.218,1.003
1464.238,1.003
1464.258,1.003
1464.278,0.998
1464.298,1.003
1464.318,1.002
1464.338,1.003
1464.358,1.002
1464.378,1.004
1464.398,1.002
1464.418,1.007
1464.438,1.002
1464.458,1.005
1464.478,1.003
1464.498,1.003
1464.518,1.004
1464.538,1.003
1464.558,1.004
1464.578,1.004
1464.598,1.003
1464.618,1.004
1464.638,1.003
1464.658,1.002
1464.678,1.004
1464.698,1.001
1464.718,1.005
1464.738,1.003
1464.758,1.004
1464.778,1.001
1464.798,1.006
1464.818,1.004
1464.838,1.004
1464.858,1.004
1464.878,1.003
1464.898,1.003
1464.918,1.002
1464.938,1.003
1464.958,1.004
1464.978,1.004
1464.998,1.005
1465.018,1.005
1465.038,1.004
1465.058,1.003
1465.078,1.002
1465.098,1.004
1465.118,1.003
1465.138,1.004
1465.158,1.000
1465.178,1.007
1465.198,1.002
1465.218,1.004
1465.238,1.002
1465.258,1.000
1465.278,1.004
1465.298,1.004
1465.318,1.003
1465.338,1.001
1465.358,1.003
1465.378,1.002
1465.398,1.005
1465.418,1.002
1465.438,1.001
1465.458,1.001
1465.478,1.003
1465.498,1.001
1465.518,1.002
1465.538,1.001
1465.558,1.002
1465.578,1.002
1465.598,1.003
1465.618,1.005
1465.638,1.003
1465.658,1.002
1465.678,1.002
1465.698,1.003
1465.718,1.003
1465.738,1.004
1465.758,1.005
1465.778,1.005
1465.798,1.000
1465.818,1.002
1465.838,1.004
1465.858,1.003
1465.878,1.006
1465.898,1.003
1465.918,1.005
1465.938,1.003
1465.958,1.005
1465.978,1.003
1465.998,1.001
1466.018,1.001
1466.038,1.000
1466.058,1.001
1466.078,1.002
1466.098,1.004
1466.118,0.998
1466.138,1.006
1466.158,1.004
1466.178,1.002
1466.198,1.001
1466.218,1.002
1466.238,1.003
1466.258,1.004
1466.278,1.003
1466.298,1.001
1466.318,1.003
1466.338,1.004
1466.358,1.006
1466.378,1.002
1466.398,1.006
1466.418,1.001
1466.438,1.002
1466.458,1.004
1466.478,1.005
1466.498,1.003
1466.518,1.002
1466.538,1.004
1466.558,1.004
1466.578,1.002
1466.598,1.001
1466.618,1.007
1466.638,1.003
1466.658,1.002
1466.678,1.001
1466.698,1.003
1466.718,1.002
1466.738,1.004
1466.758,1.003
1466.778,1.002
1466.798,1.005
1466.818,1.004
1466.838,1.003
1466.858,1.005
1466.878,1.003
1466.898,1.004
1466.918,1.002
1466.938,1.001
1466.958,1.004
1466.978,1.001
1466.998,1.004
1467.018,1.002
1467.038,1.003
1467.058,1.004
1467.078,1.003
1467.098,1.002
1467.118,1.003
1467.138,1.001
1467.158,1.006
1467.178,1.003
1467.198,1.003
1467.218,1.005
1467.238,1.000
1467.258,1.004
1467.278,1.003
1467.298,1.003
1467.318,1.001
1467.338,1.005
1467.358,1.002
1467.378,1.003
1467.398,1.003
1467.418,1.005
1467.438,1.003
1467.458,1.003
1467.478,1.003
1467.498,1.003
1467.518,1.003
1467.538,1.003
1467.558,1.005
1467.578,1.004
1467.598,1.005
1467.618,1.004
1467.638,1.004
1467.658,1.001
1467.678,1.003
1467.698,1.003
1467.718,1.002
1467.738,1.003
1467.758,1.004
1467.778,1.002
1467.798,1.003
1467.818,1.002
1467.838,1.005
1467.858,1.003
1467.878,1.002
1467.898,1.003
1467.918,1.001
1467.938,1.005
1467.958,1.003
1467.978,1.003
1467.998,1.003
1468.018,1.004
1468.038,1.002
1468.058,1.006
1468.078,1.002
1468.098,1.000
1468.118,1.001
1468.138,1.001
1468.158,1.004
1468.178,1.004
1468.198,1.004
1468.218,1.004
1468.238,1.004
1468.258,1.000
1468.278,1.003
1468.298,1.002
1468.318,1.005
1468.338,1.004
1468.358,1.006
1468.378,1.002
1468.398,1.003
1468.418,1.004
1468.438,1.003
1468.458,1.004
1468.478,1.004
2832.098,1.091
2832.118,0.961
2832.138,0.978
2832.158,1.005
2832.178,0.961
2832.198,1.036
2832.218,1.018
2832.238,0.999
2832.258,0.985
2832.278,1.009
2832.298,1.036
2832.318,1.363
2832.338,1.069
2832.358,1.265
2832.378,1.071
2832.398,1.434
2832.418,1.192
2832.438,0.697
2832.458,1.204
2832.478,1.161
2832.498,0.872
2832.518,1.275
2832.538,1.038
2832.558,0.531
2832.578,1.086
2832.598,1.220
2832.618,1.019
2832.638,0.980
2832.658,1.084
2832.678,1.147
2832.698,0.922
2832.718,0.891
2832.738,0.954
2832.758,1.546
2832.778,0.865
2832.798,0.867
2832.818,1.014
2832.838,1.202
2832.858,0.993
2832.878,0.940
2832.898,1.070
2832.918,1.188
2832.938,1.077
2832.958,0.977
2832.978,0.917
2832.998,0.919
2833.018,0.899
2833.038,0.913
2833.058,1.042
2833.078,1.073
2833.098,1.029
2833.118,1.055
2833.138,1.010
2833.158,0.828
2833.178,1.208
2833.198,1.066
2833.218,0.965
2833.238,0.879
2833.258,0.961
2833.278,0.952
2833.298,1.039
2833.318,1.066
2833.338,1.019
2833.358,0.990
2833.378,0.889
2833.398,0.939
2833.418,1.051
2833.438,1.076
2833.458,1.036
2833.478,1.080
2833.498,0.990
2833.518,1.013
2833.538,1.002
2833.558,0.952
2833.578,1.007
2833.598,2.579
2833.618,0.868
2833.638,1.183
2833.658,1.208
2833.678,0.966
2833.698,0.844
2833.718,1.019
2833.738,1.293
2833.758,0.906
2833.778,1.018
2833.798,1.013
2833.818,0.844
2833.838,0.969
2833.858,1.104
2833.878,1.035
2833.898,1.042
2833.918,1.065
2833.938,1.095
2833.958,1.032
2833.978,0.854
2833.998,1.546
2834.018,0.360
2834.038,0.576
2834.058,3.637
2834.078,0.315
2834.098,1.578
2834.118,1.158
2834.138,0.942
2834.158,1.017
2834.178,1.037
2834.198,0.878
2834.218,0.978
2834.238,0.979
2834.258,0.866
2834.278,1.023
2834.298,1.315
2834.318,1.019
2834.338,0.588
2834.358,1.355
2834.378,1.006
2834.398,0.788
2834.418,1.070
2834.438,1.101
2834.458,1.029
2834.478,0.934
2834.498,1.010
2834.518,1.030
2834.538,1.005
2834.558,0.924
2834.578,1.273
2834.598,1.137
2834.618,0.933
2834.638,1.232
2834.658,0.872
2834.678,1.021
2834.698,1.186
2834.718,1.281
2834.738,1.115
2834.758,1.043
2834.778,1.054
2834.798,1.067
2834.818,0.742
2834.838,1.031
2834.858,1.108
2834.878,0.981
2834.898,0.970
2834.918,1.010
2834.938,1.035
2834.958,0.996
2834.978,1.002
2834.998,1.013
2835.018,1.013
2835.038,1.013
2835.058,0.981
2835.078,1.007
2835.098,0.967
2835.118,1.063
2835.138,0.962
2835.158,1.038
2835.178,1.058
2835.198,0.948
2835.218,1.030
2835.238,1.020
2835.258,1.007
2835.278,1.031
2835.298,0.975
2835.318,1.016
2835.338,0.994
2835.358,1.050
2835.378,1.018
2835.398,1.032
2835.418,0.955
2835.438,1.058
2835.458,1.066
2835.478,0.959
2835.498,1.011
2835.518,1.037
2835.538,1.000
2835.558,0.998
2835.578,1.012
2835.598,1.011
2835.618,1.002
2835.638,1.008
2835.658,1.009
2835.678,1.004
2835.698,1.005
2835.718,1.008
2835.738,1.008
2835.758,1.007
2835.778,1.010
2835.798,1.007
2835.818,1.004
2835.838,1.007
2835.858,1.008
2835.878,1.008
2835.898,1.009
2835.918,1.009
2835.938,1.007
2835.958,1.006
2835.978,1.008
2835.998,1.009
2836.018,1.007
2836.038,1.005
2836.058,1.007
2836.078,1.010
2836.098,1.004
2836.118,1.006
2836.138,1.006
2836.158,1.006
2836.178,1.014
2836.198,1.008
2836.218,1.009
2836.238,1.009
2836.258,1.006
2836.278,1.004
2836.298,1.008
2836.318,1.002
2836.338,1.010
2836.358,1.007
2836.378,1.007
2836.398,1.008
2836.418,1.010
2836.438,1.007
2836.458,1.005
2836.478,1.007
2836.498,1.007
2836.518,1.009
2836.538,1.008
2836.558,1.007
2836.578,1.007
2836.598,1.012
2836.618,1.004
2836.638,1.008
2836.658,1.009
2836.678,1.005
2836.698,1.005
2836.718,1.010
2836.738,1.005
2836.758,1.006
2836.778,1.009
2836.798,1.006
2836.818,1.007
2836.838,1.006
2836.858,1.009
2836.878,1.007
2836.898,1.008
2836.918,1.007
2836.938,1.007
2836.958,1.007
2836.978,1.009
2836.998,1.009
2837.018,1.008
2837.038,1.008
2837.058,1.007
2837.078,1.006
2837.098,1.009
2837.118,1.007
2837.138,1.007
2837.158,1.006
2837.178,1.009
2837.198,1.009
2837.218,1.008
2837.238,1.006
2837.258,1.007
2837.278,1.009
2837.298,1.008
2837.318,1.008
2837.338,1.008
2837.358,1.008
2837.378,1.009
2837.398,1.008
2837.418,1.008
2837.438,1.006
2837.458,1.008
2837.478,1.008
2837.498,1.008
2837.518,1.007
2837.538,1.006
2837.558,1.012
2837.578,1.008
2837.598,1.007
2837.618,1.008
2837.638,1.009
2837.658,1.007
2837.678,1.008
2837.698,1.006
2837.718,1.007
2837.738,1.007
2837.758,1.005
2837.778,1.007
2837.798,1.007
2837.818,1.006
2837.838,1.008
2837.858,1.007
2837.878,1.007
2837.898,1.006
2837.918,1.008
2837.938,1.008
2837.958,1.006
2837.978,1.008
2837.998,1.007
2838.018,1.011
2838.038,1.009
2838.058,1.008
2838.078,1.008
2838.098,1.007
2838.118,1.008
2838.138,1.006
2838.158,1.005
2838.178,1.008
2838.198,1.007
2838.218,1.007
2838.238,1.008
2838.258,1.009
2838.278,1.006
2838.298,1.008
2838.318,1.009
2838.338,1.008
2838.358,1.008
2838.378,1.008
2838.398,1.009
2838.418,1.010
2838.438,1.007
2838.458,1.007
2838.478,1.009
2838.498,1.006
2838.518,1.008
2838.538,1.006
2838.558,1.005
2838.578,1.007
2838.598,1.008
2838.618,1.006
2838.638,1.007
2838.658,1.006
2838.678,1.007
2838.698,1.008
2838.718,1.009
2838.738,1.006
2838.758,1.007
2838.778,1.006
2838.798,1.008
2838.818,1.009
2838.838,1.007
2838.858,1.007
2838.878,1.007
2838.898,1.007
2838.918,1.007
2838.938,1.006
2838.958,1.009
2838.978,1.007
2838.998,1.006
2839.018,1.007
2839.038,1.007
2839.058,1.006
2839.078,1.009
2839.098,1.008
2839.118,1.008
2839.138,1.009
2839.158,1.008
2839.178,1.007
2839.198,1.007
2839.218,1.008
2839.238,1.008
2839.258,1.007
2839.278,1.009
2839.298,1.006
2839.318,1.008
2839.338,1.008
2839.358,1.005
2839.378,1.007
2839.398,1.006
2839.418,1.006
2839.438,1.007
2839.458,1.007
2839.478,1.005
2839.498,1.007
2839.518,1.005
2839.538,1.006
2839.558,1.005
2839.578,1.007
2839.598,1.005
2839.618,1.008
2839.638,1.010
2839.658,1.007
2839.678,1.005
2839.698,1.006
2839.718,1.009
2839.738,1.008
2839.758,1.010
2839.778,1.009
2839.798,1.008
2839.818,1.008
2839.838,1.008
2839.858,1.006
2839.878,1.007
2839.898,1.007
2839.918,1.009
2839.938,1.006
2839.958,1.008
2839.978,1.007
2839.998,1.007
2840.018,1.007
2840.038,1.007
2840.058,1.008
2840.078,1.004
2840.098,1.008
2840.118,1.008
2840.138,1.006
2840.158,1.008
2840.178,1.005
2840.198,1.008
2840.218,1.007
2840.238,1.005
2840.258,1.006
2840.278,1.006
2840.298,1.004
2840.318,1.006
2840.338,1.006
2840.358,1.008
2840.378,1.006
2840.398,1.007
2840.418,1.007
2840.438,1.008
2840.458,1.007
2840.478,1.009
2840.498,1.008
2840.518,1.007
2840.538,1.005
2840.558,1.009
2840.578,1.010
2840.598,1.008
2840.618,1.006
2840.638,1.008
2840.658,1.009
2840.678,1.007
2840.698,1.007
2840.718,1.007
2840.738,1.008
2840.758,1.006
2840.778,1.005
2840.798,1.005
2840.818,1.008
2840.838,1.009
2840.858,1.008
2840.878,1.010
2840.898,1.005
2840.918,1.007
2840.938,1.007
2840.958,1.007
2840.978,1.008
2840.998,1.005
2841.018,1.007
2841.038,1.007
2841.058,1.008
2841.078,1.007
2841.098,1.007
2841.118,1.006
2841.138,1.005
2841.158,1.006
2841.178,1.006
2841.198,1.007
2841.218,1.008
2841.238,1.009
2841.258,1.005
2841.278,1.008
2841.298,1.009
2841.318,1.003
2841.338,1.006
2841.358,1.008
2841.378,1.007
2841.398,1.007
2841.418,1.007
2841.438,1.009
2841.458,1.006
2841.478,1.007
2841.498,1.008
2841.518,1.006
2841.538,1.005
2841.558,1.007
2841.578,1.006
2841.598,1.007
2841.618,1.007
2841.638,1.008
2841.658,1.009
2841.678,1.006
2841.698,1.009
2841.718,1.007
2841.738,1.004
2841.758,1.007
2841.778,1.008
2841.798,1.007
2841.818,1.008
2841.838,1.007
2841.858,1.006
2841.878,1.006
2841.898,1.007
2841.918,1.006
2841.938,1.007
2841.958,1.007
2841.978,1.008
2841.998,1.007
2842.018,1.008
2842.038,1.008
2842.058,1.004
2842.078,1.006
2842.098,1.008
2842.118,1.007
2842.138,1.006
2842.158,1.007
2842.178,1.007
2842.198,1.007
2842.218,1.008
2842.238,1.007
2842.258,1.009
2842.278,1.008
2842.298,1.007
2842.318,1.007
2842.338,1.009
2842.358,1.006
2842.378,1.008
2842.398,1.008
2842.418,1.005
2842.438,1.008
2842.458,1.007
2842.478,1.006
2842.498,1.006
2842.518,1.008
2842.538,1.006
2842.558,1.006
2842.578,1.008
2842.598,1.008
2842.618,1.010
2842.638,1.007
2842.658,1.007
2842.678,1.006
2842.698,1.008
2842.718,1.007
2842.738,1.008
2842.758,1.009
2842.778,1.006
2842.798,1.007
2842.818,1.007
2842.838,1.005
2842.858,1.004
2842.878,1.008
2842.898,1.006
2842.918,1.005
2842.938,1.008
2842.958,1.009
2842.978,1.008
2842.998,1.007
2843.018,1.006
2843.038,1.007
2843.058,1.006
2843.078,1.004
2843.098,1.007
2843.118,1.008
2843.138,1.008
2843.158,1.010
2843.178,1.006
2843.198,1.007
2843.218,1.006
2843.238,1.007
2843.258,1.007
2843.278,1.006
2843.298,1.008
2843.318,1.010
2843.338,1.006
2843.358,1.008
2843.378,1.006
2843.398,1.007
2843.418,1.007
2843.438,1.005
2843.458,1.009
2843.478,1.007
2843.498,1.008
2843.518,1.006
2843.538,1.009
2843.558,1.009
2843.578,1.006
2843.598,1.006
2843.618,1.007
2843.638,1.005
2843.658,1.009
2843.678,1.007
2843.698,1.007
2843.718,1.007
2843.738,1.008
2843.758,1.007
2843.778,1.008
2843.798,1.007
2843.818,1.008
2843.838,1.008
2843.858,1.007
2843.878,1.006
2843.898,1.004
2843.918,1.005
2843.938,1.006
2843.958,1.007
2843.978,1.007
2843.998,1.006
2844.018,1.006
2844.038,1.007
2844.058,1.007
2844.078,1.007
2844.098,1.007
2844.118,1.009
2844.138,1.006
2844.158,1.007
2844.178,1.007
2844.198,1.007
2844.218,1.007
2844.238,1.004
2844.258,1.007
2844.278,1.006
2844.298,1.006
2844.318,1.007
2844.338,1.007
2844.358,1.008
2844.378,1.007
2844.398,1.007
2844.418,1.006
2844.438,1.006
2844.458,1.006
2844.478,1.009
2844.498,1.006
2844.518,1.006
2844.538,1.008
2844.558,1.005
2844.578,1.007
2844.598,1.007
2844.618,1.008
2844.638,1.006
2844.658,1.008
2844.678,1.007
2844.698,1.007
2844.718,1.008
2844.738,1.005
2844.758,1.008
2844.778,1.007
2844.798,1.008
2844.818,1.006
2844.838,1.009
2844.858,1.007
2844.878,1.007
2844.898,1.009
2844.918,1.008
2844.938,1.006
2844.958,1.010
2844.978,1.008
2844.998,1.006
2845.018,1.008
2845.038,1.006
2845.058,1.008
2845.078,1.008
2845.098,1.007
2845.118,1.007
2845.138,1.009
2845.158,1.010
2845.178,1.009
2845.198,1.008
2845.218,1.005
2845.238,1.006
2845.258,1.006
2845.278,1.009
2845.298,1.007
2845.318,1.008
2845.338,1.005
2845.358,1.008
2845.378,1.009
2845.398,1.006
2845.418,1.006
2845.438,1.009
2845.458,1.007
2845.478,1.005
2845.498,1.009
2845.518,1.007
2845.538,1.004
2845.558,1.004
2845.578,1.007
2845.598,1.005
2845.618,1.007
2845.638,1.008
2845.658,1.005
2845.678,1.007
2845.698,1.007
2845.718,1.006
2845.738,1.007
2845.758,1.007
2845.778,1.006
2845.798,1.008
2845.818,1.006
2845.838,1.007
2845.858,1.008
2845.878,1.008
2845.898,1.008
2845.918,1.008
2845.938,1.007
2845.958,1.006
2845.978,1.007
2845.998,1.009
2846.018,1.007
2846.038,1.008
2846.058,1.009
2846.078,1.007
2846.098,1.007
2846.118,1.005
2846.138,1.008
2846.158,1.009
2846.178,1.007
2846.198,1.006
2846.218,1.006
2846.238,1.007
2846.258,1.006
2846.278,1.008
2846.298,1.006
2846.318,1.007
2846.338,1.007
2846.358,1.007
2846.378,1.006
2846.398,1.006
2846.418,1.007
2846.438,1.007
2846.458,1.007
2846.478,1.007
2846.498,1.007
2846.518,1.007
2846.538,1.006
2846.558,1.009
2846.578,1.005
2846.598,1.007
2846.618,1.007
2846.638,1.006
2846.658,1.007
2846.678,1.006
2846.698,1.004
2846.718,1.006
2846.738,1.006
2846.758,1.007
2846.778,1.005
2846.798,1.009
2846.818,1.007
2846.838,1.008
2846.858,1.007
2846.878,1.007
2846.898,1.007
2846.918,1.008
2846.938,1.007
2846.958,1.006
2846.978,1.007
2846.998,1.007
2847.018,1.006
2847.038,1.005
2847.058,1.006
2847.078,1.006
2847.098,1.005
2847.118,1.008
2847.138,1.007
2847.158,1.008
2847.178,1.006
2847.198,1.008
2847.218,1.007
2847.238,1.004
2847.258,1.007
2847.278,1.009
2847.298,1.006
2847.318,1.008
2847.338,1.007
2847.358,1.007
2847.378,1.007
2847.398,1.008
2847.418,1.006
2847.438,1.006
2847.458,1.008
2847.478,1.008
2847.498,1.006
2847.518,1.006
2847.538,1.008
2847.558,1.008
2847.578,1.007
2847.598,1.007
2847.618,1.007
2847.638,1.007
2847.658,1.006
2847.678,1.008
2847.698,1.008
2847.718,1.005
2847.738,1.006
2847.758,1.008
2847.778,1.006
2847.798,1.008
2847.818,1.008
2847.838,1.007
2847.858,1.006
2847.878,1.005
2847.898,1.006
2847.918,1.008
2847.938,1.005
2847.958,1.007
2847.978,1.008
2847.998,1.006
2848.018,1.007
2848.038,1.009
2848.058,1.008
2848.078,1.009
2848.098,1.007
2848.118,1.007
2848.138,1.006
2848.158,1.007
2848.178,1.007
2848.198,1.009
2848.218,1.007
2848.238,1.008
2848.258,1.006
2848.278,1.008
2848.298,1.006
2848.318,1.007
2848.338,1.009
2848.358,1.008
2848.378,1.006
2848.398,1.007
2848.418,1.006
2848.438,1.007
2848.458,1.009
2848.478,1.009
2848.498,1.006
2848.518,1.007
2848.538,1.008
2848.558,1.007
2848.578,1.004
2848.598,1.008
2848.618,1.008
2848.638,1.005
2848.658,1.009
2848.678,1.006
2848.698,1.008
2848.718,1.011
2848.738,1.007
2848.758,1.006
2848.778,1.004
2848.798,1.008
2848.818,1.007
2848.838,1.006
2848.858,1.005
2848.878,1.006
2848.898,1.007
2848.918,1.006
2848.938,1.006
2848.958,1.006
2848.978,1.006
2848.998,1.004
2849.018,1.006
2849.038,1.007
2849.058,1.007
2849.078,1.008
2849.098,1.010
2849.118,1.011
2849.138,1.008
2849.158,0.996
2849.178,1.004
2849.198,1.009
2849.218,1.002
2849.238,1.007
2849.258,1.011
2849.278,1.006
2849.298,1.009
2849.318,1.008
2849.338,1.004
2849.358,1.010
2849.378,1.009
2849.398,1.007
2849.418,1.011
2849.438,1.009
2849.458,1.005
2849.478,1.009
2849.498,1.007
2849.518,1.005
2849.538,1.009
2849.558,1.009
2849.578,1.005
2849.598,1.008
2849.618,1.008
2849.638,1.007
2849.658,1.008
2849.678,1.010
2849.698,1.007
2849.718,1.005
2849.738,1.008
2849.758,1.006
2849.778,1.009
2849.798,1.010
2849.818,1.005
2849.838,1.004
2849.858,1.008
2849.878,1.007
2849.898,1.010
2849.918,1.009
2849.938,1.005
2849.958,1.007
2849.978,1.007
2849.998,1.005
2850.018,1.006
2850.038,1.007
2850.058,1.007
2850.078,1.008
2850.098,1.009
2850.118,1.007
2850.138,1.007
2850.158,1.007
2850.178,1.008
2850.198,1.006
2850.218,1.008
2850.238,1.005
2850.258,1.008
2850.278,1.007
2850.298,1.008
2850.318,1.007
2850.338,1.006
2850.358,1.005
2850.378,1.008
2850.398,1.008
2850.418,1.007
2850.438,1.007
2850.458,1.008
2850.478,1.006
2850.498,1.006
2850.518,1.009
2850.538,1.006
2850.558,1.005
2850.578,1.007
2850.598,1.006
2850.618,1.007
2850.638,1.009
2850.658,1.007
2850.678,1.007
2850.698,1.008
2850.718,1.005
2850.738,1.004
2850.758,1.008
2850.778,1.008
2850.798,1.007
2850.818,1.006
2850.838,1.008
2850.858,1.007
2850.878,1.008
2850.898,1.007
2850.918,1.006
2850.938,1.006
2850.958,1.010
2850.978,1.006
2850.998,1.010
2851.018,1.006
2851.038,1.007
2851.058,1.008
2851.078,1.008
2851.098,1.007
2851.118,1.006
2851.138,1.009
2851.158,1.007
2851.178,1.007
2851.198,1.007
2851.218,1.007
2851.238,1.008
2851.258,1.008
2851.278,1.006
2851.298,1.007
2851.318,1.007
2851.338,1.007
2851.358,1.007
2851.378,1.006
2851.398,1.006
2851.418,1.006
2851.438,1.008
2851.458,1.008
2851.478,1.006
2851.498,1.008
2851.518,1.006
2851.538,1.008
2851.558,1.008
2851.578,1.007
2851.598,1.008
2851.618,1.006
2851.638,1.007
2851.658,1.008
2851.678,1.007
2851.698,1.008
2851.718,1.006
2851.738,1.008
2851.758,1.005
2851.778,1.006
2851.798,1.007
2851.818,1.008
2851.838,1.007
2851.858,1.003
2851.878,1.009
2851.898,1.007
2851.918,1.004
2851.938,1.008
2851.958,1.007
2851.978,1.006
2851.998,1.008
2852.018,1.006
2852.038,1.009
2852.058,1.007
2852.078,1.006
2852.098,1.005
2852.118,1.008
2852.138,1.006
2852.158,1.007
2852.178,1.009
2852.198,1.009
2852.218,1.005
2852.238,1.007
2852.258,1.007
2852.278,1.008
2852.298,1.005
2852.318,1.007
2852.338,1.007
2852.358,1.008
2852.378,1.008
2852.398,1.006
2852.418,1.008
2852.438,1.008
2852.458,1.007
2852.478,1.006
2852.498,1.008
2852.518,1.008
2852.538,1.008
2852.558,1.009
2852.578,1.007
2852.598,1.008
2852.618,1.006
2852.638,1.008
2852.658,1.005
2852.678,1.008
2852.698,1.007
2852.718,1.010
2852.738,1.008
2852.758,1.006
2852.778,1.007
2852.798,1.006
2852.818,1.005
2852.838,1.009
2852.858,1.009
2852.878,1.004
2852.898,1.010
2852.918,1.002
2852.938,1.004
2852.958,1.009
2852.978,1.008
2852.998,1.006
2853.018,1.012
2853.038,1.007
2853.058,1.006
2853.078,1.007
2853.098,1.008
2853.118,1.005
2853.138,1.009
2853.158,1.007
2853.178,1.007
2853.198,1.008
2853.218,1.006
2853.238,1.005
2853.258,1.007
2853.278,1.007
2853.298,1.005
2853.318,1.007
2853.338,1.008
2853.358,1.008
2853.378,1.008
2853.398,1.008
2853.418,1.006
2853.438,1.008
2853.458,1.010
2853.478,1.007
2853.498,1.009
2853.518,1.008
2853.538,1.007
2853.558,1.005
2853.578,1.009
2853.598,1.005
2853.618,1.008
2853.638,1.008
2853.658,1.007
2853.678,1.008
2853.698,1.008
2853.718,1.005
2853.738,1.007
2853.758,1.008
2853.778,1.006
2853.798,1.007
2853.818,1.008
2853.838,1.005
2853.858,1.007
2853.878,1.006
2853.898,1.005
2853.918,1.007
2853.938,1.007
2853.958,1.007
2853.978,1.006
2853.998,1.008
2854.018,1.005
2854.038,1.006
2854.058,1.008
2854.078,1.008
2854.098,1.008
2854.118,1.006
2854.138,1.008
2854.158,1.007
2854.178,1.006
2854.198,1.008
2854.218,1.006
2854.238,1.008
2854.258,1.008
2854.278,1.008
2854.298,1.007
2854.318,1.008
2854.338,1.006
2854.358,1.006
2854.378,1.006
2854.398,1.008
2854.418,1.005
2854.438,1.006
2854.458,1.007
2854.478,1.008
2854.498,1.008
2854.518,1.008
2854.538,1.009
2854.558,1.010
2854.578,1.007
2854.598,1.006
2854.618,1.004
2854.638,1.007
2854.658,1.007
2854.678,1.008
2854.698,1.006
2854.718,1.008
2854.738,1.006
2854.758,1.006
2854.778,1.006
2854.798,1.008
2854.818,1.007
2854.838,1.005
2854.858,1.010
2854.878,1.007
2854.898,1.007
2854.918,1.007
2854.938,1.006
2854.958,1.006
2854.978,1.007
2854.998,1.008
2855.018,1.008
2855.038,1.006
2855.058,1.006
2855.078,1.007
49583.138,1.334
49583.158,1.075
49583.178,1.046
49583.198,1.005
49583.218,1.007
49583.238,1.034
49583.258,0.968
49583.278,1.018
49583.298,1.021
49583.318,0.989
49583.338,1.020
49583.358,1.009
49583.378,0.986
49583.398,1.081
49583.418,1.009
49583.438,0.999
49583.458,1.032
49583.478,0.995
49583.498,1.107
49583.518,1.086
49583.538,0.975
49583.558,0.998
49583.578,0.968
49583.598,0.964
49583.618,1.026
49583.638,1.017
49583.658,1.028
49583.678,0.968
49583.698,1.052
49583.718,1.142
49583.738,1.102
49583.758,0.988
49583.778,0.944
49583.798,1.001
49583.818,1.122
49583.838,1.151
49583.858,1.057
49583.878,1.031
49583.898,1.060
49583.918,1.057
49583.938,1.092
49583.958,1.099
49583.978,1.049
49583.998,1.060
49584.018,1.073
49584.038,1.130
49584.058,1.084
49584.078,1.034
49584.098,1.060
49584.118,1.079
49584.138,1.074
49584.158,1.106
49584.178,1.053
49584.198,1.103
49584.218,1.066
49584.238,1.074
49584.258,1.048
49584.278,1.037
49584.298,1.061
49584.318,1.008
49584.338,0.988
49584.358,0.982
49584.378,0.914
49584.398,0.914
49584.418,0.955
49584.438,0.947
49584.458,0.883
49584.478,0.860
49584.498,0.821
49584.518,0.843
49584.538,0.934
49584.558,0.997
49584.578,0.919
49584.598,0.863
49584.618,0.882
49584.638,0.874
49584.658,0.945
49584.678,0.971
49584.698,0.930
49584.718,0.885
49584.738,0.895
49584.758,0.955
49584.778,0.933
49584.798,0.949
49584.818,0.973
49584.838,0.925
49584.858,0.987
49584.878,1.021
49584.898,0.982
49584.918,0.926
49584.938,0.919
49584.958,0.933
49584.978,0.938
49584.998,0.951
49585.018,0.954
49585.038,0.889
49585.058,0.888
49585.078,0.905
49585.098,0.907
49585.118,0.915
49585.138,0.980
49585.158,0.950
49585.178,0.887
49585.198,0.929
49585.218,0.957
49585.238,0.951
49585.258,0.942
49585.278,0.968
49585.298,0.975
49585.318,1.043
49585.338,1.092
49585.358,1.098
49585.378,1.154
49585.398,1.177
49585.418,1.133
49585.438,1.158
49585.458,1.142
49585.478,1.107
49585.498,1.068
49585.518,1.039
49585.538,1.067
49585.558,1.103
49585.578,1.127
49585.598,1.069
49585.618,0.998
49585.638,1.003
49585.658,1.034
49585.678,1.135
49585.698,1.182
49585.718,1.067
49585.738,0.945
49585.758,0.910
49585.778,1.038
49585.798,1.127
49585.818,1.411
49585.838,1.175
49585.858,0.904
49585.878,0.987
49585.898,1.021
49585.918,0.925
49585.938,0.972
49585.958,0.976
49585.978,1.056
49585.998,0.990
49586.018,1.024
49586.038,0.994
49586.058,0.993
49586.078,1.036
49586.098,0.994
49586.118,1.031
49586.138,1.034
49586.158,0.994
49586.178,0.976
49586.198,1.046
49586.218,1.045
49586.238,0.992
49586.258,1.023
49586.278,1.019
49586.298,0.989
49586.318,1.010
49586.338,1.006
49586.358,1.000
49586.378,1.008
49586.398,1.002
49586.418,1.006
49586.438,1.007
49586.458,1.003
49586.478,1.005
49586.498,1.004
49586.518,1.006
49586.538,1.008
49586.558,1.004
49586.578,1.007
49586.598,1.005
49586.618,1.003
49586.638,1.004
49586.658,1.005
49586.678,1.005
49586.698,1.005
49586.718,1.005
49586.738,1.005
49586.758,1.008
49586.778,1.005
49586.798,1.004
49586.818,1.004
49586.838,1.004
49586.858,1.004
49586.878,1.006
49586.898,1.002
49586.918,1.005
49586.938,1.007
49586.958,1.004
49586.978,1.006
49586.998,1.007
49587.018,1.002
49587.038,1.005
49587.058,1.006
49587.078,1.005
49587.098,1.005
49587.118,1.003
49587.138,1.006
49587.158,1.007
49587.178,1.004
49587.198,1.005
49587.218,1.004
49587.238,1.007
49587.258,1.004
49587.278,1.007
49587.298,1.008
49587.318,1.006
49587.338,1.005
49587.358,1.003
49587.378,1.003
49587.398,1.006
49587.418,1.004
49587.438,1.003
49587.458,1.006
49587.478,1.006
49587.498,1.003
49587.518,1.007
49587.538,1.003
49587.558,1.007
49587.578,1.008
49587.598,1.000
49587.618,1.006
49587.638,1.006
49587.658,1.002
49587.678,1.007
49587.698,1.005
49587.718,1.002
49587.738,1.005
49587.758,1.001
49587.778,1.004
49587.798,1.005
49587.818,1.005
49587.838,1.008
49587.858,1.006
49587.878,1.003
49587.898,1.004
49587.918,1.005
49587.938,1.004
49587.958,1.007
49587.978,1.007
49587.998,1.007
49588.018,1.006
49588.038,1.006
49588.058,1.003
49588.078,1.005
49588.098,1.005
49588.118,1.003
49588.138,1.005
49588.158,1.005
49588.178,1.003
49588.198,1.005
49588.218,1.006
49588.238,1.004
49588.258,1.007
49588.278,1.005
49588.298,1.006
49588.318,1.006
49588.338,1.005
49588.358,1.004
49588.378,1.007
49588.398,1.007
49588.418,1.005
49588.438,1.004
49588.458,1.006
49588.478,1.005
49588.498,1.005
49588.518,1.005
49588.538,1.009
49588.558,1.006
49588.578,1.002
49588.598,1.002
49588.618,1.003
49588.638,1.014
49588.658,0.996
49588.678,1.001
49588.698,1.014
49588.718,0.999
49588.738,1.008
49588.758,1.008
49588.778,1.003
49588.798,1.008
49588.818,1.000
49588.838,1.004
49588.858,1.006
49588.878,1.001
49588.898,1.006
49588.918,1.006
49588.938,1.001
49588.958,1.006
49588.978,1.009
49588.998,1.007
49589.018,1.003
49589.038,1.005
49589.058,1.005
49589.078,1.001
49589.098,1.004
49589.118,1.004
49589.138,1.005
49589.158,1.004
49589.178,1.003
49589.198,1.004
49589.218,1.006
49589.238,1.006
49589.258,1.004
49589.278,1.001
49589.298,1.007
49589.318,1.002
49589.338,1.004
49589.358,1.006
49589.378,1.006
49589.398,1.006
49589.418,1.005
49589.438,1.005
49589.458,1.009
49589.478,1.002
49589.498,1.007
49589.518,1.006
49589.538,1.005
49589.558,1.005
49589.578,1.003
49589.598,1.006
49589.618,1.003
49589.638,1.007
49589.658,1.004
49589.678,1.006
49589.698,1.004
49589.718,1.004
49589.738,1.006
49589.758,1.006
49589.778,1.005
49589.798,1.007
49589.818,1.004
49589.838,1.002
49589.858,1.006
49589.878,1.007
49589.898,1.004
49589.918,1.003
49589.938,1.003
49589.958,1.004
49589.978,1.006
49589.998,1.005
49590.018,1.006
49590.038,1.004
49590.058,1.006
49590.078,1.006
49590.098,1.005
49590.118,1.005
49590.138,1.004
49590.158,1.005
49590.178,1.003
49590.198,1.006
49590.218,1.005
49590.238,1.006
49590.258,1.004
49590.278,1.004
49590.298,1.005
49590.318,1.004
49590.338,1.002
49590.358,1.005
49590.378,1.007
49590.398,1.005
49590.418,1.005
49590.438,1.006
49590.458,1.003
49590.478,1.007
49590.498,1.002
49590.518,1.005
49590.538,1.005
49590.558,1.004
49590.578,1.003
49590.598,1.004
49590.618,1.002
49590.638,1.003
49590.658,1.002
49590.678,1.004
49590.698,1.002
49590.718,1.006
49590.738,1.004
49590.758,1.006
49590.778,1.006
49590.798,1.002
49590.818,1.004
49590.838,1.004
49590.858,1.003
49590.878,1.006
49590.898,1.003
49590.918,1.006
49590.938,1.003
49590.958,1.005
49590.978,0.993
49590.998,1.010
49591.018,1.017
49591.038,1.009
49591.058,1.005
49591.078,1.007
49591.098,1.004
49591.118,1.002
49591.138,1.007
49591.158,1.003
49591.178,1.003
49591.198,1.006
49591.218,1.005
49591.238,1.004
49591.258,1.005
49591.278,1.004
49591.298,1.005
49591.318,1.007
49591.338,1.005
49591.358,1.004
49591.378,1.003
49591.398,1.004
49591.418,1.006
49591.438,1.000
49591.458,1.003
49591.478,1.008
49591.498,1.003
49591.518,0.999
49591.538,1.012
49591.558,1.002
49591.578,0.997
49591.598,1.006
49591.618,0.998
49591.638,1.004
49591.658,1.004
49591.678,1.001
49591.698,1.004
49591.718,1.003
49591.738,1.007
49591.758,1.005
49591.778,1.007
49591.798,1.006
49591.818,1.002
49591.838,1.009
49591.858,1.005
49591.878,1.005
49591.898,1.006
49591.918,1.002
49591.938,1.006
49591.958,1.003
49591.978,1.003
49591.998,1.007
49592.018,1.003
49592.038,1.007
49592.058,1.003
49592.078,1.008
49592.098,1.006
49592.118,1.005
49592.138,1.008
49592.158,1.003
49592.178,1.005
49592.198,1.006
49592.218,1.005
49592.238,1.004
49592.258,1.003
49592.278,1.003
49592.298,1.002
49592.318,1.005
49592.338,1.005
49592.358,1.003
49592.378,1.004
49592.398,1.005
49592.418,1.004
49592.438,1.005
49592.458,1.004
49592.478,1.004
49592.498,1.006
49592.518,1.003
49592.538,1.001
49592.558,1.006
49592.578,1.003
49592.598,1.006
49592.618,1.005
49592.638,1.004
49592.658,1.006
49592.678,1.004
49592.698,1.006
49592.718,1.004
49592.738,1.007
49592.758,1.005
49592.778,1.005
49592.798,1.006
49592.818,1.006
49592.838,1.004
49592.858,1.003
49592.878,1.004
49592.898,1.005
49592.918,1.005
49592.938,1.006
49592.958,1.006
49592.978,1.005
49592.998,1.006
49593.018,1.004
49593.038,1.003
49593.058,1.003
49593.078,1.006
49593.098,1.005
49593.118,1.005
49593.138,1.005
49593.158,1.005
49593.178,1.004
49593.198,1.006
49593.218,1.004
49593.238,1.005
49593.258,1.004
49593.278,1.004
49593.298,1.003
49593.318,1.004
49593.338,1.006
49593.358,1.005
49593.378,1.005
49593.398,1.004
49593.418,1.005
49593.438,1.002
49593.458,1.004
49593.478,1.006
49593.498,1.005
49593.518,1.004
49593.538,1.009
49593.558,1.005
49593.578,1.006
49593.598,1.006
49593.618,1.005
49593.638,1.007
49593.658,1.005
49593.678,1.004
49593.698,1.005
49593.718,1.004
49593.738,1.004
49593.758,1.006
49593.778,1.003
49593.798,1.005
49593.818,1.007
49593.838,1.005
49593.858,1.005
49593.878,1.009
49593.898,1.003
49593.918,1.006
49593.938,1.004
49593.958,1.004
49593.978,1.006
49593.998,1.003
49594.018,1.008
49594.038,1.004
49594.058,1.003
49594.078,1.005
49594.098,1.001
49594.118,1.002
49594.138,1.005
49594.158,1.004
49594.178,1.004
49594.198,1.002
49594.218,1.005
49594.238,1.004
49594.258,1.008
49594.278,1.000
49594.298,1.004
49594.318,1.007
49594.338,1.003
49594.358,1.007
49594.378,1.005
49594.398,1.002
49594.418,1.006
49594.438,1.004
49594.458,1.005
49594.478,1.006
49594.498,1.006
49594.518,1.006
49594.538,1.003
49594.558,1.009
49594.578,1.001
49594.598,1.002
49594.618,1.008
49594.638,1.005
49594.658,1.005
49594.678,1.006
49594.698,1.003
49594.718,1.005
49594.738,1.005
49594.758,1.004
49594.778,1.007
49594.798,1.007
49594.818,1.006
49594.838,1.006
49594.858,1.004
49594.878,1.002
49594.898,1.006
49594.918,1.005
49594.938,1.006
49594.958,1.007
49594.978,1.004
49594.998,1.006
49595.018,1.005
49595.038,1.004
49595.058,1.008
49595.078,1.006
49595.098,1.002
49595.118,1.006
49595.138,1.004
49595.158,1.003
49595.178,1.004
49595.198,1.007
49595.218,1.004
49595.238,1.006
49595.258,1.002
49595.278,1.004
49595.298,1.006
49595.318,1.004
49595.338,1.006
49595.358,1.007
49595.378,1.004
49595.398,1.002
49595.418,1.007
49595.438,1.005
49595.458,1.003
49595.478,1.008
49595.498,1.006
49595.518,1.005
49595.538,1.006
49595.558,1.003
49595.578,1.005
49595.598,1.007
49595.618,1.007
49595.638,1.006
49595.658,1.004
49595.678,1.004
49595.698,1.004
49595.718,1.005
49595.738,1.006
49595.758,1.005
49595.778,1.007
49595.798,1.006
49595.818,1.005
49595.838,1.005
49595.858,1.004
49595.878,1.003
49595.898,1.004
49595.918,1.003
49595.938,1.008
49595.958,1.002
49595.978,1.004
49595.998,1.005
49596.018,1.004
49596.038,1.004
49596.058,1.004
49596.078,1.006
49596.098,1.004
49596.118,1.006
49596.138,1.004
49596.158,1.005
49596.178,1.002
49596.198,1.004
49596.218,1.006
49596.238,1.004
49596.258,1.006
49596.278,1.006
49596.298,1.006
49596.318,1.006
49596.338,1.006
49596.358,1.003
49596.378,1.002
49596.398,1.004
49596.418,1.002
49596.438,1.003
49596.458,1.004
49596.478,1.003
49596.498,1.006
49596.518,1.006
49596.538,1.005
49596.558,1.004
49596.578,1.005
49596.598,1.004
49596.618,1.005
49596.638,1.006
49596.658,1.002
49596.678,1.007
49596.698,1.006
49596.718,1.002
49596.738,1.005
49596.758,1.003
49596.778,1.005
49596.798,1.005
49596.818,1.005
49596.838,1.005
49596.858,1.006
49596.878,1.004
49596.898,1.005
49596.918,1.003
49596.938,1.004
49596.958,1.007
49596.978,1.003
49596.998,1.006
49597.018,1.005
49597.038,1.007
49597.058,1.006
49597.078,1.003
49597.098,1.005
49597.118,1.005
49597.138,1.006
49597.158,1.006
49597.178,1.004
49597.198,1.007
49597.218,1.004
49597.238,1.005
49597.258,1.004
49597.278,1.005
49597.298,1.003
49597.318,1.006
49597.338,1.003
49597.358,1.005
49597.378,1.006
49597.398,1.004
49597.418,1.002
49597.438,1.006
49597.458,1.005
49597.478,1.005
49597.498,1.004
49597.518,1.004
49597.538,1.005
49597.558,1.004
49597.578,1.003
49597.598,1.004
49597.618,1.006
49597.638,1.008
49597.658,1.006
49597.678,1.006
49597.698,1.005
49597.718,1.006
49597.738,1.006
49597.758,1.006
49597.778,1.003
49597.798,1.004
49597.818,1.005
49597.838,1.008
49597.858,1.003
49597.878,1.006
49597.898,1.004
49597.918,1.003
49597.938,1.006
49597.958,1.000
49597.978,1.010
49597.998,1.003
49598.018,1.004
49598.038,1.006
49598.058,1.005
49598.078,1.009
49598.098,1.002
49598.118,1.005
49598.138,1.001
49598.158,1.003
49598.178,1.008
49598.198,1.003
49598.218,1.007
49598.238,1.005
49598.258,1.005
49598.278,1.005
49598.298,1.003
49598.318,1.006
49598.338,1.002
49598.358,1.007
49598.378,1.005
49598.398,1.004
49598.418,1.007
49598.438,1.004
49598.458,1.006
49598.478,1.006
49598.498,1.004
49598.518,1.004
49598.538,1.006
49598.558,1.007
49598.578,1.005
49598.598,1.005
49598.618,1.005
49598.638,1.004
49598.658,1.004
49598.678,1.002
49598.698,1.005
49598.718,1.004
49598.738,1.003
49598.758,1.004
49598.778,1.006
49598.798,1.005
49598.818,1.006
49598.838,1.004
49598.858,1.003
49598.878,1.007
49598.898,1.006
49598.918,1.006
49598.938,1.002
49598.958,1.007
49598.978,1.003
49598.998,1.006
49599.018,1.004
49599.038,1.002
49599.058,1.007
49599.078,1.004
49599.098,1.006
49599.118,1.003
49599.138,1.005
49599.158,1.006
49599.178,1.004
49599.198,1.005
49599.218,1.003
49599.238,1.002
49599.258,1.009
49599.278,1.005
49599.298,1.005
49599.318,1.006
49599.338,1.003
49599.358,1.005
49599.378,1.004
49599.398,1.006
49599.418,1.007
49599.438,1.005
49599.458,1.004
49599.478,1.003
49599.498,1.006
49599.518,1.006
49599.538,1.005
49599.558,1.003
49599.578,1.004
49599.598,1.006
49599.618,1.003
49599.638,1.006
49599.658,1.006
49599.678,1.002
49599.698,1.003
49599.718,1.006
49599.738,1.004
49599.758,1.005
49599.778,1.001
49599.798,1.006
49599.818,1.004
49599.838,1.004
49599.858,1.004
49599.878,1.004
49599.898,1.005
49599.918,1.006
49599.938,1.007
49599.958,1.006
49599.978,1.004
49599.998,1.005
49600.018,1.004
49600.038,1.002
49600.058,1.005
49600.078,1.002
49600.098,1.007
49600.118,1.005
49600.138,1.008
49600.158,1.002
49600.178,1.005
49600.198,1.005
49600.218,1.004
49600.238,1.006
49600.258,1.006
49600.278,1.005
49600.298,1.006
49600.318,1.004
49600.338,1.003
49600.358,1.006
49600.378,1.006
49600.398,1.005
49600.418,1.004
49600.438,1.005
49600.458,1.004
49600.478,1.004
49600.498,1.005
49600.518,1.008
49600.538,1.005
49600.558,1.002
49600.578,1.004
49600.598,1.003
49600.618,1.004
49600.638,1.006
49600.658,1.005
49600.678,1.003
49600.698,1.004
49600.718,1.002
49600.738,1.007
49600.758,1.004
49600.778,1.000
49600.798,1.003
49600.818,1.006
49600.838,1.003
49600.858,1.005
49600.878,1.002
49600.898,1.004
49600.918,1.007
49600.938,1.005
49600.958,1.003
49600.978,1.011
49600.998,1.005
49601.018,1.010
49601.038,1.006
49601.058,1.004
49601.078,1.008
49601.098,1.005
49601.118,1.008
49601.138,1.003
49601.158,1.006
49601.178,1.008
49601.198,1.003
49601.218,1.004
49601.238,1.004
49601.258,1.004
49601.278,1.008
49601.298,1.003
49601.318,1.004
49601.338,1.004
49601.358,1.005
49601.378,1.008
49601.398,1.006
49601.418,1.005
49601.438,1.007
49601.458,1.004
49601.478,1.004
49601.498,1.005
49601.518,1.000
49601.538,1.007
49601.558,1.006
49601.578,1.000
49601.598,1.007
49601.618,1.002
49601.638,1.001
49601.658,1.004
49601.678,1.003
49601.698,1.007
49601.718,1.006
49601.738,1.005
49601.758,1.007
49601.778,1.006
49601.798,1.004
49601.818,1.005
49601.838,1.004
49601.858,1.007
49601.878,1.004
49601.898,1.006
49601.918,1.005
49601.938,1.003
49601.958,1.003
49601.978,1.004
49601.998,1.005
49602.018,1.006
49602.038,1.004
49602.058,1.006
49602.078,1.003
49602.098,1.005
49602.118,1.006
49602.138,1.004
49602.158,1.006
49602.178,1.003
49602.198,1.002
49602.218,1.006
49602.238,1.004
49602.258,1.005
49602.278,1.005
49602.298,1.004
49602.318,1.005
49602.338,1.005
49602.358,1.007
49602.378,1.005
49602.398,1.006
49602.418,1.005
49602.438,1.004
49602.458,1.006
49602.478,1.006
49602.498,1.006
49602.518,1.006
49602.538,1.004
49602.558,1.005
49602.578,1.004
49602.598,1.006
49602.618,1.005
49602.638,1.006
49602.658,1.005
49602.678,1.006
49602.698,1.004
49602.718,1.003
49602.738,1.006
49602.758,1.007
49602.778,1.005
49602.798,1.006
49602.818,1.005
49602.838,1.007
49602.858,1.006
49602.878,1.005
49602.898,1.006
49602.918,1.006
49602.938,1.005
49602.958,1.009
49602.978,1.004
49602.998,1.007
49603.018,1.005
49603.038,1.003
49603.058,1.009
49603.078,1.004
49603.098,1.005
49603.118,1.003
49603.138,1.004
49603.158,1.004
49603.178,1.004
49603.198,1.003
49603.218,1.007
49603.238,1.005
49603.258,1.005
49603.278,1.004
49603.298,1.006
49603.318,1.003
49603.338,1.005
49603.358,1.003
49603.378,1.006
49603.398,1.006
49603.418,1.002
49603.438,1.006
49603.458,1.006
49603.478,1.004
49603.498,1.004
49603.518,1.005
49603.538,1.006
49603.558,1.005
49603.578,1.005
49603.598,1.005
49603.618,1.004
49603.638,1.006
49603.658,1.003
49603.678,1.005
49603.698,1.004
49603.718,1.005
49603.738,1.006
49603.758,1.004
49603.778,1.006
49603.798,1.006
49603.818,1.004
49603.838,1.004
49603.858,1.003
49603.878,1.005
49603.898,1.006
49603.918,1.004
49603.938,1.005
49603.958,1.005
49603.978,1.005
49603.998,1.005
49604.018,1.004
49604.038,1.004
49604.058,1.005
49604.078,1.006
49604.098,1.003
49604.118,1.004
49604.138,1.004
49604.158,1.004
49604.178,1.005
49604.198,1.003
49604.218,1.003
49604.238,1.004
49604.258,1.005
49604.278,1.007
49604.298,1.004
49604.318,1.005
49604.338,1.001
49604.358,1.006
49604.378,1.006
49604.398,1.005
49604.418,1.005
49604.438,1.004
49604.458,1.007
49604.478,1.006
49604.498,1.004
49604.518,1.004
49604.538,1.005
49604.558,1.003
49604.578,1.005
49604.598,1.004
49604.618,1.007
49604.638,1.003
49604.658,1.005
49604.678,1.005
49604.698,1.005
49604.718,1.008
49604.738,1.004
49604.758,1.006
49604.778,1.005
49604.798,1.006
49604.818,1.007
49604.838,1.006
49604.858,1.006
49604.878,1.004
49604.898,1.006
49604.918,1.006
49604.938,1.003
49604.958,1.005
49604.978,1.005
49604.998,1.004
49605.018,1.004
49605.038,1.007
49605.058,1.005
49605.078,1.007
49605.098,1.004
49605.118,1.005
49605.138,1.003
49605.158,1.005
49605.178,1.004
49605.198,1.005
49605.218,1.005
49605.238,1.005
49605.258,1.003
49605.278,1.004
49605.298,1.005
49605.318,1.004
49605.338,1.004
49605.358,1.007
49605.378,1.004
49605.398,1.004
49605.418,1.005
49605.438,1.004
49605.458,1.004
49605.478,1.005
49605.498,1.006
49605.518,1.005
49605.538,1.004
49605.558,1.007
49605.578,1.003
49605.598,1.006
49605.618,1.004
49605.638,1.007
49605.658,1.005
49605.678,1.007
49605.698,1.007
49605.718,1.004
49605.738,1.005
49605.758,1.004
49605.778,1.003
49605.798,1.006
49605.818,1.004
49605.838,1.004
49605.858,1.007
49605.878,1.004
49605.898,1.005
49605.918,1.004
49605.938,1.005
49605.958,1.002
49605.978,1.002
49702.538,1.099
49702.558,0.991
49702.578,1.045
49702.598,1.025
49702.618,1.010
49702.638,1.011
49702.658,1.008
49702.678,1.013
49702.698,1.004
49702.718,1.003
49702.738,1.002
49702.758,0.994
49702.778,1.000
49702.798,0.989
49702.818,1.005
49702.838,1.005
49702.858,1.004
49702.878,1.003
49702.898,1.001
49702.918,1.002
49702.938,1.006
49702.958,1.004
49702.978,1.003
49702.998,1.009
49703.018,1.005
49703.038,1.007
49703.058,1.005
49703.078,1.008
49703.098,1.006
49703.118,1.008
49703.138,1.004
49703.158,1.004
49703.178,1.005
49703.198,1.003
49703.218,1.002
49703.238,1.006
49703.258,1.005
49703.278,1.007
49703.298,1.005
49703.318,1.005
49703.338,1.004
49703.358,1.004
49703.378,1.004
49703.398,1.004
49703.418,1.003
49703.438,1.007
49703.458,1.007
49703.478,1.004
49703.498,1.003
49703.518,1.005
49703.538,1.006
49703.558,1.004
49703.578,1.005
49703.598,1.005
49703.618,1.005
49703.638,1.006
49703.658,1.005
49703.678,1.004
49703.698,1.003
49703.718,1.004
49703.738,1.006
49703.758,1.000
49703.778,1.017
49703.798,0.999
49703.818,1.004
49703.838,1.002
49703.858,1.010
49703.878,1.004
49703.898,0.997
49703.918,1.012
49703.938,0.999
49703.958,1.003
49703.978,1.004
49703.998,0.999
49704.018,1.007
49704.038,1.004
49704.058,1.003
49704.078,1.005
49704.098,1.003
49704.118,1.003
49704.138,1.006
49704.158,1.006
49704.178,1.003
49704.198,1.005
49704.218,1.007
49704.238,1.003
49704.258,1.007
49704.278,1.004
49704.298,1.006
49704.318,1.003
49704.338,1.008
49704.358,1.003
49704.378,1.006
49704.398,1.005
49704.418,1.005
49704.438,1.005
49704.458,1.007
49704.478,1.004
49704.498,1.005
49704.518,1.002
49704.538,1.007
49704.558,1.005
49704.578,1.004
49704.598,1.006
49704.618,1.003
49704.638,1.005
49704.658,1.007
49704.678,1.006
49704.698,1.005
49704.718,1.002
49704.738,1.003
49704.758,1.001
49704.778,1.003
49704.798,1.006
49704.818,1.002
49704.838,1.003
49704.858,1.001
49704.878,1.006
49704.898,1.004
49704.918,1.004
49704.938,1.004
49704.958,1.007
49704.978,1.008
49704.998,1.004
49705.018,1.006
49705.038,1.006
49705.058,1.003
49705.078,1.005
49705.098,1.005
49705.118,1.005
49705.138,1.006
49705.158,1.006
49705.178,1.004
49705.198,1.004
49705.218,1.004
49705.238,1.006
49705.258,1.004
49705.278,1.004
49705.298,1.004
49705.318,1.006
49705.338,1.003
49705.358,1.006
49705.378,1.007
49705.398,1.003
49705.418,1.005
49705.438,1.003
49705.458,1.008
49705.478,1.008
49705.498,1.004
49705.518,1.004
49705.538,1.004
49705.558,1.005
49705.578,1.002
49705.598,1.008
49705.618,1.004
49705.638,1.005
49705.658,1.005
49705.678,1.004
49705.698,1.005
49705.718,1.006
49705.738,1.005
49705.758,1.008
49705.778,1.005
49705.798,1.005
49705.818,1.004
49705.838,1.005
49705.858,1.003
49705.878,1.002
49705.898,1.007
49705.918,1.005
49705.938,1.003
49705.958,1.004
49705.978,1.004
49705.998,1.006
49706.018,1.004
49706.038,1.004
49706.058,1.003
49706.078,1.004
49706.098,1.006
49706.118,1.005
49706.138,1.003
49706.158,1.007
49706.178,1.005
49706.198,1.005
49706.218,1.005
49706.238,1.004
49706.258,1.009
49706.278,1.003
49706.298,1.004
49706.318,1.006
49706.338,1.004
49706.358,1.006
49706.378,1.007
49706.398,1.005
49706.418,1.006
49706.438,1.004
49706.458,1.007
49706.478,1.006
49706.498,1.006
49706.518,1.004
49706.538,1.003
49706.558,1.006
49706.578,1.006
49706.598,1.004
49706.618,1.002
49706.638,1.007
49706.658,1.003
49706.678,1.004
49706.698,1.003
49706.718,1.004
49706.738,1.003
49706.758,1.005
49706.778,1.005
49706.798,1.004
49706.818,1.004
49706.838,1.006
49706.858,1.006
49706.878,1.005
49706.898,1.004
49706.918,1.005
49706.938,1.005
49706.958,1.003
49706.978,1.003
49706.998,1.007
49707.018,1.005
49707.038,1.005
49707.058,1.005
49707.078,1.003
49707.098,1.003
49707.118,1.006
49707.138,1.005
49707.158,1.006
49707.178,1.005
49707.198,1.004
49707.218,1.004
49707.238,1.005
49707.258,1.006
49707.278,1.007
49707.298,1.006
49707.318,1.007
49707.338,1.003
49707.358,1.002
49707.378,1.008
49707.398,1.004
49707.418,1.005
49707.438,1.004
49707.458,1.006
49707.478,1.004
49707.498,1.004
49707.518,1.003
49707.538,1.004
49707.558,1.007
49707.578,1.006
49707.598,1.002
49707.618,1.003
49707.638,1.005
49707.658,1.005
49707.678,1.006
49707.698,1.002
49707.718,1.005
49707.738,1.005
49707.758,1.004
49707.778,1.004
49707.798,1.002
49707.818,1.005
49707.838,1.004
49707.858,1.004
49707.878,1.007
49707.898,1.006
49707.918,1.005
49707.938,1.005
49707.958,1.004
49707.978,1.003
49707.998,1.005
49708.018,1.005
49708.038,1.006
49708.058,1.005
49708.078,1.006
49708.098,1.005
49708.118,1.004
49708.138,1.004
49708.158,1.007
49708.178,1.004
49708.198,1.003
49708.218,1.005
49708.238,1.005
49708.258,1.003
49708.278,1.006
49708.298,1.006
49708.318,1.004
49708.338,1.005
49708.358,1.004
49708.378,1.005
49708.398,1.003
49708.418,1.004
49708.438,1.006
49708.458,1.005
49708.478,1.006
49708.498,1.006
49708.518,1.003
49708.538,1.005
49708.558,1.003
49708.578,1.006
49708.598,1.004
49708.618,1.004
49708.638,1.004
49708.658,1.005
49708.678,1.003
49708.698,1.003
49708.718,1.007
49708.738,1.007
49708.758,1.006
49708.778,1.004
49708.798,1.003
49708.818,1.002
49708.838,1.007
49708.858,1.004
49708.878,1.005
49708.898,1.005
49708.918,1.003
49708.938,1.005
49708.958,1.005
49708.978,1.005
49708.998,1.004
49709.018,1.004
49709.038,1.002
49709.058,1.001
49709.078,1.001
49709.098,1.000
49709.118,1.001
49709.138,1.007
49709.158,1.000
49709.178,1.007
49709.198,1.003
49709.218,1.006
49709.238,1.006
49709.258,1.003
49709.278,1.005
49709.298,1.006
49709.318,1.008
49709.338,1.008
49709.358,1.004
49709.378,1.006
49709.398,1.003
49709.418,1.005
49709.438,1.005
49709.458,1.005
49709.478,1.003
49709.498,1.004
49709.518,1.007
49709.538,1.005
49709.558,1.005
49709.578,1.003
49709.598,1.005
49709.618,1.005
49709.638,1.003
49709.658,1.005
49709.678,1.004
49709.698,1.007
49709.718,1.005
49709.738,1.005
49709.758,1.005
49709.778,1.009
49709.798,1.004
49709.818,1.004
49709.838,1.004
49709.858,1.005
49709.878,1.004
49709.898,1.002
49709.918,1.006
49709.938,1.005
49709.958,1.009
49709.978,1.008
49709.998,1.031
49710.018,0.997
49710.038,1.005
49710.058,0.995
49710.078,1.012
49710.098,1.002
49710.118,1.006
49710.138,1.003
49710.158,1.002
49710.178,1.005
49710.198,1.004
49710.218,1.003
49710.238,1.004
49710.258,1.004
49710.278,1.004
49710.298,1.005
49710.318,1.005
49710.338,1.004
49710.358,0.995
49710.378,0.986
49710.398,1.000
49710.418,1.001
49710.438,1.001
49710.458,1.012
49710.478,1.013
49710.498,1.009
49710.518,1.005
49710.538,0.996
49710.558,1.012
49710.578,0.997
49710.598,1.003
49710.618,1.009
49710.638,1.005
49710.658,1.003
49710.678,1.006
49710.698,1.006
49710.718,1.005
49710.738,1.006
49710.758,1.008
49710.778,1.005
49710.798,1.005
49710.818,0.998
49710.838,1.001
49710.858,0.998
49710.878,1.009
49710.898,1.005
49710.918,1.005
49710.938,1.013
49710.958,1.006
49710.978,1.002
49710.998,1.010
49711.018,1.005
49711.038,1.009
49711.058,1.010
49711.078,1.004
49711.098,1.006
49711.118,1.005
49711.138,1.003
49711.158,0.998
49711.178,1.006
49711.198,1.006
49711.218,1.006
49711.238,1.008
49711.258,1.005
49711.278,1.004
49711.298,1.007
49711.318,1.006
49711.338,1.002
49711.358,1.010
49711.378,1.003
49711.398,1.006
49711.418,1.007
49711.438,0.996
49711.458,1.004
49711.478,1.003
49711.498,1.008
49711.518,1.001
49711.538,1.009
49711.558,1.005
49711.578,1.001
49711.598,1.005
49711.618,1.003
49711.638,1.002
49711.658,1.007
49711.678,1.004
49711.698,1.005
49711.718,1.004
49711.738,1.003
49711.758,1.005
49711.778,1.004
49711.798,1.004
49711.818,1.007
49711.838,1.004
49711.858,1.005
49711.878,1.005
49711.898,1.002
49711.918,1.004
49711.938,1.005
49711.958,1.007
49711.978,1.011
49711.998,1.013
49712.018,1.005
49712.038,1.009
49712.058,0.999
49712.078,1.008
49712.098,1.003
49712.118,1.002
49712.138,1.007
49712.158,1.006
49712.178,1.005
49712.198,1.003
49712.218,1.004
49712.238,1.004
49712.258,1.002
49712.278,0.994
49712.298,1.010
49712.318,1.005
49712.338,1.006
49712.358,1.003
49712.378,1.006
49712.398,1.002
49712.418,1.001
49712.438,1.004
49712.458,1.006
49712.478,1.003
49712.498,1.005
49712.518,1.003
49712.538,1.007
49712.558,0.997
49712.578,1.005
49712.598,1.001
49712.618,1.007
49712.638,1.009
49712.658,1.009
49712.678,1.009
49712.698,1.004
49712.718,1.007
49712.738,1.006
49712.758,1.003
49712.778,1.006
49712.798,1.003
49712.818,1.002
49712.838,1.009
49712.858,1.007
49712.878,1.003
49712.898,1.008
49712.918,1.008
49712.938,1.004
49712.958,1.004
49712.978,1.001
49712.998,1.006
49713.018,1.005
49713.038,1.006
49713.058,1.000
49713.078,1.006
49713.098,1.005
49713.118,1.002
49713.138,1.005
49713.158,1.005
49713.178,1.005
49713.198,0.994
49713.218,1.014
49713.238,0.998
49713.258,1.005
49713.278,1.012
49713.298,1.006
49713.318,0.991
49713.338,1.003
49713.358,1.003
49713.378,1.005
49713.398,1.003
49713.418,1.007
49713.438,1.002
49713.458,1.004
49713.478,1.009
49713.498,1.006
49713.518,1.005
49713.538,1.005
49713.558,1.005
49713.578,0.985
49713.598,0.962
49713.618,0.983
49713.638,1.012
49713.658,1.002
49713.678,1.009
49713.698,1.009
49713.718,1.008
49713.738,1.005
49713.758,1.003
49713.778,1.006
49713.798,1.008
49713.818,1.001
49713.838,1.006
49713.858,1.003
49713.878,1.004
49713.898,1.004
49713.918,1.006
49713.938,1.006
49713.958,1.012
49713.978,1.008
49713.998,0.999
49714.018,1.004
49714.038,1.008
49714.058,1.005
49714.078,1.006
49714.098,1.007
49714.118,1.015
49714.138,1.042
49714.158,0.966
49714.178,0.993
49714.198,1.006
49714.218,1.013
49714.238,1.006
49714.258,1.004
49714.278,1.002
49714.298,1.002
49714.318,1.008
49714.338,1.005
49714.358,1.001
49714.378,1.002
49714.398,1.006
49714.418,1.008
49714.438,1.003
49714.458,1.013
49714.478,1.004
49714.498,1.001
49714.518,1.005
49714.538,1.002
49714.558,1.003
49714.578,1.009
49714.598,1.005
49714.618,1.003
49714.638,1.004
49714.658,1.005
49714.678,1.007
49714.698,1.008
49714.718,1.004
49714.738,1.000
49714.758,1.009
49714.778,1.001
49714.798,1.003
49714.818,1.006
49714.838,1.005
49714.858,1.005
49714.878,1.006
49714.898,1.005
49714.918,1.003
49714.938,1.004
49714.958,1.005
49714.978,1.001
49714.998,1.004
49715.018,1.006
49715.038,1.005
49715.058,1.007
49715.078,1.007
49715.098,1.002
49715.118,1.001
49715.138,1.003
49715.158,1.002
49715.178,1.003
49715.198,1.006
49715.218,1.004
49715.238,1.006
49715.258,1.007
49715.278,1.004
49715.298,1.005
49715.318,1.002
49715.338,1.005
49715.358,1.004
49715.378,1.007
49715.398,1.006
49715.418,1.006
49715.438,1.002
49715.458,1.005
49715.478,1.004
49715.498,1.006
49715.518,1.004
49715.538,1.003
49715.558,1.005
49715.578,1.006
49715.598,1.004
49715.618,1.003
49715.638,1.006
49715.658,1.007
49715.678,1.006
49715.698,1.005
49715.718,1.003
49715.738,1.006
49715.758,1.004
49715.778,1.006
49715.798,1.003
49715.818,1.004
49715.838,1.003
49715.858,1.003
49715.878,1.010
49715.898,1.008
49715.918,1.004
49715.938,1.000
49715.958,1.009
49715.978,1.009
49715.998,1.009
49716.018,1.004
49716.038,1.007
49716.058,1.003
49716.078,0.999
49716.098,1.007
49716.118,1.004
49716.138,1.004
49716.158,1.005
49716.178,1.005
49716.198,1.002
49716.218,1.006
49716.238,1.003
49716.258,1.003
49716.278,1.007
49716.298,1.007
49716.318,1.003
49716.338,1.008
49716.358,1.007
49716.378,1.004
49716.398,1.000
49716.418,1.007
49716.438,1.003
49716.458,1.004
49716.478,1.004
49716.498,1.004
49716.518,1.006
49716.538,1.006
49716.558,1.003
49716.578,1.003
49716.598,1.004
49716.618,1.004
49716.638,1.005
49716.658,1.005
49716.678,1.009
49716.698,1.000
49716.718,1.008
49716.738,1.005
49716.758,1.005
49716.778,1.006
49716.798,1.003
49716.818,1.008
49716.838,1.005
49716.858,1.005
49716.878,1.005
49716.898,1.004
49716.918,1.005
49716.938,1.002
49716.958,1.005
49716.978,1.005
49716.998,1.006
49717.018,1.003
49717.038,1.004
49717.058,1.003
49717.078,1.004
49717.098,1.005
49717.118,1.005
49717.138,1.002
49717.158,1.006
49717.178,1.004
49717.198,1.007
49717.218,1.006
49717.238,1.006
49717.258,1.006
49717.278,1.006
49717.298,1.005
49717.318,1.003
49717.338,1.005
49717.358,1.006
49717.378,1.003
49717.398,1.006
49717.418,1.005
49717.438,1.006
49717.458,1.007
49717.478,1.006
49717.498,1.005
49717.518,1.004
49717.538,1.004
49717.558,1.005
49717.578,1.003
49717.598,1.001
49717.618,1.002
49717.638,1.004
49717.658,1.004
49717.678,1.004
49717.698,1.002
49717.718,1.007
49717.738,1.006
49717.758,1.005
49717.778,1.007
49717.798,1.006
49717.818,1.005
49717.838,1.005
49717.858,1.005
49717.878,1.004
49717.898,1.004
49717.918,1.005
49717.938,1.003
49717.958,1.005
49717.978,1.005
49717.998,1.006
49718.018,1.006
49718.038,1.004
49718.058,1.006
49718.078,1.006
49718.098,1.004
49718.118,1.006
49718.138,1.004
49718.158,1.004
49718.178,1.007
49718.198,1.002
49718.218,1.006
49718.238,1.007
49718.258,1.005
49718.278,1.003
49718.298,1.005
49718.318,1.003
49718.338,1.004
49718.358,1.004
49718.378,1.002
49718.398,1.005
49718.418,1.004
49718.438,1.004
49718.458,1.004
49718.478,1.007
49718.498,1.004
49718.518,1.007
49718.538,1.003
49718.558,1.005
49718.578,1.003
49718.598,1.005
49718.618,1.004
49718.638,1.006
49718.658,1.004
49718.678,1.005
49718.698,1.007
49718.718,1.003
49718.738,1.003
49718.758,1.003
49718.778,1.005
49718.798,1.006
49718.818,1.007
49718.838,1.005
49718.858,1.005
49718.878,1.007
49718.898,1.005
49718.918,1.005
49718.938,1.005
49718.958,1.005
49718.978,1.007
49718.998,1.004
49719.018,1.004
49719.038,1.006
49719.058,1.004
49719.078,1.002
49719.098,1.005
49719.118,1.006
49719.138,1.006
49719.158,1.002
49719.178,1.005
49719.198,1.007
49719.218,1.006
49719.238,1.004
49719.258,1.005
49719.278,1.006
49719.298,1.005
49719.318,1.002
49719.338,1.008
49719.358,1.006
49719.378,1.004
49719.398,1.006
49719.418,1.007
49719.438,1.004
49719.458,1.006
49719.478,1.005
49719.498,1.005
49719.518,1.005
49719.538,1.004
49719.558,1.006
49719.578,1.006
49719.598,1.007
49719.618,1.004
49719.638,1.004
49719.658,1.007
49719.678,1.004
49719.698,1.004
49719.718,1.004
49719.738,1.005
49719.758,1.004
49719.778,1.008
49719.798,1.005
49719.818,1.005
49719.838,1.004
49719.858,1.005
49719.878,1.004
49719.898,1.003
49719.918,1.004
49719.938,1.004
49719.958,1.005
49719.978,1.005
49719.998,1.006
49720.018,1.007
49720.038,1.005
49720.058,1.006
49720.078,1.003
49720.098,1.006
49720.118,1.005
49720.138,1.006
49720.158,1.006
49720.178,1.004
49720.198,1.005
49720.218,1.004
49720.238,1.005
49720.258,1.006
49720.278,1.005
49720.298,1.006
49720.318,1.005
49720.338,1.003
49720.358,1.005
49720.378,1.004
49720.398,1.008
49720.418,1.004
49720.438,1.004
49720.458,1.005
49720.478,1.002
49720.498,1.004
49720.518,1.005
49720.538,1.005
49720.558,1.003
49720.578,1.005
49720.598,1.007
49720.618,1.004
49720.638,1.005
49720.658,1.004
49720.678,1.006
49720.698,1.006
49720.718,1.005
49720.738,1.005
49720.758,1.005
49720.778,1.005
49720.798,1.005
49720.818,1.005
49720.838,1.003
49720.858,1.008
49720.878,1.006
49720.898,1.006
49720.918,1.004
49720.938,1.004
49720.958,1.003
49720.978,1.004
49720.998,1.007
49721.018,1.005
49721.038,1.005
49721.058,1.005
49721.078,1.005
49721.098,1.007
49721.118,1.005
49721.138,1.004
49721.158,1.006
49721.178,1.004
49721.198,1.007
49721.218,1.004
49721.238,1.006
49721.258,1.005
49721.278,1.004
49721.298,1.004
49721.318,1.005
49721.338,1.003
49721.358,1.006
49721.378,1.005
49721.398,1.002
49721.418,1.004
49721.438,1.004
49721.458,1.005
49721.478,1.001
49721.498,1.004
49721.518,1.003
49721.538,1.005
49721.558,1.002
49721.578,1.007
49721.598,1.005
49721.618,1.007
49721.638,1.004
49721.658,1.003
49721.678,1.005
49721.698,1.004
49721.718,1.006
49721.738,1.004
49721.758,1.004
49721.778,1.005
49721.798,1.006
49721.818,1.005
49721.838,1.004
49721.858,1.006
49721.878,1.004
49721.898,1.005
49721.918,1.002
49721.938,1.005
49721.958,1.003
49721.978,1.004
49721.998,1.006
49722.018,1.003
49722.038,1.006
49722.058,1.006
49722.078,1.004
49722.098,1.003
49722.118,1.006
49722.138,1.005
49722.158,1.007
49722.178,1.006
49722.198,1.005
49722.218,1.005
49722.238,1.004
49722.258,1.005
49722.278,1.003
49722.298,1.003
49722.318,1.005
49722.338,1.004
49722.358,1.004
49722.378,1.006
49722.398,1.005
49722.418,1.005
49722.438,1.007
49722.458,1.002
49722.478,1.009
49722.498,1.004
49722.518,1.005
49816.548,0.883
49816.568,1.040
49816.588,1.085
49816.608,0.977
49816.628,1.004
49816.648,1.025
49816.668,0.987
49816.688,1.003
49816.708,1.024
49816.728,1.000
49816.748,1.006
49816.768,1.013
49816.788,1.005
49816.808,0.991
49816.828,1.008
49816.848,1.004
49816.868,1.003
49816.888,1.009
49816.908,1.000
49816.928,0.997
49816.948,1.009
49816.968,1.007
49816.988,1.003
49817.008,1.005
49817.028,1.004
49817.048,1.000
49817.068,1.003
49817.088,1.006
49817.108,1.006
49817.128,1.008
49817.148,1.000
49817.168,1.006
49817.188,1.002
49817.208,1.006
49817.228,1.002
49817.248,1.005
49817.268,1.008
49817.288,1.003
49817.308,1.009
49817.328,1.000
49817.348,1.006
49817.368,1.003
49817.388,1.004
49817.408,1.007
49817.428,1.005
49817.448,1.004
49817.468,1.004
49817.488,1.006
49817.508,1.005
49817.528,1.005
49817.548,1.005
49817.568,1.004
49817.588,1.005
49817.608,1.004
49817.628,1.005
49817.648,1.007
49817.668,1.005
49817.688,1.005
49817.708,1.004
49817.728,1.005
49817.748,1.006
49817.768,1.005
49817.788,1.003
49817.808,1.008
49817.828,1.004
49817.848,1.005
49817.868,1.008
49817.888,1.003
49817.908,1.004
49817.928,1.004
49817.948,1.002
49817.968,1.002
49817.988,1.001
49818.008,1.004
49818.028,1.005
49818.048,1.004
49818.068,1.001
49818.088,1.004
49818.108,1.006
49818.128,1.003
49818.148,1.006
49818.168,1.006
49818.188,1.005
49818.208,1.003
49818.228,1.003
49818.248,1.006
49818.268,1.008
49818.288,1.004
49818.308,1.002
49818.328,1.006
49818.348,1.004
49818.368,1.004
49818.388,1.004
49818.408,1.006
49818.428,1.004
49818.448,1.006
49818.468,1.005
49818.488,1.006
49818.508,1.006
49818.528,1.002
49818.548,1.004
49818.568,1.004
49818.588,1.003
49818.608,1.006
49818.628,1.005
49818.648,1.017
49818.668,1.006
49818.688,1.005
49818.708,1.003
49818.728,1.010
49818.748,1.004
49818.768,1.003
49818.788,1.005
49818.808,1.002
49818.828,1.003
49818.848,1.005
49818.868,1.004
49818.888,1.004
49818.908,1.006
49818.928,1.003
49818.948,1.005
49818.968,1.008
49818.988,1.007
49819.008,1.005
49819.028,1.003
49819.048,1.007
49819.068,1.005
49819.088,1.003
49819.108,1.006
49819.128,1.003
49819.148,1.003
49819.168,1.004
49819.188,1.006
49819.208,1.005
49819.228,1.006
49819.248,1.006
49819.268,1.007
49819.288,1.005
49819.308,1.007
49819.328,1.005
49819.348,1.002
49819.368,1.005
49819.388,1.004
49819.408,1.005
49819.428,1.004
49819.448,1.005
49819.468,1.004
49819.488,1.002
49819.508,1.005
49819.528,1.005
49819.548,1.005
49819.568,1.008
49819.588,1.003
49819.608,1.005
49819.628,1.005
49819.648,1.006
49819.668,1.003
49819.688,1.004
49819.708,1.008
49819.728,1.004
49819.748,1.005
49819.768,1.007
49819.788,1.003
49819.808,1.006
49819.828,1.005
49819.848,1.000
49819.868,1.004
49819.888,1.007
49819.908,1.002
49819.928,1.005
49819.948,1.004
49819.968,1.005
49819.988,1.006
49820.008,1.004
49820.028,1.007
49820.048,1.006
49820.068,1.004
49820.088,1.005
49820.108,1.004
49820.128,1.003
49820.148,1.003
49820.168,1.005
49820.188,1.003
49820.208,1.004
49820.228,1.003
49820.248,1.005
49820.268,1.008
49820.288,1.005
49820.308,1.005
49820.328,1.004
49820.348,1.005
49820.368,1.006
49820.388,1.005
49820.408,1.004
49820.428,1.003
49820.448,1.005
49820.468,1.005
49820.488,1.003
49820.508,1.004
49820.528,1.005
49820.548,1.004
49820.568,1.007
49820.588,1.003
49820.608,1.003
49820.628,1.005
49820.648,1.004
49820.668,1.003
49820.688,1.004
49820.708,1.005
49820.728,1.004
49820.748,1.005
49820.768,1.004
49820.788,1.004
49820.808,1.008
49820.828,1.002
49820.848,1.005
49820.868,1.002
49820.888,1.006
49820.908,1.004
49820.928,1.007
49820.948,1.004
49820.968,1.003
49820.988,1.005
49821.008,1.008
49821.028,1.008
49821.048,1.004
49821.068,1.001
49821.088,1.004
49821.108,1.003
49821.128,1.004
49821.148,1.008
49821.168,1.002
49821.188,1.005
49821.208,1.004
49821.228,1.004
49821.248,1.003
49821.268,1.006
49821.288,1.003
49821.308,1.002
49821.328,1.006
49821.348,1.003
49821.368,1.006
49821.388,1.004
49821.408,1.002
49821.428,1.004
49821.448,1.009
49821.468,1.007
49821.488,1.006
49821.508,1.003
49821.528,1.003
49821.548,1.001
49821.568,1.006
49821.588,1.006
49821.608,1.005
49821.628,1.003
49821.648,1.004
49821.668,1.006
49821.688,1.003
49821.708,1.003
49821.728,1.006
49821.748,1.002
49821.768,1.007
49821.788,1.007
49821.808,1.005
49821.828,1.004
49821.848,1.004
49821.868,1.006
49821.888,1.002
49821.908,1.003
49821.928,1.004
49821.948,1.003
49821.968,1.006
49821.988,1.005
49822.008,1.008
49822.028,1.005
49822.048,1.007
49822.068,1.004
49822.088,1.004
49822.108,1.006
49822.128,1.007
49822.148,1.006
49822.168,1.004
49822.188,1.004
49822.208,1.004
49822.228,1.004
49822.248,1.007
49822.268,1.003
49822.288,1.005
49822.308,1.004
49822.328,1.003
49822.348,1.008
49822.368,1.003
49822.388,1.007
49822.408,1.003
49822.428,1.004
49822.448,1.003
49822.468,1.002
49822.488,1.006
49822.508,1.002
49822.528,1.007
49822.548,1.004
49822.568,1.007
49822.588,1.004
49822.608,1.004
49822.628,1.004
49822.648,1.003
49822.668,1.005
49822.688,1.006
49822.708,1.007
49822.728,1.003
49822.748,1.006
49822.768,1.003
49822.788,1.001
49822.808,1.005
49822.828,1.003
49822.848,1.004
49822.868,1.008
49822.888,1.002
49822.908,1.004
49822.928,1.006
49822.948,1.003
49822.968,1.004
49822.988,1.006
49823.008,1.004
49823.028,1.006
49823.048,1.002
49823.068,1.004
49823.088,1.005
49823.108,1.002
49823.128,1.004
49823.148,1.002
49823.168,1.005
49823.188,1.004
49823.208,1.001
49823.228,1.004
49823.248,1.005
49823.268,1.005
49823.288,1.005
49823.308,1.004
49823.328,1.004
49823.348,1.006
49823.368,1.003
49823.388,1.003
49823.408,1.005
49823.428,1.007
49823.448,1.008
49823.468,1.006
49823.488,1.006
49823.508,1.005
49823.528,1.004
49823.548,1.006
49823.568,1.007
49823.588,1.006
49823.608,1.004
49823.628,1.004
49823.648,1.002
49823.668,1.003
49823.688,1.003
49823.708,1.003
49823.728,1.002
49823.748,1.005
49823.768,1.006
49823.788,1.004
49823.808,1.003
49823.828,1.004
49823.848,1.003
49823.868,1.003
49823.888,1.003
49823.908,1.006
49823.928,1.005
49823.948,1.006
49823.968,1.004
49823.988,1.004
49824.008,1.003
49824.028,1.004
49824.048,1.003
49824.068,1.005
49824.088,1.004
49824.108,1.002
49824.128,1.005
49824.148,1.004
49824.168,1.004
49824.188,1.005
49824.208,1.006
49824.228,1.005
49824.248,1.006
49824.268,1.003
49824.288,1.004
49824.308,1.004
49824.328,1.002
49824.348,1.008
49824.368,1.004
49824.388,1.006
49824.408,1.004
49824.428,1.004
49824.448,1.004
49824.468,1.005
49824.488,1.006
49824.508,1.004
49824.528,1.004
49824.548,1.004
49824.568,1.002
49824.588,1.005
49824.608,1.006
49824.628,1.007
49824.648,1.004
49824.668,1.005
49824.688,1.006
49824.708,1.005
49824.728,1.005
49824.748,1.004
49824.768,1.005
49824.788,1.006
49824.808,1.003
49824.828,1.005
49824.848,1.006
49824.868,1.004
49824.888,1.007
49824.908,1.005
49824.928,1.004
49824.948,1.005
49824.968,1.003
49824.988,1.004
49825.008,1.005
49825.028,1.004
49825.048,1.006
49825.068,1.003
49825.088,1.006
49825.108,1.004
49825.128,1.006
49825.148,1.005
49825.168,1.003
49825.188,1.004
49825.208,1.005
49825.228,1.006
49825.248,1.003
49825.268,1.005
49825.288,1.002
49825.308,1.008
49825.328,1.005
49825.348,1.005
49825.368,1.005
49825.388,1.003
49825.408,1.004
49825.428,1.005
49825.448,1.007
49825.468,1.004
49825.488,1.003
49825.508,1.006
49825.528,1.005
49825.548,1.005
49825.568,1.004
49825.588,1.003
49825.608,1.004
49825.628,1.002
49825.648,1.005
49825.668,1.006
49825.688,1.004
49825.708,1.007
49825.728,1.005
49825.748,1.006
49825.768,1.004
49825.788,1.005
49825.808,1.007
49825.828,1.003
49825.848,1.005
49825.868,1.006
49825.888,1.002
49825.908,1.004
49825.928,1.007
49825.948,1.003
49825.968,1.007
49825.988,1.005
49826.008,1.004
49826.028,1.003
49826.048,1.005
49826.068,1.003
49826.088,1.005
49826.108,1.005
49826.128,1.006
49826.148,1.005
49826.168,1.004
49826.188,1.004
49826.208,1.006
49826.228,1.005
49826.248,1.005
49826.268,1.006
49826.288,1.005
49826.308,1.004
49826.328,1.005
49826.348,1.004
49826.368,1.004
49826.388,1.005
49826.408,1.003
49826.428,1.006
49826.448,1.005
49826.468,1.007
49826.488,1.005
49826.508,1.007
49826.528,1.003
49826.548,1.004
49826.568,1.004
49826.588,1.004
49826.608,1.004
49826.628,1.004
49826.648,1.003
49826.668,1.005
49826.688,1.005
49826.708,1.005
49826.728,1.005
49826.748,1.005
49826.768,1.003
49826.788,1.005
49826.808,1.003
49826.828,1.005
49826.848,1.005
49826.868,1.002
49826.888,1.006
49826.908,1.005
49826.928,1.005
49826.948,1.004
49826.968,1.005
49826.988,1.004
49827.008,1.005
49827.028,1.005
49827.048,1.005
49827.068,1.005
49827.088,1.005
49827.108,1.005
49827.128,1.004
49827.148,1.007
49827.168,1.004
49827.188,1.005
49827.208,1.003
49827.228,1.005
49827.248,1.004
49827.268,1.004
49827.288,1.005
49827.308,1.004
49827.328,1.012
49827.348,0.993
49827.368,0.990
49827.388,0.997
49827.408,1.004
49827.428,1.004
49827.448,1.004
49827.468,1.007
49827.488,1.007
49827.508,1.004
49827.528,1.006
49827.548,1.003
49827.568,0.985
49827.588,1.011
49827.608,1.005
49827.628,1.005
49827.648,1.008
49827.668,1.006
49827.688,1.010
49827.708,1.003
49827.728,1.001
49827.748,1.008
49827.768,1.002
49827.788,1.003
49827.808,1.004
49827.828,1.005
49827.848,1.004
49827.868,1.007
49827.888,1.005
49827.908,1.005
49827.928,1.006
49827.948,1.003
49827.968,1.004
49827.988,1.004
49828.008,1.003
49828.028,1.004
49828.048,1.005
49828.068,1.003
49828.088,1.005
49828.108,1.004
49828.128,1.003
49828.148,1.003
49828.168,1.006
49828.188,1.003
49828.208,1.005
49828.228,1.005
49828.248,1.005
49828.268,1.003
49828.288,1.003
49828.308,1.004
49828.328,1.006
49828.348,1.006
49828.368,1.005
49828.388,1.004
49828.408,1.002
49828.428,1.005
49828.448,1.006
49828.468,1.003
49828.488,1.003
49828.508,1.003
49828.528,1.008
49828.548,1.005
49828.568,1.006
49828.588,1.007
49828.608,1.003
49828.628,1.004
49828.648,1.003
49828.668,1.004
49828.688,1.005
49828.708,1.004
49828.728,1.003
49828.748,1.004
49828.768,1.003
49828.788,1.004
49828.808,1.002
49828.828,1.005
49828.848,1.006
49828.868,1.007
49828.888,1.004
49828.908,1.005
49828.928,1.004
49828.948,1.006
49828.968,1.005
49828.988,1.006
49829.008,1.006
49829.028,1.005
49829.048,1.004
49829.068,1.006
49829.088,1.002
49829.108,1.005
49829.128,1.007
49829.148,1.004
49829.168,1.006
49829.188,1.005
49829.208,1.000
49829.228,1.005
49829.248,1.003
49829.268,1.004
49829.288,1.006
49829.308,1.005
49829.328,1.004
49829.348,1.000
49829.368,1.004
49829.388,1.007
49829.408,1.003
49829.428,1.004
49829.448,1.005
49829.468,1.005
49829.488,1.008
49829.508,1.002
49829.528,1.005
49829.548,1.005
49829.568,1.004
49829.588,1.002
49829.608,1.002
49829.628,1.007
49829.648,1.003
49829.668,1.004
49829.688,1.005
49829.708,1.003
49829.728,1.001
49829.748,1.002
49829.768,1.004
49829.788,1.005
49829.808,1.005
49829.828,1.006
49829.848,1.007
49829.868,1.007
49829.888,1.004
49829.908,1.003
49829.928,1.006
49829.948,1.003
49829.968,1.005
49829.988,1.006
49830.008,1.003
49830.028,1.005
49830.048,1.005
49830.068,1.003
49830.088,1.004
49830.108,1.002
49830.128,1.006
49830.148,1.003
49830.168,1.003
49830.188,1.004
49830.208,1.001
49830.228,1.007
49830.248,1.005
49830.268,1.003
49830.288,1.005
49830.308,1.003
49830.328,1.005
49830.348,1.003
49830.368,1.005
49830.388,1.005
49830.408,1.005
49830.428,1.004
49830.448,1.007
49830.468,1.005
49830.488,1.007
49830.508,1.005
49830.528,1.005
49830.548,1.003
49830.568,1.004
49830.588,1.003
49830.608,1.005
49830.628,1.004
49830.648,1.003
49830.668,1.003
49830.688,1.003
49830.708,1.005
49830.728,1.001
49830.748,1.006
49830.768,1.005
49830.788,1.004
49830.808,1.004
49830.828,1.003
49830.848,1.005
49830.868,1.004
49830.888,1.007
49830.908,1.007
49830.928,1.006
49830.948,1.005
49830.968,1.005
49830.988,1.006
49831.008,1.005
49831.028,1.004
49831.048,1.004
49831.068,1.007
49831.088,1.003
49831.108,1.005
49831.128,1.003
49831.148,1.004
49831.168,1.006
49831.188,1.004
49831.208,1.006
49831.228,1.005
49831.248,1.005
49831.268,1.004
49831.288,1.005
49831.308,1.004
49831.328,1.004
49831.348,1.003
49831.368,1.007
49831.388,1.005
49831.408,1.004
49831.428,1.005
49831.448,1.004
49831.468,1.003
49831.488,1.002
49831.508,1.007
49831.528,1.003
49831.548,1.005
49831.568,1.004
49831.588,1.003
49831.608,1.004
49831.628,1.002
49831.648,1.007
49831.668,1.006
49831.688,1.006
49831.708,1.002
49831.728,1.006
49831.748,1.005
49831.768,1.004
49831.788,1.004
49831.808,1.007
49831.828,1.003
49831.848,1.006
49831.868,1.003
49831.888,1.002
49831.908,1.004
49831.928,1.004
49831.948,1.004
49831.968,1.004
49831.988,1.007
49832.008,1.004
49832.028,1.005
49832.048,1.002
49832.068,1.006
49832.088,1.004
49832.108,1.008
49832.128,1.007
49832.148,1.004
49832.168,1.007
49832.188,1.003
49832.208,1.003
49832.228,1.006
49832.248,1.002
49832.268,1.005
49832.288,1.006
49832.308,1.007
49832.328,1.006
49832.348,1.003
49832.368,1.006
49832.388,1.005
49832.408,1.006
49832.428,1.005
49832.448,1.006
49832.468,1.006
49832.488,1.004
49832.508,1.002
49832.528,1.006
49832.548,1.004
49832.568,1.002
49832.588,1.005
49832.608,1.005
49832.628,1.006
49832.648,1.003
49832.668,1.004
49832.688,1.004
49832.708,1.007
49832.728,1.005
49832.748,1.004
49832.768,1.005
49832.788,1.006
49832.808,1.004
49832.828,1.005
49832.848,1.006
49832.868,1.004
49832.888,1.007
49832.908,1.003
49832.928,1.007
49832.948,1.004
49832.968,1.006
49832.988,1.007
49833.008,1.004
49833.028,1.004
49833.048,1.007
49833.068,1.005
49833.088,1.005
49833.108,1.003
49833.128,1.007
49833.148,1.005
49833.168,1.004
49833.188,1.004
49833.208,1.006
49833.228,1.002
49833.248,1.003
49833.268,1.006
49833.288,1.005
49833.308,1.005
49833.328,1.005
49833.348,1.002
49833.368,1.005
49833.388,1.003
49833.408,1.006
49833.428,1.003
49833.448,1.002
49833.468,1.006
49833.488,1.007
49833.508,1.005
49833.528,1.005
49833.548,1.004
49833.568,1.005
49833.588,1.007
49833.608,1.005
49833.628,1.005
49833.648,1.005
49833.668,1.007
49833.688,1.006
49833.708,1.004
49833.728,1.003
49833.748,1.006
49833.768,1.006
49833.788,1.006
49833.808,1.002
49833.828,1.006
49833.848,1.002
49833.868,1.004
49833.888,1.007
49833.908,1.002
49833.928,1.005
49833.948,1.004
49833.968,1.005
49833.988,1.007
49834.008,1.004
49834.028,1.003
49834.048,1.005
49834.068,1.005
49834.088,1.004
49834.108,1.003
49834.128,1.005
49834.148,1.005
49834.168,1.005
49834.188,1.004
49834.208,1.005
49834.228,1.005
49834.248,1.006
49834.268,1.005
49834.288,1.006
49834.308,1.004
49834.328,1.004
49834.348,1.004
49834.368,1.005
49834.388,1.004
49834.408,1.006
49834.428,1.006
49834.448,1.005
49834.468,1.004
49834.488,1.003
49834.508,1.004
49834.528,1.004
49834.548,1.006
49834.568,1.004
49834.588,1.006
49834.608,1.005
49834.628,1.005
49834.648,1.006
49834.668,1.005
49834.688,1.004
49834.708,1.006
49834.728,1.005
49834.748,1.004
49834.768,1.005
49834.788,1.003
49834.808,1.004
49834.828,1.004
49834.848,1.006
49834.868,1.005
49834.888,1.004
49834.908,1.007
49834.928,1.005
49834.948,1.004
49834.968,1.004
49834.988,1.007
49835.008,1.004
49835.028,1.004
49835.048,1.007
49835.068,1.002
49835.088,1.005
49835.108,1.002
49835.128,1.005
49835.148,1.005
49835.168,1.005
49835.188,1.006
49835.208,1.004
49835.228,1.004
49835.248,1.005
49835.268,1.003
49835.288,1.003
49835.308,1.005
49835.328,1.006
49835.348,1.006
49835.368,1.004
49835.388,1.003
49835.408,1.004
49835.428,1.004
49835.448,1.004
49835.468,1.006
49835.488,1.006
49835.508,1.006
49835.528,1.003
49835.548,1.006
49835.568,1.003
49835.588,1.006
49835.608,1.006
49835.628,1.004
49835.648,1.005
49835.668,1.003
49835.688,1.003
49835.708,1.004
49835.728,1.005
49835.748,1.006
49835.768,1.004
49835.788,1.004
49835.808,1.006
49835.828,1.006
49835.848,1.005
49835.868,1.004
49835.888,1.007
49835.908,1.005
49835.928,1.005
49835.948,1.004
49835.968,1.003
49835.988,1.005
49836.008,1.004
49836.028,1.007
49836.048,1.005
49836.068,1.005
49836.088,1.006
49836.108,1.004
49836.128,1.005
49836.148,1.005
49836.168,1.003
49836.188,1.004
49836.208,1.006
49836.228,1.003
49836.248,1.007
49836.268,1.004
49836.288,1.007
49836.308,1.005
49836.328,1.004
49836.348,1.003
49836.368,1.005
49836.388,1.006
49836.408,1.005
49836.428,1.009
49836.448,1.005
49836.468,1.007
49836.488,1.006
49836.508,1.003
49836.528,1.007
49836.548,1.005
49884.628,0.903
49884.648,1.013
49884.668,1.029
49884.688,1.000
49884.708,0.993
49884.728,1.007
49884.748,1.002
49884.768,1.017
49884.788,0.996
49884.808,0.989
49884.828,1.044
49884.848,1.036
49884.868,0.992
49884.888,0.984
49884.908,1.009
49884.928,0.993
49884.948,0.990
49884.968,1.006
49884.988,0.999
49885.008,0.983
49885.028,0.997
49885.048,1.006
49885.068,1.002
49885.088,1.006
49885.108,1.009
49885.128,1.006
49885.148,1.005
49885.168,1.009
49885.188,1.005
49885.208,0.998
49885.228,1.008
49885.248,1.006
49885.268,1.003
49885.288,1.006
49885.308,1.003
49885.328,1.005
49885.348,1.004
49885.368,1.005
49885.388,1.003
49885.408,1.006
49885.428,1.004
49885.448,1.000
49885.468,1.006
49885.488,1.005
49885.508,1.003
49885.528,1.005
49885.548,1.007
49885.568,0.998
49885.588,1.004
49885.608,1.006
49885.628,1.008
49885.648,1.002
49885.668,1.003
49885.688,1.002
49885.708,1.008
49885.728,1.003
49885.748,1.004
49885.768,1.001
49885.788,1.005
49885.808,1.007
49885.828,1.003
49885.848,1.005
49885.868,1.004
49885.888,1.006
49885.908,1.003
49885.928,1.004
49885.948,1.004
49885.968,1.006
49885.988,1.003
49886.008,0.997
49886.028,1.011
49886.048,1.007
49886.068,1.008
49886.088,0.998
49886.108,0.995
49886.128,1.003
49886.148,1.004
49886.168,1.009
49886.188,1.004
49886.208,1.005
49886.228,1.008
49886.248,1.004
49886.268,1.004
49886.288,1.004
49886.308,1.004
49886.328,1.005
49886.348,1.005
49886.368,1.007
49886.388,1.004
49886.408,1.003
49886.428,1.005
49886.448,1.002
49886.468,1.005
49886.488,1.006
49886.508,1.003
49886.528,1.001
49886.548,1.005
49886.568,1.007
49886.588,1.007
49886.608,1.006
49886.628,1.005
49886.648,1.003
49886.668,1.000
49886.688,1.001
49886.708,1.005
49886.728,1.006
49886.748,1.005
49886.768,1.000
49886.788,1.005
49886.808,1.004
49886.828,1.005
49886.848,1.006
49886.868,1.003
49886.888,1.010
49886.908,1.004
49886.928,1.005
49886.948,1.005
49886.968,0.995
49886.988,1.000
49887.008,0.986
49887.028,0.999
49887.048,1.005
49887.068,1.004
49887.088,1.007
49887.108,1.007
49887.128,1.002
49887.148,1.003
49887.168,1.004
49887.188,1.010
49887.208,1.005
49887.228,1.005
49887.248,1.006
49887.268,1.005
49887.288,1.004
49887.308,1.005
49887.328,1.002
49887.348,1.002
49887.368,1.006
49887.388,1.004
49887.408,1.005
49887.428,1.017
49887.448,1.002
49887.468,0.998
49887.488,1.012
49887.508,1.005
49887.528,1.003
49887.548,1.010
49887.568,1.001
49887.588,1.005
49887.608,1.005
49887.628,1.000
49887.648,1.007
49887.668,1.004
49887.688,1.004
49887.708,1.005
49887.728,1.009
49887.748,1.001
49887.768,1.006
49887.788,1.005
49887.808,1.005
49887.828,1.005
49887.848,1.001
49887.868,1.004
49887.888,1.005
49887.908,1.002
49887.928,1.003
49887.948,1.005
49887.968,1.005
49887.988,1.002
49888.008,1.005
49888.028,1.002
49888.048,1.005
49888.068,1.006
49888.088,1.000
49888.108,1.003
49888.128,1.006
49888.148,1.000
49888.168,1.004
49888.188,1.008
49888.208,1.001
49888.228,1.011
49888.248,1.003
49888.268,1.005
49888.288,1.002
49888.308,1.004
49888.328,1.007
49888.348,1.006
49888.368,1.005
49888.388,1.001
49888.408,1.007
49888.428,1.002
49888.448,1.004
49888.468,1.002
49888.488,1.001
49888.508,1.006
49888.528,1.006
49888.548,1.008
49888.568,1.006
49888.588,0.997
49888.608,1.005
49888.628,1.004
49888.648,1.000
49888.668,1.013
49888.688,1.006
49888.708,1.002
49888.728,1.007
49888.748,0.998
49888.768,1.004
49888.788,1.010
49888.808,1.004
49888.828,1.003
49888.848,1.007
49888.868,0.998
49888.888,1.002
49888.908,1.012
49888.928,1.005
49888.948,1.008
49888.968,1.005
49888.988,1.002
49889.008,1.010
49889.028,1.007
49889.048,1.003
49889.068,1.004
49889.088,1.003
49889.108,1.004
49889.128,1.003
49889.148,1.008
49889.168,1.006
49889.188,1.004
49889.208,1.007
49889.228,1.002
49889.248,1.003
49889.268,1.006
49889.288,1.001
49889.308,1.006
49889.328,1.006
49889.348,1.007
49889.368,1.006
49889.388,1.003
49889.408,1.004
49889.428,1.001
49889.448,1.004
49889.468,1.004
49889.488,1.003
49889.508,1.006
49889.528,1.005
49889.548,1.007
49889.568,1.005
49889.588,1.003
49889.608,1.005
49889.628,1.000
49889.648,1.004
49889.668,1.005
49889.688,1.005
49889.708,1.007
49889.728,1.005
49889.748,1.004
49889.768,1.003
49889.788,1.002
49889.808,1.003
49889.828,1.004
49889.848,1.004
49889.868,1.005
49889.888,1.002
49889.908,1.004
49889.928,1.005
49889.948,1.002
49889.968,1.004
49889.988,1.006
49890.008,1.006
49890.028,1.004
49890.048,1.003
49890.068,1.004
49890.088,1.006
49890.108,1.006
49890.128,1.004
49890.148,1.006
49890.168,1.007
49890.188,1.003
49890.208,1.004
49890.228,1.003
49890.248,1.005
49890.268,1.005
49890.288,1.003
49890.308,1.007
49890.328,1.006
49890.348,1.005
49890.368,1.002
49890.388,1.004
49890.408,1.004
49890.428,1.003
49890.448,1.005
49890.468,1.004
49890.488,1.007
49890.508,1.001
49890.528,1.003
49890.548,1.006
49890.568,1.006
49890.588,1.006
49890.608,1.005
49890.628,1.004
49890.648,1.003
49890.668,1.005
49890.688,1.006
49890.708,1.006
49890.728,1.003
49890.748,1.004
49890.768,1.004
49890.788,1.003
49890.808,1.003
49890.828,1.005
49890.848,1.004
49890.868,1.004
49890.888,1.005
49890.908,1.006
49890.928,1.004
49890.948,1.004
49890.968,1.003
49890.988,1.005
49891.008,1.003
49891.028,1.005
49891.048,1.006
49891.068,1.004
49891.088,1.005
49891.108,1.003
49891.128,1.004
49891.148,1.004
49891.168,1.004
49891.188,1.006
49891.208,1.003
49891.228,1.006
49891.248,1.003
49891.268,1.007
49891.288,1.002
49891.308,1.005
49891.328,1.006
49891.348,1.002
49891.368,1.006
49891.388,1.005
49891.408,1.003
49891.428,1.003
49891.448,1.006
49891.468,1.005
49891.488,1.004
49891.508,1.003
49891.528,1.005
49891.548,1.003
49891.568,1.003
49891.588,1.002
49891.608,1.005
49891.628,1.005
49891.648,1.006
49891.668,1.001
49891.688,1.001
49891.708,1.004
49891.728,1.005
49891.748,1.005
49891.768,1.007
49891.788,1.006
49891.808,1.006
49891.828,1.005
49891.848,1.003
49891.868,1.006
49891.888,1.004
49891.908,1.003
49891.928,1.005
49891.948,1.002
49891.968,1.004
49891.988,1.004
49892.008,1.004
49892.028,1.003
49892.048,1.003
49892.068,1.005
49892.088,1.003
49892.108,1.006
49892.128,1.006
49892.148,1.005
49892.168,1.005
49892.188,1.003
49892.208,1.004
49892.228,1.003
49892.248,1.005
49892.268,1.007
49892.288,1.007
49892.308,1.005
49892.328,1.006
49892.348,1.005
49892.368,1.004
49892.388,1.003
49892.408,1.003
49892.428,1.004
49892.448,1.005
49892.468,1.004
49892.488,1.003
49892.508,1.006
49892.528,1.003
49892.548,1.004
49892.568,1.003
49892.588,1.002
49892.608,1.004
49892.628,1.003
49892.648,1.003
49892.668,1.005
49892.688,1.003
49892.708,1.005
49892.728,1.005
49892.748,1.003
49892.768,1.006
49892.788,1.003
49892.808,1.005
49892.828,1.005
49892.848,1.006
49892.868,1.004
49892.888,1.003
49892.908,1.004
49892.928,1.005
49892.948,1.005
49892.968,1.004
49892.988,1.003
49893.008,1.006
49893.028,1.002
49893.048,1.005
49893.068,1.006
49893.088,1.005
49893.108,1.005
49893.128,1.003
49893.148,1.006
49893.168,1.006
49893.188,1.006
49893.208,1.004
49893.228,1.006
49893.248,1.004
49893.268,1.005
49893.288,1.003
49893.308,1.006
49893.328,1.004
49893.348,1.003
49893.368,1.002
49893.388,1.003
49893.408,1.005
49893.428,1.003
49893.448,1.004
49893.468,1.006
49893.488,1.006
49893.508,1.006
49893.528,1.005
49893.548,1.005
49893.568,1.004
49893.588,1.005
49893.608,1.002
49893.628,1.005
49893.648,1.005
49893.668,1.003
49893.688,1.006
49893.708,1.002
49893.728,1.003
49893.748,1.005
49893.768,1.004
49893.788,1.005
49893.808,1.002
49893.828,1.004
49893.848,1.004
49893.868,1.005
49893.888,1.005
49893.908,1.004
49893.928,1.005
49893.948,1.005
49893.968,1.004
49893.988,1.003
49894.008,1.004
49894.028,1.003
49894.048,1.005
49894.068,1.005
49894.088,1.005
49894.108,1.005
49894.128,1.006
49894.148,1.002
49894.168,1.007
49894.188,1.004
49894.208,1.002
49894.228,1.003
49894.248,1.004
49894.268,1.004
49894.288,1.006
49894.308,1.004
49894.328,1.003
49894.348,1.005
49894.368,1.005
49894.388,1.002
49894.408,1.005
49894.428,1.005
49894.448,1.003
49894.468,1.006
49894.488,1.006
49894.508,1.003
49894.528,1.006
49894.548,1.005
49894.568,1.005
49894.588,1.003
49894.608,1.006
49894.628,1.004
49894.648,1.002
49894.668,1.005
49894.688,1.003
49894.708,1.007
49894.728,1.004
49894.748,1.003
49894.768,1.003
49894.788,1.007
49894.808,1.005
49894.828,1.006
49894.848,1.004
49894.868,1.003
49894.888,1.004
49894.908,1.004
49894.928,1.005
49894.948,1.004
49894.968,1.003
49894.988,1.003
49895.008,1.004
49895.028,1.004
49895.048,1.005
49895.068,1.004
49895.088,1.005
49895.108,1.007
49895.128,1.004
49895.148,1.005
49895.168,1.005
49895.188,1.004
49895.208,1.004
49895.228,1.006
49895.248,1.005
49895.268,1.005
49895.288,1.004
49895.308,1.003
49895.328,1.006
49895.348,1.003
49895.368,1.005
49895.388,1.004
49895.408,1.007
49895.428,1.002
49895.448,1.005
49895.468,1.005
49895.488,1.002
49895.508,1.005
49895.528,1.005
49895.548,1.005
49895.568,1.003
49895.588,1.005
49895.608,1.003
49895.628,1.004
49895.648,1.005
49895.668,1.004
49895.688,1.006
49895.708,1.003
49895.728,1.004
49895.748,1.003
49895.768,1.006
49895.788,1.004
49895.808,1.005
49895.828,1.003
49895.848,1.005
49895.868,1.004
49895.888,1.007
49895.908,1.001
49895.928,1.005
49895.948,1.003
49895.968,1.005
49895.988,1.006
49896.008,1.007
49896.028,1.004
49896.048,1.004
49896.068,1.004
49896.088,1.006
49896.108,1.004
49896.128,1.003
49896.148,1.003
49896.168,1.006
49896.188,1.006
49896.208,1.003
49896.228,1.005
49896.248,1.004
49896.268,1.007
49896.288,1.004
49896.308,1.005
49896.328,1.004
49896.348,1.002
49896.368,1.004
49896.388,1.005
49896.408,1.005
49896.428,1.004
49896.448,1.005
49896.468,1.007
49896.488,1.005
49896.508,1.001
49896.528,1.003
49896.548,1.005
49896.568,1.005
49896.588,1.005
49896.608,1.006
49896.628,1.005
49896.648,1.006
49896.668,1.004
49896.688,1.006
49896.708,1.006
49896.728,1.004
49896.748,1.004
49896.768,1.003
49896.788,1.005
49896.808,1.003
49896.828,1.005
49896.848,1.006
49896.868,1.003
49896.888,1.006
49896.908,1.006
49896.928,1.004
49896.948,1.006
49896.968,1.003
49896.988,1.004
49897.008,1.002
49897.028,1.002
49897.048,1.005
49897.068,1.002
49897.088,1.004
49897.108,1.001
49897.128,1.003
49897.148,1.002
49897.168,1.002
49897.188,1.006
49897.208,1.003
49897.228,1.005
49897.248,1.005
49897.268,1.001
49897.288,1.006
49897.308,1.004
49897.328,1.001
49897.348,1.005
49897.368,1.003
49897.388,1.004
49897.408,1.005
49897.428,1.002
49897.448,1.003
49897.468,1.006
49897.488,1.001
49897.508,1.004
49897.528,1.004
49897.548,1.001
49897.568,1.005
49897.588,1.003
49897.608,1.003
49897.628,1.004
49897.648,1.003
49897.668,1.004
49897.688,1.004
49897.708,1.001
49897.728,1.007
49897.748,1.003
49897.768,1.006
49897.788,1.004
49897.808,1.002
49897.828,1.006
49897.848,1.002
49897.868,1.006
49897.888,1.005
49897.908,1.000
49897.928,1.007
49897.948,1.004
49897.968,1.003
49897.988,1.006
49898.008,1.002
49898.028,1.005
49898.048,1.004
49898.068,1.002
49898.088,1.005
49898.108,1.003
49898.128,1.004
49898.148,1.004
49898.168,1.006
49898.188,1.003
49898.208,1.003
49898.228,1.007
49898.248,1.004
49898.268,1.004
49898.288,1.006
49898.308,1.004
49898.328,1.004
49898.348,1.003
49898.368,1.003
49898.388,1.005
49898.408,1.005
49898.428,1.008
49898.448,1.005
49898.468,1.004
49898.488,1.003
49898.508,1.004
49898.528,1.007
49898.548,1.003
49898.568,1.004
49898.588,1.003
49898.608,1.006
49898.628,1.004
49898.648,1.004
49898.668,1.005
49898.688,1.005
49898.708,1.004
49898.728,1.002
49898.748,1.002
49898.768,1.004
49898.788,1.005
49898.808,1.004
49898.828,1.006
49898.848,1.005
49898.868,1.006
49898.888,1.004
49898.908,1.006
49898.928,1.006
49898.948,1.003
49898.968,1.005
49898.988,1.003
49899.008,1.003
49899.028,1.005
49899.048,1.004
49899.068,1.003
49899.088,1.003
49899.108,1.006
49899.128,1.007
49899.148,1.003
49899.168,1.005
49899.188,1.003
49899.208,1.005
49899.228,1.006
49899.248,1.004
49899.268,1.006
49899.288,1.003
49899.308,1.006
49899.328,1.003
49899.348,1.006
49899.368,1.004
49899.388,1.006
49899.408,1.003
49899.428,1.005
49899.448,1.003
49899.468,1.006
49899.488,1.003
49899.508,1.005
49899.528,1.002
49899.548,1.003
49899.568,1.004
49899.588,1.001
49899.608,1.002
49899.628,1.005
49899.648,1.004
49899.668,1.005
49899.688,1.002
49899.708,1.003
49899.728,1.003
49899.748,1.004
49899.768,1.002
49899.788,1.006
49899.808,1.005
49899.828,1.002
49899.848,1.004
49899.868,1.005
49899.888,1.002
49899.908,1.003
49899.928,1.007
49899.948,1.002
49899.968,1.002
49899.988,0.999
49900.008,1.006
49900.028,1.005
49900.048,1.001
49900.068,1.009
49900.088,0.997
49900.108,1.009
49900.128,1.011
49900.148,0.997
49900.168,1.009
49900.188,1.000
49900.208,1.004
49900.228,1.005
49900.248,1.006
49900.268,1.004
49900.288,1.004
49900.308,1.006
49900.328,1.003
49900.348,1.004
49900.368,1.010
49900.388,1.001
49900.408,1.002
49900.428,1.005
49900.448,1.001
49900.468,1.009
49900.488,1.007
49900.508,1.008
49900.528,1.002
49900.548,1.003
49900.568,1.000
49900.588,1.004
49900.608,1.004
49900.628,1.002
49900.648,1.002
49900.668,1.006
49900.688,0.999
49900.708,1.014
49900.728,1.002
49900.748,1.007
49900.768,1.004
49900.788,0.998
49900.808,1.003
49900.828,1.002
49900.848,1.004
49900.868,1.004
49900.888,1.006
49900.908,1.007
49900.928,1.005
49900.948,1.002
49900.968,1.004
49900.988,1.006
49901.008,1.003
49901.028,1.005
49901.048,1.001
49901.068,1.004
49901.088,1.008
49901.108,1.006
49901.128,1.000
49901.148,1.007
49901.168,1.006
49901.188,1.003
49901.208,1.005
49901.228,1.006
49901.248,1.001
49901.268,1.003
49901.288,1.007
49901.308,1.006
49901.328,1.007
49901.348,1.006
49901.368,1.004
49901.388,1.004
49901.408,1.003
49901.428,1.004
49901.448,1.003
49901.468,1.008
49901.488,1.008
49901.508,1.004
49901.528,1.002
49901.548,1.004
49901.568,1.006
49901.588,1.004
49901.608,1.002
49901.628,1.002
49901.648,1.005
49901.668,1.005
49901.688,1.007
49901.708,1.003
49901.728,1.003
49901.748,1.004
49901.768,1.002
49901.788,1.004
49901.808,1.001
49901.828,1.003
49901.848,1.001
49901.868,1.006
49901.888,1.007
49901.908,1.008
49901.928,1.001
49901.948,1.000
49901.968,1.000
49901.988,1.007
49902.008,1.007
49902.028,1.005
49902.048,1.006
49902.068,1.004
49902.088,1.003
49902.108,1.002
49902.128,1.004
49902.148,1.003
49902.168,1.005
49902.188,1.007
49902.208,1.001
49902.228,1.009
49902.248,1.000
49902.268,1.004
49902.288,1.005
49902.308,0.999
49902.328,1.008
49902.348,1.002
49902.368,1.003
49902.388,1.007
49902.408,0.999
49902.428,1.012
49902.448,1.005
49902.468,1.003
49902.488,1.008
49902.508,1.003
49902.528,1.003
49902.548,1.005
49902.568,1.000
49902.588,1.006
49902.608,1.005
49902.628,1.002
49902.648,1.011
49902.668,1.001
49902.688,1.003
49902.708,1.000
49902.728,1.006
49902.748,1.008
49902.768,1.002
49902.788,1.006
49902.808,1.004
49902.828,1.006
49902.848,1.005
49902.868,1.004
49902.888,1.004
49902.908,1.006
49902.928,1.004
49902.948,1.002
49902.968,1.004
49902.988,1.009
49903.008,1.003
49903.028,1.007
49903.048,1.007
49903.068,1.001
49903.088,1.003
49903.108,1.003
49903.128,1.006
49903.148,1.007
49903.168,1.003
49903.188,1.001
49903.208,1.008
49903.228,1.009
49903.248,1.002
49903.268,1.002
49903.288,1.009
49903.308,0.999
49903.328,1.007
49903.348,1.005
49903.368,1.002
49903.388,1.003
49903.408,1.006
49903.428,1.005
49903.448,1.005
49903.468,1.004
49903.488,1.004
49903.508,1.002
49903.528,1.008
49903.548,1.003
49903.568,1.004
49903.588,1.005
49903.608,1.004
49903.628,1.004
49903.648,1.006
49903.668,1.005
49903.688,1.005
49903.708,1.004
49903.728,1.005
49903.748,1.006
49903.768,1.005
49903.788,1.004
49903.808,1.006
49903.828,1.006
49903.848,1.002
49903.868,1.001
49903.888,1.003
49903.908,1.004
49903.928,1.006
49903.948,1.003
49903.968,1.004
49903.988,1.003
49904.008,1.002
49904.028,1.001
49904.048,1.004
49904.068,1.001
49904.088,1.007
49904.108,1.004
49904.128,1.008
49904.148,1.003
49904.168,1.003
49904.188,1.008
49904.208,1.000
49904.228,1.002
49904.248,1.005
49904.268,1.002
49904.288,1.006
49904.308,1.005
49904.328,1.005
49904.348,1.006
49904.368,1.002
49904.388,1.003
49904.408,1.005
49904.428,1.004
49904.448,1.004
49904.468,1.003
49904.488,1.008
49904.508,1.000
49904.528,0.999
49904.548,1.006
49904.568,1.002
49904.588,1.003
49904.608,1.006
49904.628,1.003
49923.203,1.051
49923.223,1.022
49923.243,0.984
49923.263,0.988
49923.283,1.018
49923.303,1.006
49923.323,0.991
49923.343,1.006
49923.363,0.989
49923.383,1.005
49923.403,1.014
49923.423,1.085
49923.443,0.979
49923.463,0.979
49923.483,1.011
49923.503,1.047
49923.523,0.990
49923.543,1.003
49923.563,1.007
49923.583,1.000
49923.603,1.011
49923.623,1.007
49923.643,1.005
49923.663,1.006
49923.683,1.005
49923.703,1.002
49923.723,1.006
49923.743,1.004
49923.763,1.004
49923.783,1.007
49923.803,1.003
49923.823,1.004
49923.843,1.007
49923.863,1.005
49923.883,1.005
49923.903,1.002
49923.923,1.007
49923.943,1.001
49923.963,1.005
49923.983,1.006
49924.003,1.001
49924.023,1.007
49924.043,1.003
49924.063,1.002
49924.083,1.005
49924.103,1.004
49924.123,1.003
49924.143,1.003
49924.163,1.004
49924.183,1.004
49924.203,1.006
49924.223,1.004
49924.243,1.005
49924.263,1.005
49924.283,1.006
49924.303,1.005
49924.323,1.005
49924.343,1.003
49924.363,1.002
49924.383,1.005
49924.403,1.005
49924.423,1.003
49924.443,1.002
49924.463,1.004
49924.483,1.003
49924.503,1.004
49924.523,1.004
49924.543,1.001
49924.563,1.002
49924.583,1.005
49924.603,1.003
49924.623,1.007
49924.643,1.005
49924.663,1.005
49924.683,1.004
49924.703,1.003
49924.723,1.003
49924.743,1.005
49924.763,1.002
49924.783,1.003
49924.803,1.005
49924.823,1.006
49924.843,1.003
49924.863,1.004
49924.883,1.004
49924.903,1.006
49924.923,1.006
49924.943,1.003
49924.963,1.005
49924.983,1.003
49925.003,1.005
49925.023,1.002
49925.043,1.006
49925.063,1.004
49925.083,1.006
49925.103,1.005
49925.123,1.002
49925.143,1.004
49925.163,1.005
49925.183,1.005
49925.203,1.004
49925.223,1.005
49925.243,1.003
49925.263,1.006
49925.283,1.003
49925.303,1.005
49925.323,1.006
49925.343,1.002
49925.363,1.003
49925.383,1.003
49925.403,1.004
49925.423,1.004
49925.443,1.002
49925.463,1.006
49925.483,1.003
49925.503,1.001
49925.523,1.006
49925.543,1.006
49925.563,1.006
49925.583,1.003
49925.603,1.004
49925.623,1.005
49925.643,1.002
49925.663,1.005
49925.683,1.006
49925.703,1.007
49925.723,1.006
49925.743,1.005
49925.763,1.003
49925.783,1.006
49925.803,1.004
49925.823,1.005
49925.843,1.005
49925.863,1.004
49925.883,1.006
49925.903,1.005
49925.923,1.001
49925.943,1.005
49925.963,1.005
49925.983,1.003
49926.003,1.006
49926.023,1.003
49926.043,1.003
49926.063,1.006
49926.083,1.003
49926.103,1.005
49926.123,1.006
49926.143,1.004
49926.163,1.003
49926.183,1.003
49926.203,1.005
49926.223,1.004
49926.243,1.000
49926.263,1.005
49926.283,1.004
49926.303,1.004
49926.323,1.003
49926.343,1.008
49926.363,1.003
49926.383,1.003
49926.403,1.006
49926.423,1.006
49926.443,1.002
49926.463,1.003
49926.483,1.005
49926.503,1.004
49926.523,1.004
49926.543,1.006
49926.563,1.003
49926.583,1.003
49926.603,1.003
49926.623,1.004
49926.643,1.005
49926.663,1.005
49926.683,1.007
49926.703,1.000
49926.723,1.004
49926.743,1.003
49926.763,1.005
49926.783,1.002
49926.803,1.006
49926.823,1.004
49926.843,1.005
49926.863,1.001
49926.883,1.003
49926.903,1.004
49926.923,1.003
49926.943,1.003
49926.963,1.004
49926.983,1.005
49927.003,1.003
49927.023,1.006
49927.043,1.004
49927.063,1.005
49927.083,1.005
49927.103,1.005
49927.123,1.003
49927.143,1.004
49927.163,1.003
49927.183,1.004
49927.203,1.005
49927.223,1.005
49927.243,1.005
49927.263,1.006
49927.283,1.004
49927.303,1.004
49927.323,1.005
49927.343,1.006
49927.363,1.004
49927.383,1.006
49927.403,1.003
49927.423,1.003
49927.443,1.004
49927.463,1.003
49927.483,1.005
49927.503,1.005
49927.523,1.004
49927.543,1.002
49927.563,1.003
49927.583,1.005
49927.603,1.003
49927.623,1.006
49927.643,1.003
49927.663,1.006
49927.683,1.004
49927.703,1.005
49927.723,1.004
49927.743,1.005
49927.763,1.005
49927.783,1.004
49927.803,1.004
49927.823,1.005
49927.843,1.005
49927.863,1.006
49927.883,1.004
49927.903,1.003
49927.923,1.007
49927.943,1.003
49927.963,1.005
49927.983,1.005
49928.003,1.004
49928.023,1.003
49928.043,1.004
49928.063,1.005
49928.083,1.005
49928.103,1.003
49928.123,1.004
49928.143,1.003
49928.163,1.005
49928.183,1.002
49928.203,1.006
49928.223,1.003
49928.243,1.006
49928.263,1.004
49928.283,1.003
49928.303,1.006
49928.323,1.005
49928.343,1.005
49928.363,1.006
49928.383,1.004
49928.403,1.005
49928.423,1.005
49928.443,1.005
49928.463,1.003
49928.483,1.006
49928.503,1.004
49928.523,1.006
49928.543,1.004
49928.563,1.004
49928.583,1.004
49928.603,1.003
49928.623,1.002
49928.643,1.004
49928.663,1.006
49928.683,1.004
49928.703,1.003
49928.723,1.004
49928.743,1.004
49928.763,1.005
49928.783,1.006
49928.803,1.006
49928.823,1.003
49928.843,1.005
49928.863,1.006
49928.883,1.006
49928.903,1.006
49928.923,1.003
49928.943,1.004
49928.963,1.005
49928.983,1.003
49929.003,1.004
49929.023,1.003
49929.043,1.006
49929.063,1.005
49929.083,1.005
49929.103,1.004
49929.123,1.005
49929.143,1.003
49929.163,1.004
49929.183,1.005
49929.203,1.003
49929.223,1.004
49929.243,1.004
49929.263,1.004
49929.283,1.005
49929.303,1.002
49929.323,1.005
49929.343,1.004
49929.363,1.004
49929.383,1.002
49929.403,1.005
49929.423,1.002
49929.443,1.001
49929.463,1.002
49929.483,1.005
49929.503,1.004
49929.523,1.006
49929.543,1.005
49929.563,1.005
49929.583,1.005
49929.603,1.002
49929.623,1.007
49929.643,1.005
49929.663,1.004
49929.683,1.006
49929.703,1.005
49929.723,1.005
49929.743,1.006
49929.763,1.003
49929.783,1.005
49929.803,1.006
49929.823,1.003
49929.843,1.005
49929.863,1.006
49929.883,1.002
49929.903,1.003
49929.923,1.004
49929.943,1.005
49929.963,1.007
49929.983,1.003
49930.003,1.002
49930.023,1.004
49930.043,1.006
49930.063,1.006
49930.083,1.003
49930.103,1.004
49930.123,1.005
49930.143,1.001
49930.163,1.004
49930.183,1.006
49930.203,1.004
49930.223,1.003
49930.243,1.003
49930.263,1.004
49930.283,1.004
49930.303,1.006
49930.323,1.003
49930.343,1.004
49930.363,1.005
49930.383,1.004
49930.403,1.007
49930.423,1.005
49930.443,1.006
49930.463,1.003
49930.483,1.004
49930.503,1.004
49930.523,1.002
49930.543,1.002
49930.563,1.004
49930.583,1.002
49930.603,1.005
49930.623,1.005
49930.643,1.005
49930.663,1.004
49930.683,1.004
49930.703,1.004
49930.723,1.006
49930.743,1.005
49930.763,1.005
49930.783,1.006
49930.803,1.005
49930.823,1.004
49930.843,1.004
49930.863,1.004
49930.883,1.005
49930.903,1.005
49930.923,1.003
49930.943,1.007
49930.963,1.004
49930.983,1.002
49931.003,1.004
49931.023,1.007
49931.043,1.002
49931.063,1.003
49931.083,1.003
49931.103,1.003
49931.123,1.004
49931.143,1.005
49931.163,1.003
49931.183,1.004
49931.203,1.005
49931.223,1.003
49931.243,1.006
49931.263,1.004
49931.283,1.004
49931.303,1.005
49931.323,1.003
49931.343,1.006
49931.363,1.004
49931.383,1.003
49931.403,1.004
49931.423,1.006
49931.443,1.003
49931.463,1.003
49931.483,1.003
49931.503,1.005
49931.523,1.003
49931.543,1.003
49931.563,1.003
49931.583,1.003
49931.603,1.003
49931.623,1.005
49931.643,1.002
49931.663,1.004
49931.683,1.005
49931.703,1.005
49931.723,1.004
49931.743,1.006
49931.763,1.003
49931.783,1.005
49931.803,1.005
49931.823,1.005
49931.843,1.004
49931.863,1.005
49931.883,1.003
49931.903,1.005
49931.923,1.005
49931.943,1.005
49931.963,1.004
49931.983,1.003
49932.003,1.006
49932.023,1.004
49932.043,1.004
49932.063,1.004
49932.083,1.005
49932.103,1.004
49932.123,1.005
49932.143,1.005
49932.163,1.005
49932.183,1.006
49932.203,1.004
49932.223,1.005
49932.243,1.005
49932.263,1.003
49932.283,1.003
49932.303,1.006
49932.323,1.005
49932.343,1.003
49932.363,1.006
49932.383,1.004
49932.403,1.003
49932.423,1.004
49932.443,1.008
49932.463,1.005
49932.483,1.002
49932.503,0.996
49932.523,1.005
49932.543,0.996
49932.563,1.008
49932.583,1.003
49932.603,0.999
49932.623,1.006
49932.643,1.007
49932.663,1.007
49932.683,1.003
49932.703,1.006
49932.723,0.999
49932.743,1.003
49932.763,1.011
49932.783,1.001
49932.803,1.002
49932.823,1.007
49932.843,1.003
49932.863,1.003
49932.883,1.012
49932.903,0.996
49932.923,1.003
49932.943,1.009
49932.963,0.997
49932.983,1.008
49933.003,1.006
49933.023,1.006
49933.043,1.008
49933.063,1.007
49933.083,1.001
49933.103,1.000
49933.123,1.012
49933.143,1.000
49933.163,1.005
49933.183,1.006
49933.203,0.999
49933.223,1.002
49933.243,1.008
49933.263,1.004
49933.283,1.002
49933.303,1.004
49933.323,1.006
49933.343,1.006
49933.363,1.004
49933.383,1.001
49933.403,1.002
49933.423,1.003
49933.443,1.012
49933.463,1.003
49933.483,1.009
49933.503,1.007
49933.523,0.999
49933.543,1.000
49933.563,1.000
49933.583,1.004
49933.603,1.006
49933.623,1.008
49933.643,1.007
49933.663,1.000
49933.683,1.002
49933.703,1.011
49933.723,1.002
49933.743,1.001
49933.763,1.017
49933.783,0.997
49933.803,1.000
49933.823,1.014
49933.843,1.002
49933.863,1.010
49933.883,1.007
49933.903,1.004
49933.923,1.000
49933.943,1.007
49933.963,1.004
49933.983,0.999
49934.003,1.013
49934.023,1.000
49934.043,1.003
49934.063,1.006
49934.083,1.001
49934.103,1.001
49934.123,1.009
49934.143,1.006
49934.163,1.002
49934.183,1.007
49934.203,1.004
49934.223,1.005
49934.243,1.005
49934.263,1.003
49934.283,1.006
49934.303,1.005
49934.323,1.004
49934.343,1.005
49934.363,1.008
49934.383,1.005
49934.403,0.999
49934.423,1.008
49934.443,1.004
49934.463,1.005
49934.483,1.005
49934.503,1.005
49934.523,1.007
49934.543,1.003
49934.563,1.005
49934.583,1.001
49934.603,1.003
49934.623,1.001
49934.643,1.005
49934.663,1.005
49934.683,1.004
49934.703,1.008
49934.723,1.007
49934.743,1.010
49934.763,1.006
49934.783,0.996
49934.803,1.013
49934.823,1.014
49934.843,0.997
49934.863,1.007
49934.883,1.005
49934.903,0.991
49934.923,1.015
49934.943,1.002
49934.963,1.003
49934.983,1.009
49935.003,1.003
49935.023,1.001
49935.043,1.007
49935.063,1.006
49935.083,1.001
49935.103,1.006
49935.123,1.000
49935.143,1.001
49935.163,1.011
49935.183,1.005
49935.203,1.007
49935.223,1.008
49935.243,1.005
49935.263,1.001
49935.283,1.005
49935.303,1.004
49935.323,1.002
49935.343,1.007
49935.363,1.004
49935.383,1.001
49935.403,1.005
49935.423,1.008
49935.443,1.001
49935.463,1.004
49935.483,1.002
49935.503,1.002
49935.523,1.002
49935.543,1.014
49935.563,1.001
49935.583,1.007
49935.603,1.007
49935.623,1.001
49935.643,1.000
49935.663,1.015
49935.683,0.994
49935.703,1.003
49935.723,1.005
49935.743,1.000
49935.763,1.010
49935.783,1.003
49935.803,1.004
49935.823,1.001
49935.843,1.010
49935.863,1.007
49935.883,1.001
49935.903,1.007
49935.923,0.998
49935.943,1.000
49935.963,1.005
49935.983,1.007
49936.003,1.007
49936.023,1.007
49936.043,1.004
49936.063,1.001
49936.083,1.001
49936.103,1.004
49936.123,1.002
49936.143,1.004
49936.163,1.009
49936.183,1.003
49936.203,1.008
49936.223,1.008
49936.243,1.000
49936.263,1.001
49936.283,1.007
49936.303,1.002
49936.323,0.999
49936.343,1.013
49936.363,1.006
49936.383,1.006
49936.403,1.010
49936.423,1.001
49936.443,1.003
49936.463,1.002
49936.483,1.006
49936.503,1.000
49936.523,1.007
49936.543,1.009
49936.563,1.009
49936.583,1.013
49936.603,1.006
49936.623,1.004
49936.643,1.007
49936.663,0.996
49936.683,1.003
49936.703,1.006
49936.723,1.003
49936.743,1.007
49936.763,1.008
49936.783,1.005
49936.803,1.010
49936.823,1.006
49936.843,1.000
49936.863,1.002
49936.883,1.003
49936.903,1.001
49936.923,1.002
49936.943,1.008
49936.963,1.005
49936.983,1.005
49937.003,1.007
49937.023,1.002
49937.043,1.004
49937.063,1.005
49937.083,1.005
49937.103,1.005
49937.123,1.006
49937.143,1.005
49937.163,1.006
49937.183,1.004
49937.203,1.002
49937.223,1.007
49937.243,1.007
49937.263,1.006
49937.283,1.007
49937.303,1.004
49937.323,1.004
49937.343,1.005
49937.363,1.003
49937.383,1.004
49937.403,1.008
49937.423,1.003
49937.443,1.007
49937.463,1.007
49937.483,1.003
49937.503,1.005
49937.523,1.006
49937.543,1.001
49937.563,1.007
49937.583,1.006
49937.603,1.000
49937.623,1.006
49937.643,1.006
49937.663,0.999
49937.683,1.002
49937.703,1.003
49937.723,1.001
49937.743,1.005
49937.763,1.005
49937.783,1.008
49937.803,1.006
49937.823,1.004
49937.843,1.003
49937.863,0.999
49937.883,1.004
49937.903,1.002
49937.923,1.003
49937.943,1.001
49937.963,1.006
49937.983,1.005
49938.003,1.004
49938.023,1.007
49938.043,1.001
49938.063,1.001
49938.083,1.002
49938.103,1.000
49938.123,1.006
49938.143,1.007
49938.163,1.006
49938.183,1.004
49938.203,1.008
49938.223,1.001
49938.243,1.005
49938.263,1.010
49938.283,1.001
49938.303,1.002
49938.323,1.003
49938.343,1.003
49938.363,1.003
49938.383,1.006
49938.403,1.004
49938.423,1.000
49938.443,1.008
49938.463,1.001
49938.483,1.001
49938.503,1.008
49938.523,1.007
49938.543,1.000
49938.563,1.008
49938.583,1.004
49938.603,1.003
49938.623,1.010
49938.643,1.003
49938.663,1.004
49938.683,1.007
49938.703,1.001
49938.723,1.007
49938.743,1.008
49938.763,1.005
49938.783,1.006
49938.803,1.002
49938.823,1.005
49938.843,1.002
49938.863,1.006
49938.883,1.003
49938.903,1.002
49938.923,1.008
49938.943,1.004
49938.963,1.004
49938.983,1.005
49939.003,1.004
49939.023,1.002
49939.043,1.006
49939.063,1.006
49939.083,1.006
49939.103,1.002
49939.123,1.008
49939.143,1.004
49939.163,1.003
49939.183,1.002
49939.203,1.004
49939.223,1.005
49939.243,1.006
49939.263,1.003
49939.283,1.006
49939.303,1.005
49939.323,1.002
49939.343,1.005
49939.363,1.006
49939.383,1.004
49939.403,1.006
49939.423,1.004
49939.443,1.002
49939.463,1.005
49939.483,1.007
49939.503,1.005
49939.523,1.008
49939.543,1.005
49939.563,1.004
49939.583,1.005
49939.603,1.006
49939.623,1.003
49939.643,1.006
49939.663,1.005
49939.683,1.005
49939.703,1.004
49939.723,1.005
49939.743,1.005
49939.763,1.006
49939.783,1.002
49939.803,1.005
49939.823,1.005
49939.843,1.004
49939.863,1.006
49939.883,1.004
49939.903,1.002
49939.923,1.005
49939.943,1.006
49939.963,1.003
49939.983,1.005
49940.003,1.006
49940.023,1.000
49940.043,1.003
49940.063,1.004
49940.083,1.003
49940.103,1.004
49940.123,1.004
49940.143,1.001
49940.163,1.005
49940.183,1.006
49940.203,1.003
49940.223,1.001
49940.243,1.004
49940.263,1.001
49940.283,1.005
49940.303,1.005
49940.323,1.003
49940.343,1.006
49940.363,1.004
49940.383,1.005
49940.403,1.007
49940.423,1.005
49940.443,1.003
49940.463,1.006
49940.483,1.006
49940.503,1.003
49940.523,1.004
49940.543,1.008
49940.563,1.004
49940.583,1.006
49940.603,1.004
49940.623,1.002
49940.643,1.002
49940.663,1.006
49940.683,1.005
49940.703,1.003
49940.723,1.005
49940.743,1.003
49940.763,1.001
49940.783,1.009
49940.803,1.005
49940.823,1.004
49940.843,1.005
49940.863,1.007
49940.883,1.002
49940.903,1.000
49940.923,1.002
49940.943,1.004
49940.963,1.005
49940.983,1.004
49941.003,1.004
49941.023,1.001
49941.043,1.002
49941.063,0.999
49941.083,1.002
49941.103,1.004
49941.123,1.008
49941.143,1.004
49941.163,1.012
49941.183,1.005
49941.203,0.997
49941.223,1.013
49941.243,1.002
49941.263,1.000
49941.283,1.010
49941.303,1.000
49941.323,1.003
49941.343,1.005
49941.363,1.006
49941.383,1.003
49941.403,1.007
49941.423,1.004
49941.443,1.000
49941.463,1.006
49941.483,1.007
49941.503,1.004
49941.523,1.010
49941.543,1.004
49941.563,0.999
49941.583,1.003
49941.603,1.005
49941.623,1.003
49941.643,1.007
49941.663,1.002
49941.683,1.003
49941.703,1.001
49941.723,1.005
49941.743,1.005
49941.763,1.005
49941.783,1.007
49941.803,1.006
49941.823,1.004
49941.843,1.004
49941.863,1.005
49941.883,1.004
49941.903,1.004
49941.923,1.005
49941.943,1.007
49941.963,1.006
49941.983,1.005
49942.003,1.006
49942.023,1.004
49942.043,1.003
49942.063,1.006
49942.083,1.001
49942.103,1.004
49942.123,1.003
49942.143,1.003
49942.163,1.007
49942.183,1.002
49942.203,1.003
49942.223,1.007
49942.243,1.003
49942.263,1.001
49942.283,1.002
49942.303,0.999
49942.323,1.001
49942.343,0.997
49942.363,1.003
49942.383,1.004
49942.403,1.003
49942.423,1.006
49942.443,1.004
49942.463,1.008
49942.483,1.004
49942.503,1.003
49942.523,1.005
49942.543,1.002
49942.563,1.004
49942.583,1.005
49942.603,1.003
49942.623,1.005
49942.643,0.999
49942.663,1.001
49942.683,1.010
49942.703,1.003
49942.723,1.007
49942.743,1.008
49942.763,1.000
49942.783,0.998
49942.803,1.011
49942.823,1.006
49942.843,1.002
49942.863,1.012
49942.883,1.001
49942.903,1.008
49942.923,1.009
49942.943,1.001
49942.963,1.006
49942.983,1.006
49943.003,1.003
49943.023,1.001
49943.043,1.006
49943.063,1.006
49943.083,1.001
49943.103,1.006
49943.123,1.012
49943.143,1.006
49943.163,1.005
49943.183,1.006
49949.893,1.024
49949.913,0.998
49949.933,0.991
49949.953,1.029
49949.973,1.013
49949.993,1.014
49950.013,0.981
49950.033,1.015
49950.053,1.009
49950.073,0.997
49950.093,1.011
49950.113,1.015
49950.133,1.002
49950.153,1.012
49950.173,1.008
49950.193,0.994
49950.213,0.993
49950.233,1.014
49950.253,1.009
49950.273,0.998
49950.293,0.988
49950.313,0.954
49950.333,1.006
49950.353,0.992
49950.373,1.025
49950.393,1.028
49950.413,1.016
49950.433,1.003
49950.453,1.003
49950.473,1.001
49950.493,1.002
49950.513,1.008
49950.533,1.001
49950.553,1.002
49950.573,1.006
49950.593,1.003
49950.613,1.001
49950.633,1.007
49950.653,1.004
49950.673,1.006
49950.693,1.002
49950.713,1.004
49950.733,1.002
49950.753,1.006
49950.773,1.007
49950.793,1.005
49950.813,1.005
49950.833,1.004
49950.853,1.003
49950.873,1.005
49950.893,1.006
49950.913,1.004
49950.933,1.006
49950.953,1.002
49950.973,1.001
49950.993,1.002
49951.013,1.002
49951.033,1.005
49951.053,1.009
49951.073,1.003
49951.093,1.006
49951.113,1.004
49951.133,1.001
49951.153,1.006
49951.173,1.003
49951.193,1.006
49951.213,1.007
49951.233,1.003
49951.253,1.003
49951.273,1.005
49951.293,1.004
49951.313,1.006
49951.333,1.006
49951.353,1.003
49951.373,1.003
49951.393,1.004
49951.413,1.005
49951.433,1.002
49951.453,0.998
49951.473,1.004
49951.493,1.007
49951.513,1.005
49951.533,1.000
49951.553,1.004
49951.573,1.008
49951.593,1.005
49951.613,1.004
49951.633,1.004
49951.653,1.004
49951.673,1.003
49951.693,1.003
49951.713,1.002
49951.733,1.007
49951.753,1.006
49951.773,1.005
49951.793,1.005
49951.813,1.004
49951.833,1.001
49951.853,1.006
49951.873,1.005
49951.893,1.004
49951.913,1.007
49951.933,1.004
49951.953,1.007
49951.973,1.001
49951.993,1.005
49952.013,1.005
49952.033,1.003
49952.053,1.004
49952.073,1.006
49952.093,1.007
49952.113,1.003
49952.133,1.003
49952.153,1.003
49952.173,1.005
49952.193,1.006
49952.213,1.005
49952.233,1.006
49952.253,1.004
49952.273,1.005
49952.293,1.005
49952.313,1.004
49952.333,1.005
49952.353,1.005
49952.373,1.006
49952.393,1.007
49952.413,1.005
49952.433,1.004
49952.453,1.003
49952.473,1.004
49952.493,1.007
49952.513,1.004
49952.533,1.006
49952.553,1.003
49952.573,1.004
49952.593,1.003
49952.613,1.004
49952.633,1.005
49952.653,1.005
49952.673,1.004
49952.693,1.004
49952.713,1.005
49952.733,1.003
49952.753,1.002
49952.773,0.998
49952.793,1.003
49952.813,1.008
49952.833,1.002
49952.853,1.004
49952.873,1.005
49952.893,1.000
49952.913,1.006
49952.933,1.004
49952.953,1.005
49952.973,1.005
49952.993,1.005
49953.013,1.005
49953.033,1.002
49953.053,1.005
49953.073,1.004
49953.093,1.006
49953.113,1.004
49953.133,1.006
49953.153,1.008
49953.173,0.997
49953.193,0.999
49953.213,1.004
49953.233,1.014
49953.253,1.009
49953.273,1.007
49953.293,1.007
49953.313,1.006
49953.333,0.995
49953.353,1.002
49953.373,1.001
49953.393,1.007
49953.413,1.004
49953.433,1.005
49953.453,1.013
49953.473,1.008
49953.493,1.007
49953.513,1.000
49953.533,1.005
49953.553,1.004
49953.573,1.005
49953.593,1.006
49953.613,1.004
49953.633,1.005
49953.653,1.004
49953.673,0.998
49953.693,1.006
49953.713,1.008
49953.733,0.991
49953.753,0.999
49953.773,1.015
49953.793,1.011
49953.813,1.005
49953.833,1.000
49953.853,0.973
49953.873,1.004
49953.893,0.998
49953.913,1.005
49953.933,0.995
49953.953,1.004
49953.973,1.014
49953.993,1.011
49954.013,1.002
49954.033,1.006
49954.053,1.005
49954.073,1.004
49954.093,1.007
49954.113,1.003
49954.133,1.003
49954.153,1.006
49954.173,1.004
49954.193,1.007
49954.213,1.003
49954.233,1.007
49954.253,1.005
49954.273,1.001
49954.293,1.006
49954.313,1.005
49954.333,1.005
49954.353,1.004
49954.373,1.003
49954.393,1.003
49954.413,1.004
49954.433,1.004
49954.453,1.002
49954.473,1.003
49954.493,1.005
49954.513,1.007
49954.533,1.004
49954.553,1.004
49954.573,1.006
49954.593,1.004
49954.613,1.004
49954.633,1.002
49954.653,1.004
49954.673,1.002
49954.693,1.001
49954.713,1.003
49954.733,1.006
49954.753,1.004
49954.773,1.004
49954.793,1.004
49954.813,1.006
49954.833,1.004
49954.853,1.004
49954.873,1.003
49954.893,1.004
49954.913,1.004
49954.933,1.006
49954.953,1.005
49954.973,1.005
49954.993,1.004
49955.013,1.002
49955.033,1.002
49955.053,1.003
49955.073,1.005
49955.093,1.002
49955.113,1.005
49955.133,1.006
49955.153,1.003
49955.173,1.008
49955.193,1.003
49955.213,1.004
49955.233,1.004
49955.253,1.007
49955.273,1.003
49955.293,1.006
49955.313,1.003
49955.333,1.007
49955.353,1.006
49955.373,1.003
49955.393,1.003
49955.413,1.004
49955.433,1.004
49955.453,1.001
49955.473,1.003
49955.493,1.005
49955.513,1.004
49955.533,1.003
49955.553,1.006
49955.573,1.002
49955.593,1.005
49955.613,1.005
49955.633,1.004
49955.653,1.001
49955.673,1.003
49955.693,1.005
49955.713,1.007
49955.733,1.003
49955.753,1.001
49955.773,1.004
49955.793,1.000
49955.813,1.001
49955.833,1.006
49955.853,1.004
49955.873,1.002
49955.893,1.006
49955.913,1.007
49955.933,1.003
49955.953,1.006
49955.973,1.005
49955.993,1.003
49956.013,1.004
49956.033,1.002
49956.053,1.008
49956.073,1.005
49956.093,1.005
49956.113,1.002
49956.133,1.004
49956.153,1.006
49956.173,1.002
49956.193,1.005
49956.213,1.006
49956.233,1.002
49956.253,1.004
49956.273,1.003
49956.293,1.004
49956.313,1.004
49956.333,1.004
49956.353,1.004
49956.373,1.007
49956.393,1.005
49956.413,1.004
49956.433,1.004
49956.453,1.004
49956.473,1.005
49956.493,1.004
49956.513,1.004
49956.533,1.005
49956.553,1.004
49956.573,1.005
49956.593,1.004
49956.613,1.004
49956.633,1.004
49956.653,1.004
49956.673,1.005
49956.693,1.004
49956.713,1.003
49956.733,1.007
49956.753,1.004
49956.773,1.003
49956.793,1.004
49956.813,1.003
49956.833,1.003
49956.853,1.003
49956.873,1.005
49956.893,1.004
49956.913,1.006
49956.933,1.006
49956.953,1.003
49956.973,1.004
49956.993,1.006
49957.013,1.002
49957.033,1.003
49957.053,1.007
49957.073,1.000
49957.093,1.003
49957.113,1.006
49957.133,1.001
49957.153,1.005
49957.173,1.004
49957.193,1.000
49957.213,1.007
49957.233,1.004
49957.253,1.003
49957.273,1.005
49957.293,1.004
49957.313,1.007
49957.333,1.003
49957.353,1.002
49957.373,1.005
49957.393,1.002
49957.413,1.005
49957.433,1.004
49957.453,1.004
49957.473,1.003
49957.493,1.000
49957.513,1.005
49957.533,1.006
49957.553,1.001
49957.573,1.004
49957.593,1.003
49957.613,1.006
49957.633,1.002
49957.653,1.006
49957.673,1.008
49957.693,1.003
49957.713,1.005
49957.733,1.004
49957.753,1.002
49957.773,1.005
49957.793,1.004
49957.813,1.005
49957.833,1.004
49957.853,1.005
49957.873,1.004
49957.893,1.005
49957.913,1.005
49957.933,1.004
49957.953,1.002
49957.973,1.005
49957.993,1.003
49958.013,1.003
49958.033,1.007
49958.053,1.004
49958.073,1.002
49958.093,1.005
49958.113,1.003
49958.133,1.003
49958.153,1.004
49958.173,1.005
49958.193,1.005
49958.213,1.004
49958.233,1.003
49958.253,1.002
49958.273,1.005
49958.293,1.008
49958.313,1.003
49958.333,1.005
49958.353,1.005
49958.373,1.005
49958.393,1.002
49958.413,1.006
49958.433,1.002
49958.453,1.003
49958.473,1.006
49958.493,1.006
49958.513,1.003
49958.533,1.003
49958.553,1.014
49958.573,0.998
49958.593,1.002
49958.613,1.000
49958.633,0.998
49958.653,1.012
49958.673,1.002
49958.693,0.998
49958.713,1.001
49958.733,1.001
49958.753,1.001
49958.773,1.010
49958.793,1.000
49958.813,1.004
49958.833,1.010
49958.853,1.004
49958.873,1.006
49958.893,1.007
49958.913,1.005
49958.933,1.002
49958.953,1.005
49958.973,1.005
49958.993,1.004
49959.013,1.005
49959.033,1.001
49959.053,1.002
49959.073,1.004
49959.093,1.005
49959.113,1.005
49959.133,1.006
49959.153,1.004
49959.173,1.007
49959.193,1.002
49959.213,1.004
49959.233,1.004
49959.253,1.004
49959.273,1.005
49959.293,1.005
49959.313,1.007
49959.333,1.001
49959.353,1.006
49959.373,1.008
49959.393,1.003
49959.413,1.008
49959.433,1.006
49959.453,1.003
49959.473,1.007
49959.493,1.002
49959.513,1.004
49959.533,0.998
49959.553,1.004
49959.573,1.007
49959.593,1.002
49959.613,1.006
49959.633,1.001
49959.653,1.004
49959.673,1.007
49959.693,1.004
49959.713,1.008
49959.733,1.007
49959.753,1.004
49959.773,1.005
49959.793,1.004
49959.813,1.004
49959.833,1.003
49959.853,1.002
49959.873,1.004
49959.893,1.005
49959.913,1.003
49959.933,1.004
49959.953,1.006
49959.973,1.005
49959.993,1.006
49960.013,1.005
49960.033,1.005
49960.053,1.006
49960.073,1.001
49960.093,1.011
49960.113,1.001
49960.133,1.004
49960.153,1.003
49960.173,1.002
49960.193,1.008
49960.213,1.002
49960.233,1.006
49960.253,1.004
49960.273,0.999
49960.293,1.007
49960.313,1.007
49960.333,1.005
49960.353,1.007
49960.373,1.005
49960.393,1.002
49960.413,1.004
49960.433,1.003
49960.453,1.003
49960.473,1.005
49960.493,1.005
49960.513,1.004
49960.533,1.002
49960.553,1.004
49960.573,1.005
49960.593,1.002
49960.613,1.004
49960.633,1.004
49960.653,1.007
49960.673,1.007
49960.693,1.004
49960.713,1.006
49960.733,1.001
49960.753,1.010
49960.773,0.999
49960.793,1.005
49960.813,1.007
49960.833,1.000
49960.853,1.006
49960.873,1.005
49960.893,1.001
49960.913,1.009
49960.933,0.998
49960.953,1.003
49960.973,1.008
49960.993,0.999
49961.013,1.008
49961.033,1.006
49961.053,1.002
49961.073,1.011
49961.093,1.002
49961.113,1.005
49961.133,1.007
49961.153,1.003
49961.173,1.008
49961.193,1.004
49961.213,1.006
49961.233,1.006
49961.253,1.004
49961.273,1.006
49961.293,1.005
49961.313,1.007
49961.333,1.004
49961.353,1.001
49961.373,1.006
49961.393,1.005
49961.413,1.003
49961.433,1.006
49961.453,1.005
49961.473,1.004
49961.493,1.001
49961.513,1.008
49961.533,1.003
49961.553,1.002
49961.573,1.008
49961.593,1.005
49961.613,1.003
49961.633,1.007
49961.653,1.002
49961.673,1.004
49961.693,1.006
49961.713,1.002
49961.733,1.006
49961.753,1.004
49961.773,1.004
49961.793,1.002
49961.813,1.005
49961.833,1.004
49961.853,1.002
49961.873,1.004
49961.893,1.003
49961.913,1.004
49961.933,1.005
49961.953,1.004
49961.973,1.001
49961.993,1.006
49962.013,1.007
49962.033,1.006
49962.053,1.002
49962.073,1.002
49962.093,1.011
49962.113,0.999
49962.133,1.006
49962.153,1.008
49962.173,1.003
49962.193,1.003
49962.213,1.005
49962.233,1.003
49962.253,1.004
49962.273,1.006
49962.293,1.000
49962.313,1.001
49962.333,1.007
49962.353,1.003
49962.373,1.006
49962.393,1.004
49962.413,1.003
49962.433,1.008
49962.453,1.004
49962.473,1.004
49962.493,1.004
49962.513,1.006
49962.533,1.004
49962.553,1.003
49962.573,1.003
49962.593,1.005
49962.613,1.005
49962.633,1.006
49962.653,1.003
49962.673,1.005
49962.693,1.003
49962.713,1.007
49962.733,1.004
49962.753,1.004
49962.773,1.004
49962.793,1.006
49962.813,1.005
49962.833,1.004
49962.853,1.004
49962.873,1.004
49962.893,1.005
49962.913,1.004
49962.933,1.005
49962.953,1.003
49962.973,1.005
49962.993,1.005
49963.013,1.006
49963.033,1.003
49963.053,1.004
49963.073,1.005
49963.093,1.004
49963.113,1.004
49963.133,1.004
49963.153,1.006
49963.173,1.003
49963.193,1.004
49963.213,1.007
49963.233,1.004
49963.253,1.006
49963.273,1.004
49963.293,1.003
49963.313,1.008
49963.333,1.006
49963.353,1.006
49963.373,1.005
49963.393,1.004
49963.413,1.005
49963.433,1.005
49963.453,1.003
49963.473,1.005
49963.493,1.004
49963.513,1.005
49963.533,1.005
49963.553,1.004
49963.573,1.004
49963.593,1.006
49963.613,1.002
49963.633,1.005
49963.653,1.007
49963.673,1.007
49963.693,1.004
49963.713,1.003
49963.733,1.003
49963.753,1.006
49963.773,1.005
49963.793,1.004
49963.813,1.004
49963.833,1.006
49963.853,1.002
49963.873,1.006
49963.893,1.006
49963.913,1.006
49963.933,1.004
49963.953,1.004
49963.973,1.009
49963.993,1.005
49964.013,1.005
49964.033,1.003
49964.053,1.005
49964.073,1.001
49964.093,1.007
49964.113,1.004
49964.133,1.002
49964.153,1.002
49964.173,1.005
49964.193,1.003
49964.213,1.007
49964.233,1.006
49964.253,1.002
49964.273,1.003
49964.293,1.004
49964.313,1.003
49964.333,1.004
49964.353,1.006
49964.373,1.004
49964.393,1.006
49964.413,1.006
49964.433,1.004
49964.453,1.003
49964.473,1.002
49964.493,1.006
49964.513,1.005
49964.533,1.004
49964.553,1.005
49964.573,1.006
49964.593,1.004
49964.613,1.006
49964.633,1.007
49964.653,1.004
49964.673,1.002
49964.693,1.006
49964.713,1.006
49964.733,1.004
49964.753,1.005
49964.773,1.004
49964.793,1.005
49964.813,1.005
49964.833,1.002
49964.853,1.006
49964.873,1.006
49964.893,1.002
49964.913,1.006
49964.933,1.006
49964.953,1.002
49964.973,1.003
49964.993,1.007
49965.013,1.006
49965.033,1.002
49965.053,1.008
49965.073,1.004
49965.093,1.000
49965.113,1.005
49965.133,1.003
49965.153,1.004
49965.173,1.005
49965.193,1.004
49965.213,1.005
49965.233,1.005
49965.253,1.005
49965.273,1.005
49965.293,1.006
49965.313,1.006
49965.333,1.005
49965.353,1.006
49965.373,1.004
49965.393,1.005
49965.413,1.006
49965.433,1.003
49965.453,1.004
49965.473,1.002
49965.493,1.002
49965.513,1.005
49965.533,1.000
49965.553,1.006
49965.573,1.004
49965.593,1.008
49965.613,1.005
49965.633,1.004
49965.653,1.006
49965.673,1.004
49965.693,1.003
49965.713,1.007
49965.733,1.003
49965.753,1.005
49965.773,1.002
49965.793,1.005
49965.813,1.003
49965.833,1.000
49965.853,1.005
49965.873,1.004
49965.893,1.004
49965.913,1.004
49965.933,1.005
49965.953,1.003
49965.973,1.003
49965.993,1.006
49966.013,1.003
49966.033,1.005
49966.053,1.005
49966.073,1.004
49966.093,1.004
49966.113,1.004
49966.133,1.002
49966.153,1.005
49966.173,1.004
49966.193,1.005
49966.213,1.005
49966.233,1.004
49966.253,1.002
49966.273,1.004
49966.293,1.004
49966.313,1.007
49966.333,1.004
49966.353,1.004
49966.373,1.004
49966.393,1.003
49966.413,1.003
49966.433,1.004
49966.453,1.004
49966.473,1.003
49966.493,1.003
49966.513,1.006
49966.533,1.005
49966.553,1.004
49966.573,1.006
49966.593,1.002
49966.613,1.005
49966.633,1.005
49966.653,1.005
49966.673,1.007
49966.693,1.005
49966.713,1.004
49966.733,1.004
49966.753,1.003
49966.773,1.006
49966.793,1.004
49966.813,1.004
49966.833,1.006
49966.853,1.004
49966.873,1.007
49966.893,1.004
49966.913,1.004
49966.933,1.003
49966.953,1.003
49966.973,1.004
49966.993,1.003
49967.013,1.003
49967.033,1.006
49967.053,1.004
49967.073,1.006
49967.093,1.003
49967.113,1.002
49967.133,1.003
49967.153,1.005
49967.173,1.003
49967.193,1.004
49967.213,1.004
49967.233,1.003
49967.253,1.003
49967.273,1.004
49967.293,1.004
49967.313,1.003
49967.333,1.001
49967.353,1.005
49967.373,1.006
49967.393,1.005
49967.413,1.005
49967.433,1.005
49967.453,1.003
49967.473,1.002
49967.493,1.004
49967.513,1.004
49967.533,1.003
49967.553,1.005
49967.573,1.003
49967.593,1.004
49967.613,1.003
49967.633,1.006
49967.653,1.004
49967.673,1.004
49967.693,1.003
49967.713,1.005
49967.733,1.006
49967.753,1.002
49967.773,1.005
49967.793,1.004
49967.813,1.004
49967.833,1.006
49967.853,1.005
49967.873,1.004
49967.893,1.004
49967.913,1.003
49967.933,1.006
49967.953,1.004
49967.973,1.006
49967.993,1.007
49968.013,1.004
49968.033,1.005
49968.053,1.007
49968.073,1.006
49968.093,1.005
49968.113,1.003
49968.133,1.003
49968.153,1.003
49968.173,1.005
49968.193,1.007
49968.213,1.006
49968.233,1.004
49968.253,1.006
49968.273,1.005
49968.293,1.004
49968.313,1.005
49968.333,1.004
49968.353,1.006
49968.373,1.004
49968.393,1.006
49968.413,1.005
49968.433,1.004
49968.453,1.004
49968.473,1.006
49968.493,1.005
49968.513,1.002
49968.533,1.003
49968.553,1.003
49968.573,1.006
49968.593,1.003
49968.613,1.004
49968.633,1.004
49968.653,1.004
49968.673,1.006
49968.693,1.005
49968.713,1.004
49968.733,1.002
49968.753,1.005
49968.773,1.004
49968.793,1.004
49968.813,1.007
49968.833,1.004
49968.853,1.003
49968.873,1.004
49968.893,1.004
49968.913,1.006
49968.933,1.003
49968.953,1.005
49968.973,1.004
49968.993,1.005
49969.013,1.003
49969.033,1.006
49969.053,1.003
49969.073,1.003
49969.093,1.004
49969.113,1.003
49969.133,1.005
49969.153,1.004
49969.173,1.002
49969.193,1.004
49969.213,1.003
49969.233,1.006
49969.253,1.005
49969.273,1.002
49969.293,1.006
49969.313,1.004
49969.333,1.006
49969.353,1.005
49969.373,1.003
49969.393,1.003
49969.413,1.002
49969.433,1.005
49969.453,1.004
49969.473,1.002
49969.493,1.005
49969.513,1.003
49969.533,1.003
49969.553,1.007
49969.573,1.007
49969.593,1.003
49969.613,1.003
49969.633,1.005
49969.653,1.001
49969.673,1.003
49969.693,1.005
49969.713,1.003
49969.733,1.004
49969.753,1.003
49969.773,1.003
49969.793,1.003
49969.813,1.004
49969.833,1.007
49969.853,1.004
49969.873,1.003
50258.013,1.015
50258.033,0.988
50258.053,1.031
50258.073,1.018
50258.093,1.010
50258.113,1.035
50258.133,0.996
50258.153,1.003
50258.173,1.000
50258.193,0.995
50258.213,1.008
50258.233,0.999
50258.253,1.006
50258.273,0.993
50258.293,1.007
50258.313,1.005
50258.333,1.001
50258.353,1.009
50258.373,1.004
50258.393,1.006
50258.413,1.008
50258.433,1.003
50258.453,1.002
50258.473,1.000
50258.493,1.004
50258.513,1.006
50258.533,1.002
50258.553,1.004
50258.573,1.012
50258.593,1.003
50258.613,0.999
50258.633,1.014
50258.653,1.006
50258.673,1.006
50258.693,1.010
50258.713,0.998
50258.733,1.005
50258.753,1.007
50258.773,0.999
50258.793,1.009
50258.813,1.007
50258.833,1.002
50258.853,1.005
50258.873,1.008
50258.893,1.000
50258.913,1.003
50258.933,1.006
50258.953,1.001
50258.973,1.005
50258.993,1.004
50259.013,1.001
50259.033,1.009
50259.053,1.005
50259.073,1.001
50259.093,1.006
50259.113,1.007
50259.133,1.000
50259.153,1.003
50259.173,1.008
50259.193,1.001
50259.213,1.004
50259.233,1.006
50259.253,1.005
50259.273,1.007
50259.293,1.005
50259.313,1.003
50259.333,1.007
50259.353,1.008
50259.373,1.002
50259.393,1.006
50259.413,1.005
50259.433,1.003
50259.453,1.004
50259.473,1.004
50259.493,1.004
50259.513,1.003
50259.533,1.006
50259.553,1.002
50259.573,1.006
50259.593,1.003
50259.613,1.005
50259.633,1.007
50259.653,1.004
50259.673,1.007
50259.693,1.007
50259.713,1.005
50259.733,1.003
50259.753,1.004
50259.773,1.004
50259.793,1.006
50259.813,1.005
50259.833,1.005
50259.853,1.007
50259.873,1.003
50259.893,1.001
50259.913,1.004
50259.933,1.003
50259.953,1.003
50259.973,1.005
50259.993,1.004
50260.013,1.004
50260.033,1.003
50260.053,1.006
50260.073,1.005
50260.093,1.005
50260.113,1.005
50260.133,1.006
50260.153,1.004
50260.173,1.006
50260.193,1.002
50260.213,1.004
50260.233,1.006
50260.253,1.004
50260.273,1.006
50260.293,1.006
50260.313,1.004
50260.333,1.006
50260.353,1.006
50260.373,1.005
50260.393,1.005
50260.413,1.006
50260.433,1.003
50260.453,1.005
50260.473,1.006
50260.493,1.006
50260.513,1.003
50260.533,1.006
50260.553,1.005
50260.573,1.000
50260.593,1.005
50260.613,1.003
50260.633,1.005
50260.653,1.005
50260.673,1.003
50260.693,1.006
50260.713,1.003
50260.733,1.003
50260.753,1.002
50260.773,1.004
50260.793,1.006
50260.813,1.001
50260.833,1.005
50260.853,1.005
50260.873,1.005
50260.893,1.004
50260.913,1.003
50260.933,1.006
50260.953,1.003
50260.973,1.003
50260.993,1.002
50261.013,1.003
50261.033,1.005
50261.053,1.002
50261.073,1.007
50261.093,1.004
50261.113,1.002
50261.133,1.006
50261.153,1.004
50261.173,1.005
50261.193,1.004
50261.213,1.004
50261.233,1.004
50261.253,1.002
50261.273,1.003
50261.293,1.004
50261.313,1.005
50261.333,1.007
50261.353,1.006
50261.373,1.008
50261.393,1.003
50261.413,1.001
50261.433,1.004
50261.453,1.003
50261.473,1.005
50261.493,1.004
50261.513,1.004
50261.533,1.003
50261.553,1.004
50261.573,1.005
50261.593,1.006
50261.613,1.005
50261.633,1.006
50261.653,1.004
50261.673,1.004
50261.693,1.006
50261.713,1.007
50261.733,1.006
50261.753,1.006
50261.773,1.004
50261.793,1.003
50261.813,1.002
50261.833,1.003
50261.853,1.003
50261.873,1.004
50261.893,1.006
50261.913,1.005
50261.933,1.005
50261.953,1.004
50261.973,1.005
50261.993,1.006
50262.013,1.005
50262.033,1.006
50262.053,1.005
50262.073,1.003
50262.093,1.002
50262.113,1.002
50262.133,1.006
50262.153,1.007
50262.173,1.004
50262.193,1.005
50262.213,1.004
50262.233,1.001
50262.253,1.006
50262.273,1.005
50262.293,1.005
50262.313,1.002
50262.333,1.002
50262.353,1.005
50262.373,1.005
50262.393,1.006
50262.413,1.004
50262.433,1.002
50262.453,1.005
50262.473,1.001
50262.493,1.005
50262.513,1.003
50262.533,1.004
50262.553,1.007
50262.573,1.004
50262.593,1.006
50262.613,1.003
50262.633,1.004
50262.653,1.002
50262.673,1.003
50262.693,1.004
50262.713,1.003
50262.733,1.006
50262.753,1.005
50262.773,1.004
50262.793,1.005
50262.813,1.003
50262.833,1.004
50262.853,1.003
50262.873,1.006
50262.893,1.002
50262.913,1.004
50262.933,1.005
50262.953,1.007
50262.973,1.004
50262.993,1.030
50263.013,1.024
50263.033,0.977
50263.053,0.999
50263.073,0.991
50263.093,1.013
50263.113,1.010
50263.133,0.995
50263.153,1.010
50263.173,1.002
50263.193,1.002
50263.213,1.007
50263.233,1.002
50263.253,1.010
50263.273,1.002
50263.293,1.003
50263.313,1.005
50263.333,1.005
50263.353,0.976
50263.373,0.987
50263.393,1.017
50263.413,1.032
50263.433,1.029
50263.453,0.992
50263.473,1.022
50263.493,1.003
50263.513,1.013
50263.533,1.005
50263.553,1.005
50263.573,1.009
50263.593,1.002
50263.613,1.002
50263.633,1.001
50263.653,1.005
50263.673,1.003
50263.693,1.003
50263.713,1.002
50263.733,1.003
50263.753,1.006
50263.773,1.005
50263.793,1.007
50263.813,1.003
50263.833,1.007
50263.853,1.005
50263.873,1.002
50263.893,1.007
50263.913,1.007
50263.933,1.006
50263.953,1.004
50263.973,1.005
50263.993,1.005
50264.013,1.006
50264.033,1.005
50264.053,1.004
50264.073,1.009
50264.093,1.006
50264.113,1.005
50264.133,0.998
50264.153,1.005
50264.173,1.005
50264.193,0.998
50264.213,1.012
50264.233,1.001
50264.253,1.005
50264.273,1.006
50264.293,1.002
50264.313,1.009
50264.333,1.000
50264.353,1.004
50264.373,1.003
50264.393,1.006
50264.413,1.021
50264.433,0.999
50264.453,0.993
50264.473,1.010
50264.493,1.010
50264.513,1.010
50264.533,1.016
50264.553,1.008
50264.573,0.996
50264.593,1.012
50264.613,0.993
50264.633,1.008
50264.653,1.005
50264.673,1.000
50264.693,1.009
50264.713,0.993
50264.733,1.007
50264.753,1.000
50264.773,1.012
50264.793,1.010
50264.813,0.999
50264.833,1.011
50264.853,1.001
50264.873,1.004
50264.893,0.999
50264.913,1.009
50264.933,1.012
50264.953,1.000
50264.973,1.007
50264.993,0.999
50265.013,1.008
50265.033,1.001
50265.053,1.003
50265.073,1.008
50265.093,1.005
50265.113,1.001
50265.133,1.000
50265.153,1.004
50265.173,1.005
50265.193,1.003
50265.213,1.006
50265.233,1.005
50265.253,1.005
50265.273,1.002
50265.293,1.004
50265.313,1.004
50265.333,1.003
50265.353,1.005
50265.373,1.004
50265.393,1.002
50265.413,1.004
50265.433,1.002
50265.453,1.006
50265.473,1.008
50265.493,1.003
50265.513,1.000
50265.533,1.006
50265.553,1.003
50265.573,1.004
50265.593,1.006
50265.613,1.005
50265.633,1.007
50265.653,1.003
50265.673,1.002
50265.693,1.004
50265.713,1.003
50265.733,1.005
50265.753,1.009
50265.773,1.008
50265.793,1.003
50265.813,1.002
50265.833,1.005
50265.853,1.004
50265.873,1.004
50265.893,1.006
50265.913,1.004
50265.933,1.003
50265.953,1.004
50265.973,1.006
50265.993,1.006
50266.013,1.006
50266.033,1.007
50266.053,1.003
50266.073,1.006
50266.093,1.005
50266.113,1.002
50266.133,1.002
50266.153,1.005
50266.173,1.005
50266.193,1.004
50266.213,1.003
50266.233,1.003
50266.253,1.006
50266.273,1.005
50266.293,1.006
50266.313,1.002
50266.333,1.006
50266.353,1.006
50266.373,1.004
50266.393,1.006
50266.413,1.004
50266.433,1.007
50266.453,1.003
50266.473,1.005
50266.493,1.004
50266.513,1.006
50266.533,1.008
50266.553,1.005
50266.573,1.006
50266.593,1.004
50266.613,1.005
50266.633,1.005
50266.653,1.004
50266.673,1.001
50266.693,1.005
50266.713,1.004
50266.733,1.004
50266.753,1.006
50266.773,1.003
50266.793,1.006
50266.813,1.004
50266.833,1.004
50266.853,1.004
50266.873,1.004
50266.893,1.006
50266.913,1.004
50266.933,1.005
50266.953,1.005
50266.973,1.003
50266.993,1.003
50267.013,1.005
50267.033,1.004
50267.053,1.003
50267.073,1.006
50267.093,1.005
50267.113,1.005
50267.133,1.004
50267.153,1.004
50267.173,1.005
50267.193,1.006
50267.213,1.005
50267.233,1.004
50267.253,1.006
50267.273,1.006
50267.293,1.004
50267.313,1.007
50267.333,1.005
50267.353,1.004
50267.373,1.004
50267.393,1.005
50267.413,1.003
50267.433,1.003
50267.453,1.005
50267.473,1.005
50267.493,1.005
50267.513,1.007
50267.533,1.005
50267.553,1.005
50267.573,1.004
50267.593,1.004
50267.613,1.003
50267.633,1.005
50267.653,1.005
50267.673,1.005
50267.693,1.007
50267.713,1.002
50267.733,1.003
50267.753,1.006
50267.773,1.004
50267.793,0.998
50267.813,1.008
50267.833,1.001
50267.853,1.004
50267.873,1.002
50267.893,1.005
50267.913,1.003
50267.933,1.002
50267.953,1.007
50267.973,1.007
50267.993,1.007
50268.013,1.004
50268.033,1.004
50268.053,1.005
50268.073,1.006
50268.093,1.005
50268.113,1.002
50268.133,1.004
50268.153,1.003
50268.173,1.005
50268.193,1.006
50268.213,1.005
50268.233,1.005
50268.253,1.005
50268.273,1.006
50268.293,1.003
50268.313,1.004
50268.333,1.003
50268.353,1.005
50268.373,1.005
50268.393,1.003
50268.413,1.003
50268.433,1.004
50268.453,1.003
50268.473,1.003
50268.493,1.005
50268.513,1.001
50268.533,1.006
50268.553,1.006
50268.573,1.002
50268.593,1.007
50268.613,1.004
50268.633,1.002
50268.653,1.002
50268.673,1.003
50268.693,1.002
50268.713,1.005
50268.733,1.005
50268.753,1.004
50268.773,1.003
50268.793,1.006
50268.813,1.002
50268.833,1.003
50268.853,1.003
50268.873,1.006
50268.893,1.004
50268.913,1.004
50268.933,1.005
50268.953,1.005
50268.973,1.005
50268.993,1.005
50269.013,1.008
50269.033,1.004
50269.053,1.004
50269.073,1.002
50269.093,1.005
50269.113,1.004
50269.133,1.003
50269.153,1.003
50269.173,1.006
50269.193,1.004
50269.213,1.005
50269.233,1.004
50269.253,1.002
50269.273,1.003
50269.293,1.005
50269.313,1.004
50269.333,1.004
50269.353,1.001
50269.373,1.004
50269.393,1.004
50269.413,1.006
50269.433,1.004
50269.453,1.006
50269.473,1.008
50269.493,1.006
50269.513,1.005
50269.533,1.004
50269.553,1.004
50269.573,1.005
50269.593,1.004
50269.613,1.004
50269.633,1.007
50269.653,1.004
50269.673,1.004
50269.693,1.003
50269.713,1.003
50269.733,1.004
50269.753,1.005
50269.773,1.005
50269.793,1.006
50269.813,1.005
50269.833,1.004
50269.853,1.006
50269.873,1.005
50269.893,1.007
50269.913,1.003
50269.933,1.004
50269.953,1.006
50269.973,1.003
50269.993,1.004
50270.013,1.006
50270.033,1.006
50270.053,1.005
50270.073,1.005
50270.093,1.004
50270.113,1.004
50270.133,1.006
50270.153,1.005
50270.173,1.004
50270.193,1.006
50270.213,1.004
50270.233,1.004
50270.253,1.004
50270.273,1.006
50270.293,1.006
50270.313,1.004
50270.333,1.002
50270.353,1.004
50270.373,1.004
50270.393,1.002
50270.413,1.002
50270.433,1.005
50270.453,1.003
50270.473,1.002
50270.493,1.003
50270.513,1.003
50270.533,1.007
50270.553,1.001
50270.573,1.002
50270.593,1.003
50270.613,0.999
50270.633,1.002
50270.653,1.006
50270.673,1.006
50270.693,1.007
50270.713,1.005
50270.733,1.003
50270.753,1.004
50270.773,1.007
50270.793,1.004
50270.813,1.003
50270.833,1.004
50270.853,1.004
50270.873,1.003
50270.893,1.005
50270.913,1.005
50270.933,1.005
50270.953,1.007
50270.973,1.005
50270.993,1.001
50271.013,1.003
50271.033,1.002
50271.053,1.003
50271.073,1.007
50271.093,1.004
50271.113,1.003
50271.133,1.005
50271.153,1.005
50271.173,1.007
50271.193,1.003
50271.213,1.003
50271.233,1.004
50271.253,1.000
50271.273,1.004
50271.293,1.005
50271.313,1.006
50271.333,1.007
50271.353,1.005
50271.373,1.005
50271.393,1.001
50271.413,1.000
50271.433,1.003
50271.453,1.006
50271.473,1.005
50271.493,1.003
50271.513,1.002
50271.533,1.006
50271.553,1.005
50271.573,1.004
50271.593,1.007
50271.613,1.007
50271.633,1.004
50271.653,1.003
50271.673,1.002
50271.693,1.005
50271.713,1.005
50271.733,1.004
50271.753,1.002
50271.773,1.003
50271.793,1.005
50271.813,1.004
50271.833,1.002
50271.853,1.004
50271.873,1.005
50271.893,1.007
50271.913,1.005
50271.933,1.005
50271.953,1.004
50271.973,1.004
50271.993,1.005
50272.013,1.005
50272.033,1.003
50272.053,1.004
50272.073,1.004
50272.093,1.001
50272.113,1.004
50272.133,1.008
50272.153,1.004
50272.173,1.005
50272.193,1.003
50272.213,1.008
50272.233,1.004
50272.253,1.004
50272.273,1.004
50272.293,1.004
50272.313,1.006
50272.333,1.004
50272.353,1.005
50272.373,1.004
50272.393,1.004
50272.413,1.006
50272.433,1.003
50272.453,1.005
50272.473,1.004
50272.493,1.005
50272.513,1.006
50272.533,1.005
50272.553,1.004
50272.573,1.006
50272.593,1.005
50272.613,1.002
50272.633,1.004
50272.653,1.005
50272.673,1.004
50272.693,1.004
50272.713,1.002
50272.733,1.002
50272.753,1.006
50272.773,1.005
50272.793,1.006
50272.813,1.005
50272.833,1.005
50272.853,1.007
50272.873,1.003
50272.893,1.003
50272.913,1.005
50272.933,1.005
50272.953,1.005
50272.973,1.005
50272.993,1.004
50273.013,1.006
50273.033,1.005
50273.053,1.004
50273.073,1.005
50273.093,1.006
50273.113,1.003
50273.133,1.003
50273.153,1.005
50273.173,1.006
50273.193,1.005
50273.213,1.004
50273.233,1.004
50273.253,1.006
50273.273,1.003
50273.293,1.004
50273.313,1.004
50273.333,1.003
50273.353,1.004
50273.373,1.003
50273.393,1.007
50273.413,1.005
50273.433,1.006
50273.453,1.002
50273.473,1.006
50273.493,1.005
50273.513,1.004
50273.533,1.005
50273.553,1.005
50273.573,1.004
50273.593,1.003
50273.613,1.005
50273.633,1.004
50273.653,1.006
50273.673,1.003
50273.693,1.004
50273.713,1.005
50273.733,1.002
50273.753,1.004
50273.773,1.004
50273.793,1.005
50273.813,1.005
50273.833,1.004
50273.853,1.005
50273.873,1.004
50273.893,1.006
50273.913,1.005
50273.933,1.007
50273.953,1.006
50273.973,1.006
50273.993,1.003
50274.013,1.004
50274.033,1.005
50274.053,1.005
50274.073,1.003
50274.093,1.006
50274.113,1.006
50274.133,1.004
50274.153,1.005
50274.173,1.004
50274.193,1.004
50274.213,1.004
50274.233,1.005
50274.253,1.003
50274.273,1.006
50274.293,1.002
50274.313,1.004
50274.333,1.009
50274.353,1.005
50274.373,1.004
50274.393,1.006
50274.413,1.004
50274.433,1.001
50274.453,1.003
50274.473,1.007
50274.493,1.006
50274.513,1.005
50274.533,1.005
50274.553,1.004
50274.573,1.005
50274.593,1.001
50274.613,1.005
50274.633,1.008
50274.653,1.006
50274.673,1.005
50274.693,1.001
50274.713,1.006
50274.733,1.001
50274.753,1.006
50274.773,1.009
50274.793,1.005
50274.813,1.003
50274.833,1.001
50274.853,1.004
50274.873,1.001
50274.893,1.006
50274.913,1.006
50274.933,1.005
50274.953,1.005
50274.973,1.002
50274.993,1.003
50275.013,1.002
50275.033,1.003
50275.053,1.005
50275.073,1.002
50275.093,1.005
50275.113,1.003
50275.133,1.001
50275.153,1.007
50275.173,1.006
50275.193,1.005
50275.213,1.002
50275.233,1.005
50275.253,1.001
50275.273,1.003
50275.293,1.005
50275.313,1.005
50275.333,1.006
50275.353,1.003
50275.373,1.005
50275.393,1.005
50275.413,1.003
50275.433,1.006
50275.453,1.005
50275.473,1.004
50275.493,1.004
50275.513,1.004
50275.533,1.005
50275.553,1.004
50275.573,1.003
50275.593,1.005
50275.613,1.005
50275.633,1.004
50275.653,1.001
50275.673,1.007
50275.693,1.004
50275.713,1.006
50275.733,1.005
50275.753,1.003
50275.773,1.006
50275.793,1.003
50275.813,1.005
50275.833,1.004
50275.853,1.007
50275.873,1.003
50275.893,1.005
50275.913,1.005
50275.933,1.003
50275.953,1.005
50275.973,1.001
50275.993,1.005
50276.013,1.005
50276.033,1.003
50276.053,1.005
50276.073,1.004
50276.093,1.002
50276.113,1.006
50276.133,1.004
50276.153,1.006
50276.173,1.006
50276.193,1.005
50276.213,1.007
50276.233,1.002
50276.253,1.004
50276.273,1.006
50276.293,1.006
50276.313,1.005
50276.333,1.005
50276.353,1.004
50276.373,1.005
50276.393,1.003
50276.413,1.004
50276.433,1.002
50276.453,1.007
50276.473,1.002
50276.493,1.001
50276.513,1.006
50276.533,1.005
50276.553,1.004
50276.573,1.007
50276.593,1.004
50276.613,1.003
50276.633,1.003
50276.653,1.005
50276.673,1.004
50276.693,1.004
50276.713,1.004
50276.733,1.006
50276.753,1.001
50276.773,1.000
50276.793,1.004
50276.813,1.004
50276.833,1.004
50276.853,1.005
50276.873,1.006
50276.893,1.005
50276.913,1.006
50276.933,1.002
50276.953,1.006
50276.973,1.005
50276.993,1.006
50277.013,1.003
50277.033,1.003
50277.053,1.007
50277.073,1.007
50277.093,1.008
50277.113,1.002
50277.133,1.003
50277.153,1.005
50277.173,1.005
50277.193,1.005
50277.213,1.005
50277.233,1.003
50277.253,1.005
50277.273,1.005
50277.293,1.004
50277.313,1.003
50277.333,1.003
50277.353,1.002
50277.373,1.007
50277.393,1.007
50277.413,1.006
50277.433,1.005
50277.453,1.005
50277.473,1.004
50277.493,1.004
50277.513,1.004
50277.533,1.003
50277.553,1.007
50277.573,1.004
50277.593,1.004
50277.613,1.006
50277.633,1.005
50277.653,1.003
50277.673,1.007
50277.693,1.005
50277.713,1.004
50277.733,1.002
50277.753,1.005
50277.773,1.004
50277.793,1.005
50277.813,1.004
50277.833,1.003
50277.853,1.005
50277.873,1.004
50277.893,1.005
50277.913,1.005
50277.933,1.007
50277.953,1.002
50277.973,1.005
50277.993,1.006
50315.608,0.975
50315.628,1.000
50315.648,1.013
50315.668,0.987
50315.688,1.009
50315.708,0.998
50315.728,1.001
50315.748,1.010
50315.768,1.006
50315.788,1.009
50315.808,0.999
50315.828,0.991
50315.848,1.001
50315.868,1.004
50315.888,0.995
50315.908,1.015
50315.928,0.995
50315.948,1.003
50315.968,0.998
50315.988,1.000
50316.008,1.005
50316.028,1.003
50316.048,1.005
50316.068,1.003
50316.088,1.009
50316.108,1.005
50316.128,1.003
50316.148,1.003
50316.168,0.999
50316.188,1.012
50316.208,1.005
50316.228,1.003
50316.248,1.007
50316.268,1.004
50316.288,1.000
50316.308,1.001
50316.328,1.010
50316.348,1.004
50316.368,1.004
50316.388,1.006
50316.408,1.003
50316.428,1.003
50316.448,1.002
50316.468,1.002
50316.488,1.007
50316.508,1.004
50316.528,1.003
50316.548,1.005
50316.568,1.002
50316.588,1.003
50316.608,1.005
50316.628,1.005
50316.648,1.002
50316.668,1.002
50316.688,1.005
50316.708,1.004
50316.728,1.006
50316.748,1.004
50316.768,1.007
50316.788,1.003
50316.808,1.004
50316.828,1.005
50316.848,1.006
50316.868,1.005
50316.888,1.005
50316.908,1.005
50316.928,1.005
50316.948,1.006
50316.968,1.002
50316.988,1.004
50317.008,1.006
50317.028,1.007
50317.048,1.001
50317.068,1.003
50317.088,1.004
50317.108,1.003
50317.128,1.002
50317.148,1.005
50317.168,1.004
50317.188,1.002
50317.208,1.003
50317.228,1.003
50317.248,1.003
50317.268,1.008
50317.288,1.007
50317.308,1.004
50317.328,1.004
50317.348,1.007
50317.368,1.001
50317.388,1.005
50317.408,1.004
50317.428,1.002
50317.448,1.007
50317.468,1.004
50317.488,1.006
50317.508,1.005
50317.528,1.006
50317.548,1.002
50317.568,1.004
50317.588,1.003
50317.608,1.006
50317.628,1.008
50317.648,1.004
50317.668,1.005
50317.688,1.004
50317.708,1.004
50317.728,1.002
50317.748,1.002
50317.768,1.005
50317.788,1.006
50317.808,1.007
50317.828,1.004
50317.848,1.005
50317.868,1.003
50317.888,1.005
50317.908,1.007
50317.928,1.005
50317.948,1.005
50317.968,1.008
50317.988,1.000
50318.008,1.004
50318.028,1.003
50318.048,1.005
50318.068,1.006
50318.088,1.005
50318.108,1.002
50318.128,1.004
50318.148,1.005
50318.168,1.004
50318.188,1.005
50318.208,1.004
50318.228,1.006
50318.248,1.008
50318.268,1.006
50318.288,1.001
50318.308,1.004
50318.328,1.003
50318.348,1.002
50318.368,1.002
50318.388,1.008
50318.408,1.005
50318.428,1.007
50318.448,1.006
50318.468,1.001
50318.488,1.007
50318.508,1.006
50318.528,1.005
50318.548,1.007
50318.568,1.005
50318.588,1.003
50318.608,1.004
50318.628,1.005
50318.648,1.006
50318.668,1.009
50318.688,1.004
50318.708,0.997
50318.728,1.005
50318.748,0.998
50318.768,1.004
50318.788,1.001
50318.808,1.002
50318.828,1.006
50318.848,1.006
50318.868,1.004
50318.888,1.009
50318.908,1.003
50318.928,1.006
50318.948,1.001
50318.968,1.003
50318.988,1.000
50319.008,1.004
50319.028,1.009
50319.048,1.002
50319.068,1.001
50319.088,1.001
50319.108,1.004
50319.128,1.007
50319.148,0.999
50319.168,1.006
50319.188,1.007
50319.208,1.003
50319.228,1.003
50319.248,1.003
50319.268,1.005
50319.288,1.006
50319.308,1.005
50319.328,1.004
50319.348,1.006
50319.368,1.002
50319.388,1.001
50319.408,1.004
50319.428,1.003
50319.448,1.007
50319.468,1.005
50319.488,1.006
50319.508,1.006
50319.528,1.005
50319.548,1.004
50319.568,1.005
50319.588,1.003
50319.608,1.004
50319.628,1.005
50319.648,1.006
50319.668,1.005
50319.688,1.003
50319.708,1.006
50319.728,1.006
50319.748,1.005
50319.768,1.004
50319.788,1.003
50319.808,1.002
50319.828,1.006
50319.848,1.002
50319.868,1.005
50319.888,1.005
50319.908,1.004
50319.928,1.005
50319.948,1.006
50319.968,1.004
50319.988,1.004
50320.008,1.003
50320.028,1.007
50320.048,1.004
50320.068,1.006
50320.088,1.004
50320.108,1.005
50320.128,1.005
50320.148,1.004
50320.168,1.003
50320.188,1.003
50320.208,1.005
50320.228,1.005
50320.248,1.005
50320.268,1.006
50320.288,1.006
50320.308,1.006
50320.328,1.005
50320.348,1.007
50320.368,1.005
50320.388,1.003
50320.408,1.006
50320.428,1.005
50320.448,1.001
50320.468,1.002
50320.488,1.007
50320.508,1.005
50320.528,1.005
50320.548,1.003
50320.568,1.004
50320.588,1.003
50320.608,1.002
50320.628,1.004
50320.648,1.007
50320.668,1.007
50320.688,1.003
50320.708,1.007
50320.728,1.006
50320.748,1.004
50320.768,1.004
50320.788,1.006
50320.808,1.006
50320.828,1.001
50320.848,1.004
50320.868,1.005
50320.888,1.003
50320.908,1.008
50320.928,1.005
50320.948,1.007
50320.968,1.007
50320.988,1.006
50321.008,1.003
50321.028,1.004
50321.048,1.003
50321.068,1.006
50321.088,1.006
50321.108,1.006
50321.128,1.005
50321.148,1.002
50321.168,1.005
50321.188,1.003
50321.208,1.005
50321.228,1.004
50321.248,1.001
50321.268,1.006
50321.288,1.004
50321.308,1.005
50321.328,1.005
50321.348,1.006
50321.368,1.005
50321.388,1.005
50321.408,1.005
50321.428,1.005
50321.448,1.007
50321.468,1.001
50321.488,1.005
50321.508,1.003
50321.528,1.006
50321.548,1.004
50321.568,1.005
50321.588,1.006
50321.608,1.004
50321.628,1.004
50321.648,1.003
50321.668,1.006
50321.688,1.001
50321.708,1.002
50321.728,1.007
50321.748,1.003
50321.768,1.004
50321.788,1.007
50321.808,1.003
50321.828,1.005
50321.848,1.003
50321.868,1.003
50321.888,1.003
50321.908,1.006
50321.928,1.005
50321.948,1.004
50321.968,1.005
50321.988,1.002
50322.008,1.004
50322.028,1.004
50322.048,1.005
50322.068,1.002
50322.088,1.004
50322.108,1.003
50322.128,1.004
50322.148,1.007
50322.168,1.002
50322.188,1.007
50322.208,1.004
50322.228,1.003
50322.248,1.005
50322.268,1.004
50322.288,1.004
50322.308,1.003
50322.328,1.004
50322.348,1.004
50322.368,1.003
50322.388,1.005
50322.408,1.005
50322.428,1.002
50322.448,1.005
50322.468,1.003
50322.488,1.005
50322.508,1.004
50322.528,1.003
50322.548,1.006
50322.568,1.005
50322.588,1.002
50322.608,1.006
50322.628,1.006
50322.648,1.005
50322.668,1.004
50322.688,1.003
50322.708,1.005
50322.728,1.005
50322.748,1.003
50322.768,1.005
50322.788,1.003
50322.808,1.004
50322.828,1.004
50322.848,1.003
50322.868,1.003
50322.888,1.006
50322.908,1.007
50322.928,1.003
50322.948,1.004
50322.968,1.005
50322.988,1.007
50323.008,1.005
50323.028,1.003
50323.048,1.004
50323.068,1.005
50323.088,1.004
50323.108,1.003
50323.128,1.004
50323.148,1.004
50323.168,1.006
50323.188,1.004
50323.208,1.005
50323.228,1.004
50323.248,1.003
50323.268,1.005
50323.288,1.005
50323.308,1.003
50323.328,1.006
50323.348,1.006
50323.368,1.005
50323.388,1.004
50323.408,1.004
50323.428,1.009
50323.448,1.005
50323.468,1.006
50323.488,1.006
50323.508,1.003
50323.528,1.005
50323.548,1.003
50323.568,1.003
50323.588,1.003
50323.608,1.006
50323.628,1.006
50323.648,1.004
50323.668,1.003
50323.688,1.004
50323.708,1.004
50323.728,1.003
50323.748,1.004
50323.768,1.006
50323.788,1.006
50323.808,1.004
50323.828,1.004
50323.848,1.003
50323.868,1.006
50323.888,1.006
50323.908,1.005
50323.928,1.004
50323.948,1.002
50323.968,1.004
50323.988,1.003
50324.008,1.005
50324.028,1.004
50324.048,1.005
50324.068,1.005
50324.088,1.005
50324.108,1.005
50324.128,1.004
50324.148,1.006
50324.168,1.005
50324.188,1.002
50324.208,1.005
50324.228,1.005
50324.248,1.004
50324.268,1.005
50324.288,1.004
50324.308,1.005
50324.328,1.003
50324.348,1.003
50324.368,1.006
50324.388,1.006
50324.408,1.005
50324.428,1.004
50324.448,1.002
50324.468,1.002
50324.488,1.004
50324.508,1.002
50324.528,1.003
50324.548,1.004
50324.568,1.004
50324.588,1.006
50324.608,1.003
50324.628,1.006
50324.648,1.004
50324.668,1.005
50324.688,1.006
50324.708,1.004
50324.728,1.003
50324.748,1.004
50324.768,1.007
50324.788,1.003
50324.808,1.002
50324.828,1.005
50324.848,1.004
50324.868,1.004
50324.888,1.002
50324.908,1.006
50324.928,1.005
50324.948,1.005
50324.968,1.005
50324.988,1.005
50325.008,1.008
50325.028,1.004
50325.048,1.005
50325.068,1.005
50325.088,1.004
50325.108,1.005
50325.128,1.002
50325.148,1.006
50325.168,1.004
50325.188,1.005
50325.208,1.003
50325.228,1.005
50325.248,1.003
50325.268,1.005
50325.288,1.005
50325.308,1.004
50325.328,1.005
50325.348,1.005
50325.368,1.004
50325.388,1.002
50325.408,1.003
50325.428,1.006
50325.448,1.006
50325.468,1.006
50325.488,1.001
50325.508,1.003
50325.528,1.002
50325.548,1.005
50325.568,1.003
50325.588,1.007
50325.608,1.004
50325.628,1.005
50325.648,1.006
50325.668,1.006
50325.688,1.005
50325.708,1.004
50325.728,1.004
50325.748,1.004
50325.768,1.005
50325.788,1.005
50325.808,1.005
50325.828,1.006
50325.848,1.004
50325.868,1.007
50325.888,1.003
50325.908,1.003
50325.928,1.005
50325.948,1.004
50325.968,1.002
50325.988,1.004
50326.008,1.005
50326.028,1.005
50326.048,1.005
50326.068,1.003
50326.088,1.008
50326.108,1.006
50326.128,1.004
50326.148,1.007
50326.168,1.004
50326.188,1.005
50326.208,1.004
50326.228,1.003
50326.248,1.005
50326.268,1.005
50326.288,1.003
50326.308,1.003
50326.328,1.004
50326.348,1.004
50326.368,1.005
50326.388,1.005
50326.408,1.003
50326.428,1.005
50326.448,1.005
50326.468,1.006
50326.488,1.007
50326.508,1.005
50326.528,1.003
50326.548,1.005
50326.568,1.005
50326.588,1.004
50326.608,1.005
50326.628,1.003
50326.648,1.004
50326.668,1.003
50326.688,1.005
50326.708,1.003
50326.728,1.006
50326.748,1.008
50326.768,1.004
50326.788,1.005
50326.808,1.004
50326.828,1.003
50326.848,1.003
50326.868,1.001
50326.888,1.008
50326.908,1.005
50326.928,1.007
50326.948,1.007
50326.968,1.005
50326.988,1.002
50327.008,1.005
50327.028,1.004
50327.048,1.006
50327.068,1.006
50327.088,1.005
50327.108,1.006
50327.128,1.005
50327.148,1.004
50327.168,1.004
50327.188,1.001
50327.208,1.004
50327.228,1.004
50327.248,1.003
50327.268,1.005
50327.288,1.003
50327.308,1.006
50327.328,1.005
50327.348,1.007
50327.368,1.006
50327.388,1.005
50327.408,1.007
50327.428,1.003
50327.448,1.003
50327.468,1.005
50327.488,1.004
50327.508,1.006
50327.528,1.004
50327.548,1.004
50327.568,1.006
50327.588,1.004
50327.608,1.003
50327.628,1.006
50327.648,1.007
50327.668,1.005
50327.688,1.004
50327.708,1.004
50327.728,1.004
50327.748,1.007
50327.768,1.003
50327.788,1.004
50327.808,1.005
50327.828,1.005
50327.848,1.004
50327.868,1.005
50327.888,1.004
50327.908,1.003
50327.928,1.005
50327.948,1.006
50327.968,1.002
50327.988,1.004
50328.008,1.004
50328.028,1.002
50328.048,1.005
50328.068,1.006
50328.088,1.006
50328.108,1.002
50328.128,1.003
50328.148,1.004
50328.168,1.004
50328.188,1.004
50328.208,1.005
50328.228,1.003
50328.248,1.006
50328.268,1.003
50328.288,1.005
50328.308,1.007
50328.328,1.003
50328.348,1.004
50328.368,1.004
50328.388,1.003
50328.408,1.004
50328.428,1.004
50328.448,1.004
50328.468,1.004
50328.488,1.006
50328.508,1.006
50328.528,1.004
50328.548,1.002
50328.568,1.004
50328.588,1.005
50328.608,1.007
50328.628,1.003
50328.648,1.005
50328.668,1.004
50328.688,1.004
50328.708,1.003
50328.728,1.003
50328.748,1.005
50328.768,1.004
50328.788,1.005
50328.808,1.007
50328.828,1.003
50328.848,1.003
50328.868,1.005
50328.888,1.003
50328.908,1.005
50328.928,1.004
50328.948,1.003
50328.968,1.004
50328.988,1.006
50329.008,1.004
50329.028,1.003
50329.048,1.005
50329.068,1.003
50329.088,1.006
50329.108,1.005
50329.128,1.004
50329.148,1.002
50329.168,1.006
50329.188,1.008
50329.208,1.005
50329.228,1.006
50329.248,1.006
50329.268,1.007
50329.288,1.005
50329.308,1.003
50329.328,1.004
50329.348,1.004
50329.368,1.004
50329.388,1.003
50329.408,1.005
50329.428,1.005
50329.448,1.003
50329.468,1.005
50329.488,1.003
50329.508,1.007
50329.528,1.006
50329.548,1.005
50329.568,1.005
50329.588,1.004
50329.608,1.004
50329.628,1.002
50329.648,1.007
50329.668,1.004
50329.688,1.005
50329.708,1.005
50329.728,1.003
50329.748,1.007
50329.768,1.002
50329.788,1.002
50329.808,1.007
50329.828,1.003
50329.848,1.006
50329.868,1.005
50329.888,1.004
50329.908,1.002
50329.928,1.006
50329.948,1.004
50329.968,1.002
50329.988,1.003
50330.008,1.006
50330.028,1.005
50330.048,1.003
50330.068,1.006
50330.088,1.005
50330.108,1.005
50330.128,1.004
50330.148,1.004
50330.168,1.003
50330.188,1.004
50330.208,1.005
50330.228,1.004
50330.248,1.006
50330.268,1.004
50330.288,1.006
50330.308,1.004
50330.328,1.006
50330.348,1.005
50330.368,1.004
50330.388,1.003
50330.408,1.004
50330.428,1.002
50330.448,1.004
50330.468,1.005
50330.488,1.007
50330.508,1.002
50330.528,1.003
50330.548,1.007
50330.568,1.006
50330.588,1.004
50330.608,1.006
50330.628,1.005
50330.648,1.006
50330.668,1.005
50330.688,1.003
50330.708,1.002
50330.728,1.006
50330.748,1.004
50330.768,1.007
50330.788,1.005
50330.808,1.005
50330.828,1.004
50330.848,1.004
50330.868,1.003
50330.888,1.003
50330.908,1.006
50330.928,1.004
50330.948,1.006
50330.968,1.004
50330.988,1.005
50331.008,1.006
50331.028,1.005
50331.048,1.005
50331.068,1.005
50331.088,1.005
50331.108,1.006
50331.128,1.004
50331.148,1.005
50331.168,1.006
50331.188,1.004
50331.208,1.005
50331.228,1.003
50331.248,1.005
50331.268,1.004
50331.288,1.004
50331.308,1.005
50331.328,1.004
50331.348,1.005
50331.368,1.003
50331.388,1.004
50331.408,1.003
50331.428,1.004
50331.448,1.005
50331.468,1.003
50331.488,1.003
50331.508,1.004
50331.528,1.003
50331.548,1.004
50331.568,1.004
50331.588,1.004
50331.608,1.004
50331.628,1.006
50331.648,1.005
50331.668,1.003
50331.688,1.004
50331.708,1.004
50331.728,1.006
50331.748,1.005
50331.768,1.003
50331.788,1.004
50331.808,1.003
50331.828,1.004
50331.848,1.005
50331.868,1.003
50331.888,1.003
50331.908,1.004
50331.928,1.006
50331.948,1.002
50331.968,1.003
50331.988,1.002
50332.008,1.003
50332.028,1.005
50332.048,1.004
50332.068,1.006
50332.088,1.006
50332.108,1.004
50332.128,1.003
50332.148,1.005
50332.168,1.006
50332.188,1.005
50332.208,1.004
50332.228,1.003
50332.248,1.004
50332.268,1.003
50332.288,1.004
50332.308,1.004
50332.328,1.005
50332.348,1.006
50332.368,1.006
50332.388,1.004
50332.408,1.003
50332.428,1.003
50332.448,1.007
50332.468,1.005
50332.488,1.005
50332.508,1.005
50332.528,1.003
50332.548,1.003
50332.568,1.006
50332.588,1.005
50332.608,1.006
50332.628,1.004
50332.648,1.005
50332.668,1.002
50332.688,1.004
50332.708,1.004
50332.728,1.007
50332.748,1.004
50332.768,1.003
50332.788,1.006
50332.808,1.006
50332.828,1.006
50332.848,1.007
50332.868,1.004
50332.888,1.005
50332.908,1.005
50332.928,1.004
50332.948,1.004
50332.968,1.004
50332.988,1.003
50333.008,1.002
50333.028,1.004
50333.048,1.003
50333.068,1.007
50333.088,1.005
50333.108,1.005
50333.128,1.004
50333.148,1.003
50333.168,1.007
50333.188,1.006
50333.208,1.003
50333.228,1.003
50333.248,1.003
50333.268,1.006
50333.288,1.007
50333.308,1.005
50333.328,1.005
50333.348,1.005
50333.368,1.005
50333.388,1.003
50333.408,1.004
50333.428,1.006
50333.448,1.004
50333.468,1.006
50333.488,1.003
50333.508,1.005
50333.528,1.005
50333.548,1.005
50333.568,1.003
50333.588,1.003
50333.608,1.005
50333.628,1.002
50333.648,1.005
50333.668,1.003
50333.688,1.006
50333.708,1.005
50333.728,1.003
50333.748,1.002
50333.768,1.005
50333.788,1.007
50333.808,1.003
50333.828,1.005
50333.848,1.005
50333.868,1.005
50333.888,1.002
50333.908,1.003
50333.928,1.004
50333.948,1.006
50333.968,1.006
50333.988,1.003
50334.008,1.004
50334.028,1.004
50334.048,1.006
50334.068,1.004
50334.088,1.005
50334.108,1.004
50334.128,1.003
50334.148,1.006
50334.168,1.006
50334.188,1.008
50334.208,1.003
50334.228,1.007
50334.248,1.003
50334.268,1.004
50334.288,1.005
50334.308,1.005
50334.328,1.005
50334.348,1.004
50334.368,1.006
50334.388,1.005
50334.408,1.005
50334.428,1.005
50334.448,1.006
50334.468,1.006
50334.488,1.006
50334.508,1.004
50334.528,1.006
50334.548,1.002
50334.568,1.003
50334.588,1.005
50334.608,1.005
50334.628,1.005
50334.648,1.004
50334.668,1.005
50334.688,1.005
50334.708,1.005
50334.728,1.004
50334.748,1.005
50334.768,1.003
50334.788,1.005
50334.808,1.006
50334.828,1.003
50334.848,1.006
50334.868,1.007
50334.888,1.004
50334.908,1.003
50334.928,1.003
50334.948,1.004
50334.968,1.006
50334.988,1.004
50335.008,1.005
50335.028,1.003
50335.048,1.004
50335.068,1.005
50335.088,1.003
50335.108,1.005
50335.128,1.006
50335.148,1.007
50335.168,1.004
50335.188,1.005
50335.208,1.005
50335.228,1.005
50335.248,1.002
50335.268,1.004
50335.288,1.003
50335.308,1.004
50335.328,1.005
50335.348,1.002
50335.368,1.005
50335.388,1.003
50335.408,1.006
50335.428,1.003
50335.448,1.005
50335.468,1.004
50335.488,1.005
50335.508,1.008
50335.528,1.004
50335.548,1.005
50335.568,1.005
50335.588,1.006
50672.438,1.148
50672.458,1.007
50672.478,1.038
50672.498,0.990
50672.518,1.014
50672.538,0.997
50672.558,1.009
50672.578,1.013
50672.598,1.007
50672.618,1.005
50672.638,1.008
50672.658,1.004
50672.678,1.005
50672.698,0.997
50672.718,1.000
50672.738,1.005
50672.758,1.005
50672.778,1.005
50672.798,1.002
50672.818,1.007
50672.838,1.003
50672.858,1.000
50672.878,1.003
50672.898,1.004
50672.918,1.007
50672.938,1.003
50672.958,0.959
50672.978,0.969
50672.998,1.011
50673.018,1.010
50673.038,1.009
50673.058,1.003
50673.078,1.004
50673.098,1.009
50673.118,1.000
50673.138,1.005
50673.158,1.010
50673.178,0.996
50673.198,1.007
50673.218,1.006
50673.238,1.003
50673.258,1.006
50673.278,1.002
50673.298,1.007
50673.318,1.004
50673.338,1.005
50673.358,1.004
50673.378,1.003
50673.398,1.008
50673.418,1.003
50673.438,1.004
50673.458,1.001
50673.478,1.005
50673.498,1.008
50673.518,1.004
50673.538,1.004
50673.558,1.003
50673.578,1.002
50673.598,1.003
50673.618,1.005
50673.638,1.006
50673.658,1.005
50673.678,1.003
50673.698,1.004
50673.718,1.003
50673.738,1.005
50673.758,1.006
50673.778,1.006
50673.798,1.004
50673.818,1.002
50673.838,1.003
50673.858,1.004
50673.878,1.003
50673.898,1.002
50673.918,1.005
50673.938,1.003
50673.958,1.003
50673.978,1.004
50673.998,1.005
50674.018,1.004
50674.038,1.006
50674.058,1.006
50674.078,1.004
50674.098,1.005
50674.118,1.005
50674.138,1.002
50674.158,1.003
50674.178,1.007
50674.198,1.003
50674.218,1.006
50674.238,1.004
50674.258,1.002
50674.278,1.006
50674.298,1.004
50674.318,1.003
50674.338,1.005
50674.358,1.004
50674.378,1.005
50674.398,1.005
50674.418,1.006
50674.438,1.005
50674.458,1.006
50674.478,1.006
50674.498,1.005
50674.518,1.006
50674.538,1.006
50674.558,1.005
50674.578,1.005
50674.598,1.004
50674.618,1.004
50674.638,1.005
50674.658,1.003
50674.678,1.005
50674.698,1.002
50674.718,1.005
50674.738,1.006
50674.758,1.003
50674.778,1.003
50674.798,1.005
50674.818,1.007
50674.838,1.005
50674.858,1.003
50674.878,1.006
50674.898,1.006
50674.918,1.007
50674.938,1.004
50674.958,1.007
50674.978,1.003
50674.998,1.007
50675.018,1.005
50675.038,1.004
50675.058,1.006
50675.078,1.004
50675.098,1.003
50675.118,1.004
50675.138,1.005
50675.158,1.004
50675.178,1.006
50675.198,1.004
50675.218,1.005
50675.238,1.006
50675.258,1.006
50675.278,1.007
50675.298,1.006
50675.318,1.006
50675.338,1.004
50675.358,1.004
50675.378,1.004
50675.398,1.003
50675.418,1.004
50675.438,1.007
50675.458,1.002
50675.478,1.005
50675.498,1.004
50675.518,1.004
50675.538,1.006
50675.558,1.005
50675.578,1.003
50675.598,1.006
50675.618,1.006
50675.638,1.004
50675.658,1.007
50675.678,1.007
50675.698,1.006
50675.718,1.003
50675.738,1.004
50675.758,1.007
50675.778,1.005
50675.798,1.006
50675.818,1.004
50675.838,1.001
50675.858,1.002
50675.878,1.005
50675.898,1.003
50675.918,1.005
50675.938,1.005
50675.958,1.003
50675.978,1.004
50675.998,1.002
50676.018,1.003
50676.038,1.003
50676.058,1.004
50676.078,1.006
50676.098,1.005
50676.118,1.007
50676.138,1.003
50676.158,1.006
50676.178,1.006
50676.198,1.005
50676.218,1.004
50676.238,1.006
50676.258,1.004
50676.278,1.005
50676.298,1.005
50676.318,1.002
50676.338,1.006
50676.358,1.007
50676.378,1.004
50676.398,1.003
50676.418,1.003
50676.438,1.007
50676.458,1.002
50676.478,1.006
50676.498,1.003
50676.518,1.005
50676.538,1.001
50676.558,1.006
50676.578,1.007
50676.598,1.005
50676.618,1.005
50676.638,1.003
50676.658,1.004
50676.678,1.003
50676.698,1.006
50676.718,1.004
50676.738,1.003
50676.758,1.007
50676.778,1.004
50676.798,1.006
50676.818,1.004
50676.838,1.005
50676.858,1.004
50676.878,1.004
50676.898,1.007
50676.918,1.003
50676.938,1.007
50676.958,1.004
50676.978,1.004
50676.998,1.005
50677.018,1.006
50677.038,1.003
50677.058,1.003
50677.078,1.005
50677.098,1.004
50677.118,1.006
50677.138,1.006
50677.158,1.004
50677.178,1.005
50677.198,1.005
50677.218,1.004
50677.238,1.006
50677.258,1.006
50677.278,1.004
50677.298,1.008
50677.318,1.006
50677.338,1.003
50677.358,1.004
50677.378,1.006
50677.398,1.005
50677.418,1.002
50677.438,1.005
50677.458,1.006
50677.478,1.003
50677.498,1.006
50677.518,1.003
50677.538,1.006
50677.558,1.004
50677.578,1.005
50677.598,1.006
50677.618,1.006
50677.638,1.004
50677.658,1.003
50677.678,1.003
50677.698,1.006
50677.718,1.006
50677.738,1.006
50677.758,1.006
50677.778,1.004
50677.798,1.005
50677.818,1.004
50677.838,1.003
50677.858,1.004
50677.878,1.006
50677.898,1.004
50677.918,1.005
50677.938,1.004
50677.958,1.004
50677.978,1.005
50677.998,1.005
50678.018,1.005
50678.038,1.005
50678.058,1.006
50678.078,1.005
50678.098,1.006
50678.118,1.005
50678.138,1.007
50678.158,1.006
50678.178,1.004
50678.198,1.004
50678.218,1.004
50678.238,1.003
50678.258,1.005
50678.278,1.004
50678.298,1.004
50678.318,1.005
50678.338,1.004
50678.358,1.006
50678.378,1.005
50678.398,1.004
50678.418,1.006
50678.438,1.006
50678.458,1.009
50678.478,1.004
50678.498,1.006
50678.518,1.004
50678.538,1.004
50678.558,1.004
50678.578,1.006
50678.598,1.003
50678.618,1.003
50678.638,1.003
50678.658,1.005
50678.678,1.005
50678.698,1.005
50678.718,1.004
50678.738,1.005
50678.758,1.003
50678.778,1.006
50678.798,1.004
50678.818,1.004
50678.838,1.007
50678.858,1.004
50678.878,1.004
50678.898,1.007
50678.918,1.003
50678.938,1.002
50678.958,1.005
50678.978,1.003
50678.998,1.004
50679.018,1.006
50679.038,1.005
50679.058,1.001
50679.078,1.004
50679.098,1.003
50679.118,1.004
50679.138,1.004
50679.158,1.005
50679.178,1.004
50679.198,1.005
50679.218,1.003
50679.238,1.005
50679.258,1.004
50679.278,1.005
50679.298,1.003
50679.318,1.003
50679.338,1.005
50679.358,1.005
50679.378,1.002
50679.398,1.006
50679.418,1.005
50679.438,1.004
50679.458,1.006
50679.478,1.005
50679.498,1.004
50679.518,1.005
50679.538,1.003
50679.558,1.006
50679.578,1.004
50679.598,1.004
50679.618,1.002
50679.638,1.005
50679.658,1.004
50679.678,1.006
50679.698,1.005
50679.718,1.002
50679.738,1.005
50679.758,1.004
50679.778,1.004
50679.798,1.005
50679.818,1.003
50679.838,1.006
50679.858,1.004
50679.878,1.007
50679.898,1.004
50679.918,1.004
50679.938,1.004
50679.958,1.004
50679.978,1.007
50679.998,1.006
50680.018,1.003
50680.038,1.004
50680.058,1.003
50680.078,1.003
50680.098,1.005
50680.118,1.005
50680.138,1.004
50680.158,1.006
50680.178,1.005
50680.198,1.006
50680.218,1.003
50680.238,1.005
50680.258,1.006
50680.278,1.004
50680.298,1.005
50680.318,1.005
50680.338,1.006
50680.358,1.004
50680.378,1.005
50680.398,1.006
50680.418,1.002
50680.438,1.004
50680.458,1.005
50680.478,1.005
50680.498,1.003
50680.518,1.002
50680.538,1.005
50680.558,1.005
50680.578,1.003
50680.598,1.004
50680.618,1.004
50680.638,1.006
50680.658,1.007
50680.678,1.005
50680.698,1.004
50680.718,1.005
50680.738,1.003
50680.758,1.002
50680.778,1.005
50680.798,1.005
50680.818,1.004
50680.838,1.003
50680.858,1.007
50680.878,1.006
50680.898,1.005
50680.918,1.005
50680.938,1.007
50680.958,1.006
50680.978,1.007
50680.998,1.006
50681.018,1.004
50681.038,1.004
50681.058,1.001
50681.078,1.002
50681.098,1.004
50681.118,1.006
50681.138,1.003
50681.158,1.006
50681.178,1.007
50681.198,1.004
50681.218,1.006
50681.238,1.006
50681.258,1.003
50681.278,1.003
50681.298,1.003
50681.318,1.004
50681.338,1.005
50681.358,1.006
50681.378,1.006
50681.398,1.004
50681.418,1.006
50681.438,1.004
50681.458,1.004
50681.478,1.004
50681.498,1.004
50681.518,1.003
50681.538,1.005
50681.558,1.006
50681.578,1.002
50681.598,1.004
50681.618,1.005
50681.638,1.006
50681.658,1.004
50681.678,1.006
50681.698,1.003
50681.718,1.006
50681.738,1.004
50681.758,1.005
50681.778,1.004
50681.798,1.004
50681.818,1.006
50681.838,1.004
50681.858,1.004
50681.878,1.004
50681.898,1.007
50681.918,1.005
50681.938,1.005
50681.958,1.005
50681.978,1.004
50681.998,1.004
50682.018,1.004
50682.038,1.005
50682.058,1.007
50682.078,1.004
50682.098,1.005
50682.118,1.005
50682.138,1.006
50682.158,1.006
50682.178,1.004
50682.198,1.006
50682.218,1.005
50682.238,1.005
50682.258,1.004
50682.278,1.004
50682.298,1.005
50682.318,1.004
50682.338,1.003
50682.358,1.003
50682.378,1.003
50682.398,1.005
50682.418,1.004
50682.438,1.006
50682.458,1.005
50682.478,1.005
50682.498,1.003
50682.518,1.006
50682.538,1.007
50682.558,1.004
50682.578,1.006
50682.598,1.004
50682.618,1.004
50682.638,1.004
50682.658,1.004
50682.678,1.003
50682.698,1.006
50682.718,1.007
50682.738,1.006
50682.758,1.004
50682.778,1.006
50682.798,1.006
50682.818,1.005
50682.838,1.006
50682.858,1.005
50682.878,1.004
50682.898,1.003
50682.918,1.004
50682.938,1.004
50682.958,1.004
50682.978,1.005
50682.998,1.006
50683.018,1.006
50683.038,1.004
50683.058,1.003
50683.078,1.004
50683.098,1.005
50683.118,1.005
50683.138,1.007
50683.158,1.004
50683.178,1.005
50683.198,1.005
50683.218,1.005
50683.238,1.005
50683.258,1.005
50683.278,1.006
50683.298,1.003
50683.318,1.006
50683.338,1.004
50683.358,1.007
50683.378,1.005
50683.398,1.004
50683.418,1.006
50683.438,1.003
50683.458,1.007
50683.478,1.005
50683.498,1.006
50683.518,1.005
50683.538,1.004
50683.558,1.005
50683.578,1.006
50683.598,1.005
50683.618,1.004
50683.638,1.003
50683.658,1.007
50683.678,1.006
50683.698,1.007
50683.718,1.006
50683.738,1.005
50683.758,1.005
50683.778,1.005
50683.798,1.006
50683.818,1.005
50683.838,1.005
50683.858,1.005
50683.878,1.006
50683.898,1.003
50683.918,1.006
50683.938,1.004
50683.958,1.005
50683.978,1.005
50683.998,1.005
50684.018,1.004
50684.038,1.005
50684.058,1.006
50684.078,1.005
50684.098,1.005
50684.118,1.004
50684.138,1.004
50684.158,1.006
50684.178,1.002
50684.198,1.006
50684.218,1.005
50684.238,1.005
50684.258,1.005
50684.278,1.004
50684.298,1.005
50684.318,1.008
50684.338,1.004
50684.358,1.006
50684.378,1.006
50684.398,1.006
50684.418,1.004
50684.438,1.005
50684.458,1.004
50684.478,1.003
50684.498,1.007
50684.518,1.003
50684.538,1.005
50684.558,1.005
50684.578,1.005
50684.598,1.001
50684.618,1.006
50684.638,1.004
50684.658,1.002
50684.678,1.008
50684.698,1.005
50684.718,1.006
50684.738,1.004
50684.758,1.005
50684.778,1.004
50684.798,1.006
50684.818,1.006
50684.838,1.005
50684.858,1.004
50684.878,1.003
50684.898,1.006
50684.918,1.004
50684.938,1.006
50684.958,1.004
50684.978,1.006
50684.998,1.005
50685.018,1.003
50685.038,1.002
50685.058,1.004
50685.078,1.003
50685.098,1.006
50685.118,1.003
50685.138,1.006
50685.158,1.005
50685.178,1.004
50685.198,1.007
50685.218,1.007
50685.238,1.004
50685.258,1.004
50685.278,1.003
50685.298,1.003
50685.318,1.006
50685.338,1.004
50685.358,1.004
50685.378,1.005
50685.398,1.004
50685.418,1.006
50685.438,1.006
50685.458,1.005
50685.478,1.007
50685.498,1.002
50685.518,1.005
50685.538,1.004
50685.558,1.004
50685.578,1.005
50685.598,1.005
50685.618,1.003
50685.638,1.004
50685.658,1.006
50685.678,1.004
50685.698,1.004
50685.718,1.004
50685.738,1.004
50685.758,1.004
50685.778,1.004
50685.798,1.003
50685.818,1.005
50685.838,1.009
50685.858,1.003
50685.878,1.006
50685.898,1.004
50685.918,1.004
50685.938,1.004
50685.958,1.007
50685.978,1.005
50685.998,1.004
50686.018,1.005
50686.038,1.005
50686.058,1.005
50686.078,1.005
50686.098,1.004
50686.118,1.004
50686.138,1.003
50686.158,1.005
50686.178,1.004
50686.198,1.004
50686.218,1.006
50686.238,1.001
50686.258,1.004
50686.278,1.006
50686.298,1.003
50686.318,1.007
50686.338,1.005
50686.358,1.002
50686.378,1.005
50686.398,1.004
50686.418,1.004
50686.438,1.005
50686.458,1.007
50686.478,1.004
50686.498,1.004
50686.518,1.007
50686.538,1.007
50686.558,1.003
50686.578,1.004
50686.598,1.005
50686.618,1.003
50686.638,1.004
50686.658,1.005
50686.678,1.003
50686.698,1.005
50686.718,1.007
50686.738,1.003
50686.758,1.005
50686.778,1.004
50686.798,1.003
50686.818,1.003
50686.838,1.006
50686.858,1.004
50686.878,1.004
50686.898,1.005
50686.918,1.007
50686.938,1.004
50686.958,1.006
50686.978,1.006
50686.998,1.003
50687.018,1.004
50687.038,1.003
50687.058,1.005
50687.078,1.003
50687.098,1.004
50687.118,1.004
50687.138,1.004
50687.158,1.002
50687.178,1.004
50687.198,1.007
50687.218,1.004
50687.238,1.005
50687.258,1.005
50687.278,1.005
50687.298,1.007
50687.318,1.005
50687.338,1.004
50687.358,1.006
50687.378,1.006
50687.398,1.005
50687.418,1.004
50687.438,1.003
50687.458,1.005
50687.478,1.003
50687.498,1.007
50687.518,1.007
50687.538,1.003
50687.558,1.006
50687.578,1.007
50687.598,1.004
50687.618,1.004
50687.638,1.003
50687.658,1.004
50687.678,1.004
50687.698,1.004
50687.718,1.005
50687.738,1.003
50687.758,1.004
50687.778,1.004
50687.798,1.003
50687.818,1.005
50687.838,1.005
50687.858,1.004
50687.878,1.004
50687.898,1.005
50687.918,1.005
50687.938,1.007
50687.958,1.003
50687.978,1.004
50687.998,1.004
50688.018,1.004
50688.038,1.007
50688.058,1.004
50688.078,1.006
50688.098,1.006
50688.118,1.005
50688.138,1.004
50688.158,1.005
50688.178,1.005
50688.198,1.005
50688.218,1.007
50688.238,1.004
50688.258,1.003
50688.278,1.003
50688.298,1.004
50688.318,1.003
50688.338,1.005
50688.358,1.003
50688.378,1.005
50688.398,1.005
50688.418,1.004
50688.438,1.007
50688.458,1.002
50688.478,1.004
50688.498,1.003
50688.518,1.002
50688.538,1.004
50688.558,1.005
50688.578,1.007
50688.598,1.002
50688.618,1.006
50688.638,1.005
50688.658,1.004
50688.678,1.005
50688.698,1.006
50688.718,1.006
50688.738,1.004
50688.758,1.004
50688.778,1.006
50688.798,1.004
50688.818,1.004
50688.838,1.004
50688.858,1.003
50688.878,1.004
50688.898,1.003
50688.918,1.008
50688.938,1.005
50688.958,1.006
50688.978,1.006
50688.998,1.003
50689.018,1.004
50689.038,1.009
50689.058,1.006
50689.078,1.005
50689.098,1.004
50689.118,1.005
50689.138,1.004
50689.158,1.004
50689.178,1.003
50689.198,1.006
50689.218,1.006
50689.238,1.003
50689.258,1.005
50689.278,1.006
50689.298,1.004
50689.318,1.005
50689.338,1.006
50689.358,1.003
50689.378,1.003
50689.398,1.006
50689.418,1.004
50689.438,1.003
50689.458,1.004
50689.478,1.006
50689.498,1.007
50689.518,1.004
50689.538,1.005
50689.558,1.004
50689.578,1.004
50689.598,1.005
50689.618,1.006
50689.638,1.004
50689.658,1.004
50689.678,1.006
50689.698,1.004
50689.718,1.005
50689.738,1.004
50689.758,1.002
50689.778,1.004
50689.798,1.006
50689.818,1.003
50689.838,1.003
50689.858,1.005
50689.878,1.005
50689.898,1.006
50689.918,1.005
50689.938,1.005
50689.958,1.005
50689.978,1.005
50689.998,1.004
50690.018,1.003
50690.038,1.004
50690.058,1.006
50690.078,1.006
50690.098,1.003
50690.118,1.005
50690.138,1.003
50690.158,1.004
50690.178,1.002
50690.198,1.007
50690.218,1.005
50690.238,1.004
50690.258,1.006
50690.278,1.004
50690.298,1.004
50690.318,1.005
50690.338,1.005
50690.358,1.006
50690.378,1.004
50690.398,1.004
50690.418,1.006
50690.438,1.003
50690.458,1.003
50690.478,1.005
50690.498,1.004
50690.518,1.004
50690.538,1.004
50690.558,1.003
50690.578,1.004
50690.598,1.005
50690.618,1.006
50690.638,1.004
50690.658,1.007
50690.678,1.008
50690.698,1.005
50690.718,1.004
50690.738,1.008
50690.758,1.005
50690.778,1.007
50690.798,1.004
50690.818,1.004
50690.838,1.005
50690.858,1.005
50690.878,1.005
50690.898,1.005
50690.918,1.005
50690.938,1.007
50690.958,1.006
50690.978,1.006
50690.998,1.004
50691.018,1.005
50691.038,1.004
50691.058,1.005
50691.078,1.003
50691.098,1.004
50691.118,1.007
50691.138,1.004
50691.158,1.005
50691.178,1.005
50691.198,1.007
50691.218,1.004
50691.238,1.004
50691.258,1.007
50691.278,1.004
50691.298,1.005
50691.318,1.004
50691.338,1.005
50691.358,1.005
50691.378,1.005
50691.398,1.006
50691.418,1.005
50691.438,1.005
50691.458,1.004
50691.478,1.004
50691.498,1.005
50691.518,1.002
50691.538,1.007
50691.558,1.006
50691.578,1.004
50691.598,1.003
50691.618,1.004
50691.638,1.004
50691.658,1.004
50691.678,1.006
50691.698,1.006
50691.718,1.004
50691.738,1.005
50691.758,1.001
50691.778,1.002
50691.798,1.003
50691.818,1.006
50691.838,1.004
50691.858,1.005
50691.878,1.004
50691.898,1.006
50691.918,1.002
50691.938,1.004
50691.958,1.005
50691.978,1.005
50691.998,1.005
50692.018,1.004
50692.038,1.007
50692.058,1.006
50692.078,1.004
50692.098,1.006
50692.118,1.005
50692.138,1.004
50692.158,1.005
50692.178,1.006
50692.198,1.006
50692.218,1.005
50692.238,1.004
50692.258,1.005
50692.278,1.005
50692.298,1.005
50692.318,1.005
50692.338,1.004
50692.358,1.003
50692.378,1.005
50692.398,1.004
50692.418,1.009
50931.478,1.201
50931.498,1.062
50931.518,0.958
50931.538,0.983
50931.558,0.998
50931.578,0.983
50931.598,1.001
50931.618,1.025
50931.638,1.015
50931.658,1.011
50931.678,1.012
50931.698,1.002
50931.718,1.004
50931.738,1.021
50931.758,1.000
50931.778,0.998
50931.798,1.003
50931.818,1.000
50931.838,1.007
50931.858,0.966
50931.878,0.973
50931.898,1.034
50931.918,1.038
50931.938,1.030
50931.958,1.016
50931.978,1.008
50931.998,0.993
50932.018,1.007
50932.038,0.996
50932.058,1.002
50932.078,1.006
50932.098,1.000
50932.118,1.008
50932.138,1.006
50932.158,1.002
50932.178,1.004
50932.198,1.004
50932.218,1.004
50932.238,1.007
50932.258,1.005
50932.278,1.004
50932.298,1.006
50932.318,1.005
50932.338,1.006
50932.358,0.999
50932.378,1.002
50932.398,1.003
50932.418,0.995
50932.438,1.007
50932.458,1.009
50932.478,1.004
50932.498,1.003
50932.518,1.007
50932.538,1.006
50932.558,1.005
50932.578,1.005
50932.598,1.003
50932.618,1.007
50932.638,1.004
50932.658,1.002
50932.678,1.008
50932.698,1.000
50932.718,1.005
50932.738,1.007
50932.758,1.006
50932.778,1.004
50932.798,1.005
50932.818,1.004
50932.838,1.003
50932.858,1.005
50932.878,1.007
50932.898,1.005
50932.918,1.005
50932.938,1.004
50932.958,1.003
50932.978,1.006
50932.998,1.006
50933.018,1.002
50933.038,1.003
50933.058,1.006
50933.078,1.002
50933.098,1.003
50933.118,1.006
50933.138,1.006
50933.158,1.005
50933.178,1.004
50933.198,1.003
50933.218,1.003
50933.238,1.004
50933.258,1.006
50933.278,1.007
50933.298,1.003
50933.318,1.005
50933.338,1.004
50933.358,1.005
50933.378,1.006
50933.398,1.005
50933.418,1.007
50933.438,1.003
50933.458,1.004
50933.478,1.003
50933.498,1.004
50933.518,1.003
50933.538,1.004
50933.558,1.009
50933.578,1.002
50933.598,1.004
50933.618,1.002
50933.638,1.006
50933.658,1.005
50933.678,1.006
50933.698,1.003
50933.718,1.005
50933.738,1.004
50933.758,1.005
50933.778,1.006
50933.798,1.004
50933.818,1.004
50933.838,1.005
50933.858,1.004
50933.878,1.005
50933.898,1.004
50933.918,1.003
50933.938,1.003
50933.958,1.005
50933.978,1.002
50933.998,1.006
50934.018,1.003
50934.038,1.007
50934.058,1.005
50934.078,1.005
50934.098,1.004
50934.118,1.004
50934.138,1.005
50934.158,1.005
50934.178,1.003
50934.198,1.003
50934.218,1.004
50934.238,1.003
50934.258,1.005
50934.278,1.006
50934.298,1.003
50934.318,1.003
50934.338,1.005
50934.358,1.007
50934.378,1.005
50934.398,1.006
50934.418,1.006
50934.438,1.007
50934.458,1.005
50934.478,1.007
50934.498,1.005
50934.518,1.001
50934.538,1.005
50934.558,1.006
50934.578,1.007
50934.598,1.005
50934.618,1.004
50934.638,1.005
50934.658,1.003
50934.678,1.004
50934.698,1.004
50934.718,1.004
50934.738,1.007
50934.758,1.005
50934.778,1.002
50934.798,1.002
50934.818,1.006
50934.838,1.003
50934.858,1.006
50934.878,1.005
50934.898,1.001
50934.918,1.007
50934.938,1.002
50934.958,1.004
50934.978,1.007
50934.998,1.005
50935.018,1.004
50935.038,1.001
50935.058,1.006
50935.078,1.006
50935.098,1.005
50935.118,1.002
50935.138,1.006
50935.158,1.004
50935.178,1.004
50935.198,1.005
50935.218,1.003
50935.238,1.003
50935.258,1.005
50935.278,1.006
50935.298,1.004
50935.318,1.003
50935.338,1.005
50935.358,1.001
50935.378,1.003
50935.398,1.003
50935.418,1.004
50935.438,1.008
50935.458,1.003
50935.478,1.006
50935.498,1.006
50935.518,1.005
50935.538,1.003
50935.558,1.005
50935.578,1.005
50935.598,1.005
50935.618,1.005
50935.638,1.001
50935.658,1.007
50935.678,1.006
50935.698,1.005
50935.718,1.006
50935.738,1.005
50935.758,1.006
50935.778,1.002
50935.798,1.009
50935.818,1.007
50935.838,1.003
50935.858,1.003
50935.878,1.008
50935.898,1.005
50935.918,1.003
50935.938,1.004
50935.958,0.999
50935.978,1.003
50935.998,1.003
50936.018,1.006
50936.038,1.004
50936.058,1.005
50936.078,1.006
50936.098,1.005
50936.118,1.004
50936.138,1.003
50936.158,1.006
50936.178,1.004
50936.198,1.005
50936.218,1.003
50936.238,1.004
50936.258,1.004
50936.278,1.005
50936.298,1.006
50936.318,1.006
50936.338,1.007
50936.358,1.006
50936.378,1.003
50936.398,1.006
50936.418,1.007
50936.438,1.003
50936.458,1.004
50936.478,1.004
50936.498,1.005
50936.518,1.006
50936.538,1.003
50936.558,1.004
50936.578,1.003
50936.598,1.003
50936.618,1.005
50936.638,1.004
50936.658,1.004
50936.678,1.005
50936.698,1.002
50936.718,1.005
50936.738,1.006
50936.758,1.006
50936.778,1.007
50936.798,1.003
50936.818,1.005
50936.838,1.004
50936.858,1.003
50936.878,1.005
50936.898,1.004
50936.918,1.004
50936.938,1.004
50936.958,1.005
50936.978,1.004
50936.998,1.005
50937.018,1.006
50937.038,1.004
50937.058,1.004
50937.078,1.005
50937.098,1.006
50937.118,1.001
50937.138,1.005
50937.158,1.006
50937.178,1.004
50937.198,1.005
50937.218,1.006
50937.238,1.005
50937.258,1.003
50937.278,1.005
50937.298,1.006
50937.318,1.003
50937.338,1.006
50937.358,1.005
50937.378,1.004
50937.398,1.004
50937.418,1.005
50937.438,1.004
50937.458,1.004
50937.478,1.003
50937.498,1.004
50937.518,1.002
50937.538,1.003
50937.558,1.003
50937.578,1.006
50937.598,1.005
50937.618,1.008
50937.638,1.003
50937.658,1.002
50937.678,1.005
50937.698,1.004
50937.718,1.006
50937.738,1.004
50937.758,1.003
50937.778,1.005
50937.798,1.006
50937.818,1.005
50937.838,1.006
50937.858,1.007
50937.878,1.005
50937.898,1.004
50937.918,1.003
50937.938,1.003
50937.958,1.005
50937.978,1.002
50937.998,1.005
50938.018,1.003
50938.038,1.005
50938.058,1.004
50938.078,1.002
50938.098,1.005
50938.118,1.005
50938.138,1.007
50938.158,1.004
50938.178,1.004
50938.198,1.005
50938.218,1.004
50938.238,1.007
50938.258,1.004
50938.278,1.003
50938.298,1.005
50938.318,1.002
50938.338,1.006
50938.358,1.005
50938.378,1.006
50938.398,1.004
50938.418,1.005
50938.438,1.006
50938.458,1.005
50938.478,1.006
50938.498,1.004
50938.518,1.003
50938.538,1.005
50938.558,1.005
50938.578,1.007
50938.598,1.005
50938.618,1.005
50938.638,1.005
50938.658,1.004
50938.678,1.006
50938.698,1.005
50938.718,1.006
50938.738,1.004
50938.758,1.003
50938.778,1.007
50938.798,1.005
50938.818,1.004
50938.838,1.004
50938.858,1.006
50938.878,1.005
50938.898,1.004
50938.918,1.005
50938.938,1.005
50938.958,1.005
50938.978,1.005
50938.998,1.005
50939.018,1.007
50939.038,1.005
50939.058,1.005
50939.078,1.005
50939.098,1.008
50939.118,1.004
50939.138,1.005
50939.158,1.005
50939.178,1.004
50939.198,1.006
50939.218,1.004
50939.238,1.006
50939.258,1.007
50939.278,1.004
50939.298,1.004
50939.318,1.004
50939.338,1.002
50939.358,1.004
50939.378,1.003
50939.398,1.004
50939.418,1.004
50939.438,1.005
50939.458,1.003
50939.478,1.005
50939.498,1.004
50939.518,1.003
50939.538,1.006
50939.558,1.005
50939.578,1.003
50939.598,1.005
50939.618,1.006
50939.638,1.003
50939.658,1.005
50939.678,1.006
50939.698,1.004
50939.718,1.004
50939.738,1.006
50939.758,1.004
50939.778,1.005
50939.798,1.004
50939.818,1.003
50939.838,1.006
50939.858,1.004
50939.878,1.007
50939.898,1.003
50939.918,1.005
50939.938,1.006
50939.958,1.004
50939.978,1.005
50939.998,1.005
50940.018,1.005
50940.038,1.006
50940.058,1.006
50940.078,1.006
50940.098,1.004
50940.118,1.004
50940.138,1.006
50940.158,1.002
50940.178,1.003
50940.198,1.005
50940.218,1.003
50940.238,1.003
50940.258,1.004
50940.278,1.005
50940.298,1.005
50940.318,1.004
50940.338,1.003
50940.358,1.006
50940.378,1.004
50940.398,1.005
50940.418,1.007
50940.438,1.003
50940.458,1.003
50940.478,1.003
50940.498,1.005
50940.518,1.007
50940.538,1.003
50940.558,1.004
50940.578,1.005
50940.598,1.005
50940.618,1.006
50940.638,1.006
50940.658,1.007
50940.678,1.002
50940.698,1.004
50940.718,1.005
50940.738,1.005
50940.758,1.006
50940.778,1.005
50940.798,1.006
50940.818,1.005
50940.838,1.006
50940.858,1.005
50940.878,1.004
50940.898,1.005
50940.918,1.005
50940.938,1.005
50940.958,1.005
50940.978,1.005
50940.998,1.002
50941.018,1.006
50941.038,1.003
50941.058,1.005
50941.078,1.005
50941.098,1.006
50941.118,1.005
50941.138,1.004
50941.158,1.005
50941.178,1.005
50941.198,1.005
50941.218,1.005
50941.238,1.005
50941.258,1.005
50941.278,1.003
50941.298,1.002
50941.318,1.004
50941.338,1.004
50941.358,1.004
50941.378,1.005
50941.398,1.005
50941.418,1.003
50941.438,1.006
50941.458,1.005
50941.478,1.003
50941.498,1.004
50941.518,1.003
50941.538,1.006
50941.558,1.004
50941.578,1.006
50941.598,1.006
50941.618,1.004
50941.638,1.003
50941.658,1.005
50941.678,1.007
50941.698,1.005
50941.718,1.005
50941.738,1.003
50941.758,1.005
50941.778,1.004
50941.798,1.009
50941.818,1.004
50941.838,1.004
50941.858,1.004
50941.878,1.004
50941.898,1.005
50941.918,1.003
50941.938,1.006
50941.958,1.005
50941.978,1.005
50941.998,1.005
50942.018,1.005
50942.038,1.005
50942.058,1.004
50942.078,1.001
50942.098,1.005
50942.118,1.007
50942.138,1.006
50942.158,1.004
50942.178,1.005
50942.198,1.003
50942.218,1.003
50942.238,1.003
50942.258,1.006
50942.278,1.004
50942.298,1.004
50942.318,1.005
50942.338,1.006
50942.358,1.005
50942.378,1.005
50942.398,1.003
50942.418,1.005
50942.438,1.005
50942.458,1.004
50942.478,1.005
50942.498,1.006
50942.518,1.005
50942.538,1.006
50942.558,1.003
50942.578,1.007
50942.598,1.004
50942.618,1.003
50942.638,1.006
50942.658,1.004
50942.678,1.003
50942.698,1.006
50942.718,1.006
50942.738,1.004
50942.758,1.008
50942.778,1.005
50942.798,1.006
50942.818,1.004
50942.838,1.003
50942.858,1.004
50942.878,1.004
50942.898,1.005
50942.918,1.003
50942.938,1.005
50942.958,1.006
50942.978,1.006
50942.998,1.003
50943.018,1.007
50943.038,1.005
50943.058,1.004
50943.078,1.006
50943.098,1.006
50943.118,1.005
50943.138,1.006
50943.158,1.005
50943.178,1.003
50943.198,1.005
50943.218,1.005
50943.238,1.004
50943.258,1.004
50943.278,1.004
50943.298,1.005
50943.318,1.004
50943.338,1.003
50943.358,1.007
50943.378,1.006
50943.398,1.006
50943.418,1.003
50943.438,1.004
50943.458,1.003
50943.478,1.004
50943.498,1.005
50943.518,1.003
50943.538,1.005
50943.558,1.005
50943.578,1.004
50943.598,1.005
50943.618,1.004
50943.638,1.006
50943.658,1.006
50943.678,1.004
50943.698,1.004
50943.718,1.005
50943.738,1.005
50943.758,1.004
50943.778,1.003
50943.798,1.007
50943.818,1.004
50943.838,1.004
50943.858,1.005
50943.878,1.005
50943.898,1.004
50943.918,1.007
50943.938,1.004
50943.958,1.005
50943.978,1.005
50943.998,1.004
50944.018,1.005
50944.038,1.005
50944.058,1.006
50944.078,1.003
50944.098,1.004
50944.118,1.005
50944.138,1.004
50944.158,1.003
50944.178,1.003
50944.198,1.006
50944.218,1.004
50944.238,1.004
50944.258,1.008
50944.278,1.004
50944.298,1.005
50944.318,1.004
50944.338,1.004
50944.358,1.006
50944.378,1.003
50944.398,1.005
50944.418,1.005
50944.438,1.007
50944.458,1.004
50944.478,1.003
50944.498,1.005
50944.518,1.004
50944.538,1.005
50944.558,1.006
50944.578,1.006
50944.598,1.005
50944.618,1.005
50944.638,1.007
50944.658,1.006
50944.678,1.003
50944.698,1.004
50944.718,1.003
50944.738,1.005
50944.758,1.004
50944.778,1.006
50944.798,1.005
50944.818,1.004
50944.838,1.004
50944.858,1.004
50944.878,1.004
50944.898,1.004
50944.918,1.004
50944.938,1.004
50944.958,1.004
50944.978,1.005
50944.998,1.004
50945.018,1.004
50945.038,1.002
50945.058,1.004
50945.078,1.005
50945.098,1.004
50945.118,1.006
50945.138,1.004
50945.158,1.005
50945.178,1.006
50945.198,1.006
50945.218,1.006
50945.238,1.005
50945.258,1.006
50945.278,1.005
50945.298,1.005
50945.318,1.005
50945.338,1.007
50945.358,1.004
50945.378,1.004
50945.398,1.004
50945.418,1.006
50945.438,1.005
50945.458,1.006
50945.478,1.007
50945.498,1.004
50945.518,1.005
50945.538,1.005
50945.558,1.003
50945.578,1.006
50945.598,1.003
50945.618,1.004
50945.638,1.003
50945.658,1.005
50945.678,1.006
50945.698,1.006
50945.718,1.004
50945.738,1.004
50945.758,1.003
50945.778,1.005
50945.798,1.004
50945.818,1.005
50945.838,1.004
50945.858,1.007
50945.878,1.003
50945.898,1.005
50945.918,1.007
50945.938,1.005
50945.958,1.006
50945.978,1.006
50945.998,1.004
50946.018,1.004
50946.038,1.005
50946.058,1.006
50946.078,1.007
50946.098,1.006
50946.118,1.005
50946.138,1.003
50946.158,1.005
50946.178,1.006
50946.198,1.006
50946.218,1.004
50946.238,1.005
50946.258,1.004
50946.278,1.003
50946.298,1.004
50946.318,1.006
50946.338,1.007
50946.358,1.007
50946.378,1.005
50946.398,1.004
50946.418,1.005
50946.438,1.005
50946.458,1.005
50946.478,1.007
50946.498,1.004
50946.518,1.005
50946.538,1.006
50946.558,1.004
50946.578,1.005
50946.598,1.006
50946.618,1.006
50946.638,1.007
50946.658,1.005
50946.678,1.006
50946.698,1.006
50946.718,1.005
50946.738,1.002
50946.758,1.003
50946.778,1.007
50946.798,1.006
50946.818,1.005
50946.838,1.004
50946.858,1.003
50946.878,1.003
50946.898,1.007
50946.918,1.005
50946.938,1.006
50946.958,1.006
50946.978,1.003
50946.998,1.006
50947.018,1.005
50947.038,1.003
50947.058,1.003
50947.078,1.006
50947.098,1.006
50947.118,1.005
50947.138,1.004
50947.158,1.005
50947.178,1.005
50947.198,1.005
50947.218,1.005
50947.238,1.006
50947.258,1.008
50947.278,1.003
50947.298,1.005
50947.318,1.001
50947.338,1.005
50947.358,1.004
50947.378,1.004
50947.398,1.005
50947.418,1.006
50947.438,1.006
50947.458,1.005
50947.478,1.005
50947.498,1.005
50947.518,1.005
50947.538,1.005
50947.558,1.002
50947.578,1.006
50947.598,1.002
50947.618,1.006
50947.638,1.005
50947.658,1.005
50947.678,1.003
50947.698,1.005
50947.718,1.006
50947.738,1.004
50947.758,1.007
50947.778,1.005
50947.798,1.003
50947.818,1.005
50947.838,1.005
50947.858,1.003
50947.878,1.004
50947.898,1.005
50947.918,1.006
50947.938,1.006
50947.958,1.004
50947.978,1.003
50947.998,1.004
50948.018,1.004
50948.038,1.005
50948.058,1.007
50948.078,1.007
50948.098,1.003
50948.118,1.004
50948.138,1.005
50948.158,1.005
50948.178,1.003
50948.198,1.003
50948.218,1.004
50948.238,1.006
50948.258,1.003
50948.278,1.004
50948.298,1.006
50948.318,1.007
50948.338,1.005
50948.358,1.005
50948.378,1.005
50948.398,1.006
50948.418,1.005
50948.438,1.004
50948.458,1.005
50948.478,1.006
50948.498,1.006
50948.518,1.003
50948.538,1.005
50948.558,1.007
50948.578,1.005
50948.598,1.004
50948.618,1.002
50948.638,1.005
50948.658,1.004
50948.678,1.006
50948.698,1.005
50948.718,1.005
50948.738,1.006
50948.758,1.003
50948.778,1.004
50948.798,1.004
50948.818,1.004
50948.838,1.002
50948.858,1.003
50948.878,1.003
50948.898,1.006
50948.918,1.003
50948.938,1.006
50948.958,1.004
50948.978,1.003
50948.998,1.005
50949.018,1.004
50949.038,1.004
50949.058,1.006
50949.078,1.006
50949.098,1.005
50949.118,1.003
50949.138,1.005
50949.158,1.003
50949.178,1.006
50949.198,1.005
50949.218,1.007
50949.238,1.007
50949.258,1.006
50949.278,1.006
50949.298,1.006
50949.318,1.004
50949.338,1.004
50949.358,1.004
50949.378,1.005
50949.398,1.005
50949.418,1.004
50949.438,1.005
50949.458,1.007
50949.478,1.004
50949.498,1.005
50949.518,1.005
50949.538,1.006
50949.558,1.006
50949.578,1.002
50949.598,1.002
50949.618,1.006
50949.638,1.005
50949.658,1.005
50949.678,1.004
50949.698,1.006
50949.718,1.007
50949.738,1.007
50949.758,1.006
50949.778,1.004
50949.798,1.004
50949.818,1.005
50949.838,1.003
50949.858,1.002
50949.878,1.004
50949.898,1.005
50949.918,1.004
50949.938,1.006
50949.958,1.005
50949.978,1.004
50949.998,1.003
50950.018,1.004
50950.038,1.004
50950.058,1.006
50950.078,1.004
50950.098,1.005
50950.118,1.004
50950.138,1.005
50950.158,1.005
50950.178,1.003
50950.198,1.005
50950.218,1.004
50950.238,1.003
50950.258,1.005
50950.278,1.003
50950.298,1.004
50950.318,1.005
50950.338,1.004
50950.358,1.005
50950.378,1.006
50950.398,1.006
50950.418,1.006
50950.438,1.006
50950.458,1.004
50950.478,1.005
50950.498,1.005
50950.518,1.006
50950.538,1.006
50950.558,1.005
50950.578,1.006
50950.598,1.005
50950.618,1.005
50950.638,1.006
50950.658,1.005
50950.678,1.007
50950.698,1.005
50950.718,1.005
50950.738,1.004
50950.758,1.006
50950.778,1.003
50950.798,1.005
50950.818,1.005
50950.838,1.006
50950.858,1.005
50950.878,1.004
50950.898,1.004
50950.918,1.006
50950.938,1.003
50950.958,1.005
50950.978,1.002
50950.998,1.005
50951.018,1.003
50951.038,1.003
50951.058,1.005
50951.078,1.006
50951.098,1.005
50951.118,1.004
50951.138,1.003
50951.158,1.005
50951.178,1.006
50951.198,1.003
50951.218,1.004
50951.238,1.006
50951.258,1.004
50951.278,1.007
50951.298,1.005
50951.318,1.003
50951.338,1.004
50951.358,1.004
50951.378,1.006
50951.398,1.004
50951.418,1.006
50951.438,1.004
50951.458,1.003
50951.478,1.004
55279.758,1.010
55279.778,0.972
55279.798,1.031
55279.818,1.007
55279.838,1.014
55279.858,0.983
55279.878,1.035
55279.898,1.002
55279.918,0.974
55279.938,1.031
55279.958,0.977
55279.978,1.039
55279.998,1.009
55280.018,0.992
55280.038,1.016
55280.058,0.993
55280.078,1.004
55280.098,0.984
55280.118,1.031
55280.138,1.006
55280.158,0.988
55280.178,1.025
55280.198,0.989
55280.218,1.009
55280.238,0.998
55280.258,1.001
55280.278,1.013
55280.298,0.997
55280.318,1.016
55280.338,0.997
55280.358,1.020
55280.378,1.004
55280.398,0.995
55280.418,1.021
55280.438,0.997
55280.458,1.008
55280.478,1.002
55280.498,1.006
55280.518,1.011
55280.538,1.001
55280.558,1.009
55280.578,1.002
55280.598,1.009
55280.618,1.006
55280.638,0.997
55280.658,1.015
55280.678,1.004
55280.698,1.007
55280.718,1.003
55280.738,1.003
55280.758,1.005
55280.778,1.006
55280.798,1.008
55280.818,1.000
55280.838,1.010
55280.858,1.005
55280.878,0.996
55280.898,1.009
55280.918,1.007
55280.938,1.003
55280.958,1.007
55280.978,1.008
55280.998,1.003
55281.018,1.008
55281.038,1.008
55281.058,1.006
55281.078,1.004
55281.098,1.004
55281.118,1.006
55281.138,1.004
55281.158,1.005
55281.178,1.006
55281.198,1.006
55281.218,1.007
55281.238,1.002
55281.258,1.004
55281.278,1.004
55281.298,1.004
55281.318,1.004
55281.338,1.008
55281.358,1.001
55281.378,1.007
55281.398,1.000
55281.418,1.002
55281.438,1.007
55281.458,1.002
55281.478,1.006
55281.498,1.006
55281.518,1.004
55281.538,1.004
55281.558,1.005
55281.578,1.008
55281.598,1.003
55281.618,1.003
55281.638,1.007
55281.658,1.003
55281.678,1.005
55281.698,1.004
55281.718,1.005
55281.738,1.006
55281.758,1.006
55281.778,1.004
55281.798,1.008
55281.818,1.009
55281.838,1.004
55281.858,1.006
55281.878,1.001
55281.898,1.003
55281.918,1.007
55281.938,1.007
55281.958,1.006
55281.978,1.010
55281.998,1.006
55282.018,1.002
55282.038,1.003
55282.058,1.002
55282.078,1.006
55282.098,1.010
55282.118,1.006
55282.138,1.005
55282.158,1.007
55282.178,0.999
55282.198,1.000
55282.218,1.011
55282.238,1.010
55282.258,1.008
55282.278,1.007
55282.298,1.003
55282.318,1.003
55282.338,1.002
55282.358,1.004
55282.378,1.008
55282.398,1.003
55282.418,1.010
55282.438,1.004
55282.458,1.004
55282.478,1.004
55282.498,1.006
55282.518,1.006
55282.538,1.003
55282.558,1.002
55282.578,1.003
55282.598,1.004
55282.618,1.004
55282.638,1.005
55282.658,1.002
55282.678,1.006
55282.698,1.004
55282.718,1.006
55282.738,1.004
55282.758,0.992
55282.778,1.001
55282.798,1.042
55282.818,1.000
55282.838,0.986
55282.858,1.019
55282.878,0.988
55282.898,0.986
55282.918,1.010
55282.938,1.011
55282.958,1.005
55282.978,1.009
55282.998,1.012
55283.018,0.987
55283.038,1.014
55283.058,1.015
55283.078,0.998
55283.098,1.019
55283.118,0.997
55283.138,0.988
55283.158,1.007
55283.178,1.002
55283.198,1.008
55283.218,1.011
55283.238,1.005
55283.258,0.997
55283.278,1.002
55283.298,1.006
55283.318,0.997
55283.338,1.009
55283.358,1.016
55283.378,0.996
55283.398,1.003
55283.418,1.003
55283.438,0.998
55283.458,1.014
55283.478,1.004
55283.498,1.009
55283.518,1.010
55283.538,0.995
55283.558,1.000
55283.578,1.004
55283.598,1.011
55283.618,1.005
55283.638,1.009
55283.658,1.002
55283.678,0.994
55283.698,1.006
55283.718,1.007
55283.738,1.008
55283.758,1.010
55283.778,1.005
55283.798,1.001
55283.818,1.004
55283.838,1.004
55283.858,1.002
55283.878,1.013
55283.898,1.012
55283.918,1.006
55283.938,1.006
55283.958,1.000
55283.978,0.999
55283.998,1.005
55284.018,1.007
55284.038,1.009
55284.058,1.007
55284.078,1.003
55284.098,1.003
55284.118,1.005
55284.138,1.008
55284.158,1.000
55284.178,1.021
55284.198,0.987
55284.218,1.007
55284.238,1.025
55284.258,0.988
55284.278,1.023
55284.298,1.000
55284.318,1.015
55284.338,0.994
55284.358,1.002
55284.378,1.002
55284.398,1.000
55284.418,1.016
55284.438,0.996
55284.458,1.004
55284.478,1.002
55284.498,1.002
55284.518,1.012
55284.538,1.007
55284.558,1.012
55284.578,1.002
55284.598,1.005
55284.618,0.996
55284.638,1.001
55284.658,1.010
55284.678,1.006
55284.698,1.004
55284.718,1.005
55284.738,1.001
55284.758,1.007
55284.778,1.000
55284.798,1.005
55284.818,1.006
55284.838,1.005
55284.858,1.004
55284.878,0.998
55284.898,1.009
55284.918,1.010
55284.938,1.009
55284.958,1.010
55284.978,1.001
55284.998,1.005
55285.018,0.999
55285.038,1.000
55285.058,1.009
55285.078,1.007
55285.098,1.012
55285.118,1.005
55285.138,0.995
55285.158,1.009
55285.178,1.006
55285.198,1.009
55285.218,1.006
55285.238,1.008
55285.258,0.999
55285.278,1.000
55285.298,1.001
55285.318,1.004
55285.338,1.012
55285.358,1.007
55285.378,1.006
55285.398,1.001
55285.418,0.999
55285.438,1.001
55285.458,1.009
55285.478,1.009
55285.498,1.010
55285.518,1.002
55285.538,1.005
55285.558,1.004
55285.578,1.003
55285.598,1.001
55285.618,1.010
55285.638,1.007
55285.658,1.000
55285.678,1.003
55285.698,1.001
55285.718,1.007
55285.738,1.005
55285.758,1.009
55285.778,1.010
55285.798,1.002
55285.818,1.000
55285.838,0.999
55285.858,1.003
55285.878,1.002
55285.898,1.010
55285.918,1.006
55285.938,1.007
55285.958,1.008
55285.978,1.002
55285.998,1.017
55286.018,1.004
55286.038,1.011
55286.058,1.018
55286.078,0.992
55286.098,1.033
55286.118,0.992
55286.138,1.017
55286.158,0.997
55286.178,1.013
55286.198,1.000
55286.218,0.997
55286.238,1.021
55286.258,0.991
55286.278,1.012
55286.298,1.004
55286.318,1.000
55286.338,1.009
55286.358,1.003
55286.378,1.013
55286.398,1.002
55286.418,1.010
55286.438,0.999
55286.458,1.000
55286.478,1.013
55286.498,1.001
55286.518,1.004
55286.538,1.006
55286.558,1.006
55286.578,1.001
55286.598,0.999
55286.618,1.010
55286.638,1.003
55286.658,1.008
55286.678,1.014
55286.698,1.003
55286.718,1.000
55286.738,1.003
55286.758,0.999
55286.778,1.007
55286.798,1.006
55286.818,1.007
55286.838,1.009
55286.858,1.005
55286.878,0.995
55286.898,1.001
55286.918,1.007
55286.938,1.003
55286.958,1.006
55286.978,1.009
55286.998,1.005
55287.018,1.007
55287.038,1.003
55287.058,1.007
55287.078,1.006
55287.098,1.012
55287.118,1.002
55287.138,1.003
55287.158,1.006
55287.178,0.999
55287.198,1.002
55287.218,1.007
55287.238,1.004
55287.258,1.005
55287.278,1.006
55287.298,1.003
55287.318,1.003
55287.338,1.006
55287.358,1.005
55287.378,1.008
55287.398,1.008
55287.418,1.000
55287.438,1.003
55287.458,1.006
55287.478,1.003
55287.498,1.004
55287.518,1.008
55287.538,1.002
55287.558,1.007
55287.578,1.002
55287.598,1.003
55287.618,1.009
55287.638,1.005
55287.658,1.004
55287.678,1.006
55287.698,1.004
55287.718,1.004
55287.738,1.003
55287.758,1.002
55287.778,1.008
55287.798,1.004
55287.818,1.008
55287.838,1.001
55287.858,1.007
55287.878,1.002
55287.898,1.004
55287.918,1.007
55287.938,1.005
55287.958,1.005
55287.978,1.005
55287.998,1.004
55288.018,1.006
55288.038,1.006
55288.058,1.008
55288.078,1.007
55288.098,1.005
55288.118,1.005
55288.138,1.001
55288.158,1.006
55288.178,0.996
55288.198,1.008
55288.218,1.005
55288.238,1.004
55288.258,1.003
55288.278,1.002
55288.298,1.003
55288.318,1.006
55288.338,1.006
55288.358,1.005
55288.378,1.007
55288.398,1.006
55288.418,1.005
55288.438,1.008
55288.458,1.007
55288.478,1.005
55288.498,1.002
55288.518,1.006
55288.538,1.010
55288.558,1.004
55288.578,1.009
55288.598,1.005
55288.618,1.007
55288.638,1.002
55288.658,1.001
55288.678,1.002
55288.698,1.001
55288.718,1.006
55288.738,1.005
55288.758,1.005
55288.778,1.012
55288.798,1.005
55288.818,1.001
55288.838,0.998
55288.858,1.026
55288.878,0.994
55288.898,1.006
55288.918,1.023
55288.938,0.985
55288.958,1.009
55288.978,1.012
55288.998,0.990
55289.018,1.024
55289.038,1.003
55289.058,1.005
55289.078,1.015
55289.098,0.998
55289.118,0.996
55289.138,1.002
55289.158,1.010
55289.178,1.009
55289.198,1.012
55289.218,1.003
55289.238,1.003
55289.258,1.001
55289.278,1.000
55289.298,0.998
55289.318,1.012
55289.338,1.009
55289.358,1.005
55289.378,1.009
55289.398,0.996
55289.418,1.000
55289.438,1.007
55289.458,1.006
55289.478,1.010
55289.498,1.007
55289.518,1.002
55289.538,1.000
55289.558,1.003
55289.578,1.004
55289.598,1.007
55289.618,1.011
55289.638,1.005
55289.658,1.007
55289.678,1.003
55289.698,1.001
55289.718,1.003
55289.738,1.007
55289.758,1.007
55289.778,1.006
55289.798,1.005
55289.818,1.003
55289.838,1.001
55289.858,1.004
55289.878,1.006
55289.898,1.008
55289.918,1.008
55289.938,1.001
55289.958,1.002
55289.978,1.003
55289.998,1.002
55290.018,1.003
55290.038,1.011
55290.058,1.008
55290.078,1.003
55290.098,1.002
55290.118,1.004
55290.138,1.003
55290.158,1.007
55290.178,1.009
55290.198,1.004
55290.218,1.008
55290.238,1.001
55290.258,1.004
55290.278,1.007
55290.298,1.006
55290.318,1.005
55290.338,1.007
55290.358,1.004
55290.378,1.006
55290.398,1.003
55290.418,1.004
55290.438,1.006
55290.458,1.008
55290.478,1.004
55290.498,1.005
55290.518,1.002
55290.538,1.005
55290.558,1.006
55290.578,1.005
55290.598,1.007
55290.618,1.004
55290.638,1.005
55290.658,1.004
55290.678,1.006
55290.698,1.003
55290.718,1.007
55290.738,1.007
55290.758,1.005
55290.778,1.006
55290.798,1.004
55290.818,1.004
55290.838,1.003
55290.858,1.006
55290.878,1.005
55290.898,1.006
55290.918,1.004
55290.938,1.005
55290.958,1.004
55290.978,1.006
55290.998,1.006
55291.018,1.008
55291.038,1.002
55291.058,1.004
55291.078,1.005
55291.098,1.004
55291.118,1.006
55291.138,1.005
55291.158,1.003
55291.178,1.004
55291.198,1.006
55291.218,1.007
55291.238,1.004
55291.258,1.009
55291.278,1.008
55291.298,1.003
55291.318,1.006
55291.338,1.002
55291.358,1.004
55291.378,1.005
55291.398,1.005
55291.418,1.002
55291.438,1.006
55291.458,1.006
55291.478,1.005
55291.498,1.004
55291.518,1.006
55291.538,1.007
55291.558,1.005
55291.578,1.006
55291.598,1.005
55291.618,1.006
55291.638,1.004
55291.658,1.006
55291.678,1.006
55291.698,1.008
55291.718,1.006
55291.738,1.003
55291.758,1.004
55291.778,1.004
55291.798,1.006
55291.818,1.003
55291.838,1.007
55291.858,1.006
55291.878,1.005
55291.898,1.003
55291.918,1.005
55291.938,1.005
55291.958,1.004
55291.978,1.004
55291.998,1.004
55292.018,1.004
55292.038,1.007
55292.058,1.006
55292.078,1.004
55292.098,1.005
55292.118,1.005
55292.138,1.005
55292.158,1.002
55292.178,1.004
55292.198,1.006
55292.218,1.007
55292.238,1.005
55292.258,1.004
55292.278,1.005
55292.298,1.003
55292.318,1.002
55292.338,1.006
55292.358,1.005
55292.378,1.000
55292.398,1.007
55292.418,1.006
55292.438,1.003
55292.458,1.003
55292.478,1.006
55292.498,1.003
55292.518,1.004
55292.538,1.004
55292.558,1.005
55292.578,1.004
55292.598,1.002
55292.618,1.006
55292.638,1.005
55292.658,1.004
55292.678,1.004
55292.698,1.006
55292.718,1.004
55292.738,1.006
55292.758,1.004
55292.778,1.005
55292.798,1.005
55292.818,1.005
55292.838,1.007
55292.858,1.005
55292.878,1.003
55292.898,1.003
55292.918,1.007
55292.938,1.007
55292.958,1.004
55292.978,1.002
55292.998,1.005
55293.018,1.003
55293.038,1.006
55293.058,1.005
55293.078,1.002
55293.098,1.005
55293.118,1.004
55293.138,1.006
55293.158,1.004
55293.178,1.005
55293.198,1.006
55293.218,1.006
55293.238,1.004
55293.258,1.006
55293.278,1.004
55293.298,1.005
55293.318,1.004
55293.338,1.006
55293.358,1.004
55293.378,1.002
55293.398,1.003
55293.418,1.004
55293.438,1.005
55293.458,1.004
55293.478,1.008
55293.498,1.005
55293.518,1.004
55293.538,1.003
55293.558,1.007
55293.578,1.003
55293.598,1.005
55293.618,1.004
55293.638,1.005
55293.658,1.003
55293.678,1.005
55293.698,1.004
55293.718,1.006
55293.738,1.006
55293.758,1.006
55293.778,1.005
55293.798,1.007
55293.818,1.004
55293.838,1.005
55293.858,1.007
55293.878,1.003
55293.898,1.005
55293.918,1.004
55293.938,1.006
55293.958,1.005
55293.978,1.006
55293.998,1.006
55294.018,1.006
55294.038,1.001
55294.058,1.006
55294.078,1.004
55294.098,1.006
55294.118,1.004
55294.138,1.005
55294.158,1.007
55294.178,1.005
55294.198,1.005
55294.218,1.003
55294.238,1.005
55294.258,1.005
55294.278,1.005
55294.298,1.003
55294.318,1.004
55294.338,1.004
55294.358,1.003
55294.378,1.002
55294.398,1.007
55294.418,1.004
55294.438,1.005
55294.458,1.003
55294.478,1.005
55294.498,1.008
55294.518,1.005
55294.538,1.006
55294.558,1.003
55294.578,1.002
55294.598,1.006
55294.618,1.006
55294.638,1.003
55294.658,1.005
55294.678,1.007
55294.698,1.004
55294.718,1.007
55294.738,1.005
55294.758,1.003
55294.778,1.007
55294.798,1.006
55294.818,1.004
55294.838,1.002
55294.858,1.003
55294.878,1.005
55294.898,1.004
55294.918,1.002
55294.938,1.008
55294.958,1.006
55294.978,1.003
55294.998,1.006
55295.018,1.005
55295.038,1.005
55295.058,1.004
55295.078,1.006
55295.098,1.005
55295.118,1.006
55295.138,1.006
55295.158,1.003
55295.178,1.005
55295.198,1.002
55295.218,1.006
55295.238,1.004
55295.258,1.006
55295.278,1.004
55295.298,1.005
55295.318,1.005
55295.338,1.002
55295.358,1.005
55295.378,1.004
55295.398,1.006
55295.418,1.005
55295.438,1.002
55295.458,1.003
55295.478,1.005
55295.498,1.003
55295.518,1.006
55295.538,1.006
55295.558,1.004
55295.578,1.004
55295.598,1.006
55295.618,1.003
55295.638,1.005
55295.658,1.003
55295.678,1.003
55295.698,1.006
55295.718,1.005
55295.738,1.005
55295.758,1.001
55295.778,1.006
55295.798,1.007
55295.818,1.009
55295.838,1.001
55295.858,1.006
55295.878,1.007
55295.898,1.005
55295.918,1.005
55295.938,1.005
55295.958,1.006
55295.978,1.005
55295.998,1.004
55296.018,1.002
55296.038,1.004
55296.058,1.005
55296.078,1.005
55296.098,1.006
55296.118,1.005
55296.138,1.003
55296.158,1.005
55296.178,1.006
55296.198,1.005
55296.218,1.004
55296.238,1.007
55296.258,1.006
55296.278,1.003
55296.298,1.006
55296.318,1.004
55296.338,1.003
55296.358,1.003
55296.378,1.004
55296.398,1.007
55296.418,1.006
55296.438,1.006
55296.458,1.000
55296.478,1.008
55296.498,1.003
55296.518,1.005
55296.538,1.005
55296.558,1.004
55296.578,1.006
55296.598,1.002
55296.618,1.005
55296.638,1.004
55296.658,1.005
55296.678,1.006
55296.698,1.004
55296.718,1.003
55296.738,1.006
55296.758,1.003
55296.778,1.007
55296.798,1.004
55296.818,1.005
55296.838,1.005
55296.858,1.003
55296.878,1.005
55296.898,1.003
55296.918,1.007
55296.938,1.006
55296.958,1.006
55296.978,1.005
55296.998,1.005
55297.018,1.004
55297.038,1.005
55297.058,1.005
55297.078,1.008
55297.098,1.006
55297.118,1.006
55297.138,1.004
55297.158,1.006
55297.178,1.004
55297.198,1.004
55297.218,1.004
55297.238,1.003
55297.258,1.007
55297.278,1.001
55297.298,1.003
55297.318,1.005
55297.338,1.009
55297.358,1.004
55297.378,1.004
55297.398,1.007
55297.418,1.006
55297.438,1.004
55297.458,1.001
55297.478,1.005
55297.498,1.005
55297.518,1.004
55297.538,1.004
55297.558,1.005
55297.578,1.005
55297.598,1.004
55297.618,1.005
55297.638,1.007
55297.658,1.005
55297.678,1.007
55297.698,1.003
55297.718,1.003
55297.738,1.004
55297.758,1.006
55297.778,1.007
55297.798,1.007
55297.818,1.005
55297.838,1.004
55297.858,1.007
55297.878,1.005
55297.898,1.004
55297.918,1.002
55297.938,1.005
55297.958,1.002
55297.978,1.007
55297.998,1.005
55298.018,1.006
55298.038,1.005
55298.058,1.004
55298.078,1.004
55298.098,1.003
55298.118,1.004
55298.138,1.004
55298.158,1.005
55298.178,1.005
55298.198,1.007
55298.218,1.004
55298.238,1.005
55298.258,1.002
55298.278,1.005
55298.298,1.004
55298.318,1.004
55298.338,1.003
55298.358,1.004
55298.378,1.005
55298.398,1.004
55298.418,1.005
55298.438,1.004
55298.458,1.004
55298.478,1.003
55298.498,1.005
55298.518,1.005
55298.538,1.004
55298.558,1.004
55298.578,1.007
55298.598,1.007
55298.618,1.005
55298.638,1.005
55298.658,1.005
55298.678,1.004
55298.698,1.002
55298.718,1.004
55298.738,1.004
55298.758,1.004
55298.778,1.006
55298.798,1.007
55298.818,1.004
55298.838,1.007
55298.858,1.005
55298.878,1.006
55298.898,1.006
55298.918,1.006
55298.938,1.005
55298.958,1.007
55298.978,1.004
55298.998,1.006
55299.018,1.006
55299.038,1.005
55299.058,1.006
55299.078,1.006
55299.098,1.006
55299.118,1.005
55299.138,1.003
55299.158,1.006
55299.178,1.007
55299.198,1.004
55299.218,1.004
55299.238,1.002
55299.258,1.006
55299.278,1.004
55299.298,1.004
55299.318,1.005
55299.338,1.006
55299.358,1.005
55299.378,1.005
55299.398,1.005
55299.418,1.005
55299.438,1.004
55299.458,1.005
55299.478,1.007
55299.498,1.004
55299.518,1.004
55299.538,1.002
55299.558,1.005
55299.578,1.005
55299.598,1.007
55299.618,1.003
55299.638,1.005
55299.658,1.006
55299.678,1.004
55299.698,1.006
55299.718,1.003
55299.738,1.007
58355.768,1.031
58355.788,1.042
58355.808,1.018
58355.828,1.005
58355.848,0.998
58355.868,1.008
58355.888,1.012
58355.908,1.007
58355.928,1.011
58355.948,1.010
58355.968,1.005
58355.988,1.003
58356.008,1.005
58356.028,1.002
58356.048,1.004
58356.068,1.006
58356.088,1.005
58356.108,1.008
58356.128,1.001
58356.148,1.006
58356.168,1.003
58356.188,1.006
58356.208,1.007
58356.228,1.004
58356.248,1.006
58356.268,0.935
58356.288,1.024
58356.308,0.981
58356.328,0.972
58356.348,1.023
58356.368,0.965
58356.388,1.008
58356.408,0.991
58356.428,1.017
58356.448,1.002
58356.468,0.997
58356.488,1.018
58356.508,1.005
58356.528,1.027
58356.548,0.986
58356.568,1.017
58356.588,0.985
58356.608,1.000
58356.628,1.007
58356.648,1.004
58356.668,1.019
58356.688,0.998
58356.708,1.012
58356.728,0.994
58356.748,1.000
58356.768,1.012
58356.788,1.004
58356.808,1.016
58356.828,0.997
58356.848,0.998
58356.868,1.007
58356.888,1.004
58356.908,1.010
58356.928,1.006
58356.948,1.012
58356.968,0.999
58356.988,1.001
58357.008,1.005
58357.028,1.006
58357.048,1.012
58357.068,1.004
58357.088,1.003
58357.108,1.005
58357.128,1.002
58357.148,1.004
58357.168,1.005
58357.188,1.008
58357.208,1.003
58357.228,1.004
58357.248,1.002
58357.268,1.001
58357.288,1.008
58357.308,1.003
58357.328,1.006
58357.348,1.007
58357.368,1.005
58357.388,1.003
58357.408,1.005
58357.428,1.002
58357.448,1.005
58357.468,1.009
58357.488,1.005
58357.508,1.004
58357.528,1.007
58357.548,1.005
58357.568,1.006
58357.588,1.005
58357.608,1.002
58357.628,1.003
58357.648,1.004
58357.668,1.003
58357.688,1.008
58357.708,1.005
58357.728,1.005
58357.748,1.006
58357.768,1.004
58357.788,1.005
58357.808,1.006
58357.828,1.007
58357.848,1.005
58357.868,1.004
58357.888,1.001
58357.908,1.003
58357.928,1.003
58357.948,1.004
58357.968,1.005
58357.988,1.004
58358.008,1.003
58358.028,1.004
58358.048,1.003
58358.068,1.005
58358.088,1.005
58358.108,1.005
58358.128,1.006
58358.148,1.005
58358.168,1.002
58358.188,1.001
58358.208,1.003
58358.228,1.005
58358.248,1.008
58358.268,1.006
58358.288,1.002
58358.308,1.003
58358.328,1.002
58358.348,1.004
58358.368,1.004
58358.388,1.005
58358.408,1.003
58358.428,1.006
58358.448,1.002
58358.468,1.006
58358.488,1.004
58358.508,1.007
58358.528,1.004
58358.548,1.005
58358.568,1.002
58358.588,1.001
58358.608,1.003
58358.628,1.002
58358.648,1.005
58358.668,1.005
58358.688,1.004
58358.708,1.002
58358.728,1.004
58358.748,1.005
58358.768,1.005
58358.788,1.007
58358.808,1.005
58358.828,1.003
58358.848,1.004
58358.868,1.003
58358.888,1.004
58358.908,1.006
58358.928,1.005
58358.948,1.005
58358.968,1.004
58358.988,1.004
58359.008,1.003
58359.028,1.003
58359.048,1.005
58359.068,1.006
58359.088,1.005
58359.108,1.006
58359.128,1.005
58359.148,1.005
58359.168,1.005
58359.188,1.005
58359.208,1.006
58359.228,1.006
58359.248,1.004
58359.268,1.003
58359.288,1.009
58359.308,1.004
58359.328,1.007
58359.348,1.002
58359.368,1.004
58359.388,1.005
58359.408,1.004
58359.428,1.004
58359.448,1.005
58359.468,1.004
58359.488,1.005
58359.508,1.002
58359.528,1.006
58359.548,1.004
58359.568,1.003
58359.588,1.004
58359.608,1.005
58359.628,1.006
58359.648,1.008
58359.668,1.005
58359.688,1.007
58359.708,1.003
58359.728,1.004
58359.748,1.003
58359.768,1.003
58359.788,1.005
58359.808,1.006
58359.828,1.006
58359.848,1.005
58359.868,1.006
58359.888,1.008
58359.908,1.005
58359.928,1.008
58359.948,1.006
58359.968,1.002
58359.988,1.002
58360.008,1.006
58360.028,1.003
58360.048,1.004
58360.068,1.004
58360.088,1.003
58360.108,1.001
58360.128,1.006
58360.148,1.006
58360.168,1.004
58360.188,1.004
58360.208,1.006
58360.228,1.006
58360.248,1.004
58360.268,1.006
58360.288,1.004
58360.308,1.005
58360.328,1.003
58360.348,1.006
58360.368,1.005
58360.388,1.003
58360.408,1.005
58360.428,1.005
58360.448,1.002
58360.468,1.006
58360.488,1.005
58360.508,1.004
58360.528,1.007
58360.548,1.005
58360.568,1.003
58360.588,1.005
58360.608,1.005
58360.628,1.003
58360.648,1.005
58360.668,1.006
58360.688,1.005
58360.708,1.002
58360.728,1.005
58360.748,1.005
58360.768,1.005
58360.788,1.004
58360.808,1.005
58360.828,1.005
58360.848,1.004
58360.868,1.003
58360.888,1.002
58360.908,1.008
58360.928,1.007
58360.948,1.004
58360.968,1.002
58360.988,1.003
58361.008,1.004
58361.028,1.004
58361.048,1.006
58361.068,1.005
58361.088,1.005
58361.108,1.004
58361.128,1.003
58361.148,1.004
58361.168,1.005
58361.188,1.008
58361.208,1.005
58361.228,1.004
58361.248,1.005
58361.268,1.007
58361.288,1.004
58361.308,1.005
58361.328,1.004
58361.348,1.005
58361.368,1.005
58361.388,1.006
58361.408,1.004
58361.428,1.001
58361.448,1.005
58361.468,1.004
58361.488,1.007
58361.508,1.004
58361.528,1.005
58361.548,1.004
58361.568,1.006
58361.588,1.005
58361.608,1.005
58361.628,1.008
58361.648,1.003
58361.668,1.005
58361.688,1.004
58361.708,1.005
58361.728,1.003
58361.748,1.004
58361.768,1.004
58361.788,1.005
58361.808,1.005
58361.828,1.002
58361.848,1.005
58361.868,1.004
58361.888,1.004
58361.908,1.005
58361.928,1.002
58361.948,1.004
58361.968,1.006
58361.988,1.005
58362.008,1.006
58362.028,1.005
58362.048,1.005
58362.068,1.004
58362.088,1.005
58362.108,1.006
58362.128,1.007
58362.148,1.006
58362.168,1.006
58362.188,1.006
58362.208,1.003
58362.228,1.004
58362.248,1.005
58362.268,1.005
58362.288,1.006
58362.308,1.007
58362.328,1.001
58362.348,1.004
58362.368,1.004
58362.388,1.005
58362.408,1.005
58362.428,1.004
58362.448,1.004
58362.468,1.004
58362.488,1.003
58362.508,1.006
58362.528,1.004
58362.548,1.005
58362.568,1.005
58362.588,1.005
58362.608,1.006
58362.628,1.005
58362.648,1.002
58362.668,1.004
58362.688,1.005
58362.708,1.003
58362.728,1.005
58362.748,1.004
58362.768,1.005
58362.788,1.002
58362.808,1.004
58362.828,1.003
58362.848,1.003
58362.868,1.004
58362.888,1.003
58362.908,1.003
58362.928,1.005
58362.948,1.005
58362.968,1.006
58362.988,1.005
58363.008,1.005
58363.028,1.006
58363.048,1.006
58363.068,1.007
58363.088,1.006
58363.108,1.006
58363.128,1.005
58363.148,1.006
58363.168,1.006
58363.188,1.004
58363.208,1.002
58363.228,1.007
58363.248,1.006
58363.268,1.004
58363.288,1.005
58363.308,1.004
58363.328,1.004
58363.348,1.004
58363.368,1.004
58363.388,1.005
58363.408,1.005
58363.428,1.004
58363.448,1.005
58363.468,1.004
58363.488,1.003
58363.508,1.003
58363.528,1.005
58363.548,1.005
58363.568,1.005
58363.588,1.006
58363.608,1.004
58363.628,1.004
58363.648,1.005
58363.668,1.004
58363.688,1.004
58363.708,1.004
58363.728,1.005
58363.748,1.004
58363.768,1.005
58363.788,1.005
58363.808,1.005
58363.828,1.007
58363.848,1.005
58363.868,1.001
58363.888,1.004
58363.908,1.006
58363.928,1.005
58363.948,1.005
58363.968,1.005
58363.988,1.005
58364.008,1.005
58364.028,1.003
58364.048,1.006
58364.068,1.004
58364.088,1.005
58364.108,1.005
58364.128,1.002
58364.148,1.004
58364.168,1.002
58364.188,1.008
58364.208,1.006
58364.228,1.004
58364.248,1.005
58364.268,1.003
58364.288,1.006
58364.308,1.005
58364.328,1.004
58364.348,1.007
58364.368,1.004
58364.388,1.004
58364.408,1.003
58364.428,1.005
58364.448,1.005
58364.468,1.006
58364.488,1.005
58364.508,1.003
58364.528,1.003
58364.548,1.003
58364.568,1.003
58364.588,1.005
58364.608,1.004
58364.628,1.005
58364.648,1.004
58364.668,1.004
58364.688,1.006
58364.708,1.006
58364.728,1.006
58364.748,1.005
58364.768,1.005
58364.788,1.005
58364.808,1.003
58364.828,1.005
58364.848,1.005
58364.868,1.002
58364.888,1.004
58364.908,1.005
58364.928,1.002
58364.948,1.003
58364.968,1.003
58364.988,1.004
58365.008,1.003
58365.028,1.007
58365.048,1.003
58365.068,1.003
58365.088,1.006
58365.108,1.006
58365.128,1.007
58365.148,1.008
58365.168,1.004
58365.188,1.005
58365.208,1.004
58365.228,1.004
58365.248,1.004
58365.268,1.005
58365.288,1.006
58365.308,1.007
58365.328,1.004
58365.348,1.005
58365.368,1.003
58365.388,1.006
58365.408,1.006
58365.428,1.004
58365.448,1.004
58365.468,1.006
58365.488,1.003
58365.508,1.005
58365.528,1.006
58365.548,1.006
58365.568,1.004
58365.588,1.008
58365.608,1.003
58365.628,1.006
58365.648,1.006
58365.668,1.005
58365.688,1.004
58365.708,1.006
58365.728,1.003
58365.748,1.005
58365.768,1.006
58365.788,1.004
58365.808,1.005
58365.828,1.004
58365.848,1.002
58365.868,1.004
58365.888,1.004
58365.908,1.005
58365.928,1.007
58365.948,1.006
58365.968,1.003
58365.988,1.005
58366.008,1.002
58366.028,1.002
58366.048,1.004
58366.068,1.005
58366.088,1.006
58366.108,1.004
58366.128,1.005
58366.148,1.004
58366.168,1.005
58366.188,1.003
58366.208,1.005
58366.228,1.006
58366.248,1.006
58366.268,1.005
58366.288,1.003
58366.308,1.003
58366.328,1.006
58366.348,1.006
58366.368,1.006
58366.388,1.006
58366.408,1.008
58366.428,1.006
58366.448,1.005
58366.468,1.005
58366.488,1.003
58366.508,1.005
58366.528,1.005
58366.548,1.006
58366.568,1.004
58366.588,1.005
58366.608,1.005
58366.628,1.005
58366.648,1.006
58366.668,1.005
58366.688,1.005
58366.708,1.005
58366.728,1.003
58366.748,1.006
58366.768,1.003
58366.788,1.005
58366.808,1.004
58366.828,1.003
58366.848,1.006
58366.868,1.006
58366.888,1.004
58366.908,1.003
58366.928,1.006
58366.948,1.005
58366.968,1.003
58366.988,1.005
58367.008,1.003
58367.028,1.003
58367.048,1.002
58367.068,1.003
58367.088,1.007
58367.108,1.003
58367.128,1.005
58367.148,1.006
58367.168,1.004
58367.188,1.007
58367.208,1.005
58367.228,1.006
58367.248,1.006
58367.268,1.007
58367.288,1.005
58367.308,1.003
58367.328,1.003
58367.348,1.004
58367.368,1.005
58367.388,1.003
58367.408,1.006
58367.428,1.005
58367.448,1.002
58367.468,1.005
58367.488,1.001
58367.508,1.005
58367.528,1.003
58367.548,1.005
58367.568,1.005
58367.588,1.004
58367.608,1.004
58367.628,1.005
58367.648,1.001
58367.668,1.005
58367.688,1.002
58367.708,1.004
58367.728,1.005
58367.748,1.006
58367.768,1.007
58367.788,1.006
58367.808,1.004
58367.828,1.004
58367.848,1.001
58367.868,1.002
58367.888,1.001
58367.908,1.004
58367.928,1.005
58367.948,1.005
58367.968,1.006
58367.988,1.005
58368.008,1.004
58368.028,1.003
58368.048,1.005
58368.068,1.004
58368.088,1.004
58368.108,1.005
58368.128,1.004
58368.148,1.004
58368.168,1.003
58368.188,1.004
58368.208,1.006
58368.228,1.004
58368.248,1.004
58368.268,1.004
58368.288,1.003
58368.308,1.004
58368.328,1.006
58368.348,1.009
58368.368,1.005
58368.388,1.008
58368.408,1.004
58368.428,1.005
58368.448,1.002
58368.468,0.998
58368.488,1.004
58368.508,1.007
58368.528,1.009
58368.548,1.004
58368.568,1.007
58368.588,1.002
58368.608,1.000
58368.628,1.004
58368.648,1.005
58368.668,1.006
58368.688,1.004
58368.708,1.009
58368.728,0.999
58368.748,1.006
58368.768,1.003
58368.788,1.003
58368.808,1.008
58368.828,1.006
58368.848,1.008
58368.868,1.001
58368.888,1.007
58368.908,1.000
58368.928,1.006
58368.948,1.006
58368.968,1.003
58368.988,1.008
58369.008,1.003
58369.028,1.002
58369.048,1.001
58369.068,1.004
58369.088,1.004
58369.108,1.006
58369.128,1.008
58369.148,1.004
58369.168,1.002
58369.188,1.001
58369.208,1.004
58369.228,1.005
58369.248,1.006
58369.268,1.006
58369.288,1.000
58369.308,1.005
58369.328,1.002
58369.348,1.007
58369.368,1.005
58369.388,1.006
58369.408,1.006
58369.428,1.004
58369.448,1.006
58369.468,1.004
58369.488,1.006
58369.508,1.009
58369.528,1.006
58369.548,1.005
58369.568,1.003
58369.588,1.005
58369.608,1.005
58369.628,1.003
58369.648,1.006
58369.668,1.007
58369.688,1.005
58369.708,1.005
58369.728,1.003
58369.748,1.007
58369.768,1.003
58369.788,1.007
58369.808,1.003
58369.828,1.005
58369.848,1.003
58369.868,1.003
58369.888,1.005
58369.908,1.002
58369.928,1.005
58369.948,1.004
58369.968,1.002
58369.988,1.005
58370.008,1.002
58370.028,1.006
58370.048,1.007
58370.068,1.003
58370.088,1.005
58370.108,1.003
58370.128,1.006
58370.148,1.004
58370.168,1.003
58370.188,1.003
58370.208,1.005
58370.228,1.007
58370.248,1.004
58370.268,1.005
58370.288,1.006
58370.308,1.007
58370.328,1.002
58370.348,1.004
58370.368,1.006
58370.388,1.004
58370.408,1.004
58370.428,1.004
58370.448,1.004
58370.468,1.006
58370.488,1.004
58370.508,1.004
58370.528,1.002
58370.548,1.006
58370.568,1.003
58370.588,1.003
58370.608,1.004
58370.628,1.003
58370.648,1.006
58370.668,1.004
58370.688,1.004
58370.708,1.005
58370.728,1.005
58370.748,1.005
58370.768,1.005
58370.788,1.005
58370.808,1.005
58370.828,1.005
58370.848,1.005
58370.868,1.003
58370.888,1.003
58370.908,1.003
58370.928,1.002
58370.948,1.007
58370.968,1.003
58370.988,1.004
58371.008,1.004
58371.028,1.004
58371.048,1.005
58371.068,1.003
58371.088,1.005
58371.108,1.002
58371.128,1.005
58371.148,1.004
58371.168,1.005
58371.188,1.005
58371.208,1.003
58371.228,1.006
58371.248,1.001
58371.268,1.006
58371.288,1.005
58371.308,1.007
58371.328,1.005
58371.348,1.005
58371.368,1.004
58371.388,1.001
58371.408,1.004
58371.428,1.005
58371.448,1.005
58371.468,1.007
58371.488,1.006
58371.508,1.005
58371.528,1.003
58371.548,1.005
58371.568,1.005
58371.588,1.003
58371.608,1.007
58371.628,1.004
58371.648,1.006
58371.668,1.006
58371.688,1.006
58371.708,1.004
58371.728,1.004
58371.748,1.004
58371.768,1.004
58371.788,1.008
58371.808,1.005
58371.828,1.002
58371.848,1.006
58371.868,1.004
58371.888,1.006
58371.908,1.005
58371.928,1.004
58371.948,1.004
58371.968,1.004
58371.988,1.006
58372.008,1.004
58372.028,1.007
58372.048,1.006
58372.068,1.004
58372.088,1.004
58372.108,1.003
58372.128,1.008
58372.148,1.004
58372.168,1.007
58372.188,1.005
58372.208,1.006
58372.228,1.003
58372.248,1.003
58372.268,1.008
58372.288,1.003
58372.308,1.007
58372.328,1.004
58372.348,1.005
58372.368,1.004
58372.388,1.002
58372.408,1.008
58372.428,1.004
58372.448,1.004
58372.468,1.002
58372.488,1.006
58372.508,1.006
58372.528,1.004
58372.548,1.007
58372.568,1.004
58372.588,1.004
58372.608,1.003
58372.628,1.003
58372.648,1.005
58372.668,1.001
58372.688,1.005
58372.708,1.004
58372.728,1.007
58372.748,1.007
58372.768,1.004
58372.788,1.004
58372.808,1.005
58372.828,1.006
58372.848,1.003
58372.868,1.004
58372.888,1.008
58372.908,1.003
58372.928,1.005
58372.948,1.001
58372.968,1.006
58372.988,1.002
58373.008,1.003
58373.028,1.007
58373.048,1.003
58373.068,1.007
58373.088,1.003
58373.108,1.004
58373.128,1.001
58373.148,1.005
58373.168,1.011
58373.188,1.001
58373.208,1.004
58373.228,1.005
58373.248,1.004
58373.268,1.004
58373.288,1.006
58373.308,1.008
58373.328,1.006
58373.348,1.005
58373.368,1.001
58373.388,1.003
58373.408,1.006
58373.428,1.005
58373.448,1.008
58373.468,1.007
58373.488,1.003
58373.508,1.001
58373.528,1.003
58373.548,1.005
58373.568,1.006
58373.588,1.004
58373.608,1.005
58373.628,1.007
58373.648,1.000
58373.668,1.006
58373.688,1.008
58373.708,1.006
58373.728,1.002
58373.748,1.007
58373.768,1.006
58373.788,1.000
58373.808,1.004
58373.828,1.005
58373.848,1.004
58373.868,1.004
58373.888,1.004
58373.908,1.005
58373.928,1.008
58373.948,1.002
58373.968,1.005
58373.988,1.003
58374.008,1.009
58374.028,1.000
58374.048,1.009
58374.068,1.010
58374.088,1.000
58374.108,1.007
58374.128,1.005
58374.148,1.001
58374.168,1.006
58374.188,1.008
58374.208,1.006
58374.228,1.001
58374.248,1.010
58374.268,1.003
58374.288,1.005
58374.308,1.005
58374.328,1.003
58374.348,1.011
58374.368,1.005
58374.388,1.006
58374.408,1.004
58374.428,1.004
58374.448,1.005
58374.468,1.005
58374.488,1.008
58374.508,0.999
58374.528,1.005
58374.548,1.003
58374.568,1.003
58374.588,1.005
58374.608,1.007
58374.628,1.005
58374.648,1.004
58374.668,1.002
58374.688,1.004
58374.708,1.006
58374.728,1.004
58374.748,1.002
58374.768,1.005
58374.788,1.007
58374.808,1.004
58374.828,1.001
58374.848,1.003
58374.868,1.006
58374.888,1.003
58374.908,1.003
58374.928,1.005
58374.948,1.006
58374.968,1.003
58374.988,1.002
58375.008,1.007
58375.028,1.004
58375.048,1.004
58375.068,1.003
58375.088,1.005
58375.108,1.005
58375.128,1.003
58375.148,1.003
58375.168,1.004
58375.188,1.007
58375.208,1.005
58375.228,1.007
58375.248,1.005
58375.268,1.005
58375.288,1.007
58375.308,1.003
58375.328,1.004
58375.348,1.006
58375.368,1.004
58375.388,1.009
58375.408,1.008
58375.428,1.004
58375.448,1.007
58375.468,1.007
58375.488,1.005
58375.508,1.006
58375.528,1.007
58375.548,1.005
58375.568,1.005
58375.588,1.003
58375.608,1.003
58375.628,1.005
58375.648,1.003
58375.668,1.005
58375.688,1.006
58375.708,1.005
58375.728,1.004
58375.748,1.003
58706.133,1.074
58706.153,0.999
58706.173,1.039
58706.193,1.029
58706.213,0.996
58706.233,1.014
58706.253,1.002
58706.273,1.007
58706.293,1.003
58706.313,1.002
58706.333,1.001
58706.353,1.002
58706.373,1.008
58706.393,0.999
58706.413,1.003
58706.433,1.012
58706.453,1.074
58706.473,1.073
58706.493,0.878
58706.513,0.928
58706.533,1.042
58706.553,1.004
58706.573,1.062
58706.593,0.997
58706.613,1.010
58706.633,1.019
58706.653,1.002
58706.673,1.013
58706.693,0.993
58706.713,1.006
58706.733,0.996
58706.753,1.010
58706.773,0.998
58706.793,1.005
58706.813,1.006
58706.833,1.002
58706.853,1.009
58706.873,1.002
58706.893,1.009
58706.913,1.005
58706.933,1.000
58706.953,1.006
58706.973,1.003
58706.993,1.005
58707.013,1.005
58707.033,1.009
58707.053,1.006
58707.073,1.000
58707.093,1.004
58707.113,1.003
58707.133,1.005
58707.153,1.004
58707.173,1.005
58707.193,1.005
58707.213,1.003
58707.233,1.006
58707.253,1.006
58707.273,1.007
58707.293,1.007
58707.313,1.002
58707.333,1.004
58707.353,1.001
58707.373,1.004
58707.393,1.002
58707.413,1.006
58707.433,1.006
58707.453,1.004
58707.473,1.004
58707.493,1.004
58707.513,1.004
58707.533,1.003
58707.553,1.002
58707.573,1.005
58707.593,1.004
58707.613,1.002
58707.633,1.007
58707.653,1.003
58707.673,1.005
58707.693,1.005
58707.713,1.005
58707.733,1.005
58707.753,1.005
58707.773,1.003
58707.793,1.005
58707.813,1.006
58707.833,1.003
58707.853,1.003
58707.873,1.004
58707.893,1.006
58707.913,1.005
58707.933,1.002
58707.953,1.006
58707.973,1.003
58707.993,1.004
58708.013,1.005
58708.033,1.003
58708.053,1.006
58708.073,1.004
58708.093,1.005
58708.113,1.004
58708.133,1.004
58708.153,1.003
58708.173,1.004
58708.193,1.005
58708.213,1.005
58708.233,1.005
58708.253,1.005
58708.273,1.004
58708.293,1.004
58708.313,1.005
58708.333,1.003
58708.353,1.005
58708.373,1.007
58708.393,1.008
58708.413,1.004
58708.433,1.005
58708.453,1.008
58708.473,1.003
58708.493,1.005
58708.513,1.005
58708.533,1.005
58708.553,1.007
58708.573,1.006
58708.593,1.007
58708.613,1.007
58708.633,1.005
58708.653,1.007
58708.673,1.006
58708.693,1.004
58708.713,1.005
58708.733,1.004
58708.753,1.004
58708.773,1.005
58708.793,1.006
58708.813,1.004
58708.833,1.005
58708.853,1.007
58708.873,1.007
58708.893,1.006
58708.913,1.004
58708.933,1.006
58708.953,1.004
58708.973,1.004
58708.993,1.002
58709.013,1.004
58709.033,1.004
58709.053,1.007
58709.073,1.004
58709.093,1.007
58709.113,1.006
58709.133,1.005
58709.153,1.004
58709.173,1.006
58709.193,1.002
58709.213,1.007
58709.233,1.004
58709.253,1.006
58709.273,1.005
58709.293,1.004
58709.313,1.003
58709.333,1.004
58709.353,1.004
58709.373,1.006
58709.393,1.003
58709.413,1.005
58709.433,1.007
58709.453,1.005
58709.473,1.008
58709.493,1.005
58709.513,1.006
58709.533,1.005
58709.553,1.006
58709.573,1.004
58709.593,1.003
58709.613,1.004
58709.633,1.004
58709.653,1.007
58709.673,1.006
58709.693,1.003
58709.713,1.006
58709.733,1.007
58709.753,1.005
58709.773,1.006
58709.793,1.002
58709.813,1.005
58709.833,1.006
58709.853,1.004
58709.873,1.006
58709.893,1.004
58709.913,1.003
58709.933,1.008
58709.953,1.005
58709.973,1.004
58709.993,1.004
58710.013,1.007
58710.033,1.004
58710.053,1.006
58710.073,1.007
58710.093,1.005
58710.113,1.005
58710.133,1.004
58710.153,1.006
58710.173,1.004
58710.193,1.007
58710.213,1.003
58710.233,1.005
58710.253,1.003
58710.273,1.006
58710.293,1.007
58710.313,1.003
58710.333,1.003
58710.353,1.001
58710.373,1.004
58710.393,1.004
58710.413,1.005
58710.433,1.004
58710.453,1.007
58710.473,1.005
58710.493,1.004
58710.513,1.005
58710.533,1.005
58710.553,1.006
58710.573,1.003
58710.593,1.004
58710.613,1.005
58710.633,1.003
58710.653,1.005
58710.673,1.005
58710.693,1.004
58710.713,1.007
58710.733,1.003
58710.753,1.006
58710.773,1.003
58710.793,1.006
58710.813,1.006
58710.833,1.004
58710.853,1.004
58710.873,1.004
58710.893,1.004
58710.913,1.004
58710.933,1.004
58710.953,1.004
58710.973,1.008
58710.993,1.003
58711.013,1.005
58711.033,1.003
58711.053,1.007
58711.073,1.004
58711.093,1.005
58711.113,1.005
58711.133,1.003
58711.153,1.006
58711.173,1.007
58711.193,1.004
58711.213,1.005
58711.233,1.006
58711.253,1.003
58711.273,1.007
58711.293,1.004
58711.313,1.004
58711.333,1.003
58711.353,1.005
58711.373,1.004
58711.393,1.003
58711.413,1.006
58711.433,1.002
58711.453,1.003
58711.473,1.002
58711.493,1.003
58711.513,1.006
58711.533,1.006
58711.553,1.004
58711.573,1.005
58711.593,1.005
58711.613,1.006
58711.633,1.008
58711.653,1.004
58711.673,1.004
58711.693,1.005
58711.713,1.005
58711.733,1.004
58711.753,1.005
58711.773,1.005
58711.793,1.005
58711.813,1.004
58711.833,1.005
58711.853,1.005
58711.873,1.005
58711.893,1.004
58711.913,1.005
58711.933,1.005
58711.953,1.006
58711.973,1.004
58711.993,1.006
58712.013,1.004
58712.033,1.005
58712.053,1.008
58712.073,1.005
58712.093,1.007
58712.113,1.004
58712.133,1.006
58712.153,1.001
58712.173,1.005
58712.193,1.005
58712.213,1.007
58712.233,1.005
58712.253,1.004
58712.273,1.004
58712.293,1.003
58712.313,1.007
58712.333,1.005
58712.353,1.008
58712.373,1.005
58712.393,1.005
58712.413,1.005
58712.433,1.004
58712.453,1.003
58712.473,1.005
58712.493,1.006
58712.513,1.005
58712.533,1.003
58712.553,1.004
58712.573,1.005
58712.593,1.005
58712.613,1.005
58712.633,1.006
58712.653,1.006
58712.673,1.005
58712.693,1.004
58712.713,1.003
58712.733,1.005
58712.753,1.003
58712.773,1.006
58712.793,1.003
58712.813,1.006
58712.833,1.006
58712.853,1.005
58712.873,1.005
58712.893,1.004
58712.913,1.004
58712.933,1.003
58712.953,1.005
58712.973,1.003
58712.993,1.005
58713.013,1.005
58713.033,1.005
58713.053,1.004
58713.073,1.005
58713.093,1.006
58713.113,1.006
58713.133,1.005
58713.153,1.006
58713.173,1.005
58713.193,1.007
58713.213,1.004
58713.233,1.004
58713.253,1.003
58713.273,1.008
58713.293,1.004
58713.313,1.004
58713.333,1.005
58713.353,1.006
58713.373,1.007
58713.393,1.003
58713.413,1.005
58713.433,1.000
58713.453,1.005
58713.473,1.004
58713.493,1.005
58713.513,1.003
58713.533,1.003
58713.553,1.004
58713.573,1.005
58713.593,1.005
58713.613,1.003
58713.633,1.005
58713.653,1.005
58713.673,1.005
58713.693,1.005
58713.713,1.006
58713.733,1.004
58713.753,1.004
58713.773,1.004
58713.793,1.007
58713.813,1.003
58713.833,1.008
58713.853,1.003
58713.873,1.004
58713.893,1.005
58713.913,1.007
58713.933,1.007
58713.953,1.006
58713.973,1.005
58713.993,1.003
58714.013,1.004
58714.033,1.003
58714.053,1.007
58714.073,1.001
58714.093,1.006
58714.113,1.004
58714.133,1.003
58714.153,1.004
58714.173,1.003
58714.193,1.003
58714.213,1.005
58714.233,1.005
58714.253,1.008
58714.273,1.004
58714.293,1.004
58714.313,1.004
58714.333,1.004
58714.353,1.007
58714.373,1.003
58714.393,1.004
58714.413,1.004
58714.433,1.006
58714.453,1.005
58714.473,1.005
58714.493,1.005
58714.513,1.002
58714.533,1.005
58714.553,1.003
58714.573,1.007
58714.593,1.006
58714.613,1.006
58714.633,1.004
58714.653,1.006
58714.673,1.005
58714.693,1.005
58714.713,1.005
58714.733,1.007
58714.753,1.005
58714.773,1.003
58714.793,1.005
58714.813,1.004
58714.833,1.005
58714.853,1.006
58714.873,1.005
58714.893,1.004
58714.913,1.005
58714.933,1.003
58714.953,1.005
58714.973,1.005
58714.993,1.006
58715.013,1.005
58715.033,1.005
58715.053,1.005
58715.073,1.003
58715.093,1.005
58715.113,1.004
58715.133,1.006
58715.153,1.006
58715.173,1.006
58715.193,1.005
58715.213,1.006
58715.233,1.001
58715.253,1.004
58715.273,1.005
58715.293,1.005
58715.313,1.007
58715.333,1.006
58715.353,1.004
58715.373,1.002
58715.393,1.006
58715.413,1.004
58715.433,1.005
58715.453,1.006
58715.473,1.003
58715.493,1.004
58715.513,1.006
58715.533,1.005
58715.553,1.006
58715.573,1.004
58715.593,1.002
58715.613,1.005
58715.633,1.003
58715.653,1.007
58715.673,1.004
58715.693,1.005
58715.713,1.005
58715.733,1.006
58715.753,1.005
58715.773,1.011
58715.793,1.009
58715.813,0.985
58715.833,1.008
58715.853,1.024
58715.873,0.991
58715.893,1.024
58715.913,1.002
58715.933,1.006
58715.953,1.002
58715.973,0.998
58715.993,1.005
58716.013,1.000
58716.033,1.020
58716.053,0.992
58716.073,1.002
58716.093,1.007
58716.113,0.997
58716.133,1.006
58716.153,1.009
58716.173,1.012
58716.193,1.005
58716.213,1.006
58716.233,1.000
58716.253,0.996
58716.273,1.011
58716.293,1.002
58716.313,1.011
58716.333,1.006
58716.353,1.000
58716.373,1.011
58716.393,1.005
58716.413,1.004
58716.433,1.003
58716.453,1.011
58716.473,1.004
58716.493,1.000
58716.513,1.003
58716.533,1.004
58716.553,1.006
58716.573,1.005
58716.593,1.004
58716.613,1.006
58716.633,1.001
58716.653,1.001
58716.673,1.003
58716.693,1.008
58716.713,1.008
58716.733,1.004
58716.753,1.006
58716.773,1.004
58716.793,1.002
58716.813,1.001
58716.833,1.002
58716.853,1.005
58716.873,1.004
58716.893,1.005
58716.913,1.004
58716.933,1.007
58716.953,1.006
58716.973,1.006
58716.993,1.005
58717.013,1.006
58717.033,1.003
58717.053,1.002
58717.073,1.004
58717.093,1.004
58717.113,1.005
58717.133,1.006
58717.153,1.003
58717.173,1.004
58717.193,1.004
58717.213,1.002
58717.233,1.004
58717.253,1.006
58717.273,1.006
58717.293,1.004
58717.313,1.005
58717.333,1.005
58717.353,1.003
58717.373,1.004
58717.393,1.006
58717.413,1.003
58717.433,1.006
58717.453,1.005
58717.473,1.002
58717.493,1.001
58717.513,1.003
58717.533,1.006
58717.553,1.003
58717.573,1.005
58717.593,1.003
58717.613,1.006
58717.633,1.002
58717.653,1.006
58717.673,1.007
58717.693,1.001
58717.713,1.006
58717.733,1.005
58717.753,1.003
58717.773,1.005
58717.793,1.002
58717.813,1.008
58717.833,1.003
58717.853,1.007
58717.873,1.002
58717.893,1.005
58717.913,1.006
58717.933,1.005
58717.953,1.007
58717.973,1.003
58717.993,1.005
58718.013,1.004
58718.033,1.006
58718.053,1.003
58718.073,1.005
58718.093,1.003
58718.113,1.006
58718.133,1.004
58718.153,1.003
58718.173,1.005
58718.193,1.004
58718.213,1.005
58718.233,1.005
58718.253,1.005
58718.273,1.003
58718.293,1.003
58718.313,1.004
58718.333,1.006
58718.353,1.006
58718.373,1.003
58718.393,1.006
58718.413,1.005
58718.433,1.003
58718.453,1.005
58718.473,1.005
58718.493,1.007
58718.513,1.005
58718.533,1.005
58718.553,1.006
58718.573,1.003
58718.593,1.005
58718.613,1.005
58718.633,1.005
58718.653,1.004
58718.673,1.004
58718.693,1.002
58718.713,1.007
58718.733,1.005
58718.753,1.005
58718.773,1.004
58718.793,1.007
58718.813,1.005
58718.833,1.002
58718.853,1.005
58718.873,1.004
58718.893,1.007
58718.913,1.005
58718.933,1.008
58718.953,1.003
58718.973,1.006
58718.993,1.004
58719.013,1.002
58719.033,1.003
58719.053,1.002
58719.073,1.003
58719.093,1.005
58719.113,1.005
58719.133,1.002
58719.153,1.006
58719.173,1.003
58719.193,1.003
58719.213,1.005
58719.233,1.005
58719.253,1.002
58719.273,1.005
58719.293,1.005
58719.313,1.006
58719.333,1.005
58719.353,1.006
58719.373,1.006
58719.393,1.007
58719.413,1.005
58719.433,1.006
58719.453,1.007
58719.473,1.003
58719.493,1.006
58719.513,1.005
58719.533,1.006
58719.553,1.002
58719.573,1.006
58719.593,1.004
58719.613,1.005
58719.633,1.005
58719.653,1.005
58719.673,1.007
58719.693,1.003
58719.713,1.004
58719.733,1.004
58719.753,1.007
58719.773,1.005
58719.793,1.006
58719.813,1.004
58719.833,1.005
58719.853,1.006
58719.873,1.007
58719.893,1.005
58719.913,1.006
58719.933,1.003
58719.953,1.003
58719.973,1.005
58719.993,1.002
58720.013,1.003
58720.033,1.006
58720.053,1.003
58720.073,1.005
58720.093,1.005
58720.113,1.005
58720.133,1.005
58720.153,1.005
58720.173,1.002
58720.193,1.004
58720.213,1.007
58720.233,1.003
58720.253,1.003
58720.273,1.004
58720.293,1.006
58720.313,1.004
58720.333,1.006
58720.353,1.005
58720.373,1.004
58720.393,1.004
58720.413,1.002
58720.433,1.005
58720.453,1.006
58720.473,1.004
58720.493,1.004
58720.513,1.002
58720.533,1.005
58720.553,1.003
58720.573,1.007
58720.593,1.006
58720.613,1.008
58720.633,1.004
58720.653,1.002
58720.673,1.003
58720.693,1.004
58720.713,1.006
58720.733,1.007
58720.753,1.006
58720.773,1.007
58720.793,1.002
58720.813,1.005
58720.833,1.005
58720.853,1.007
58720.873,1.005
58720.893,1.003
58720.913,1.006
58720.933,1.003
58720.953,1.007
58720.973,1.007
58720.993,1.004
58721.013,1.003
58721.033,1.008
58721.053,1.001
58721.073,1.003
58721.093,1.001
58721.113,1.005
58721.133,1.005
58721.153,1.003
58721.173,1.006
58721.193,1.006
58721.213,1.005
58721.233,1.005
58721.253,1.006
58721.273,1.002
58721.293,1.005
58721.313,1.004
58721.333,1.008
58721.353,1.006
58721.373,1.007
58721.393,1.005
58721.413,1.004
58721.433,1.003
58721.453,1.003
58721.473,1.005
58721.493,1.002
58721.513,1.006
58721.533,1.004
58721.553,1.007
58721.573,1.004
58721.593,1.003
58721.613,1.004
58721.633,1.009
58721.653,1.002
58721.673,1.003
58721.693,1.003
58721.713,1.002
58721.733,1.006
58721.753,1.005
58721.773,1.003
58721.793,1.004
58721.813,1.005
58721.833,1.004
58721.853,1.004
58721.873,1.005
58721.893,1.004
58721.913,1.003
58721.933,1.006
58721.953,1.004
58721.973,1.007
58721.993,1.003
58722.013,1.004
58722.033,1.006
58722.053,1.005
58722.073,1.005
58722.093,1.004
58722.113,1.006
58722.133,1.004
58722.153,1.007
58722.173,1.003
58722.193,1.009
58722.213,1.004
58722.233,1.005
58722.253,1.005
58722.273,1.003
58722.293,1.007
58722.313,1.003
58722.333,1.007
58722.353,1.005
58722.373,1.005
58722.393,1.004
58722.413,1.005
58722.433,1.005
58722.453,1.007
58722.473,1.005
58722.493,1.006
58722.513,1.002
58722.533,1.004
58722.553,1.004
58722.573,1.005
58722.593,1.007
58722.613,1.005
58722.633,1.005
58722.653,1.001
58722.673,1.003
58722.693,1.002
58722.713,1.006
58722.733,1.003
58722.753,1.002
58722.773,1.005
58722.793,1.005
58722.813,1.008
58722.833,1.004
58722.853,1.006
58722.873,1.003
58722.893,1.002
58722.913,1.000
58722.933,1.004
58722.953,1.006
58722.973,1.004
58722.993,1.004
58723.013,1.004
58723.033,1.002
58723.053,1.003
58723.073,1.008
58723.093,1.009
58723.113,1.009
58723.133,1.002
58723.153,1.003
58723.173,1.002
58723.193,1.001
58723.213,1.007
58723.233,1.005
58723.253,1.007
58723.273,1.003
58723.293,1.000
58723.313,1.001
58723.333,1.006
58723.353,1.006
58723.373,1.004
58723.393,1.008
58723.413,1.004
58723.433,1.003
58723.453,1.002
58723.473,1.006
58723.493,1.005
58723.513,1.008
58723.533,1.004
58723.553,1.004
58723.573,1.002
58723.593,1.002
58723.613,1.001
58723.633,1.004
58723.653,1.009
58723.673,1.006
58723.693,1.007
58723.713,1.006
58723.733,1.003
58723.753,1.003
58723.773,1.007
58723.793,1.007
58723.813,1.007
58723.833,1.003
58723.853,1.001
58723.873,1.004
58723.893,1.003
58723.913,1.006
58723.933,1.008
58723.953,1.003
58723.973,1.006
58723.993,0.999
58724.013,1.003
58724.033,1.004
58724.053,1.006
58724.073,1.006
58724.093,1.004
58724.113,1.004
58724.133,1.003
58724.153,1.001
58724.173,1.002
58724.193,1.007
58724.213,1.002
58724.233,1.007
58724.253,1.005
58724.273,1.005
58724.293,1.006
58724.313,1.003
58724.333,1.006
58724.353,1.003
58724.373,1.007
58724.393,1.005
58724.413,1.005
58724.433,1.004
58724.453,1.003
58724.473,1.005
58724.493,1.007
58724.513,1.005
58724.533,1.006
58724.553,1.006
58724.573,1.007
58724.593,1.004
58724.613,1.003
58724.633,1.005
58724.653,1.006
58724.673,1.005
58724.693,1.003
58724.713,1.005
58724.733,1.005
58724.753,1.003
58724.773,1.006
58724.793,1.006
58724.813,1.002
58724.833,1.002
58724.853,1.007
58724.873,1.005
58724.893,1.006
58724.913,1.005
58724.933,1.003
58724.953,1.004
58724.973,1.006
58724.993,1.004
58725.013,1.003
58725.033,1.004
58725.053,1.002
58725.073,1.006
58725.093,1.003
58725.113,1.005
58725.133,1.004
58725.153,1.004
58725.173,1.005
58725.193,1.003
58725.213,1.006
58725.233,1.005
58725.253,1.002
58725.273,1.002
58725.293,1.008
58725.313,1.005
58725.333,1.005
58725.353,1.003
58725.373,1.005
58725.393,1.004
58725.413,1.006
58725.433,1.006
58725.453,1.003
58725.473,1.004
58725.493,1.005
58725.513,1.005
58725.533,1.004
58725.553,1.006
58725.573,1.006
58725.593,1.004
58725.613,1.007
58725.633,1.007
58725.653,1.008
58725.673,1.000
58725.693,1.004
58725.713,1.002
58725.733,1.007
58725.753,1.001
58725.773,1.006
58725.793,1.004
58725.813,1.005
58725.833,1.005
58725.853,1.006
58725.873,1.007
58725.893,1.005
58725.913,1.004
58725.933,1.003
58725.953,1.002
58725.973,1.006
58725.993,1.004
58726.013,1.006
58726.033,1.003
58726.053,1.004
58726.073,1.003
58726.093,1.005
58726.113,1.002
58726.133,1.004
58726.153,1.005
58726.173,1.006
58726.193,1.001
58726.213,1.005
58726.233,1.001
58726.253,1.005
58726.273,1.004
58726.293,1.007
58726.313,1.006
58726.333,1.009
58726.353,1.004
58726.373,1.003
58726.393,1.001
58726.413,1.002
58726.433,1.003
58726.453,1.008
58726.473,1.006
58726.493,1.005
60147.688,1.088
60147.708,1.041
60147.728,0.996
60147.748,0.958
60147.768,0.990
60147.788,0.988
60147.808,1.017
60147.828,1.009
60147.848,1.006
60147.868,1.010
60147.888,1.007
60147.908,1.008
60147.928,1.006
60147.948,1.005
60147.968,1.002
60147.988,1.003
60148.008,0.999
60148.028,1.007
60148.048,0.999
60148.068,1.008
60148.088,1.006
60148.108,1.004
60148.128,1.008
60148.148,0.998
60148.168,1.009
60148.188,1.005
60148.208,1.000
60148.228,1.008
60148.248,1.003
60148.268,1.008
60148.288,1.003
60148.308,1.003
60148.328,1.006
60148.348,1.004
60148.368,1.004
60148.388,1.004
60148.408,1.006
60148.428,1.007
60148.448,1.004
60148.468,1.003
60148.488,1.005
60148.508,1.006
60148.528,1.005
60148.548,1.003
60148.568,1.002
60148.588,1.006
60148.608,1.002
60148.628,1.005
60148.648,1.004
60148.668,1.004
60148.688,1.004
60148.708,1.003
60148.728,1.005
60148.748,1.003
60148.768,1.003
60148.788,1.005
60148.808,1.005
60148.828,1.003
60148.848,1.004
60148.868,1.005
60148.888,1.005
60148.908,1.003
60148.928,1.004
60148.948,1.006
60148.968,1.005
60148.988,1.002
60149.008,1.005
60149.028,1.004
60149.048,1.002
60149.068,1.003
60149.088,1.006
60149.108,1.007
60149.128,1.005
60149.148,1.006
60149.168,1.005
60149.188,1.004
60149.208,1.003
60149.228,1.004
60149.248,1.006
60149.268,1.003
60149.288,1.003
60149.308,1.005
60149.328,1.005
60149.348,1.001
60149.368,1.005
60149.388,1.005
60149.408,1.004
60149.428,1.006
60149.448,1.005
60149.468,1.002
60149.488,1.005
60149.508,1.002
60149.528,1.004
60149.548,1.003
60149.568,1.006
60149.588,1.008
60149.608,1.001
60149.628,1.008
60149.648,1.004
60149.668,1.005
60149.688,1.004
60149.708,1.003
60149.728,1.004
60149.748,1.000
60149.768,1.006
60149.788,1.006
60149.808,1.004
60149.828,1.004
60149.848,1.003
60149.868,1.003
60149.888,1.003
60149.908,1.006
60149.928,1.003
60149.948,1.004
60149.968,1.005
60149.988,1.004
60150.008,1.003
60150.028,1.004
60150.048,1.002
60150.068,1.003
60150.088,1.004
60150.108,1.004
60150.128,1.002
60150.148,1.004
60150.168,1.003
60150.188,1.005
60150.208,1.006
60150.228,1.004
60150.248,1.005
60150.268,1.004
60150.288,1.003
60150.308,1.003
60150.328,1.004
60150.348,1.003
60150.368,1.004
60150.388,1.005
60150.408,1.002
60150.428,1.004
60150.448,1.006
60150.468,1.005
60150.488,1.007
60150.508,1.004
60150.528,1.004
60150.548,1.004
60150.568,1.004
60150.588,1.006
60150.608,1.004
60150.628,1.004
60150.648,1.004
60150.668,1.005
60150.688,1.004
60150.708,1.005
60150.728,1.005
60150.748,1.007
60150.768,1.004
60150.788,1.005
60150.808,1.005
60150.828,1.003
60150.848,1.006
60150.868,1.004
60150.888,1.006
60150.908,1.003
60150.928,1.008
60150.948,1.006
60150.968,1.004
60150.988,1.005
60151.008,1.003
60151.028,1.003
60151.048,1.004
60151.068,1.008
60151.088,1.005
60151.108,1.005
60151.128,1.003
60151.148,1.004
60151.168,1.005
60151.188,1.002
60151.208,1.004
60151.228,1.007
60151.248,1.003
60151.268,1.004
60151.288,1.006
60151.308,1.005
60151.328,1.004
60151.348,1.004
60151.368,1.003
60151.388,1.006
60151.408,1.003
60151.428,1.004
60151.448,1.004
60151.468,1.005
60151.488,1.006
60151.508,1.004
60151.528,1.006
60151.548,1.004
60151.568,1.005
60151.588,1.005
60151.608,1.006
60151.628,1.005
60151.648,1.004
60151.668,1.006
60151.688,1.003
60151.708,1.005
60151.728,1.004
60151.748,1.002
60151.768,1.003
60151.788,1.003
60151.808,1.005
60151.828,1.003
60151.848,1.002
60151.868,1.003
60151.888,1.005
60151.908,1.007
60151.928,1.004
60151.948,1.007
60151.968,1.002
60151.988,1.005
60152.008,1.008
60152.028,1.005
60152.048,1.003
60152.068,1.005
60152.088,1.004
60152.108,1.003
60152.128,1.004
60152.148,1.004
60152.168,1.005
60152.188,1.005
60152.208,1.003
60152.228,1.004
60152.248,1.004
60152.268,1.002
60152.288,1.006
60152.308,1.004
60152.328,1.005
60152.348,1.003
60152.368,1.003
60152.388,1.005
60152.408,1.005
60152.428,1.003
60152.448,1.003
60152.468,1.006
60152.488,1.003
60152.508,1.004
60152.528,1.003
60152.548,1.005
60152.568,1.005
60152.588,1.003
60152.608,1.003
60152.628,1.002
60152.648,1.004
60152.668,1.005
60152.688,1.006
60152.708,1.004
60152.728,1.004
60152.748,1.006
60152.768,1.005
60152.788,1.005
60152.808,1.005
60152.828,1.004
60152.848,1.004
60152.868,1.002
60152.888,1.005
60152.908,1.002
60152.928,1.003
60152.948,1.007
60152.968,1.007
60152.988,1.004
60153.008,1.004
60153.028,1.007
60153.048,1.003
60153.068,1.005
60153.088,1.005
60153.108,1.003
60153.128,1.004
60153.148,1.005
60153.168,1.005
60153.188,1.006
60153.208,1.004
60153.228,1.003
60153.248,1.003
60153.268,1.004
60153.288,1.005
60153.308,1.005
60153.328,1.006
60153.348,1.005
60153.368,1.004
60153.388,1.006
60153.408,1.003
60153.428,1.002
60153.448,1.004
60153.468,1.003
60153.488,1.003
60153.508,1.005
60153.528,1.004
60153.548,1.004
60153.568,1.004
60153.588,1.005
60153.608,1.004
60153.628,1.006
60153.648,1.006
60153.668,1.006
60153.688,1.006
60153.708,1.005
60153.728,1.003
60153.748,1.005
60153.768,1.004
60153.788,1.004
60153.808,1.004
60153.828,1.004
60153.848,1.003
60153.868,1.004
60153.888,1.003
60153.908,1.005
60153.928,1.005
60153.948,1.005
60153.968,1.005
60153.988,1.006
60154.008,1.007
60154.028,1.004
60154.048,1.004
60154.068,1.006
60154.088,1.005
60154.108,1.006
60154.128,1.004
60154.148,1.003
60154.168,1.004
60154.188,1.005
60154.208,1.005
60154.228,1.005
60154.248,1.004
60154.268,1.003
60154.288,1.005
60154.308,1.006
60154.328,1.005
60154.348,1.005
60154.368,1.005
60154.388,1.006
60154.408,1.006
60154.428,1.006
60154.448,1.006
60154.468,1.005
60154.488,1.005
60154.508,1.002
60154.528,1.005
60154.548,1.004
60154.568,1.003
60154.588,1.006
60154.608,1.004
60154.628,1.005
60154.648,1.005
60154.668,1.005
60154.688,1.003
60154.708,1.004
60154.728,1.004
60154.748,1.005
60154.768,1.005
60154.788,1.004
60154.808,1.004
60154.828,1.006
60154.848,1.003
60154.868,1.006
60154.888,1.004
60154.908,1.005
60154.928,1.004
60154.948,1.003
60154.968,1.006
60154.988,1.004
60155.008,1.005
60155.028,1.006
60155.048,1.004
60155.068,1.003
60155.088,1.007
60155.108,1.003
60155.128,1.005
60155.148,1.003
60155.168,1.005
60155.188,1.005
60155.208,1.003
60155.228,1.004
60155.248,1.006
60155.268,1.004
60155.288,1.005
60155.308,1.004
60155.328,1.004
60155.348,1.004
60155.368,1.006
60155.388,1.002
60155.408,1.004
60155.428,1.007
60155.448,1.005
60155.468,1.004
60155.488,1.006
60155.508,1.006
60155.528,1.005
60155.548,1.002
60155.568,1.007
60155.588,1.008
60155.608,1.003
60155.628,1.004
60155.648,1.005
60155.668,1.003
60155.688,1.002
60155.708,1.006
60155.728,1.005
60155.748,1.004
60155.768,1.006
60155.788,1.003
60155.808,1.004
60155.828,1.005
60155.848,1.005
60155.868,1.005
60155.888,1.006
60155.908,1.004
60155.928,1.003
60155.948,1.007
60155.968,1.003
60155.988,1.003
60156.008,1.003
60156.028,1.003
60156.048,1.004
60156.068,1.003
60156.088,1.004
60156.108,1.002
60156.128,1.005
60156.148,1.005
60156.168,1.004
60156.188,1.005
60156.208,1.003
60156.228,1.005
60156.248,1.005
60156.268,1.001
60156.288,1.002
60156.308,1.005
60156.328,1.004
60156.348,1.003
60156.368,1.003
60156.388,1.005
60156.408,1.004
60156.428,1.006
60156.448,1.001
60156.468,1.005
60156.488,1.005
60156.508,1.003
60156.528,1.003
60156.548,1.004
60156.568,1.004
60156.588,1.005
60156.608,1.005
60156.628,1.006
60156.648,1.003
60156.668,1.005
60156.688,1.004
60156.708,1.005
60156.728,1.005
60156.748,1.006
60156.768,1.003
60156.788,1.004
60156.808,1.004
60156.828,1.004
60156.848,1.006
60156.868,1.004
60156.888,1.050
60156.908,1.035
60156.928,1.000
60156.948,1.038
60156.968,1.051
60156.988,1.002
60157.008,1.047
60157.028,1.007
60157.048,1.004
60157.068,1.005
60157.088,1.005
60157.108,1.011
60157.128,0.999
60157.148,1.017
60157.168,0.995
60157.188,0.997
60157.208,1.013
60157.228,0.990
60157.248,1.017
60157.268,1.004
60157.288,1.009
60157.308,1.006
60157.328,1.001
60157.348,1.003
60157.368,0.997
60157.388,1.015
60157.408,1.002
60157.428,1.011
60157.448,1.005
60157.468,0.996
60157.488,1.008
60157.508,1.001
60157.528,1.008
60157.548,1.005
60157.568,1.006
60157.588,1.002
60157.608,1.000
60157.628,1.003
60157.648,1.004
60157.668,1.009
60157.688,1.008
60157.708,1.003
60157.728,1.006
60157.748,1.000
60157.768,1.008
60157.788,1.005
60157.808,1.008
60157.828,1.004
60157.848,1.003
60157.868,1.003
60157.888,1.002
60157.908,1.009
60157.928,1.005
60157.948,1.003
60157.968,1.004
60157.988,1.001
60158.008,1.003
60158.028,1.004
60158.048,1.007
60158.068,1.009
60158.088,1.003
60158.108,1.003
60158.128,1.000
60158.148,1.007
60158.168,0.999
60158.188,1.005
60158.208,1.007
60158.228,1.005
60158.248,1.005
60158.268,1.000
60158.288,1.004
60158.308,1.005
60158.328,1.010
60158.348,1.003
60158.368,1.006
60158.388,1.001
60158.408,1.000
60158.428,1.006
60158.448,1.004
60158.468,1.008
60158.488,1.008
60158.508,1.007
60158.528,1.005
60158.548,1.002
60158.568,1.007
60158.588,1.005
60158.608,1.005
60158.628,1.002
60158.648,1.004
60158.668,1.001
60158.688,0.998
60158.708,1.004
60158.728,1.003
60158.748,1.009
60158.768,1.008
60158.788,1.002
60158.808,1.003
60158.828,1.001
60158.848,1.006
60158.868,1.004
60158.888,1.009
60158.908,1.004
60158.928,1.003
60158.948,1.002
60158.968,1.002
60158.988,1.008
60159.008,1.005
60159.028,1.001
60159.048,1.006
60159.068,1.003
60159.088,1.000
60159.108,1.005
60159.128,1.006
60159.148,1.007
60159.168,1.007
60159.188,1.004
60159.208,1.001
60159.228,1.005
60159.248,1.004
60159.268,1.003
60159.288,1.007
60159.308,1.002
60159.328,1.007
60159.348,1.001
60159.368,1.004
60159.388,1.005
60159.408,1.006
60159.428,1.008
60159.448,1.006
60159.468,1.003
60159.488,1.003
60159.508,1.005
60159.528,1.007
60159.548,1.005
60159.568,1.005
60159.588,1.005
60159.608,1.004
60159.628,1.002
60159.648,1.004
60159.668,1.003
60159.688,1.004
60159.708,1.005
60159.728,1.003
60159.748,1.006
60159.768,1.001
60159.788,1.002
60159.808,1.005
60159.828,1.004
60159.848,1.007
60159.868,1.002
60159.888,1.003
60159.908,1.004
60159.928,1.006
60159.948,1.003
60159.968,1.007
60159.988,1.006
60160.008,1.004
60160.028,1.003
60160.048,1.003
60160.068,1.007
60160.088,1.005
60160.108,1.002
60160.128,1.006
60160.148,1.005
60160.168,1.005
60160.188,1.008
60160.208,1.003
60160.228,1.003
60160.248,1.001
60160.268,1.006
60160.288,1.001
60160.308,1.004
60160.328,1.004
60160.348,1.005
60160.368,1.006
60160.388,1.004
60160.408,1.005
60160.428,1.003
60160.448,1.002
60160.468,1.002
60160.488,1.002
60160.508,1.002
60160.528,1.003
60160.548,1.005
60160.568,1.005
60160.588,1.004
60160.608,1.004
60160.628,1.002
60160.648,1.005
60160.668,1.003
60160.688,1.003
60160.708,1.003
60160.728,1.004
60160.748,1.004
60160.768,1.005
60160.788,1.005
60160.808,1.004
60160.828,1.006
60160.848,1.006
60160.868,1.005
60160.888,1.002
60160.908,1.003
60160.928,1.005
60160.948,1.004
60160.968,1.004
60160.988,1.001
60161.008,1.006
60161.028,1.002
60161.048,1.005
60161.068,1.005
60161.088,1.005
60161.108,1.005
60161.128,1.004
60161.148,1.004
60161.168,1.009
60161.188,1.004
60161.208,1.003
60161.228,1.006
60161.248,1.007
60161.268,1.003
60161.288,1.007
60161.308,1.006
60161.328,1.005
60161.348,1.003
60161.368,1.007
60161.388,1.004
60161.408,1.004
60161.428,1.006
60161.448,1.004
60161.468,1.004
60161.488,1.003
60161.508,1.003
60161.528,1.007
60161.548,1.008
60161.568,1.000
60161.588,1.005
60161.608,1.000
60161.628,1.003
60161.648,1.005
60161.668,1.004
60161.688,1.004
60161.708,1.006
60161.728,1.004
60161.748,1.002
60161.768,1.007
60161.788,1.002
60161.808,1.004
60161.828,1.008
60161.848,1.005
60161.868,1.000
60161.888,1.007
60161.908,1.006
60161.928,1.005
60161.948,1.008
60161.968,1.002
60161.988,1.004
60162.008,1.005
60162.028,0.998
60162.048,0.998
60162.068,1.009
60162.088,1.009
60162.108,1.005
60162.128,1.009
60162.148,1.005
60162.168,1.000
60162.188,1.002
60162.208,1.009
60162.228,1.005
60162.248,1.005
60162.268,1.005
60162.288,1.003
60162.308,1.005
60162.328,1.003
60162.348,1.005
60162.368,1.010
60162.388,1.006
60162.408,1.006
60162.428,1.006
60162.448,1.002
60162.468,1.002
60162.488,1.005
60162.508,1.008
60162.528,1.005
60162.548,1.004
60162.568,1.003
60162.588,1.003
60162.608,1.002
60162.628,1.005
60162.648,1.005
60162.668,1.003
60162.688,1.005
60162.708,1.005
60162.728,1.005
60162.748,1.004
60162.768,1.005
60162.788,1.003
60162.808,1.002
60162.828,1.004
60162.848,0.999
60162.868,1.004
60162.888,1.005
60162.908,1.007
60162.928,1.007
60162.948,1.004
60162.968,1.005
60162.988,1.002
60163.008,1.002
60163.028,1.005
60163.048,1.004
60163.068,1.005
60163.088,1.005
60163.108,1.001
60163.128,1.005
60163.148,1.008
60163.168,1.003
60163.188,1.009
60163.208,1.010
60163.228,0.997
60163.248,1.001
60163.268,1.005
60163.288,1.000
60163.308,1.002
60163.328,1.013
60163.348,1.005
60163.368,1.005
60163.388,1.006
60163.408,0.997
60163.428,1.005
60163.448,1.010
60163.468,1.006
60163.488,1.006
60163.508,1.003
60163.528,1.002
60163.548,0.998
60163.568,1.007
60163.588,1.006
60163.608,1.005
60163.628,1.010
60163.648,0.999
60163.668,1.003
60163.688,1.004
60163.708,1.000
60163.728,1.007
60163.748,1.007
60163.768,1.004
60163.788,1.003
60163.808,1.003
60163.828,1.004
60163.848,1.005
60163.868,1.011
60163.888,1.007
60163.908,1.004
60163.928,0.999
60163.948,1.001
60163.968,1.006
60163.988,1.007
60164.008,1.004
60164.028,1.006
60164.048,1.005
60164.068,1.004
60164.088,1.005
60164.108,1.004
60164.128,1.003
60164.148,1.007
60164.168,1.006
60164.188,1.003
60164.208,1.005
60164.228,1.003
60164.248,1.006
60164.268,1.005
60164.288,1.007
60164.308,1.004
60164.328,1.005
60164.348,1.002
60164.368,1.002
60164.388,1.006
60164.408,1.005
60164.428,1.006
60164.448,1.004
60164.468,1.004
60164.488,1.004
60164.508,1.004
60164.528,1.002
60164.548,1.005
60164.568,1.004
60164.588,1.006
60164.608,1.006
60164.628,1.002
60164.648,1.005
60164.668,1.006
60164.688,1.004
60164.708,1.007
60164.728,1.005
60164.748,1.004
60164.768,1.005
60164.788,1.003
60164.808,1.005
60164.828,1.004
60164.848,1.004
60164.868,1.004
60164.888,1.008
60164.908,1.002
60164.928,1.003
60164.948,1.005
60164.968,1.002
60164.988,1.006
60165.008,1.004
60165.028,1.003
60165.048,1.002
60165.068,1.005
60165.088,1.004
60165.108,1.003
60165.128,1.010
60165.148,1.003
60165.168,1.005
60165.188,1.002
60165.208,1.002
60165.228,1.002
60165.248,1.003
60165.268,1.005
60165.288,1.004
60165.308,1.006
60165.328,1.003
60165.348,1.002
60165.368,1.006
60165.388,1.004
60165.408,1.006
60165.428,1.005
60165.448,1.005
60165.468,1.007
60165.488,1.004
60165.508,1.004
60165.528,1.005
60165.548,1.004
60165.568,1.004
60165.588,1.003
60165.608,1.004
60165.628,1.003
60165.648,1.005
60165.668,1.003
60165.688,1.004
60165.708,1.006
60165.728,1.005
60165.748,1.005
60165.768,1.004
60165.788,1.005
60165.808,1.004
60165.828,1.005
60165.848,1.007
60165.868,1.004
60165.888,1.004
60165.908,1.006
60165.928,1.005
60165.948,1.005
60165.968,1.004
60165.988,1.005
60166.008,1.005
60166.028,1.004
60166.048,1.004
60166.068,1.005
60166.088,1.006
60166.108,1.003
60166.128,1.007
60166.148,0.999
60166.168,1.006
60166.188,1.003
60166.208,1.004
60166.228,1.007
60166.248,1.007
60166.268,1.003
60166.288,1.004
60166.308,1.004
60166.328,1.004
60166.348,1.005
60166.368,1.005
60166.388,1.005
60166.408,1.002
60166.428,1.005
60166.448,1.001
60166.468,1.004
60166.488,1.013
60166.508,0.999
60166.528,1.007
60166.548,0.999
60166.568,1.006
60166.588,1.003
60166.608,1.007
60166.628,1.009
60166.648,0.999
60166.668,1.012
60166.688,0.997
60166.708,1.003
60166.728,1.006
60166.748,0.999
60166.768,1.008
60166.788,1.004
60166.808,1.007
60166.828,1.004
60166.848,1.004
60166.868,1.003
60166.888,1.001
60166.908,1.007
60166.928,1.005
60166.948,1.002
60166.968,1.006
60166.988,1.004
60167.008,1.006
60167.028,1.003
60167.048,1.006
60167.068,1.003
60167.088,1.004
60167.108,1.006
60167.128,1.002
60167.148,1.005
60167.168,1.007
60167.188,0.998
60167.208,1.006
60167.228,1.008
60167.248,1.004
60167.268,1.005
60167.288,1.005
60167.308,1.001
60167.328,1.011
60167.348,1.004
60167.368,1.000
60167.388,1.007
60167.408,1.007
60167.428,1.001
60167.448,1.007
60167.468,1.008
60167.488,1.008
60167.508,1.004
60167.528,1.007
60167.548,1.001
60167.568,1.008
60167.588,1.002
60167.608,0.999
60167.628,1.013
60167.648,1.005
60167.668,0.963
64627.768,1.138
64627.788,1.036
64627.808,1.028
64627.828,0.996
64627.848,1.000
64627.868,0.988
64627.888,0.998
64627.908,1.009
64627.928,1.019
64627.948,1.004
64627.968,1.002
64627.988,1.013
64628.008,1.004
64628.028,1.008
64628.048,1.000
64628.068,1.010
64628.088,1.001
64628.108,1.002
64628.128,1.003
64628.148,1.005
64628.168,1.009
64628.188,1.004
64628.208,1.008
64628.228,1.000
64628.248,1.003
64628.268,1.002
64628.288,1.003
64628.308,1.006
64628.328,1.004
64628.348,1.004
64628.368,1.003
64628.388,1.004
64628.408,1.001
64628.428,1.004
64628.448,1.006
64628.468,1.004
64628.488,1.006
64628.508,1.005
64628.528,1.000
64628.548,1.004
64628.568,1.002
64628.588,1.007
64628.608,1.006
64628.628,1.006
64628.648,1.005
64628.668,1.003
64628.688,1.003
64628.708,1.002
64628.728,1.005
64628.748,1.009
64628.768,1.004
64628.788,1.003
64628.808,1.004
64628.828,1.002
64628.848,1.006
64628.868,1.002
64628.888,1.010
64628.908,1.006
64628.928,1.002
64628.948,1.003
64628.968,1.004
64628.988,1.000
64629.008,1.007
64629.028,1.005
64629.048,1.006
64629.068,1.006
64629.088,1.001
64629.108,1.001
64629.128,1.006
64629.148,1.005
64629.168,1.005
64629.188,1.006
64629.208,1.000
64629.228,1.000
64629.248,1.003
64629.268,1.006
64629.288,1.005
64629.308,1.006
64629.328,1.006
64629.348,1.002
64629.368,1.000
64629.388,1.005
64629.408,1.005
64629.428,1.008
64629.448,1.006
64629.468,1.004
64629.488,1.000
64629.508,1.003
64629.528,1.002
64629.548,1.004
64629.568,1.006
64629.588,1.005
64629.608,1.005
64629.628,1.003
64629.648,1.002
64629.668,1.001
64629.688,1.000
64629.708,1.003
64629.728,1.005
64629.748,1.002
64629.768,1.006
64629.788,1.004
64629.808,1.006
64629.828,1.007
64629.848,1.006
64629.868,1.003
64629.888,1.005
64629.908,1.002
64629.928,1.006
64629.948,1.006
64629.968,1.004
64629.988,1.006
64630.008,1.005
64630.028,1.005
64630.048,1.004
64630.068,1.002
64630.088,1.005
64630.108,1.004
64630.128,1.006
64630.148,1.005
64630.168,1.005
64630.188,1.004
64630.208,1.005
64630.228,1.003
64630.248,1.006
64630.268,1.005
64630.288,1.004
64630.308,1.005
64630.328,1.004
64630.348,1.006
64630.368,1.002
64630.388,1.006
64630.408,1.013
64630.428,1.001
64630.448,0.995
64630.468,0.998
64630.488,1.011
64630.508,1.007
64630.528,1.004
64630.548,1.015
64630.568,0.996
64630.588,1.010
64630.608,0.995
64630.628,0.998
64630.648,1.012
64630.668,1.005
64630.688,1.008
64630.708,1.006
64630.728,1.003
64630.748,0.998
64630.768,1.004
64630.788,1.012
64630.808,1.006
64630.828,1.008
64630.848,0.999
64630.868,1.004
64630.888,1.003
64630.908,0.998
64630.928,1.005
64630.948,1.009
64630.968,1.009
64630.988,0.998
64631.008,1.008
64631.028,1.002
64631.048,1.001
64631.068,1.009
64631.088,1.005
64631.108,1.005
64631.128,1.003
64631.148,1.000
64631.168,1.004
64631.188,1.006
64631.208,1.006
64631.228,1.008
64631.248,1.008
64631.268,1.003
64631.288,1.003
64631.308,1.004
64631.328,1.002
64631.348,1.008
64631.368,1.007
64631.388,1.004
64631.408,1.005
64631.428,1.003
64631.448,1.001
64631.468,1.003
64631.488,1.006
64631.508,1.006
64631.528,1.003
64631.548,1.002
64631.568,1.004
64631.588,1.005
64631.608,1.005
64631.628,1.005
64631.648,1.005
64631.668,1.004
64631.688,1.002
64631.708,1.005
64631.728,1.005
64631.748,1.004
64631.768,1.005
64631.788,1.005
64631.808,1.004
64631.828,1.001
64631.848,1.003
64631.868,1.005
64631.888,1.005
64631.908,1.004
64631.928,1.005
64631.948,1.005
64631.968,1.003
64631.988,1.002
64632.008,1.004
64632.028,1.008
64632.048,1.005
64632.068,1.005
64632.088,1.004
64632.108,1.003
64632.128,1.003
64632.148,1.006
64632.168,1.007
64632.188,1.005
64632.208,1.006
64632.228,1.003
64632.248,1.002
64632.268,1.003
64632.288,1.005
64632.308,1.003
64632.328,1.003
64632.348,1.007
64632.368,1.004
64632.388,1.005
64632.408,1.003
64632.428,1.005
64632.448,1.003
64632.468,1.005
64632.488,1.003
64632.508,1.002
64632.528,1.003
64632.548,1.002
64632.568,1.004
64632.588,1.002
64632.608,1.005
64632.628,1.005
64632.648,1.005
64632.668,1.005
64632.688,1.006
64632.708,1.003
64632.728,1.005
64632.748,1.005
64632.768,1.005
64632.788,1.005
64632.808,1.004
64632.828,1.004
64632.848,1.003
64632.868,1.003
64632.888,1.002
64632.908,1.007
64632.928,1.003
64632.948,1.004
64632.968,1.004
64632.988,1.005
64633.008,1.001
64633.028,1.005
64633.048,1.007
64633.068,1.005
64633.088,1.004
64633.108,1.005
64633.128,1.005
64633.148,1.002
64633.168,1.006
64633.188,1.001
64633.208,1.005
64633.228,1.006
64633.248,1.005
64633.268,1.006
64633.288,1.005
64633.308,1.005
64633.328,1.004
64633.348,1.005
64633.368,1.003
64633.388,1.004
64633.408,1.003
64633.428,1.005
64633.448,1.004
64633.468,1.005
64633.488,1.004
64633.508,1.003
64633.528,1.003
64633.548,1.007
64633.568,1.004
64633.588,1.006
64633.608,1.006
64633.628,1.004
64633.648,1.005
64633.668,1.007
64633.688,1.004
64633.708,1.002
64633.728,1.004
64633.748,1.007
64633.768,1.003
64633.788,1.004
64633.808,1.006
64633.828,1.003
64633.848,1.004
64633.868,1.004
64633.888,1.005
64633.908,1.001
64633.928,1.006
64633.948,1.006
64633.968,1.002
64633.988,1.006
64634.008,1.002
64634.028,1.005
64634.048,1.004
64634.068,1.005
64634.088,1.002
64634.108,1.006
64634.128,1.005
64634.148,1.004
64634.168,1.003
64634.188,1.005
64634.208,1.005
64634.228,1.005
64634.248,1.004
64634.268,1.005
64634.288,1.006
64634.308,1.006
64634.328,1.006
64634.348,1.005
64634.368,1.004
64634.388,1.002
64634.408,1.001
64634.428,1.003
64634.448,1.005
64634.468,1.005
64634.488,1.004
64634.508,1.003
64634.528,1.004
64634.548,1.005
64634.568,1.005
64634.588,1.005
64634.608,1.004
64634.628,1.004
64634.648,1.002
64634.668,1.003
64634.688,1.006
64634.708,1.003
64634.728,1.005
64634.748,1.004
64634.768,1.006
64634.788,1.003
64634.808,1.004
64634.828,1.003
64634.848,1.003
64634.868,1.002
64634.888,1.005
64634.908,1.005
64634.928,1.005
64634.948,1.004
64634.968,1.005
64634.988,1.003
64635.008,1.003
64635.028,1.004
64635.048,1.004
64635.068,1.005
64635.088,1.002
64635.108,1.002
64635.128,1.003
64635.148,1.005
64635.168,1.005
64635.188,1.005
64635.208,1.006
64635.228,1.002
64635.248,1.005
64635.268,1.004
64635.288,1.004
64635.308,1.005
64635.328,1.003
64635.348,1.002
64635.368,1.002
64635.388,1.004
64635.408,1.005
64635.428,1.005
64635.448,1.003
64635.468,1.002
64635.488,1.005
64635.508,1.003
64635.528,1.004
64635.548,1.006
64635.568,1.002
64635.588,1.005
64635.608,1.005
64635.628,1.003
64635.648,1.004
64635.668,1.006
64635.688,1.004
64635.708,1.004
64635.728,1.003
64635.748,1.003
64635.768,1.004
64635.788,1.003
64635.808,1.004
64635.828,1.003
64635.848,1.005
64635.868,1.003
64635.888,1.005
64635.908,1.006
64635.928,1.004
64635.948,1.004
64635.968,1.004
64635.988,1.006
64636.008,1.003
64636.028,1.002
64636.048,1.006
64636.068,1.005
64636.088,1.005
64636.108,1.005
64636.128,1.003
64636.148,1.005
64636.168,1.006
64636.188,1.004
64636.208,1.004
64636.228,1.003
64636.248,1.002
64636.268,1.005
64636.288,1.004
64636.308,1.005
64636.328,1.005
64636.348,1.005
64636.368,1.004
64636.388,1.005
64636.408,1.006
64636.428,1.005
64636.448,1.005
64636.468,1.003
64636.488,1.006
64636.508,1.003
64636.528,1.004
64636.548,1.005
64636.568,1.005
64636.588,1.005
64636.608,1.005
64636.628,1.004
64636.648,1.007
64636.668,1.002
64636.688,1.003
64636.708,1.003
64636.728,1.003
64636.748,1.005
64636.768,1.007
64636.788,1.004
64636.808,1.004
64636.828,1.005
64636.848,1.003
64636.868,1.003
64636.888,1.006
64636.908,1.006
64636.928,1.003
64636.948,1.003
64636.968,1.004
64636.988,1.005
64637.008,1.007
64637.028,1.004
64637.048,1.004
64637.068,1.005
64637.088,1.004
64637.108,1.004
64637.128,1.006
64637.148,1.002
64637.168,1.005
64637.188,1.005
64637.208,1.004
64637.228,1.006
64637.248,1.005
64637.268,1.004
64637.288,1.003
64637.308,1.003
64637.328,1.007
64637.348,1.007
64637.368,1.004
64637.388,1.001
64637.408,1.002
64637.428,1.003
64637.448,1.005
64637.468,1.004
64637.488,1.007
64637.508,1.007
64637.528,1.006
64637.548,1.004
64637.568,1.003
64637.588,1.005
64637.608,1.004
64637.628,1.001
64637.648,1.005
64637.668,1.005
64637.688,1.004
64637.708,1.005
64637.728,1.002
64637.748,1.008
64637.768,1.005
64637.788,1.003
64637.808,1.006
64637.828,1.003
64637.848,1.005
64637.868,1.002
64637.888,1.004
64637.908,1.006
64637.928,1.004
64637.948,1.006
64637.968,1.001
64637.988,1.005
64638.008,1.003
64638.028,1.005
64638.048,1.003
64638.068,1.000
64638.088,0.999
64638.108,1.004
64638.128,1.007
64638.148,1.004
64638.168,1.010
64638.188,1.005
64638.208,1.004
64638.228,1.001
64638.248,1.008
64638.268,1.006
64638.288,1.005
64638.308,1.006
64638.328,1.001
64638.348,1.004
64638.368,1.003
64638.388,1.005
64638.408,1.006
64638.428,1.004
64638.448,1.007
64638.468,1.002
64638.488,1.005
64638.508,1.002
64638.528,1.005
64638.548,1.006
64638.568,1.006
64638.588,1.003
64638.608,1.005
64638.628,1.002
64638.648,1.003
64638.668,1.005
64638.688,1.010
64638.708,1.008
64638.728,1.006
64638.748,1.006
64638.768,1.003
64638.788,1.000
64638.808,1.006
64638.828,1.008
64638.848,1.007
64638.868,1.006
64638.888,1.003
64638.908,1.004
64638.928,1.003
64638.948,1.000
64638.968,1.006
64638.988,1.005
64639.008,1.008
64639.028,1.003
64639.048,1.001
64639.068,1.003
64639.088,1.006
64639.108,1.005
64639.128,1.008
64639.148,1.009
64639.168,1.006
64639.188,1.003
64639.208,0.999
64639.228,0.999
64639.248,1.005
64639.268,1.005
64639.288,1.006
64639.308,1.005
64639.328,1.003
64639.348,1.003
64639.368,1.002
64639.388,1.004
64639.408,1.005
64639.428,1.005
64639.448,1.004
64639.468,1.003
64639.488,1.002
64639.508,1.005
64639.528,1.003
64639.548,1.005
64639.568,1.004
64639.588,1.007
64639.608,1.001
64639.628,1.005
64639.648,1.003
64639.668,1.004
64639.688,1.002
64639.708,1.005
64639.728,1.005
64639.748,1.001
64639.768,1.007
64639.788,1.000
64639.808,1.007
64639.828,1.003
64639.848,1.004
64639.868,1.004
64639.888,1.002
64639.908,1.004
64639.928,1.003
64639.948,1.006
64639.968,1.006
64639.988,1.002
64640.008,1.008
64640.028,1.003
64640.048,1.005
64640.068,1.006
64640.088,1.004
64640.108,1.006
64640.128,1.004
64640.148,1.005
64640.168,1.005
64640.188,1.003
64640.208,1.004
64640.228,1.006
64640.248,1.005
64640.268,1.005
64640.288,1.004
64640.308,1.003
64640.328,1.006
64640.348,1.004
64640.368,1.005
64640.388,1.006
64640.408,1.006
64640.428,1.002
64640.448,1.003
64640.468,1.005
64640.488,1.008
64640.508,1.002
64640.528,1.005
64640.548,1.006
64640.568,1.003
64640.588,1.003
64640.608,1.002
64640.628,1.012
64640.648,1.017
64640.668,0.991
64640.688,1.002
64640.708,1.005
64640.728,1.010
64640.748,1.000
64640.768,1.014
64640.788,1.001
64640.808,1.007
64640.828,0.998
64640.848,0.987
64640.868,1.022
64640.888,1.009
64640.908,1.008
64640.928,1.005
64640.948,1.004
64640.968,0.998
64640.988,0.996
64641.008,1.012
64641.028,1.004
64641.048,1.010
64641.068,1.001
64641.088,1.000
64641.108,1.008
64641.128,0.997
64641.148,1.005
64641.168,1.010
64641.188,1.010
64641.208,0.998
64641.228,0.998
64641.248,1.007
64641.268,1.001
64641.288,1.005
64641.308,1.004
64641.328,1.006
64641.348,1.007
64641.368,0.998
64641.388,1.000
64641.408,1.005
64641.428,1.006
64641.448,1.003
64641.468,1.006
64641.488,0.999
64641.508,1.001
64641.528,1.001
64641.548,1.005
64641.568,1.006
64641.588,1.007
64641.608,1.003
64641.628,1.003
64641.648,1.003
64641.668,1.003
64641.688,1.004
64641.708,1.006
64641.728,1.005
64641.748,1.005
64641.768,1.004
64641.788,1.003
64641.808,1.007
64641.828,1.003
64641.848,1.003
64641.868,1.006
64641.888,1.006
64641.908,1.004
64641.928,1.004
64641.948,1.005
64641.968,1.005
64641.988,1.004
64642.008,1.007
64642.028,1.005
64642.048,1.003
64642.068,1.004
64642.088,1.003
64642.108,1.004
64642.128,1.005
64642.148,1.005
64642.168,1.007
64642.188,1.006
64642.208,1.004
64642.228,1.003
64642.248,1.007
64642.268,1.006
64642.288,1.004
64642.308,1.003
64642.328,1.003
64642.348,1.004
64642.368,1.005
64642.388,1.005
64642.408,1.005
64642.428,1.003
64642.448,1.004
64642.468,1.003
64642.488,1.003
64642.508,1.005
64642.528,1.006
64642.548,1.004
64642.568,1.003
64642.588,1.002
64642.608,1.003
64642.628,1.006
64642.648,1.004
64642.668,1.003
64642.688,1.004
64642.708,1.007
64642.728,1.005
64642.748,1.001
64642.768,1.004
64642.788,1.003
64642.808,1.005
64642.828,1.004
64642.848,1.004
64642.868,1.003
64642.888,1.006
64642.908,1.006
64642.928,1.003
64642.948,1.004
64642.968,1.002
64642.988,1.004
64643.008,1.003
64643.028,1.005
64643.048,1.005
64643.068,1.007
64643.088,1.003
64643.108,1.005
64643.128,1.006
64643.148,1.004
64643.168,1.004
64643.188,1.003
64643.208,1.006
64643.228,1.006
64643.248,1.005
64643.268,1.004
64643.288,1.002
64643.308,1.004
64643.328,1.004
64643.348,1.006
64643.368,1.006
64643.388,1.004
64643.408,1.003
64643.428,1.006
64643.448,1.006
64643.468,1.005
64643.488,1.003
64643.508,1.005
64643.528,1.006
64643.548,1.005
64643.568,1.003
64643.588,1.004
64643.608,1.005
64643.628,1.004
64643.648,1.006
64643.668,1.005
64643.688,1.004
64643.708,1.003
64643.728,1.000
64643.748,1.005
64643.768,1.003
64643.788,1.006
64643.808,1.006
64643.828,1.005
64643.848,1.004
64643.868,1.005
64643.888,1.007
64643.908,1.006
64643.928,1.003
64643.948,1.003
64643.968,1.005
64643.988,1.005
64644.008,1.003
64644.028,1.004
64644.048,1.003
64644.068,1.004
64644.088,1.004
64644.108,1.003
64644.128,1.005
64644.148,1.006
64644.168,1.002
64644.188,1.004
64644.208,1.004
64644.228,1.006
64644.248,1.004
64644.268,1.002
64644.288,1.001
64644.308,1.004
64644.328,1.004
64644.348,1.005
64644.368,1.003
64644.388,1.006
64644.408,1.005
64644.428,1.004
64644.448,1.005
64644.468,1.003
64644.488,1.006
64644.508,1.005
64644.528,1.005
64644.548,1.003
64644.568,1.003
64644.588,1.005
64644.608,1.003
64644.628,1.005
64644.648,1.005
64644.668,1.005
64644.688,1.005
64644.708,1.006
64644.728,1.001
64644.748,1.004
64644.768,1.007
64644.788,1.005
64644.808,1.001
64644.828,1.005
64644.848,1.007
64644.868,1.002
64644.888,1.004
64644.908,1.002
64644.928,1.002
64644.948,1.005
64644.968,1.003
64644.988,1.003
64645.008,1.004
64645.028,1.003
64645.048,1.002
64645.068,1.003
64645.088,1.004
64645.108,1.002
64645.128,1.007
64645.148,1.003
64645.168,1.005
64645.188,1.003
64645.208,1.005
64645.228,1.006
64645.248,1.003
64645.268,1.003
64645.288,1.005
64645.308,1.004
64645.328,1.006
64645.348,1.005
64645.368,1.006
64645.388,1.006
64645.408,1.004
64645.428,1.004
64645.448,1.003
64645.468,1.004
64645.488,1.003
64645.508,1.003
64645.528,1.003
64645.548,1.002
64645.568,1.003
64645.588,1.004
64645.608,1.004
64645.628,1.003
64645.648,1.004
64645.668,1.005
64645.688,1.003
64645.708,1.003
64645.728,1.006
64645.748,1.004
64645.768,1.005
64645.788,1.002
64645.808,1.007
64645.828,1.004
64645.848,1.005
64645.868,1.004
64645.888,1.002
64645.908,1.005
64645.928,1.005
64645.948,1.007
64645.968,1.005
64645.988,1.004
64646.008,1.004
64646.028,1.006
64646.048,1.005
64646.068,1.005
64646.088,1.003
64646.108,1.002
64646.128,1.004
64646.148,1.004
64646.168,1.004
64646.188,1.007
64646.208,1.004
64646.228,1.005
64646.248,1.005
64646.268,1.004
64646.288,1.003
64646.308,1.005
64646.328,1.003
64646.348,1.005
64646.368,1.003
64646.388,1.005
64646.408,1.004
64646.428,1.006
64646.448,1.002
64646.468,1.001
64646.488,1.004
64646.508,1.004
64646.528,1.004
64646.548,1.005
64646.568,1.004
64646.588,1.005
64646.608,1.003
64646.628,1.006
64646.648,1.006
64646.668,1.003
64646.688,1.005
64646.708,1.005
64646.728,1.005
64646.748,1.003
64646.768,1.005
64646.788,1.002
64646.808,1.007
64646.828,1.004
64646.848,1.006
64646.868,1.004
64646.888,1.005
64646.908,1.003
64646.928,1.003
64646.948,1.004
64646.968,1.005
64646.988,1.006
64647.008,1.002
64647.028,1.005
64647.048,1.004
64647.068,1.006
64647.088,1.004
64647.108,1.003
64647.128,1.005
64647.148,1.003
64647.168,1.004
64647.188,1.003
64647.208,1.005
64647.228,1.006
64647.248,1.003
64647.268,1.003
64647.288,1.004
64647.308,1.005
64647.328,1.002
64647.348,1.005
64647.368,1.005
64647.388,1.005
64647.408,1.005
64647.428,1.005
64647.448,1.004
64647.468,1.004
64647.488,1.004
64647.508,1.004
64647.528,1.005
64647.548,1.007
64647.568,1.004
64647.588,1.004
64647.608,1.003
64647.628,1.005
64647.648,1.004
64647.668,1.004
64647.688,1.004
64647.708,1.003
64647.728,1.005
64647.748,1.006
64777.703,1.124
64777.723,1.131
64777.743,1.065
64777.763,1.039
64777.783,1.018
64777.803,1.012
64777.823,1.018
64777.843,0.994
64777.863,1.017
64777.883,0.992
64777.903,0.997
64777.923,1.008
64777.943,0.993
64777.963,1.009
64777.983,1.005
64778.003,1.006
64778.023,1.005
64778.043,1.024
64778.063,1.007
64778.083,1.000
64778.103,1.005
64778.123,1.005
64778.143,1.000
64778.163,1.007
64778.183,1.000
64778.203,1.000
64778.223,1.010
64778.243,1.008
64778.263,1.009
64778.283,1.016
64778.303,1.005
64778.323,0.997
64778.343,0.992
64778.363,1.003
64778.383,1.009
64778.403,0.997
64778.423,1.006
64778.443,1.007
64778.463,1.005
64778.483,1.001
64778.503,1.002
64778.523,1.008
64778.543,1.003
64778.563,1.002
64778.583,1.005
64778.603,1.008
64778.623,1.003
64778.643,1.004
64778.663,1.006
64778.683,1.007
64778.703,1.004
64778.723,1.004
64778.743,1.004
64778.763,1.004
64778.783,1.000
64778.803,1.002
64778.823,1.005
64778.843,1.007
64778.863,1.003
64778.883,1.006
64778.903,1.007
64778.923,1.001
64778.943,1.004
64778.963,1.003
64778.983,1.005
64779.003,1.003
64779.023,1.005
64779.043,1.006
64779.063,1.002
64779.083,1.004
64779.103,1.000
64779.123,1.005
64779.143,1.007
64779.163,1.004
64779.183,1.004
64779.203,1.003
64779.223,1.005
64779.243,1.004
64779.263,1.003
64779.283,1.005
64779.303,1.003
64779.323,1.003
64779.343,1.000
64779.363,1.004
64779.383,1.004
64779.403,1.004
64779.423,1.005
64779.443,1.006
64779.463,1.003
64779.483,1.002
64779.503,1.004
64779.523,1.005
64779.543,1.005
64779.563,1.003
64779.583,1.005
64779.603,1.003
64779.623,1.003
64779.643,1.006
64779.663,1.004
64779.683,1.008
64779.703,1.005
64779.723,1.003
64779.743,1.005
64779.763,1.006
64779.783,1.005
64779.803,1.008
64779.823,1.004
64779.843,1.005
64779.863,1.002
64779.883,1.005
64779.903,1.006
64779.923,1.006
64779.943,1.005
64779.963,1.004
64779.983,1.004
64780.003,1.003
64780.023,1.002
64780.043,1.007
64780.063,1.008
64780.083,1.006
64780.103,1.004
64780.123,1.003
64780.143,1.002
64780.163,1.005
64780.183,1.004
64780.203,1.006
64780.223,1.005
64780.243,1.002
64780.263,1.005
64780.283,1.005
64780.303,1.004
64780.323,1.006
64780.343,1.006
64780.363,1.006
64780.383,1.005
64780.403,1.003
64780.423,1.002
64780.443,1.007
64780.463,1.005
64780.483,1.004
64780.503,1.004
64780.523,1.005
64780.543,1.004
64780.563,1.001
64780.583,1.004
64780.603,1.005
64780.623,1.003
64780.643,1.003
64780.663,1.006
64780.683,1.004
64780.703,1.003
64780.723,1.003
64780.743,1.005
64780.763,1.005
64780.783,1.002
64780.803,1.003
64780.823,1.004
64780.843,1.004
64780.863,1.004
64780.883,1.007
64780.903,1.006
64780.923,1.005
64780.943,1.007
64780.963,1.003
64780.983,1.005
64781.003,1.004
64781.023,1.004
64781.043,1.003
64781.063,1.005
64781.083,1.005
64781.103,1.003
64781.123,1.003
64781.143,1.007
64781.163,1.004
64781.183,1.006
64781.203,1.004
64781.223,1.005
64781.243,1.003
64781.263,1.004
64781.283,1.003
64781.303,1.001
64781.323,1.005
64781.343,1.004
64781.363,1.004
64781.383,1.003
64781.403,1.005
64781.423,1.004
64781.443,1.006
64781.463,1.006
64781.483,1.006
64781.503,1.005
64781.523,1.003
64781.543,1.005
64781.563,1.005
64781.583,1.004
64781.603,1.004
64781.623,1.005
64781.643,1.006
64781.663,1.003
64781.683,1.000
64781.703,1.007
64781.723,1.004
64781.743,1.008
64781.763,1.005
64781.783,1.003
64781.803,1.004
64781.823,1.004
64781.843,1.006
64781.863,1.005
64781.883,1.006
64781.903,1.005
64781.923,1.004
64781.943,1.004
64781.963,1.004
64781.983,1.005
64782.003,1.006
64782.023,1.004
64782.043,1.006
64782.063,1.004
64782.083,1.005
64782.103,1.003
64782.123,1.004
64782.143,1.004
64782.163,1.004
64782.183,1.005
64782.203,1.004
64782.223,1.004
64782.243,1.006
64782.263,1.004
64782.283,1.004
64782.303,1.004
64782.323,1.001
64782.343,1.001
64782.363,1.006
64782.383,1.004
64782.403,1.003
64782.423,1.006
64782.443,1.003
64782.463,1.005
64782.483,1.003
64782.503,1.005
64782.523,1.007
64782.543,1.006
64782.563,1.002
64782.583,1.006
64782.603,1.005
64782.623,1.006
64782.643,1.005
64782.663,1.004
64782.683,1.005
64782.703,1.003
64782.723,1.004
64782.743,1.006
64782.763,1.005
64782.783,1.006
64782.803,1.001
64782.823,1.005
64782.843,1.004
64782.863,1.006
64782.883,1.003
64782.903,1.006
64782.923,1.006
64782.943,1.006
64782.963,1.004
64782.983,1.002
64783.003,1.006
64783.023,1.006
64783.043,1.006
64783.063,1.007
64783.083,1.005
64783.103,1.004
64783.123,1.004
64783.143,1.002
64783.163,1.003
64783.183,1.007
64783.203,1.004
64783.223,1.003
64783.243,1.005
64783.263,1.008
64783.283,1.005
64783.303,1.006
64783.323,1.005
64783.343,1.006
64783.363,1.006
64783.383,1.003
64783.403,1.004
64783.423,1.003
64783.443,1.006
64783.463,1.007
64783.483,1.006
64783.503,1.004
64783.523,1.003
64783.543,1.001
64783.563,1.005
64783.583,1.007
64783.603,1.006
64783.623,1.004
64783.643,1.004
64783.663,1.003
64783.683,1.003
64783.703,1.006
64783.723,1.004
64783.743,1.007
64783.763,1.001
64783.783,1.005
64783.803,1.005
64783.823,1.004
64783.843,1.005
64783.863,1.005
64783.883,1.005
64783.903,1.003
64783.923,1.002
64783.943,1.004
64783.963,1.004
64783.983,1.002
64784.003,1.007
64784.023,1.006
64784.043,1.005
64784.063,1.003
64784.083,1.003
64784.103,1.005
64784.123,1.004
64784.143,1.005
64784.163,1.005
64784.183,1.006
64784.203,1.003
64784.223,1.007
64784.243,1.004
64784.263,1.006
64784.283,1.007
64784.303,1.003
64784.323,1.006
64784.343,1.005
64784.363,1.003
64784.383,1.005
64784.403,1.007
64784.423,1.006
64784.443,1.006
64784.463,1.005
64784.483,1.003
64784.503,1.004
64784.523,1.006
64784.543,1.005
64784.563,1.005
64784.583,1.004
64784.603,1.006
64784.623,1.003
64784.643,1.003
64784.663,1.005
64784.683,1.004
64784.703,1.006
64784.723,1.003
64784.743,1.004
64784.763,1.003
64784.783,1.005
64784.803,1.005
64784.823,1.003
64784.843,1.006
64784.863,1.005
64784.883,1.004
64784.903,1.003
64784.923,1.004
64784.943,1.004
64784.963,1.005
64784.983,1.005
64785.003,1.004
64785.023,1.005
64785.043,1.001
64785.063,1.005
64785.083,1.008
64785.103,1.007
64785.123,1.005
64785.143,1.005
64785.163,1.005
64785.183,1.003
64785.203,1.005
64785.223,1.006
64785.243,1.005
64785.263,1.006
64785.283,1.003
64785.303,1.003
64785.323,1.004
64785.343,1.004
64785.363,1.004
64785.383,1.005
64785.403,1.007
64785.423,1.003
64785.443,1.004
64785.463,1.003
64785.483,1.004
64785.503,1.005
64785.523,1.005
64785.543,1.004
64785.563,1.004
64785.583,1.002
64785.603,1.005
64785.623,1.004
64785.643,1.005
64785.663,1.005
64785.683,1.004
64785.703,1.002
64785.723,1.003
64785.743,1.001
64785.763,1.000
64785.783,1.007
64785.803,1.010
64785.823,1.004
64785.843,1.006
64785.863,1.003
64785.883,1.004
64785.903,1.008
64785.923,1.007
64785.943,0.995
64785.963,1.003
64785.983,1.003
64786.003,1.005
64786.023,1.006
64786.043,1.007
64786.063,1.007
64786.083,1.003
64786.103,1.002
64786.123,0.999
64786.143,1.005
64786.163,1.002
64786.183,1.012
64786.203,1.009
64786.223,1.004
64786.243,1.000
64786.263,1.002
64786.283,1.003
64786.303,1.007
64786.323,1.006
64786.343,1.008
64786.363,1.004
64786.383,1.001
64786.403,1.004
64786.423,1.004
64786.443,1.004
64786.463,1.007
64786.483,1.006
64786.503,1.004
64786.523,0.999
64786.543,1.003
64786.563,1.002
64786.583,1.003
64786.603,1.005
64786.623,1.008
64786.643,1.006
64786.663,1.007
64786.683,1.010
64786.703,1.004
64786.723,1.006
64786.743,1.002
64786.763,1.005
64786.783,1.007
64786.803,1.008
64786.823,1.004
64786.843,1.003
64786.863,1.006
64786.883,1.005
64786.903,1.009
64786.923,1.008
64786.943,1.006
64786.963,1.005
64786.983,1.002
64787.003,1.002
64787.023,1.001
64787.043,1.006
64787.063,1.003
64787.083,1.005
64787.103,1.007
64787.123,1.002
64787.143,1.006
64787.163,1.004
64787.183,1.006
64787.203,1.006
64787.223,1.007
64787.243,1.004
64787.263,1.007
64787.283,1.009
64787.303,1.001
64787.323,1.005
64787.343,1.005
64787.363,1.004
64787.383,1.004
64787.403,1.003
64787.423,1.007
64787.443,1.005
64787.463,1.005
64787.483,1.002
64787.503,1.006
64787.523,1.003
64787.543,1.007
64787.563,1.004
64787.583,1.008
64787.603,1.010
64787.623,0.998
64787.643,1.006
64787.663,0.998
64787.683,1.005
64787.703,1.003
64787.723,1.003
64787.743,1.006
64787.763,1.001
64787.783,1.006
64787.803,1.002
64787.823,1.003
64787.843,1.006
64787.863,1.004
64787.883,1.005
64787.903,1.002
64787.923,1.006
64787.943,1.004
64787.963,1.008
64787.983,1.007
64788.003,1.005
64788.023,1.003
64788.043,1.001
64788.063,1.005
64788.083,1.009
64788.103,1.008
64788.123,1.003
64788.143,1.007
64788.163,1.002
64788.183,1.001
64788.203,1.008
64788.223,1.003
64788.243,1.009
64788.263,1.005
64788.283,1.007
64788.303,1.004
64788.323,1.003
64788.343,1.006
64788.363,1.001
64788.383,1.009
64788.403,1.008
64788.423,1.004
64788.443,1.002
64788.463,1.003
64788.483,1.005
64788.503,1.005
64788.523,1.007
64788.543,1.006
64788.563,1.001
64788.583,1.004
64788.603,1.001
64788.623,1.004
64788.643,1.007
64788.663,1.008
64788.683,1.006
64788.703,1.003
64788.723,1.003
64788.743,1.002
64788.763,1.003
64788.783,1.005
64788.803,1.006
64788.823,1.002
64788.843,1.001
64788.863,1.004
64788.883,1.004
64788.903,1.005
64788.923,1.005
64788.943,1.006
64788.963,1.008
64788.983,1.004
64789.003,1.006
64789.023,1.004
64789.043,1.005
64789.063,1.009
64789.083,1.000
64789.103,1.005
64789.123,1.002
64789.143,1.006
64789.163,1.006
64789.183,1.004
64789.203,1.004
64789.223,1.008
64789.243,0.998
64789.263,1.006
64789.283,1.006
64789.303,1.006
64789.323,1.003
64789.343,1.006
64789.363,1.009
64789.383,1.001
64789.403,1.006
64789.423,1.003
64789.443,1.002
64789.463,1.004
64789.483,1.007
64789.503,1.006
64789.523,1.003
64789.543,1.006
64789.563,1.004
64789.583,1.007
64789.603,1.007
64789.623,1.003
64789.643,1.006
64789.663,1.002
64789.683,1.007
64789.703,0.999
64789.723,1.007
64789.743,1.006
64789.763,1.005
64789.783,1.004
64789.803,1.002
64789.823,1.002
64789.843,1.006
64789.863,1.009
64789.883,1.008
64789.903,1.003
64789.923,1.007
64789.943,1.003
64789.963,1.003
64789.983,1.003
64790.003,1.006
64790.023,1.007
64790.043,1.003
64790.063,1.002
64790.083,1.000
64790.103,1.004
64790.123,1.004
64790.143,1.005
64790.163,1.009
64790.183,1.006
64790.203,1.002
64790.223,1.003
64790.243,1.005
64790.263,1.002
64790.283,1.006
64790.303,1.008
64790.323,1.004
64790.343,1.004
64790.363,1.005
64790.383,1.004
64790.403,1.009
64790.423,1.006
64790.443,1.004
64790.463,1.005
64790.483,1.011
64790.503,1.004
64790.523,1.007
64790.543,1.007
64790.563,1.003
64790.583,1.004
64790.603,1.004
64790.623,1.006
64790.643,1.003
64790.663,1.002
64790.683,1.007
64790.703,1.005
64790.723,1.010
64790.743,1.002
64790.763,0.999
64790.783,1.006
64790.803,1.002
64790.823,1.007
64790.843,1.003
64790.863,1.005
64790.883,1.004
64790.903,1.004
64790.923,1.002
64790.943,1.005
64790.963,1.006
64790.983,1.003
64791.003,1.006
64791.023,1.001
64791.043,1.004
64791.063,1.006
64791.083,1.000
64791.103,1.004
64791.123,1.005
64791.143,1.020
64791.163,1.004
64791.183,1.013
64791.203,1.000
64791.223,1.002
64791.243,1.007
64791.263,0.998
64791.283,1.010
64791.303,1.002
64791.323,1.007
64791.343,1.006
64791.363,1.011
64791.383,1.006
64791.403,1.005
64791.423,1.008
64791.443,1.007
64791.463,1.005
64791.483,1.003
64791.503,1.007
64791.523,1.003
64791.543,1.006
64791.563,1.006
64791.583,1.004
64791.603,1.008
64791.623,1.005
64791.643,1.003
64791.663,1.003
64791.683,1.005
64791.703,1.003
64791.723,1.005
64791.743,1.009
64791.763,1.004
64791.783,1.001
64791.803,1.003
64791.823,1.003
64791.843,1.002
64791.863,1.007
64791.883,1.005
64791.903,1.006
64791.923,1.013
64791.943,1.002
64791.963,1.001
64791.983,1.004
64792.003,1.002
64792.023,1.008
64792.043,1.008
64792.063,1.003
64792.083,1.010
64792.103,0.999
64792.123,1.006
64792.143,1.008
64792.163,1.005
64792.183,1.015
64792.203,1.008
64792.223,1.007
64792.243,1.004
64792.263,1.008
64792.283,1.006
64792.303,0.994
64792.323,0.998
64792.343,0.996
64792.363,0.993
64792.383,1.004
64792.403,1.001
64792.423,1.004
64792.443,1.005
64792.463,1.005
64792.483,1.003
64792.503,1.001
64792.523,1.009
64792.543,1.004
64792.563,1.009
64792.583,0.992
64792.603,0.996
64792.623,0.999
64792.643,1.002
64792.663,1.009
64792.683,1.003
64792.703,1.011
64792.723,1.000
64792.743,1.008
64792.763,1.004
64792.783,1.002
64792.803,1.006
64792.823,1.000
64792.843,1.001
64792.863,0.999
64792.883,1.004
64792.903,1.009
64792.923,1.010
64792.943,1.013
64792.963,1.007
64792.983,1.005
64793.003,0.996
64793.023,0.997
64793.043,1.008
64793.063,1.001
64793.083,1.006
64793.103,1.006
64793.123,1.007
64793.143,1.005
64793.163,1.001
64793.183,1.009
64793.203,1.003
64793.223,0.996
64793.243,1.005
64793.263,1.003
64793.283,1.010
64793.303,1.002
64793.323,1.004
64793.343,1.008
64793.363,1.005
64793.383,1.000
64793.403,1.002
64793.423,1.003
64793.443,1.002
64793.463,1.005
64793.483,1.005
64793.503,1.010
64793.523,1.004
64793.543,1.004
64793.563,1.004
64793.583,1.005
64793.603,1.003
64793.623,1.004
64793.643,1.007
64793.663,1.004
64793.683,1.005
64793.703,1.003
64793.723,1.005
64793.743,1.006
64793.763,1.007
64793.783,1.002
64793.803,1.007
64793.823,1.004
64793.843,1.003
64793.863,1.005
64793.883,1.008
64793.903,1.007
64793.923,1.006
64793.943,1.003
64793.963,1.005
64793.983,1.004
64794.003,1.003
64794.023,1.005
64794.043,1.008
64794.063,1.007
64794.083,1.006
64794.103,1.006
64794.123,1.002
64794.143,1.002
64794.163,1.006
64794.183,1.007
64794.203,1.006
64794.223,1.006
64794.243,1.004
64794.263,1.005
64794.283,1.004
64794.303,1.004
64794.323,1.010
64794.343,1.005
64794.363,1.005
64794.383,1.002
64794.403,1.003
64794.423,1.004
64794.443,1.003
64794.463,1.005
64794.483,1.005
64794.503,1.006
64794.523,1.003
64794.543,1.004
64794.563,1.005
64794.583,1.009
64794.603,1.008
64794.623,1.002
64794.643,1.003
64794.663,1.002
64794.683,1.002
64794.703,1.006
64794.723,1.002
64794.743,1.005
64794.763,1.006
64794.783,1.004
64794.803,1.007
64794.823,1.003
64794.843,1.004
64794.863,1.000
64794.883,1.005
64794.903,1.007
64794.923,1.002
64794.943,1.009
64794.963,1.004
64794.983,1.002
64795.003,1.003
64795.023,1.007
64795.043,1.004
64795.063,1.005
64795.083,1.007
64795.103,1.004
64795.123,1.003
64795.143,1.003
64795.163,1.004
64795.183,1.005
64795.203,1.007
64795.223,1.002
64795.243,1.000
64795.263,1.004
64795.283,1.002
64795.303,1.005
64795.323,1.005
64795.343,1.006
64795.363,1.004
64795.383,1.005
64795.403,1.008
64795.423,1.003
64795.443,1.007
64795.463,1.004
64795.483,1.001
64795.503,1.004
64795.523,1.001
64795.543,1.006
64795.563,1.008
64795.583,1.008
64795.603,1.004
64795.623,1.006
64795.643,1.001
64795.663,1.003
64795.683,1.006
64795.703,1.004
64795.723,1.008
64795.743,1.002
64795.763,1.002
64795.783,1.005
64795.803,1.003
64795.823,1.005
64795.843,1.007
64795.863,1.006
64795.883,1.000
64795.903,1.002
64795.923,1.005
64795.943,1.004
64795.963,1.010
64795.983,1.005
64796.003,1.007
64796.023,1.005
64796.043,1.004
64796.063,0.999
64796.083,1.006
64796.103,1.008
64796.123,1.003
64796.143,1.003
64796.163,1.006
64796.183,1.004
64796.203,1.006
64796.223,1.005
64796.243,1.009
64796.263,1.006
64796.283,1.004
64796.303,1.002
64796.323,1.000
64796.343,1.006
64796.363,1.002
64796.383,1.007
64796.403,1.005
64796.423,1.006
64796.443,1.003
64796.463,1.004
64796.483,1.003
64796.503,1.005
64796.523,1.008
64796.543,1.004
64796.563,1.004
64796.583,1.004
64796.603,1.002
64796.623,1.006
64796.643,1.008
64796.663,1.009
64796.683,1.002
64796.703,1.004
64796.723,1.002
64796.743,1.004
64796.763,1.006
64796.783,1.007
64796.803,1.009
64796.823,1.005
64796.843,1.004
64796.863,1.002
64796.883,1.002
64796.903,1.005
64796.923,1.006
64796.943,1.005
64796.963,1.003
64796.983,1.005
64797.003,1.003
64797.023,1.006
64797.043,1.006
64797.063,1.006
64797.083,1.004
64797.103,1.006
64797.123,1.005
64797.143,1.004
64797.163,1.005
64797.183,1.007
64797.203,1.005
64797.223,1.002
64797.243,1.004
64797.263,1.002
64797.283,1.004
64797.303,1.004
64797.323,1.007
64797.343,1.005
64797.363,1.004
64797.383,1.004
64797.403,1.004
64797.423,1.004
64797.443,1.004
64797.463,1.005
64797.483,1.004
64797.503,1.006
64797.523,1.005
64797.543,1.005
64797.563,1.004
64797.583,1.007
64797.603,1.008
64797.623,1.005
64797.643,1.006
64797.663,1.004
64797.683,1.001
64797.703,1.005
64978.943,0.851
64978.963,0.948
64978.983,0.950
64979.003,1.013
64979.023,1.030
64979.043,0.986
64979.063,1.066
64979.083,0.981
64979.103,1.040
64979.123,1.017
64979.143,1.001
64979.163,1.016
64979.183,0.978
64979.203,1.009
64979.223,0.993
64979.243,1.000
64979.263,1.013
64979.283,1.003
64979.303,1.006
64979.323,1.003
64979.343,1.007
64979.363,0.990
64979.383,0.991
64979.403,1.002
64979.423,1.032
64979.443,1.005
64979.463,0.988
64979.483,1.010
64979.503,0.974
64979.523,1.039
64979.543,1.003
64979.563,1.016
64979.583,1.012
64979.603,0.989
64979.623,0.997
64979.643,0.987
64979.663,1.018
64979.683,1.012
64979.703,1.014
64979.723,1.023
64979.743,0.996
64979.763,0.999
64979.783,0.984
64979.803,1.009
64979.823,1.014
64979.843,1.015
64979.863,1.027
64979.883,1.002
64979.903,1.000
64979.923,0.995
64979.943,1.003
64979.963,1.015
64979.983,0.996
64980.003,1.020
64980.023,0.996
64980.043,0.996
64980.063,1.008
64980.083,0.991
64980.103,1.019
64980.123,1.010
64980.143,0.998
64980.163,1.003
64980.183,1.002
64980.203,1.008
64980.223,0.992
64980.243,1.014
64980.263,1.012
64980.283,1.009
64980.303,1.016
64980.323,0.990
64980.343,1.018
64980.363,1.012
64980.383,1.003
64980.403,1.006
64980.423,1.011
64980.443,0.995
64980.463,1.000
64980.483,1.002
64980.503,1.003
64980.523,1.013
64980.543,1.007
64980.563,1.008
64980.583,1.000
64980.603,1.013
64980.623,0.995
64980.643,1.010
64980.663,1.007
64980.683,0.998
64980.703,1.004
64980.723,1.014
64980.743,1.002
64980.763,1.003
64980.783,1.028
64980.803,1.000
64980.823,1.010
64980.843,1.003
64980.863,0.997
64980.883,1.007
64980.903,1.005
64980.923,0.996
64980.943,1.012
64980.963,1.001
64980.983,1.005
64981.003,1.003
64981.023,1.006
64981.043,1.008
64981.063,1.005
64981.083,1.010
64981.103,0.996
64981.123,1.009
64981.143,1.003
64981.163,1.007
64981.183,1.011
64981.203,1.002
64981.223,1.005
64981.243,1.003
64981.263,1.003
64981.283,0.999
64981.303,1.006
64981.323,1.010
64981.343,1.003
64981.363,1.008
64981.383,1.002
64981.403,1.008
64981.423,1.005
64981.443,1.002
64981.463,1.008
64981.483,1.006
64981.503,1.006
64981.523,1.006
64981.543,1.002
64981.563,1.010
64981.583,0.998
64981.603,1.010
64981.623,1.006
64981.643,1.006
64981.663,1.007
64981.683,1.003
64981.703,1.001
64981.723,1.003
64981.743,1.006
64981.763,1.006
64981.783,1.006
64981.803,1.006
64981.823,1.002
64981.843,1.003
64981.863,1.004
64981.883,1.004
64981.903,1.003
64981.923,1.009
64981.943,1.008
64981.963,1.004
64981.983,1.004
64982.003,1.003
64982.023,1.005
64982.043,1.003
64982.063,1.009
64982.083,1.001
64982.103,1.003
64982.123,1.002
64982.143,1.008
64982.163,1.003
64982.183,1.011
64982.203,1.009
64982.223,1.003
64982.243,1.007
64982.263,1.002
64982.283,1.001
64982.303,1.004
64982.323,1.003
64982.343,1.005
64982.363,1.005
64982.383,1.003
64982.403,1.006
64982.423,1.003
64982.443,1.008
64982.463,1.005
64982.483,1.003
64982.503,1.005
64982.523,1.006
64982.543,1.002
64982.563,1.001
64982.583,1.004
64982.603,1.006
64982.623,1.005
64982.643,1.006
64982.663,1.002
64982.683,1.002
64982.703,1.004
64982.723,1.008
64982.743,1.006
64982.763,1.005
64982.783,1.005
64982.803,1.003
64982.823,1.003
64982.843,1.005
64982.863,1.004
64982.883,1.006
64982.903,1.002
64982.923,1.006
64982.943,1.005
64982.963,1.005
64982.983,1.007
64983.003,1.007
64983.023,1.004
64983.043,1.004
64983.063,1.006
64983.083,1.005
64983.103,1.002
64983.123,1.007
64983.143,1.003
64983.163,1.005
64983.183,1.005
64983.203,1.007
64983.223,1.004
64983.243,1.004
64983.263,1.006
64983.283,1.005
64983.303,1.004
64983.323,1.004
64983.343,1.004
64983.363,1.005
64983.383,1.009
64983.403,1.002
64983.423,1.003
64983.443,1.008
64983.463,1.003
64983.483,1.006
64983.503,1.002
64983.523,1.001
64983.543,1.006
64983.563,1.007
64983.583,1.007
64983.603,1.004
64983.623,1.005
64983.643,1.003
64983.663,1.005
64983.683,1.007
64983.703,1.004
64983.723,1.006
64983.743,1.003
64983.763,1.006
64983.783,1.003
64983.803,1.006
64983.823,1.004
64983.843,1.006
64983.863,1.003
64983.883,1.006
64983.903,1.004
64983.923,1.005
64983.943,1.002
64983.963,1.007
64983.983,1.000
64984.003,1.005
64984.023,1.004
64984.043,1.001
64984.063,1.001
64984.083,1.001
64984.103,1.003
64984.123,1.004
64984.143,1.005
64984.163,1.006
64984.183,1.000
64984.203,1.006
64984.223,1.004
64984.243,1.007
64984.263,1.008
64984.283,1.002
64984.303,1.007
64984.323,1.002
64984.343,1.004
64984.363,1.007
64984.383,1.004
64984.403,1.006
64984.423,1.005
64984.443,1.006
64984.463,1.004
64984.483,1.005
64984.503,1.003
64984.523,1.002
64984.543,1.005
64984.563,1.007
64984.583,1.006
64984.603,1.005
64984.623,1.006
64984.643,1.005
64984.663,1.005
64984.683,1.003
64984.703,1.005
64984.723,1.005
64984.743,1.005
64984.763,1.004
64984.783,1.005
64984.803,1.004
64984.823,1.003
64984.843,1.005
64984.863,1.002
64984.883,1.003
64984.903,1.006
64984.923,1.005
64984.943,1.005
64984.963,1.006
64984.983,1.005
64985.003,1.005
64985.023,1.005
64985.043,1.006
64985.063,1.007
64985.083,1.004
64985.103,1.007
64985.123,1.003
64985.143,1.007
64985.163,1.004
64985.183,1.003
64985.203,1.004
64985.223,1.006
64985.243,1.004
64985.263,1.007
64985.283,1.005
64985.303,1.004
64985.323,1.005
64985.343,1.004
64985.363,1.008
64985.383,1.002
64985.403,1.006
64985.423,1.005
64985.443,1.006
64985.463,1.005
64985.483,1.004
64985.503,1.005
64985.523,1.005
64985.543,1.005
64985.563,1.007
64985.583,1.003
64985.603,1.004
64985.623,1.004
64985.643,1.003
64985.663,1.004
64985.683,1.005
64985.703,1.005
64985.723,1.007
64985.743,1.004
64985.763,1.005
64985.783,1.003
64985.803,1.003
64985.823,1.007
64985.843,1.005
64985.863,1.006
64985.883,1.002
64985.903,1.004
64985.923,1.006
64985.943,1.004
64985.963,1.004
64985.983,1.007
64986.003,1.003
64986.023,1.007
64986.043,1.004
64986.063,1.005
64986.083,1.004
64986.103,1.004
64986.123,1.005
64986.143,1.004
64986.163,1.006
64986.183,1.006
64986.203,1.005
64986.223,1.003
64986.243,1.002
64986.263,1.005
64986.283,1.006
64986.303,1.005
64986.323,1.005
64986.343,1.004
64986.363,1.005
64986.383,1.004
64986.403,1.004
64986.423,1.004
64986.443,1.005
64986.463,1.007
64986.483,1.003
64986.503,1.006
64986.523,1.004
64986.543,1.006
64986.563,1.002
64986.583,1.008
64986.603,1.006
64986.623,1.006
64986.643,1.005
64986.663,1.005
64986.683,1.005
64986.703,1.005
64986.723,1.004
64986.743,1.006
64986.763,1.006
64986.783,1.004
64986.803,1.005
64986.823,1.004
64986.843,1.004
64986.863,1.004
64986.883,1.004
64986.903,1.005
64986.923,1.004
64986.943,1.004
64986.963,1.006
64986.983,1.005
64987.003,1.007
64987.023,1.004
64987.043,1.004
64987.063,1.007
64987.083,1.005
64987.103,1.008
64987.123,1.005
64987.143,1.006
64987.163,1.005
64987.183,1.004
64987.203,1.007
64987.223,1.007
64987.243,1.006
64987.263,1.003
64987.283,1.006
64987.303,1.005
64987.323,1.006
64987.343,1.004
64987.363,1.005
64987.383,1.006
64987.403,1.004
64987.423,1.005
64987.443,1.004
64987.463,1.003
64987.483,1.005
64987.503,1.006
64987.523,1.004
64987.543,1.004
64987.563,1.006
64987.583,1.006
64987.603,1.005
64987.623,1.006
64987.643,1.003
64987.663,1.007
64987.683,1.004
64987.703,1.005
64987.723,1.002
64987.743,1.004
64987.763,1.007
64987.783,1.006
64987.803,1.003
64987.823,1.002
64987.843,1.005
64987.863,1.007
64987.883,1.005
64987.903,1.004
64987.923,1.004
64987.943,1.006
64987.963,1.004
64987.983,1.003
64988.003,1.003
64988.023,1.003
64988.043,1.004
64988.063,1.005
64988.083,1.006
64988.103,1.006
64988.123,1.004
64988.143,1.006
64988.163,1.004
64988.183,1.004
64988.203,1.005
64988.223,1.006
64988.243,1.005
64988.263,1.007
64988.283,1.005
64988.303,1.007
64988.323,1.002
64988.343,1.003
64988.363,1.004
64988.383,1.003
64988.403,1.005
64988.423,1.005
64988.443,1.005
64988.463,1.005
64988.483,1.006
64988.503,1.006
64988.523,1.002
64988.543,1.005
64988.563,1.004
64988.583,1.006
64988.603,1.004
64988.623,1.004
64988.643,1.005
64988.663,1.005
64988.683,1.004
64988.703,1.004
64988.723,1.006
64988.743,1.008
64988.763,1.001
64988.783,1.005
64988.803,1.002
64988.823,1.004
64988.843,1.005
64988.863,1.005
64988.883,1.007
64988.903,1.002
64988.923,1.005
64988.943,1.004
64988.963,1.006
64988.983,1.004
64989.003,1.006
64989.023,1.005
64989.043,1.004
64989.063,1.005
64989.083,1.004
64989.103,1.003
64989.123,1.005
64989.143,1.005
64989.163,1.006
64989.183,1.003
64989.203,1.007
64989.223,1.004
64989.243,1.005
64989.263,1.002
64989.283,1.002
64989.303,1.006
64989.323,1.004
64989.343,1.006
64989.363,1.005
64989.383,1.005
64989.403,1.003
64989.423,1.005
64989.443,1.005
64989.463,1.006
64989.483,1.003
64989.503,1.007
64989.523,1.005
64989.543,1.004
64989.563,1.005
64989.583,1.004
64989.603,1.003
64989.623,1.004
64989.643,1.005
64989.663,1.005
64989.683,1.004
64989.703,1.004
64989.723,1.005
64989.743,1.004
64989.763,1.004
64989.783,1.005
64989.803,1.005
64989.823,1.004
64989.843,1.004
64989.863,1.005
64989.883,1.002
64989.903,1.006
64989.923,1.005
64989.943,1.007
64989.963,1.005
64989.983,1.006
64990.003,1.003
64990.023,1.005
64990.043,1.004
64990.063,1.006
64990.083,1.005
64990.103,1.007
64990.123,1.007
64990.143,1.004
64990.163,1.004
64990.183,1.007
64990.203,1.005
64990.223,1.003
64990.243,1.005
64990.263,1.006
64990.283,1.003
64990.303,1.004
64990.323,1.004
64990.343,1.006
64990.363,1.006
64990.383,1.003
64990.403,1.004
64990.423,1.003
64990.443,1.004
64990.463,1.004
64990.483,1.004
64990.503,1.005
64990.523,1.005
64990.543,1.004
64990.563,1.006
64990.583,1.005
64990.603,1.004
64990.623,1.006
64990.643,1.006
64990.663,1.005
64990.683,1.004
64990.703,1.004
64990.723,1.004
64990.743,1.005
64990.763,1.004
64990.783,1.004
64990.803,1.004
64990.823,1.006
64990.843,1.004
64990.863,1.004
64990.883,1.005
64990.903,1.003
64990.923,1.005
64990.943,1.004
64990.963,1.003
64990.983,1.004
64991.003,1.004
64991.023,1.003
64991.043,1.006
64991.063,1.003
64991.083,1.006
64991.103,1.004
64991.123,1.005
64991.143,1.006
64991.163,1.003
64991.183,1.006
64991.203,1.005
64991.223,1.006
64991.243,1.004
64991.263,1.006
64991.283,1.004
64991.303,1.005
64991.323,1.004
64991.343,1.005
64991.363,1.003
64991.383,1.004
64991.403,1.007
64991.423,1.004
64991.443,1.006
64991.463,1.006
64991.483,1.004
64991.503,1.004
64991.523,1.006
64991.543,1.004
64991.563,1.006
64991.583,1.004
64991.603,1.004
64991.623,1.005
64991.643,1.006
64991.663,1.003
64991.683,1.003
64991.703,1.003
64991.723,1.003
64991.743,1.003
64991.763,1.004
64991.783,1.005
64991.803,1.004
64991.823,1.004
64991.843,1.004
64991.863,1.006
64991.883,1.004
64991.903,1.006
64991.923,1.003
64991.943,1.006
64991.963,1.005
64991.983,1.004
64992.003,1.004
64992.023,1.007
64992.043,1.003
64992.063,1.006
64992.083,1.008
64992.103,1.002
64992.123,1.003
64992.143,1.005
64992.163,1.007
64992.183,1.006
64992.203,1.002
64992.223,1.004
64992.243,1.006
64992.263,1.002
64992.283,1.006
64992.303,1.004
64992.323,1.006
64992.343,1.003
64992.363,1.004
64992.383,1.005
64992.403,1.001
64992.423,1.007
64992.443,1.003
64992.463,1.005
64992.483,1.004
64992.503,1.005
64992.523,1.004
64992.543,1.005
64992.563,1.005
64992.583,1.005
64992.603,1.006
64992.623,1.007
64992.643,1.003
64992.663,1.003
64992.683,1.001
64992.703,1.004
64992.723,1.006
64992.743,1.002
64992.763,1.003
64992.783,1.003
64992.803,1.005
64992.823,1.006
64992.843,1.004
64992.863,1.006
64992.883,1.005
64992.903,1.003
64992.923,1.002
64992.943,1.005
64992.963,1.008
64992.983,1.004
64993.003,1.004
64993.023,1.004
64993.043,1.003
64993.063,1.004
64993.083,1.003
64993.103,1.006
64993.123,1.004
64993.143,1.005
64993.163,1.006
64993.183,1.005
64993.203,1.002
64993.223,1.004
64993.243,1.005
64993.263,1.006
64993.283,1.003
64993.303,1.005
64993.323,1.005
64993.343,1.004
64993.363,1.005
64993.383,1.006
64993.403,1.002
64993.423,1.003
64993.443,1.004
64993.463,1.003
64993.483,1.005
64993.503,1.004
64993.523,1.006
64993.543,1.004
64993.563,1.004
64993.583,1.003
64993.603,1.007
64993.623,1.004
64993.643,1.003
64993.663,1.005
64993.683,1.004
64993.703,1.006
64993.723,1.004
64993.743,1.002
64993.763,1.006
64993.783,1.005
64993.803,1.005
64993.823,1.006
64993.843,1.006
64993.863,1.003
64993.883,1.004
64993.903,1.002
64993.923,1.002
64993.943,1.004
64993.963,1.006
64993.983,1.005
64994.003,1.005
64994.023,1.005
64994.043,1.006
64994.063,1.005
64994.083,1.006
64994.103,1.006
64994.123,1.006
64994.143,1.003
64994.163,1.004
64994.183,1.003
64994.203,1.006
64994.223,1.005
64994.243,1.004
64994.263,1.005
64994.283,1.003
64994.303,1.005
64994.323,1.005
64994.343,1.004
64994.363,1.007
64994.383,1.005
64994.403,1.004
64994.423,1.007
64994.443,1.004
64994.463,1.003
64994.483,1.003
64994.503,1.004
64994.523,1.005
64994.543,1.005
64994.563,1.006
64994.583,1.005
64994.603,1.003
64994.623,1.007
64994.643,1.002
64994.663,1.005
64994.683,1.003
64994.703,1.003
64994.723,1.005
64994.743,1.005
64994.763,1.007
64994.783,1.005
64994.803,1.004
64994.823,1.005
64994.843,1.005
64994.863,1.005
64994.883,1.003
64994.903,1.003
64994.923,1.003
64994.943,1.004
64994.963,1.007
64994.983,1.007
64995.003,1.007
64995.023,1.003
64995.043,1.005
64995.063,1.003
64995.083,1.004
64995.103,1.001
64995.123,1.006
64995.143,1.007
64995.163,1.004
64995.183,1.003
64995.203,1.004
64995.223,1.003
64995.243,1.006
64995.263,1.004
64995.283,1.005
64995.303,1.005
64995.323,1.003
64995.343,1.006
64995.363,1.003
64995.383,1.007
64995.403,1.006
64995.423,1.004
64995.443,1.004
64995.463,1.005
64995.483,1.006
64995.503,1.003
64995.523,1.006
64995.543,1.004
64995.563,1.006
64995.583,1.006
64995.603,1.004
64995.623,1.007
64995.643,1.006
64995.663,1.005
64995.683,1.005
64995.703,1.005
64995.723,1.006
64995.743,1.004
64995.763,1.006
64995.783,1.004
64995.803,1.007
64995.823,1.002
64995.843,1.005
64995.863,1.005
64995.883,1.005
64995.903,1.004
64995.923,1.004
64995.943,1.005
64995.963,1.006
64995.983,1.003
64996.003,1.005
64996.023,1.007
64996.043,1.003
64996.063,1.006
64996.083,1.007
64996.103,1.005
64996.123,1.004
64996.143,1.003
64996.163,1.005
64996.183,1.003
64996.203,1.006
64996.223,1.005
64996.243,1.005
64996.263,1.005
64996.283,1.004
64996.303,1.002
64996.323,1.006
64996.343,1.008
64996.363,1.007
64996.383,1.006
64996.403,1.004
64996.423,1.004
64996.443,1.003
64996.463,1.006
64996.483,1.006
64996.503,1.006
64996.523,1.004
64996.543,1.007
64996.563,1.005
64996.583,1.003
64996.603,1.008
64996.623,1.003
64996.643,1.005
64996.663,1.004
64996.683,1.004
64996.703,1.002
64996.723,1.004
64996.743,1.004
64996.763,1.006
64996.783,1.005
64996.803,1.006
64996.823,1.005
64996.843,1.004
64996.863,1.003
64996.883,1.006
64996.903,1.004
64996.923,1.006
64996.943,1.001
64996.963,1.006
64996.983,1.003
64997.003,1.006
64997.023,1.002
64997.043,1.006
64997.063,1.007
64997.083,1.006
64997.103,1.006
64997.123,1.005
64997.143,1.003
64997.163,1.004
64997.183,1.004
64997.203,1.003
64997.223,1.005
64997.243,1.005
64997.263,1.005
64997.283,1.006
64997.303,1.005
64997.323,1.005
64997.343,1.005
64997.363,1.004
64997.383,1.005
64997.403,1.007
64997.423,1.002
64997.443,1.005
64997.463,1.005
64997.483,1.004
64997.503,1.006
64997.523,1.005
64997.543,1.006
64997.563,1.003
64997.583,1.005
64997.603,1.005
64997.623,1.004
64997.643,1.007
64997.663,1.004
64997.683,1.006
64997.703,1.007
64997.723,1.005
64997.743,1.004
64997.763,1.003
64997.783,1.005
64997.803,1.007
64997.823,1.002
64997.843,1.006
64997.863,1.008
64997.883,1.004
64997.903,1.003
64997.923,1.005
64997.943,1.003
64997.963,1.005
64997.983,1.006
64998.003,1.001
64998.023,1.006
64998.043,1.006
64998.063,1.005
64998.083,1.004
64998.103,1.005
64998.123,1.004
64998.143,1.007
64998.163,1.002
64998.183,1.005
64998.203,1.004
64998.223,1.003
64998.243,1.004
64998.263,1.003
64998.283,1.007
64998.303,1.005
64998.323,1.003
64998.343,1.005
64998.363,1.004
64998.383,1.006
64998.403,1.005
64998.423,1.005
64998.443,1.003
64998.463,1.008
64998.483,1.003
64998.503,1.006
64998.523,1.006
64998.543,1.004
64998.563,1.007
64998.583,1.004
64998.603,1.004
64998.623,1.006
64998.643,1.007
64998.663,1.005
64998.683,1.002
64998.703,1.006
64998.723,1.006
64998.743,1.004
64998.763,1.006
64998.783,1.006
64998.803,1.004
64998.823,1.004
64998.843,1.004
64998.863,1.006
64998.883,1.004
64998.903,1.005
64998.923,1.004
66890.653,0.878
66890.673,1.021
66890.693,1.011
66890.713,1.013
66890.733,0.999
66890.753,1.002
66890.773,1.004
66890.793,1.006
66890.813,1.011
66890.833,1.022
66890.853,0.907
66890.873,0.984
66890.893,0.997
66890.913,1.015
66890.933,0.992
66890.953,1.013
66890.973,1.000
66890.993,1.011
66891.013,1.007
66891.033,1.005
66891.053,1.007
66891.073,1.000
66891.093,1.004
66891.113,1.001
66891.133,1.006
66891.153,1.003
66891.173,1.002
66891.193,1.004
66891.213,1.006
66891.233,1.005
66891.253,1.004
66891.273,1.004
66891.293,1.004
66891.313,1.005
66891.333,1.002
66891.353,1.004
66891.373,1.006
66891.393,1.004
66891.413,1.006
66891.433,1.002
66891.453,1.006
66891.473,1.003
66891.493,1.002
66891.513,1.003
66891.533,1.006
66891.553,1.006
66891.573,1.003
66891.593,1.004
66891.613,1.003
66891.633,1.004
66891.653,1.005
66891.673,1.008
66891.693,1.003
66891.713,1.008
66891.733,1.003
66891.753,1.004
66891.773,1.007
66891.793,1.006
66891.813,1.005
66891.833,1.007
66891.853,1.004
66891.873,1.003
66891.893,1.004
66891.913,1.005
66891.933,1.006
66891.953,1.005
66891.973,1.006
66891.993,1.006
66892.013,1.006
66892.033,1.006
66892.053,1.004
66892.073,1.005
66892.093,1.005
66892.113,1.003
66892.133,1.003
66892.153,1.005
66892.173,1.002
66892.193,1.004
66892.213,1.005
66892.233,1.006
66892.253,1.003
66892.273,1.003
66892.293,1.006
66892.313,1.004
66892.333,1.007
66892.353,1.005
66892.373,1.004
66892.393,1.004
66892.413,1.003
66892.433,1.005
66892.453,1.004
66892.473,1.004
66892.493,1.008
66892.513,1.002
66892.533,1.007
66892.553,1.006
66892.573,1.005
66892.593,1.004
66892.613,1.003
66892.633,1.004
66892.653,1.005
66892.673,1.004
66892.693,1.003
66892.713,1.005
66892.733,1.002
66892.753,1.005
66892.773,1.006
66892.793,1.001
66892.813,1.010
66892.833,1.004
66892.853,1.004
66892.873,1.004
66892.893,1.002
66892.913,1.005
66892.933,1.007
66892.953,1.008
66892.973,1.006
66892.993,1.004
66893.013,1.006
66893.033,1.002
66893.053,1.004
66893.073,1.007
66893.093,1.007
66893.113,1.001
66893.133,1.003
66893.153,1.005
66893.173,1.005
66893.193,1.006
66893.213,1.004
66893.233,1.005
66893.253,1.005
66893.273,1.008
66893.293,1.005
66893.313,1.002
66893.333,1.003
66893.353,1.006
66893.373,1.005
66893.393,1.006
66893.413,1.004
66893.433,1.003
66893.453,1.006
66893.473,1.000
66893.493,1.010
66893.513,1.003
66893.533,1.003
66893.553,1.002
66893.573,1.003
66893.593,1.004
66893.613,1.004
66893.633,1.003
66893.653,1.002
66893.673,1.006
66893.693,1.004
66893.713,1.005
66893.733,1.003
66893.753,1.008
66893.773,1.003
66893.793,1.005
66893.813,1.005
66893.833,1.005
66893.853,1.007
66893.873,1.006
66893.893,1.003
66893.913,1.003
66893.933,1.004
66893.953,1.001
66893.973,1.005
66893.993,1.005
66894.013,1.001
66894.033,1.006
66894.053,1.004
66894.073,1.004
66894.093,1.006
66894.113,1.001
66894.133,1.007
66894.153,1.004
66894.173,1.001
66894.193,1.011
66894.213,1.002
66894.233,1.000
66894.253,1.008
66894.273,1.003
66894.293,1.004
66894.313,1.006
66894.333,1.003
66894.353,1.006
66894.373,1.002
66894.393,1.002
66894.413,1.005
66894.433,1.006
66894.453,1.008
66894.473,1.004
66894.493,1.005
66894.513,1.003
66894.533,1.006
66894.553,1.006
66894.573,1.009
66894.593,1.005
66894.613,1.003
66894.633,1.003
66894.653,1.001
66894.673,1.006
66894.693,1.003
66894.713,1.004
66894.733,1.001
66894.753,1.006
66894.773,1.005
66894.793,1.002
66894.813,1.009
66894.833,1.002
66894.853,1.004
66894.873,1.006
66894.893,1.001
66894.913,1.005
66894.933,1.000
66894.953,1.008
66894.973,1.003
66894.993,1.006
66895.013,1.006
66895.033,1.003
66895.053,1.005
66895.073,1.003
66895.093,1.004
66895.113,1.005
66895.133,1.002
66895.153,1.005
66895.173,1.002
66895.193,1.009
66895.213,1.002
66895.233,1.004
66895.253,1.008
66895.273,1.000
66895.293,1.005
66895.313,1.002
66895.333,1.003
66895.353,1.008
66895.373,1.000
66895.393,1.008
66895.413,1.004
66895.433,1.006
66895.453,1.007
66895.473,1.002
66895.493,1.007
66895.513,1.001
66895.533,1.007
66895.553,1.003
66895.573,1.002
66895.593,1.009
66895.613,1.003
66895.633,1.008
66895.653,1.003
66895.673,1.006
66895.693,1.004
66895.713,1.001
66895.733,1.005
66895.753,1.003
66895.773,1.007
66895.793,1.002
66895.813,1.006
66895.833,1.007
66895.853,1.000
66895.873,1.007
66895.893,1.002
66895.913,1.008
66895.933,1.004
66895.953,1.003
66895.973,1.006
66895.993,1.000
66896.013,1.007
66896.033,1.006
66896.053,1.006
66896.073,1.004
66896.093,1.002
66896.113,1.007
66896.133,1.002
66896.153,1.007
66896.173,1.003
66896.193,1.003
66896.213,1.004
66896.233,1.006
66896.253,1.006
66896.273,1.002
66896.293,1.008
66896.313,1.004
66896.333,1.006
66896.353,1.006
66896.373,1.005
66896.393,1.005
66896.413,1.004
66896.433,1.004
66896.453,1.004
66896.473,1.003
66896.493,1.006
66896.513,1.008
66896.533,1.003
66896.553,1.007
66896.573,1.005
66896.593,1.006
66896.613,1.004
66896.633,1.005
66896.653,1.005
66896.673,1.004
66896.693,1.004
66896.713,1.004
66896.733,1.004
66896.753,1.006
66896.773,1.006
66896.793,1.006
66896.813,1.004
66896.833,1.006
66896.853,1.003
66896.873,1.004
66896.893,1.006
66896.913,1.003
66896.933,1.005
66896.953,1.004
66896.973,1.005
66896.993,1.005
66897.013,1.006
66897.033,1.005
66897.053,1.004
66897.073,1.003
66897.093,1.003
66897.113,1.003
66897.133,1.004
66897.153,1.002
66897.173,1.005
66897.193,1.003
66897.213,1.005
66897.233,1.003
66897.253,1.004
66897.273,1.003
66897.293,1.004
66897.313,1.004
66897.333,1.005
66897.353,1.005
66897.373,1.004
66897.393,1.005
66897.413,1.003
66897.433,1.005
66897.453,1.004
66897.473,1.006
66897.493,1.004
66897.513,1.003
66897.533,1.004
66897.553,1.006
66897.573,1.006
66897.593,1.007
66897.613,1.003
66897.633,1.004
66897.653,1.007
66897.673,1.003
66897.693,1.005
66897.713,1.004
66897.733,1.005
66897.753,1.006
66897.773,1.005
66897.793,1.005
66897.813,1.004
66897.833,1.004
66897.853,1.004
66897.873,1.004
66897.893,1.003
66897.913,1.004
66897.933,1.004
66897.953,1.006
66897.973,1.005
66897.993,1.006
66898.013,1.004
66898.033,1.005
66898.053,1.006
66898.073,1.003
66898.093,1.003
66898.113,1.004
66898.133,1.004
66898.153,1.002
66898.173,1.003
66898.193,1.002
66898.213,1.004
66898.233,1.006
66898.253,1.006
66898.273,1.007
66898.293,1.004
66898.313,1.003
66898.333,1.004
66898.353,1.005
66898.373,1.004
66898.393,1.003
66898.413,1.006
66898.433,1.006
66898.453,1.005
66898.473,1.004
66898.493,1.007
66898.513,1.002
66898.533,1.005
66898.553,1.005
66898.573,1.003
66898.593,1.003
66898.613,1.002
66898.633,1.005
66898.653,1.006
66898.673,1.003
66898.693,1.005
66898.713,1.005
66898.733,1.006
66898.753,1.005
66898.773,1.005
66898.793,1.004
66898.813,1.005
66898.833,1.004
66898.853,1.004
66898.873,1.005
66898.893,1.002
66898.913,1.003
66898.933,1.003
66898.953,1.005
66898.973,1.005
66898.993,1.003
66899.013,1.004
66899.033,1.002
66899.053,1.004
66899.073,1.002
66899.093,1.004
66899.113,1.002
66899.133,1.003
66899.153,1.003
66899.173,1.006
66899.193,1.004
66899.213,1.004
66899.233,1.006
66899.253,1.005
66899.273,1.004
66899.293,1.005
66899.313,1.005
66899.333,1.003
66899.353,1.007
66899.373,1.004
66899.393,1.005
66899.413,1.004
66899.433,1.003
66899.453,1.003
66899.473,1.003
66899.493,1.006
66899.513,1.007
66899.533,1.006
66899.553,1.004
66899.573,1.006
66899.593,1.004
66899.613,1.004
66899.633,1.004
66899.653,1.007
66899.673,1.004
66899.693,1.003
66899.713,1.006
66899.733,1.005
66899.753,1.006
66899.773,1.001
66899.793,1.004
66899.813,1.003
66899.833,1.006
66899.853,1.004
66899.873,1.004
66899.893,1.004
66899.913,1.004
66899.933,1.007
66899.953,1.007
66899.973,1.003
66899.993,1.006
66900.013,1.004
66900.033,1.005
66900.053,1.004
66900.073,1.006
66900.093,1.005
66900.113,1.006
66900.133,1.004
66900.153,1.005
66900.173,1.004
66900.193,1.004
66900.213,1.005
66900.233,1.002
66900.253,1.004
66900.273,1.006
66900.293,1.003
66900.313,1.001
66900.333,1.004
66900.353,1.003
66900.373,1.006
66900.393,1.004
66900.413,1.003
66900.433,1.003
66900.453,1.006
66900.473,1.005
66900.493,1.004
66900.513,1.006
66900.533,1.005
66900.553,1.004
66900.573,1.004
66900.593,1.004
66900.613,1.004
66900.633,1.004
66900.653,1.004
66900.673,1.003
66900.693,1.003
66900.713,1.005
66900.733,1.004
66900.753,1.002
66900.773,1.004
66900.793,1.004
66900.813,1.003
66900.833,1.006
66900.853,1.006
66900.873,1.004
66900.893,1.004
66900.913,1.005
66900.933,1.004
66900.953,1.004
66900.973,1.004
66900.993,1.004
66901.013,1.004
66901.033,1.006
66901.053,1.006
66901.073,1.004
66901.093,1.003
66901.113,1.005
66901.133,1.006
66901.153,1.004
66901.173,1.003
66901.193,1.004
66901.213,1.006
66901.233,1.003
66901.253,1.005
66901.273,1.007
66901.293,1.005
66901.313,1.004
66901.333,1.005
66901.353,1.004
66901.373,1.006
66901.393,1.007
66901.413,1.004
66901.433,1.005
66901.453,1.005
66901.473,1.005
66901.493,1.003
66901.513,1.003
66901.533,1.003
66901.553,1.006
66901.573,1.004
66901.593,1.005
66901.613,1.006
66901.633,1.005
66901.653,1.002
66901.673,1.005
66901.693,1.004
66901.713,1.005
66901.733,1.002
66901.753,1.005
66901.773,1.004
66901.793,1.002
66901.813,1.005
66901.833,1.004
66901.853,1.005
66901.873,1.005
66901.893,1.005
66901.913,1.006
66901.933,1.003
66901.953,1.004
66901.973,1.005
66901.993,1.005
66902.013,1.003
66902.033,1.003
66902.053,1.005
66902.073,1.003
66902.093,1.006
66902.113,1.006
66902.133,1.003
66902.153,1.006
66902.173,1.005
66902.193,1.003
66902.213,1.008
66902.233,1.004
66902.253,1.003
66902.273,1.002
66902.293,1.004
66902.313,1.003
66902.333,1.004
66902.353,1.002
66902.373,1.005
66902.393,1.005
66902.413,1.005
66902.433,1.005
66902.453,1.008
66902.473,1.006
66902.493,1.004
66902.513,1.003
66902.533,1.006
66902.553,1.002
66902.573,1.003
66902.593,1.003
66902.613,1.006
66902.633,1.004
66902.653,1.005
66902.673,1.002
66902.693,1.006
66902.713,1.005
66902.733,1.003
66902.753,1.005
66902.773,1.005
66902.793,1.004
66902.813,1.004
66902.833,1.005
66902.853,1.005
66902.873,1.004
66902.893,1.004
66902.913,1.003
66902.933,1.005
66902.953,1.005
66902.973,1.006
66902.993,1.005
66903.013,1.003
66903.033,1.002
66903.053,1.005
66903.073,1.008
66903.093,1.006
66903.113,1.003
66903.133,1.004
66903.153,1.004
66903.173,1.010
66903.193,1.003
66903.213,1.005
66903.233,1.004
66903.253,1.004
66903.273,1.005
66903.293,1.004
66903.313,1.007
66903.333,1.004
66903.353,1.005
66903.373,1.005
66903.393,1.003
66903.413,1.006
66903.433,1.003
66903.453,1.004
66903.473,1.004
66903.493,1.006
66903.513,1.005
66903.533,1.004
66903.553,1.006
66903.573,1.004
66903.593,1.005
66903.613,1.004
66903.633,1.003
66903.653,1.007
66903.673,1.005
66903.693,1.003
66903.713,1.005
66903.733,1.007
66903.753,1.005
66903.773,1.005
66903.793,1.004
66903.813,1.006
66903.833,1.004
66903.853,1.005
66903.873,1.005
66903.893,1.005
66903.913,1.004
66903.933,1.003
66903.953,1.002
66903.973,1.002
66903.993,1.004
66904.013,1.005
66904.033,1.005
66904.053,1.006
66904.073,1.005
66904.093,1.005
66904.113,1.005
66904.133,1.003
66904.153,1.006
66904.173,1.005
66904.193,1.003
66904.213,1.003
66904.233,1.004
66904.253,1.005
66904.273,1.004
66904.293,1.004
66904.313,1.005
66904.333,1.003
66904.353,1.005
66904.373,1.002
66904.393,1.004
66904.413,1.003
66904.433,1.004
66904.453,1.002
66904.473,1.004
66904.493,1.003
66904.513,1.005
66904.533,1.004
66904.553,1.006
66904.573,1.004
66904.593,1.006
66904.613,1.005
66904.633,1.005
66904.653,1.004
66904.673,1.003
66904.693,1.004
66904.713,1.002
66904.733,1.003
66904.753,1.004
66904.773,1.002
66904.793,1.004
66904.813,1.005
66904.833,1.004
66904.853,1.004
66904.873,1.005
66904.893,1.004
66904.913,1.005
66904.933,1.006
66904.953,1.003
66904.973,1.003
66904.993,1.005
66905.013,1.005
66905.033,1.004
66905.053,1.004
66905.073,1.006
66905.093,1.005
66905.113,1.005
66905.133,1.003
66905.153,1.004
66905.173,1.004
66905.193,1.004
66905.213,1.007
66905.233,1.003
66905.253,1.006
66905.273,1.007
66905.293,1.006
66905.313,1.007
66905.333,1.005
66905.353,1.187
66905.373,1.050
66905.393,1.030
66905.413,0.989
66905.433,1.030
66905.453,0.990
66905.473,1.031
66905.493,0.996
66905.513,1.011
66905.533,0.991
66905.553,1.013
66905.573,1.009
66905.593,0.995
66905.613,1.010
66905.633,0.996
66905.653,1.006
66905.673,1.003
66905.693,1.005
66905.713,1.012
66905.733,1.002
66905.753,1.006
66905.773,1.001
66905.793,1.003
66905.813,1.002
66905.833,1.001
66905.853,1.008
66905.873,1.003
66905.893,1.008
66905.913,1.001
66905.933,1.002
66905.953,1.004
66905.973,1.002
66905.993,1.007
66906.013,1.006
66906.033,1.009
66906.053,1.002
66906.073,1.003
66906.093,1.004
66906.113,1.004
66906.133,1.006
66906.153,1.008
66906.173,1.005
66906.193,1.004
66906.213,1.004
66906.233,1.005
66906.253,1.006
66906.273,1.005
66906.293,1.004
66906.313,1.006
66906.333,1.006
66906.353,1.002
66906.373,1.002
66906.393,1.004
66906.413,1.006
66906.433,1.005
66906.453,1.006
66906.473,1.006
66906.493,1.006
66906.513,1.003
66906.533,1.004
66906.553,1.006
66906.573,1.003
66906.593,1.010
66906.613,1.007
66906.633,0.999
66906.653,1.001
66906.673,1.008
66906.693,1.006
66906.713,1.005
66906.733,1.008
66906.753,1.004
66906.773,1.009
66906.793,1.000
66906.813,0.998
66906.833,1.010
66906.853,1.005
66906.873,1.008
66906.893,1.006
66906.913,1.004
66906.933,1.004
66906.953,1.003
66906.973,1.012
66906.993,1.003
66907.013,1.011
66907.033,1.003
66907.053,1.001
66907.073,1.002
66907.093,0.994
66907.113,1.005
66907.133,1.005
66907.153,1.008
66907.173,1.001
66907.193,1.002
66907.213,1.006
66907.233,1.000
66907.253,1.005
66907.273,1.006
66907.293,1.008
66907.313,1.006
66907.333,0.999
66907.353,1.002
66907.373,1.001
66907.393,1.009
66907.413,1.003
66907.433,1.005
66907.453,1.006
66907.473,1.001
66907.493,1.004
66907.513,1.002
66907.533,1.004
66907.553,1.007
66907.573,1.003
66907.593,1.005
66907.613,1.003
66907.633,1.005
66907.653,1.000
66907.673,1.007
66907.693,1.002
66907.713,1.007
66907.733,1.008
66907.753,0.999
66907.773,1.004
66907.793,1.001
66907.813,1.009
66907.833,1.005
66907.853,1.005
66907.873,1.005
66907.893,1.004
66907.913,1.004
66907.933,1.002
66907.953,1.005
66907.973,1.004
66907.993,1.004
66908.013,1.003
66908.033,1.005
66908.053,1.005
66908.073,1.004
66908.093,1.007
66908.113,1.005
66908.133,1.004
66908.153,1.006
66908.173,1.002
66908.193,1.006
66908.213,1.005
66908.233,1.004
66908.253,1.005
66908.273,1.007
66908.293,1.006
66908.313,1.003
66908.333,1.005
66908.353,1.003
66908.373,1.004
66908.393,1.004
66908.413,1.003
66908.433,1.004
66908.453,1.004
66908.473,1.004
66908.493,1.005
66908.513,1.006
66908.533,1.006
66908.553,1.003
66908.573,1.006
66908.593,1.003
66908.613,1.003
66908.633,1.004
66908.653,1.005
66908.673,1.003
66908.693,1.003
66908.713,1.003
66908.733,1.007
66908.753,1.006
66908.773,1.004
66908.793,1.006
66908.813,1.004
66908.833,1.004
66908.853,1.005
66908.873,1.004
66908.893,1.004
66908.913,1.006
66908.933,1.007
66908.953,1.006
66908.973,1.004
66908.993,1.005
66909.013,1.006
66909.033,1.003
66909.053,1.003
66909.073,1.004
66909.093,1.004
66909.113,1.004
66909.133,1.004
66909.153,1.005
66909.173,1.003
66909.193,1.005
66909.213,1.004
66909.233,1.004
66909.253,1.003
66909.273,1.003
66909.293,1.006
66909.313,1.007
66909.333,1.008
66909.353,1.003
66909.373,1.004
66909.393,1.002
66909.413,1.006
66909.433,1.005
66909.453,1.002
66909.473,1.002
66909.493,1.003
66909.513,1.004
66909.533,1.004
66909.553,1.005
66909.573,1.006
66909.593,1.006
66909.613,1.004
66909.633,1.005
66909.653,1.006
66909.673,1.004
66909.693,1.006
66909.713,1.006
66909.733,1.004
66909.753,1.006
66909.773,1.004
66909.793,1.003
66909.813,1.005
66909.833,1.006
66909.853,1.007
66909.873,1.006
66909.893,1.005
66909.913,1.004
66909.933,1.006
66909.953,1.003
66909.973,1.005
66909.993,1.006
66910.013,1.006
66910.033,1.002
66910.053,1.005
66910.073,1.005
66910.093,1.005
66910.113,1.004
66910.133,1.007
66910.153,1.005
66910.173,1.006
66910.193,1.005
66910.213,1.003
66910.233,1.008
66910.253,1.004
66910.273,1.005
66910.293,1.006
66910.313,1.003
66910.333,1.005
66910.353,1.005
66910.373,1.004
66910.393,1.007
66910.413,1.004
66910.433,1.004
66910.453,1.003
66910.473,1.005
66910.493,1.006
66910.513,1.004
66910.533,1.004
66910.553,1.003
66910.573,1.005
66910.593,1.007
66910.613,1.004
66910.633,1.005
66910.653,1.005
66910.673,1.005
66910.693,1.004
66910.713,1.004
66910.733,1.005
66910.753,1.005
66910.773,1.004
66910.793,1.003
66910.813,1.004
66910.833,1.006
66910.853,1.005
66910.873,1.006
66910.893,1.006
66910.913,1.006
66910.933,1.004
66910.953,1.006
66910.973,1.008
66910.993,1.004
66911.013,1.004
66911.033,1.005
66911.053,1.004
66911.073,1.004
66911.093,1.007
66911.113,1.003
66911.133,1.004
66911.153,1.003
66911.173,1.002
66911.193,1.002
66911.213,1.003
66911.233,1.004
66911.253,1.005
66911.273,1.005
66911.293,1.006
66911.313,1.004
66911.333,1.005
66911.353,1.004
66911.373,1.004
66911.393,1.004
66911.413,1.004
66911.433,1.004
66911.453,1.005
66911.473,1.006
66911.493,1.003
66911.513,1.004
66911.533,1.006
66911.553,1.005
66911.573,1.004
66911.593,1.005
66911.613,1.004
66911.633,1.003
66911.653,1.004
66911.673,1.003
66911.693,1.005
66911.713,1.004
66911.733,1.006
66911.753,1.005
66911.773,1.007
66911.793,1.003
66911.813,1.006
66911.833,1.003
66911.853,1.003
66911.873,1.005
66911.893,1.003
66911.913,1.006
66911.933,1.004
66911.953,1.004
66911.973,1.005
66911.993,1.003
66912.013,1.003
66912.033,1.004
66912.053,1.003
66912.073,1.005
66912.093,1.005
66912.113,1.004
66912.133,1.006
66912.153,1.003
66912.173,1.004
66912.193,1.003
66912.213,1.003
66912.233,1.002
66912.253,1.004
66912.273,1.003
66912.293,1.004
66912.313,1.004
66912.333,1.004
66912.353,1.005
66912.373,1.003
66912.393,1.005
66912.413,1.003
66912.433,1.004
66912.453,1.005
66912.473,1.006
66912.493,1.005
66912.513,1.004
66912.533,1.005
66912.553,1.006
66912.573,1.003
66912.593,1.001
66912.613,1.005
66912.633,1.005
66912.653,1.005
66912.673,1.004
66912.693,1.002
66912.713,1.004
66912.733,1.004
66912.753,1.006
66912.773,1.004
66912.793,1.005
66912.813,1.003
66912.833,1.005
66912.853,1.005
66912.873,1.006
66912.893,1.006
66912.913,1.005
66912.933,1.007
66912.953,1.005
66912.973,1.004
66912.993,1.004
66913.013,1.004
66913.033,1.004
66913.053,1.003
66913.073,1.003
66913.093,1.006
66913.113,1.003
66913.133,1.004
66913.153,1.005
66913.173,1.005
66913.193,1.007
66913.213,1.005
66913.233,1.003
66913.253,1.004
66913.273,1.007
66913.293,1.004
66913.313,1.004
66913.333,1.005
66913.353,1.004
66913.373,1.006
66913.393,1.003
66913.413,1.004
66913.433,1.005
66913.453,1.005
66913.473,1.004
66913.493,1.004
66913.513,1.006
66913.533,1.003
66913.553,1.002
66913.573,1.004
66913.593,1.005
66913.613,1.005
66913.633,1.003
66913.653,1.006
66913.673,1.004
66913.693,1.005
66913.713,1.005
66913.733,1.005
66913.753,1.004
66913.773,1.002
66913.793,1.006
66913.813,1.005
66913.833,1.002
66913.853,1.003
66913.873,1.005
66913.893,1.003
66913.913,1.005
66913.933,1.007
66913.953,1.006
66913.973,1.006
66913.993,1.006
66914.013,1.005
66914.033,1.005
66914.053,1.004
66914.073,1.004
66914.093,1.005
66914.113,1.006
66914.133,1.006
66914.153,1.003
66914.173,1.005
66914.193,1.002
66914.213,1.003
66914.233,1.005
66914.253,1.004
66914.273,1.004
66914.293,1.005
66914.313,1.001
66914.333,1.003
66914.353,1.005
66914.373,1.006
66914.393,1.007
66914.413,1.004
66914.433,1.002
66914.453,1.003
66914.473,1.001
66914.493,1.005
66914.513,1.002
66914.533,1.005
66914.553,1.005
66914.573,1.004
66914.593,1.003
66914.613,1.004
66914.633,1.005
66914.653,1.006
66914.673,1.004
66914.693,1.004
66914.713,1.002
66914.733,1.005
66914.753,1.004
66914.773,1.005
66914.793,1.003
66914.813,1.005
66914.833,1.004
66914.853,1.003
66914.873,1.005
66914.893,1.004
66914.913,1.006
66914.933,1.003
66914.953,1.004
66914.973,1.004
66914.993,1.004
66915.013,1.004
66915.033,1.004
66915.053,1.005
66915.073,1.004
66915.093,1.002
66915.113,1.003
66915.133,1.004
66915.153,1.006
66915.173,1.006
66915.193,1.004
66915.213,1.006
66915.233,1.005
66915.253,1.006
66915.273,1.004
66915.293,1.005
66915.313,1.007
66915.333,1.003
66915.353,1.005
66915.373,1.004
66915.393,1.003
66915.413,1.003
66915.433,1.007
66915.453,1.006
66915.473,1.005
66915.493,1.007
66915.513,1.003
66915.533,1.004
66915.553,1.006
66915.573,1.005
66915.593,1.004
66915.613,1.004
66915.633,1.005
66915.653,1.004
66915.673,1.003
66915.693,1.003
66915.713,1.002
66915.733,1.004
66915.753,1.006
66915.773,1.003
66915.793,1.004
66915.813,1.005
66915.833,1.003
66915.853,1.006
66915.873,1.003
66915.893,1.003
66915.913,1.005
66915.933,1.005
66915.953,1.003
66915.973,1.003
66915.993,1.005
66916.013,1.004
66916.033,1.003
66916.053,1.005
66916.073,1.005
66916.093,1.005
66916.113,1.003
66916.133,1.004
66916.153,1.004
66916.173,1.006
66916.193,1.004
66916.213,1.005
66916.233,1.005
66916.253,1.004
66916.273,1.003
66916.293,1.005
66916.313,1.005
66916.333,1.006
66916.353,1.004
66916.373,1.004
66916.393,1.004
66916.413,1.004
66916.433,1.006
66916.453,1.004
66916.473,1.005
66916.493,1.003
66916.513,1.006
66916.533,1.005
66916.553,1.004
66916.573,1.005
66916.593,1.004
66916.613,1.003
66916.633,1.004
66916.653,1.005
66916.673,1.003
66916.693,1.004
66916.713,1.003
66916.733,1.003
66916.753,1.004
66916.773,1.004
66916.793,1.005
66916.813,1.006
66916.833,1.006
66916.853,1.007
66916.873,1.007
66916.893,1.004
66916.913,1.006
66916.933,1.007
66916.953,1.002
66916.973,1.004
66916.993,1.004
66917.013,1.003
66917.033,1.003
66917.053,1.003
66917.073,1.004
66917.093,1.004
66917.113,1.004
66917.133,1.005
66917.153,1.004
66917.173,1.006
66917.193,1.006
66917.213,1.007
66917.233,1.005
66917.253,1.003
66917.273,1.005
66917.293,1.002
66917.313,1.006
66917.333,1.003
66917.353,1.004
66917.373,1.004
66917.393,1.004
66917.413,1.006
66917.433,1.005
66917.453,1.006
66917.473,1.005
66917.493,1.005
66917.513,1.004
66917.533,1.004
66917.553,1.002
66917.573,1.006
66917.593,1.004
66917.613,1.004
66917.633,1.005
66917.653,1.003
66917.673,1.002
66917.693,1.001
66917.713,1.004
66917.733,1.004
66917.753,1.005
66917.773,1.004
66917.793,1.004
66917.813,1.004
66917.833,1.005
66917.853,1.008
66917.873,1.005
66917.893,1.004
66917.913,1.005
66917.933,1.003
66917.953,1.005
66917.973,1.005
66917.993,1.005
66918.013,1.003
66918.033,1.005
66918.053,1.003
66918.073,1.003
66918.093,1.003
66918.113,1.004
66918.133,1.007
66918.153,1.001
66918.173,1.006
66918.193,1.003
66918.213,1.005
66918.233,1.003
66918.253,1.005
66918.273,1.002
66918.293,1.008
66918.313,1.000
66918.333,1.003
66918.353,1.005
66918.373,1.007
66918.393,1.002
66918.413,1.004
66918.433,1.001
66918.453,0.995
66918.473,0.997
66918.493,1.001
66918.513,1.012
66918.533,1.005
66918.553,1.007
66918.573,1.004
66918.593,1.004
66918.613,1.004
66918.633,1.005
66918.653,1.011
66918.673,1.002
66918.693,1.006
66918.713,1.004
66918.733,1.004
66918.753,1.003
66918.773,1.003
66918.793,1.007
66918.813,1.005
66918.833,1.009
66918.853,1.002
66918.873,1.004
66918.893,1.005
66918.913,1.004
66918.933,1.005
66918.953,1.005
66918.973,1.008
66918.993,1.003
66919.013,1.003
66919.033,1.004
66919.053,1.004
66919.073,1.006
66919.093,1.005
66919.113,1.004
66919.133,1.005
66919.153,1.004
66919.173,1.004
66919.193,1.003
66919.213,1.005
66919.233,1.001
66919.253,0.999
66919.273,1.003
66919.293,1.000
66919.313,1.004
66919.333,1.006
66919.353,1.007
66919.373,1.006
66919.393,1.002
66919.413,1.007
66919.433,1.003
66919.453,0.998
66919.473,1.006
66919.493,1.001
66919.513,1.012
66919.533,1.002
66919.553,1.003
66919.573,1.004
66919.593,1.003
66919.613,1.006
66919.633,1.003
66919.653,1.008
66919.673,1.006
66919.693,1.003
66919.713,1.004
66919.733,1.002
66919.753,1.001
66919.773,1.005
66919.793,1.008
66919.813,1.007
66919.833,1.006
66919.853,1.002
66919.873,1.002
66919.893,1.004
66919.913,1.006
66919.933,1.007
66919.953,1.006
66919.973,1.006
66919.993,1.001
66920.013,1.004
66920.033,1.006
66920.053,1.006
66920.073,1.008
66920.093,1.007
66920.113,1.006
66920.133,1.000
66920.153,1.002
66920.173,1.002
66920.193,1.008
66920.213,1.006
66920.233,1.003
66920.253,1.004
66920.273,1.005
66920.293,1.003
66920.313,1.001
66920.333,1.007
66920.353,1.006
66920.373,1.003
66920.393,1.003
66920.413,1.002
66920.433,1.002
66920.453,1.005
66920.473,1.006
66920.493,1.008
66920.513,1.005
66920.533,1.005
66920.553,1.004
66920.573,1.004
66920.593,1.000
66920.613,1.007
66920.633,1.003
66920.653,1.008
66920.673,1.003
66920.693,1.005
66920.713,1.003
66920.733,1.005
66920.753,1.005
66920.773,1.007
66920.793,1.001
66920.813,1.000
66920.833,1.003
66920.853,1.004
66920.873,1.003
66920.893,1.008
66920.913,1.005
66920.933,1.004
66920.953,1.003
66920.973,1.003
66920.993,1.006
66921.013,1.005
66921.033,1.004
66921.053,1.006
66921.073,1.005
66921.093,1.005
66921.113,1.004
66921.133,1.002
66921.153,1.006
66921.173,1.008
66921.193,1.005
66921.213,1.004
66921.233,1.002
66921.253,1.002
66921.273,1.003
66921.293,1.006
66921.313,1.005
66921.333,1.006
66921.353,1.004
66921.373,1.006
66921.393,1.004
66921.413,1.009
66921.433,1.005
66921.453,1.005
66921.473,1.005
66921.493,1.006
66921.513,1.003
66921.533,1.007
66921.553,1.001
66921.573,1.004
66921.593,1.006
66921.613,1.005
66921.633,1.008
66921.653,1.007
66921.673,1.006
66921.693,1.004
66921.713,1.004
66921.733,1.006
66921.753,1.004
66921.773,1.003
66921.793,1.008
66921.813,1.003
66921.833,1.001
66921.853,1.002
66921.873,1.008
66921.893,1.009
66921.913,1.007
66921.933,1.004
66921.953,1.002
66921.973,1.005
66921.993,1.000
66922.013,1.002
66922.033,1.006
66922.053,1.008
66922.073,1.003
66922.093,1.003
66922.113,1.005
66922.133,1.004
66922.153,1.005
66922.173,1.006
66922.193,1.007
66922.213,1.004
66922.233,1.003
66922.253,1.005
66922.273,1.002
66922.293,1.002
66922.313,1.002
66922.333,1.007
66922.353,1.003
66922.373,1.000
66922.393,1.001
66922.413,1.005
66922.433,1.008
66922.453,1.004
66922.473,1.007
66922.493,1.007
66922.513,1.004
66922.533,1.003
66922.553,1.001
66922.573,1.007
66922.593,1.005
66922.613,1.005
66922.633,1.003
66922.653,1.006
66922.673,1.006
66922.693,1.003
66922.713,1.005
66922.733,1.004
66922.753,1.003
66922.773,1.004
66922.793,1.007
66922.813,1.004
66922.833,1.004
66922.853,1.006
66922.873,1.005
66922.893,1.004
66922.913,1.004
66922.933,1.004
66922.953,1.005
66922.973,1.007
66922.993,1.003
66923.013,1.005
66923.033,1.006
66923.053,1.003
66923.073,1.004
66923.093,1.004
66923.113,1.003
66923.133,1.003
66923.153,1.004
66923.173,1.005
66923.193,1.004
66923.213,1.006
66923.233,1.003
66923.253,1.007
66923.273,1.005
66923.293,1.003
66923.313,1.004
66923.333,1.006
66923.353,1.005
66923.373,1.005
66923.393,1.006
66923.413,1.005
66923.433,1.005
66923.453,1.004
66923.473,1.001
66923.493,1.004
66923.513,1.005
66923.533,1.006
66923.553,1.004
66923.573,1.004
66923.593,1.004
66923.613,1.004
66923.633,1.004
66923.653,1.004
66923.673,1.007
66923.693,1.006
66923.713,1.004
66923.733,1.004
66923.753,1.005
66923.773,1.005
66923.793,1.003
66923.813,1.003
66923.833,1.005
66923.853,1.001
66923.873,1.003
66923.893,1.004
66923.913,1.004
66923.933,1.004
66923.953,1.004
66923.973,1.003
66923.993,1.005
66924.013,1.003
66924.033,1.005
66924.053,1.007
66924.073,1.007
66924.093,1.006
66924.113,1.005
66924.133,1.004
66924.153,1.008
66924.173,1.003
66924.193,1.004
66924.213,1.006
66924.233,1.003
66924.253,1.004
66924.273,1.005
66924.293,1.003
66924.313,1.005
66924.333,1.006
66924.353,1.004
66924.373,1.006
66924.393,1.004
66924.413,1.005
66924.433,1.004
66924.453,1.005
66924.473,1.004
66924.493,1.006
66924.513,1.006
66924.533,1.006
66924.553,1.004
66924.573,1.003
66924.593,1.005
66924.613,1.006
66924.633,1.004
66924.653,1.005
66924.673,1.006
66924.693,1.003
66924.713,1.004
66924.733,1.005
66924.753,1.005
66924.773,1.003
66924.793,1.003
66924.813,1.003
66924.833,1.007
66924.853,1.005
66924.873,1.005
66924.893,1.003
66924.913,1.005
66924.933,1.003
66924.953,1.005
66924.973,1.004
66924.993,1.005
66925.013,1.003
66925.033,1.005
66925.053,1.002
66925.073,1.005
66925.093,1.003
66925.113,1.004
66925.133,1.005
66925.153,1.002
66925.173,1.005
66925.193,1.004
66925.213,1.005
66925.233,1.006
66925.253,1.006
66925.273,1.003
66925.293,1.004
66925.313,1.005
66925.333,1.004
66925.353,1.006
72564.173,1.116
72564.193,1.045
72564.213,1.025
72564.233,1.024
72564.253,1.008
72564.273,1.012
72564.293,0.984
72564.313,1.015
72564.333,0.990
72564.353,1.004
72564.373,1.008
72564.393,0.999
72564.413,1.014
72564.433,1.000
72564.453,1.011
72564.473,1.004
72564.493,1.003
72564.513,1.008
72564.533,1.001
72564.553,1.010
72564.573,1.000
72564.593,1.004
72564.613,1.006
72564.633,1.000
72564.653,1.010
72564.673,1.001
72564.693,1.007
72564.713,1.003
72564.733,1.004
72564.753,1.005
72564.773,1.003
72564.793,1.010
72564.813,1.002
72564.833,1.004
72564.853,1.003
72564.873,1.004
72564.893,1.005
72564.913,1.001
72564.933,1.007
72564.953,1.003
72564.973,1.006
72564.993,1.007
72565.013,1.007
72565.033,1.004
72565.053,1.005
72565.073,1.009
72565.093,1.004
72565.113,1.003
72565.133,1.005
72565.153,1.005
72565.173,1.003
72565.193,1.001
72565.213,1.005
72565.233,1.008
72565.253,1.001
72565.273,1.010
72565.293,1.000
72565.313,1.005
72565.333,1.004
72565.353,1.003
72565.373,1.009
72565.393,1.001
72565.413,1.007
72565.433,1.002
72565.453,1.005
72565.473,1.008
72565.493,1.002
72565.513,1.015
72565.533,1.006
72565.553,1.007
72565.573,1.007
72565.593,1.002
72565.613,1.003
72565.633,1.002
72565.653,1.006
72565.673,1.002
72565.693,1.007
72565.713,1.006
72565.733,1.006
72565.753,1.004
72565.773,1.004
72565.793,0.999
72565.813,1.008
72565.833,1.010
72565.853,1.007
72565.873,1.004
72565.893,0.999
72565.913,1.000
72565.933,1.002
72565.953,1.009
72565.973,1.009
72565.993,1.009
72566.013,1.006
72566.033,1.001
72566.053,0.999
72566.073,1.001
72566.093,1.005
72566.113,1.010
72566.133,1.006
72566.153,1.005
72566.173,0.998
72566.193,0.999
72566.213,1.007
72566.233,1.005
72566.253,1.011
72566.273,1.006
72566.293,1.006
72566.313,1.002
72566.333,1.002
72566.353,1.002
72566.373,1.004
72566.393,1.006
72566.413,1.003
72566.433,1.005
72566.453,1.001
72566.473,1.005
72566.493,1.006
72566.513,1.008
72566.533,1.006
72566.553,1.005
72566.573,1.005
72566.593,1.002
72566.613,1.003
72566.633,1.008
72566.653,1.007
72566.673,1.006
72566.693,1.002
72566.713,1.004
72566.733,1.005
72566.753,1.002
72566.773,1.004
72566.793,1.007
72566.813,1.003
72566.833,1.003
72566.853,1.003
72566.873,1.003
72566.893,1.003
72566.913,1.005
72566.933,1.004
72566.953,1.005
72566.973,1.003
72566.993,1.005
72567.013,1.004
72567.033,1.005
72567.053,1.005
72567.073,1.007
72567.093,1.006
72567.113,1.001
72567.133,1.004
72567.153,1.005
72567.173,1.005
72567.193,1.006
72567.213,1.005
72567.233,1.005
72567.253,1.002
72567.273,1.002
72567.293,1.003
72567.313,1.006
72567.333,1.006
72567.353,1.007
72567.373,1.005
72567.393,1.003
72567.413,1.004
72567.433,1.004
72567.453,1.004
72567.473,1.004
72567.493,1.005
72567.513,1.004
72567.533,1.003
72567.553,1.003
72567.573,1.007
72567.593,1.007
72567.613,1.003
72567.633,1.004
72567.653,1.004
72567.673,1.006
72567.693,1.003
72567.713,1.004
72567.733,1.004
72567.753,1.005
72567.773,1.005
72567.793,1.005
72567.813,1.002
72567.833,1.006
72567.853,1.005
72567.873,1.005
72567.893,1.004
72567.913,1.005
72567.933,1.001
72567.953,1.004
72567.973,1.007
72567.993,1.004
72568.013,1.007
72568.033,1.007
72568.053,1.005
72568.073,1.006
72568.093,1.005
72568.113,1.006
72568.133,1.003
72568.153,1.003
72568.173,1.006
72568.193,1.004
72568.213,1.005
72568.233,1.002
72568.253,1.004
72568.273,1.005
72568.293,1.004
72568.313,1.005
72568.333,1.003
72568.353,1.005
72568.373,1.007
72568.393,1.007
72568.413,1.005
72568.433,1.003
72568.453,1.002
72568.473,1.004
72568.493,1.004
72568.513,1.004
72568.533,1.005
72568.553,1.007
72568.573,1.003
72568.593,1.005
72568.613,1.004
72568.633,1.005
72568.653,1.005
72568.673,1.005
72568.693,1.005
72568.713,1.005
72568.733,1.005
72568.753,1.003
72568.773,1.006
72568.793,1.003
72568.813,1.005
72568.833,1.005
72568.853,1.005
72568.873,1.003
72568.893,1.004
72568.913,1.004
72568.933,1.006
72568.953,1.005
72568.973,1.003
72568.993,1.005
72569.013,1.003
72569.033,1.004
72569.053,1.006
72569.073,1.006
72569.093,1.004
72569.113,1.004
72569.133,1.005
72569.153,1.004
72569.173,1.006
72569.193,1.003
72569.213,1.005
72569.233,1.006
72569.253,1.006
72569.273,1.004
72569.293,1.001
72569.313,1.006
72569.333,1.006
72569.353,1.004
72569.373,1.003
72569.393,1.005
72569.413,1.004
72569.433,1.004
72569.453,1.006
72569.473,1.005
72569.493,1.006
72569.513,1.006
72569.533,1.005
72569.553,1.007
72569.573,1.004
72569.593,1.003
72569.613,1.002
72569.633,1.004
72569.653,1.004
72569.673,1.003
72569.693,1.007
72569.713,1.005
72569.733,1.006
72569.753,1.004
72569.773,1.006
72569.793,1.006
72569.813,1.005
72569.833,1.003
72569.853,1.003
72569.873,1.005
72569.893,1.008
72569.913,1.004
72569.933,1.003
72569.953,1.004
72569.973,1.005
72569.993,1.004
72570.013,1.002
72570.033,1.006
72570.053,1.003
72570.073,1.004
72570.093,1.004
72570.113,1.005
72570.133,1.005
72570.153,1.004
72570.173,1.004
72570.193,1.005
72570.213,1.005
72570.233,1.005
72570.253,1.006
72570.273,1.005
72570.293,1.003
72570.313,1.005
72570.333,1.004
72570.353,1.005
72570.373,1.006
72570.393,1.006
72570.413,1.004
72570.433,1.003
72570.453,1.005
72570.473,1.003
72570.493,1.003
72570.513,1.004
72570.533,1.003
72570.553,1.006
72570.573,1.004
72570.593,1.006
72570.613,1.005
72570.633,1.006
72570.653,1.005
72570.673,1.004
72570.693,1.003
72570.713,1.002
72570.733,1.004
72570.753,1.006
72570.773,1.003
72570.793,1.006
72570.813,1.007
72570.833,1.004
72570.853,1.005
72570.873,1.004
72570.893,1.004
72570.913,1.007
72570.933,1.007
72570.953,1.005
72570.973,1.002
72570.993,1.004
72571.013,1.007
72571.033,1.007
72571.053,1.005
72571.073,1.006
72571.093,0.998
72571.113,1.006
72571.133,1.000
72571.153,1.008
72571.173,1.002
72571.193,1.004
72571.213,1.001
72571.233,1.004
72571.253,1.008
72571.273,1.001
72571.293,1.008
72571.313,1.003
72571.333,1.005
72571.353,1.001
72571.373,1.005
72571.393,1.004
72571.413,1.004
72571.433,1.006
72571.453,1.005
72571.473,1.004
72571.493,1.005
72571.513,1.004
72571.533,1.009
72571.553,1.005
72571.573,1.004
72571.593,1.004
72571.613,1.005
72571.633,0.999
72571.653,1.001
72571.673,1.006
72571.693,1.008
72571.713,1.006
72571.733,0.996
72571.753,0.997
72571.773,1.001
72571.793,1.006
72571.813,1.001
72571.833,1.005
72571.853,1.010
72571.873,0.997
72571.893,1.009
72571.913,0.998
72571.933,1.001
72571.953,1.000
72571.973,1.006
72571.993,1.006
72572.013,1.003
72572.033,1.009
72572.053,1.005
72572.073,1.004
72572.093,1.007
72572.113,1.007
72572.133,1.006
72572.153,1.004
72572.173,1.007
72572.193,1.002
72572.213,1.003
72572.233,1.004
72572.253,1.006
72572.273,1.004
72572.293,1.005
72572.313,1.008
72572.333,1.004
72572.353,1.004
72572.373,1.002
72572.393,1.003
72572.413,1.008
72572.433,1.005
72572.453,1.005
72572.473,1.005
72572.493,1.006
72572.513,1.004
72572.533,1.005
72572.553,1.005
72572.573,1.003
72572.593,1.006
72572.613,1.002
72572.633,1.004
72572.653,1.006
72572.673,1.005
72572.693,1.006
72572.713,1.004
72572.733,1.005
72572.753,1.002
72572.773,1.005
72572.793,1.005
72572.813,1.003
72572.833,1.005
72572.853,1.003
72572.873,1.006
72572.893,1.005
72572.913,1.005
72572.933,1.003
72572.953,1.005
72572.973,1.003
72572.993,1.004
72573.013,1.006
72573.033,1.005
72573.053,1.005
72573.073,1.003
72573.093,1.001
72573.113,1.005
72573.133,1.006
72573.153,1.002
72573.173,1.004
72573.193,1.003
72573.213,1.003
72573.233,1.006
72573.253,1.002
72573.273,1.005
72573.293,1.005
72573.313,1.007
72573.333,1.005
72573.353,1.004
72573.373,1.004
72573.393,1.001
72573.413,1.006
72573.433,1.004
72573.453,1.004
72573.473,1.006
72573.493,1.003
72573.513,1.004
72573.533,1.003
72573.553,1.008
72573.573,1.005
72573.593,1.005
72573.613,1.006
72573.633,1.004
72573.653,1.006
72573.673,1.002
72573.693,1.005
72573.713,1.004
72573.733,1.003
72573.753,1.004
72573.773,1.005
72573.793,1.008
72573.813,1.005
72573.833,1.007
72573.853,1.007
72573.873,1.005
72573.893,1.003
72573.913,1.003
72573.933,1.005
72573.953,1.004
72573.973,1.005
72573.993,1.006
72574.013,1.004
72574.033,1.003
72574.053,1.003
72574.073,1.006
72574.093,1.003
72574.113,1.002
72574.133,1.004
72574.153,1.000
72574.173,1.004
72574.193,1.002
72574.213,1.004
72574.233,1.006
72574.253,1.004
72574.273,1.005
72574.293,1.003
72574.313,1.007
72574.333,1.004
72574.353,1.004
72574.373,1.006
72574.393,1.003
72574.413,1.003
72574.433,1.008
72574.453,1.005
72574.473,1.005
72574.493,1.004
72574.513,1.005
72574.533,1.005
72574.553,1.005
72574.573,1.004
72574.593,1.003
72574.613,1.006
72574.633,1.003
72574.653,1.006
72574.673,1.003
72574.693,1.006
72574.713,1.003
72574.733,1.004
72574.753,1.007
72574.773,1.004
72574.793,1.002
72574.813,1.003
72574.833,1.003
72574.853,1.005
72574.873,1.004
72574.893,1.003
72574.913,1.006
72574.933,1.005
72574.953,1.005
72574.973,1.003
72574.993,1.004
72575.013,1.005
72575.033,1.004
72575.053,1.003
72575.073,1.004
72575.093,1.002
72575.113,1.005
72575.133,1.004
72575.153,1.005
72575.173,1.004
72575.193,1.004
72575.213,1.003
72575.233,1.005
72575.253,1.006
72575.273,1.004
72575.293,1.003
72575.313,1.003
72575.333,1.003
72575.353,1.004
72575.373,1.004
72575.393,1.003
72575.413,1.003
72575.433,1.004
72575.453,1.006
72575.473,1.006
72575.493,1.006
72575.513,1.003
72575.533,1.006
72575.553,1.004
72575.573,1.004
72575.593,1.006
72575.613,1.003
72575.633,1.005
72575.653,1.005
72575.673,1.003
72575.693,1.005
72575.713,1.006
72575.733,1.005
72575.753,1.006
72575.773,1.005
72575.793,1.003
72575.813,1.004
72575.833,1.002
72575.853,1.005
72575.873,1.006
72575.893,1.005
72575.913,1.003
72575.933,1.004
72575.953,1.005
72575.973,1.003
72575.993,1.007
72576.013,1.002
72576.033,1.002
72576.053,1.003
72576.073,1.003
72576.093,1.004
72576.113,1.005
72576.133,1.005
72576.153,1.005
72576.173,1.003
72576.193,1.004
72576.213,1.005
72576.233,1.005
72576.253,1.008
72576.273,1.002
72576.293,1.001
72576.313,1.004
72576.333,1.005
72576.353,1.004
72576.373,1.006
72576.393,1.001
72576.413,1.003
72576.433,1.003
72576.453,1.002
72576.473,1.006
72576.493,1.005
72576.513,1.004
72576.533,1.005
72576.553,1.006
72576.573,1.001
72576.593,1.002
72576.613,1.005
72576.633,1.004
72576.653,1.004
72576.673,1.004
72576.693,1.005
72576.713,1.002
72576.733,1.005
72576.753,1.008
72576.773,1.002
72576.793,1.004
72576.813,1.001
72576.833,1.003
72576.853,1.006
72576.873,1.009
72576.893,1.006
72576.913,1.008
72576.933,1.003
72576.953,1.003
72576.973,1.004
72576.993,1.002
72577.013,1.005
72577.033,1.003
72577.053,1.004
72577.073,1.008
72577.093,1.004
72577.113,1.004
72577.133,1.007
72577.153,1.006
72577.173,1.005
72577.193,1.003
72577.213,1.005
72577.233,1.004
72577.253,1.006
72577.273,1.005
72577.293,1.006
72577.313,1.005
72577.333,1.004
72577.353,1.004
72577.373,1.002
72577.393,1.006
72577.413,1.003
72577.433,1.004
72577.453,1.003
72577.473,1.006
72577.493,1.006
72577.513,1.003
72577.533,1.005
72577.553,1.006
72577.573,1.005
72577.593,1.003
72577.613,1.004
72577.633,1.006
72577.653,1.005
72577.673,1.005
72577.693,1.006
72577.713,1.005
72577.733,1.004
72577.753,1.006
72577.773,1.006
72577.793,1.004
72577.813,1.005
72577.833,1.004
72577.853,1.001
72577.873,1.002
72577.893,1.006
72577.913,1.004
72577.933,1.006
72577.953,1.006
72577.973,1.004
72577.993,1.002
72578.013,1.003
72578.033,1.004
72578.053,1.006
72578.073,1.004
72578.093,1.003
72578.113,1.002
72578.133,1.004
72578.153,1.004
72578.173,1.002
72578.193,1.004
72578.213,1.006
72578.233,1.006
72578.253,1.006
72578.273,1.006
72578.293,1.004
72578.313,1.005
72578.333,1.006
72578.353,1.007
72578.373,1.004
72578.393,1.005
72578.413,1.004
72578.433,1.005
72578.453,1.004
72578.473,1.003
72578.493,1.005
72578.513,1.006
72578.533,1.003
72578.553,1.005
72578.573,1.002
72578.593,1.003
72578.613,1.005
72578.633,1.007
72578.653,1.005
72578.673,1.002
72578.693,1.004
72578.713,1.004
72578.733,1.002
72578.753,1.005
72578.773,1.004
72578.793,1.001
72578.813,1.003
72578.833,1.006
72578.853,1.004
72578.873,1.005
72578.893,1.001
72578.913,1.004
72578.933,1.004
72578.953,1.004
72578.973,1.001
72578.993,1.004
72579.013,1.004
72579.033,1.005
72579.053,1.003
72579.073,1.006
72579.093,1.006
72579.113,1.005
72579.133,1.003
72579.153,1.003
72579.173,1.006
72579.193,1.003
72579.213,1.003
72579.233,1.004
72579.253,1.002
72579.273,1.004
72579.293,1.006
72579.313,1.003
72579.333,1.006
72579.353,1.005
72579.373,1.006
72579.393,1.002
72579.413,1.003
72579.433,1.002
72579.453,1.004
72579.473,1.002
72579.493,1.003
72579.513,1.004
72579.533,1.002
72579.553,1.005
72579.573,1.004
72579.593,1.007
72579.613,1.006
72579.633,1.006
72579.653,1.007
72579.673,1.005
72579.693,1.006
72579.713,1.003
72579.733,1.004
72579.753,1.002
72579.773,1.007
72579.793,1.004
72579.813,1.005
72579.833,1.003
72579.853,1.004
72579.873,1.004
72579.893,1.004
72579.913,1.002
72579.933,1.007
72579.953,1.004
72579.973,1.004
72579.993,1.003
72580.013,1.007
72580.033,1.002
72580.053,1.004
72580.073,1.006
72580.093,1.002
72580.113,1.004
72580.133,1.002
72580.153,1.003
72580.173,1.006
72580.193,1.009
72580.213,1.003
72580.233,1.004
72580.253,1.003
72580.273,1.002
72580.293,1.007
72580.313,1.007
72580.333,1.003
72580.353,1.005
72580.373,1.005
72580.393,0.999
72580.413,1.005
72580.433,1.006
72580.453,1.007
72580.473,1.006
72580.493,1.005
72580.513,1.002
72580.533,1.004
72580.553,1.004
72580.573,1.002
72580.593,1.003
72580.613,1.006
72580.633,1.003
72580.653,1.004
72580.673,1.002
72580.693,1.003
72580.713,1.001
72580.733,1.005
72580.753,1.004
72580.773,1.003
72580.793,1.004
72580.813,1.003
72580.833,1.005
72580.853,1.001
72580.873,1.001
72580.893,1.005
72580.913,1.004
72580.933,1.004
72580.953,1.002
72580.973,1.002
72580.993,1.003
72581.013,1.005
72581.033,1.004
72581.053,1.005
72581.073,1.003
72581.093,1.002
72581.113,1.003
72581.133,1.011
72581.153,1.007
72581.173,1.011
72581.193,1.005
72581.213,1.004
72581.233,1.003
72581.253,1.005
72581.273,1.003
72581.293,1.005
72581.313,1.006
72581.333,1.005
72581.353,1.005
72581.373,1.003
72581.393,1.002
72581.413,1.004
72581.433,1.005
72581.453,1.007
72581.473,1.004
72581.493,1.006
72581.513,1.002
72581.533,1.002
72581.553,1.003
72581.573,1.010
72581.593,1.001
72581.613,1.009
72581.633,1.007
72581.653,1.005
72581.673,1.006
72581.693,1.002
72581.713,1.005
72581.733,1.007
72581.753,1.004
72581.773,1.004
72581.793,1.005
72581.813,1.003
72581.833,1.006
72581.853,1.003
72581.873,1.006
72581.893,1.006
72581.913,1.001
72581.933,1.002
72581.953,1.004
72581.973,1.004
72581.993,1.004
72582.013,1.008
72582.033,1.006
72582.053,1.001
72582.073,1.009
72582.093,1.000
72582.113,1.006
72582.133,1.006
72582.153,1.012
72582.173,1.000
72582.193,1.013
72582.213,1.004
72582.233,0.999
72582.253,1.004
72582.273,1.005
72582.293,1.005
72582.313,1.007
72582.333,1.011
72582.353,1.002
72582.373,1.005
72582.393,1.002
72582.413,0.998
72582.433,1.007
72582.453,1.006
72582.473,1.004
72582.493,1.004
72582.513,1.004
72582.533,1.002
72582.553,1.005
72582.573,1.009
72582.593,1.005
72582.613,1.008
72582.633,1.004
72582.653,1.002
72582.673,1.002
72582.693,1.008
72582.713,1.006
72582.733,1.007
72582.753,1.007
72582.773,1.005
72582.793,1.005
72582.813,1.006
72582.833,1.006
72582.853,1.007
72582.873,1.006
72582.893,1.010
72582.913,0.998
72582.933,1.010
72582.953,1.004
72582.973,1.004
72582.993,1.006
72583.013,1.012
72583.033,1.007
72583.053,0.997
72583.073,1.005
72583.093,1.003
72583.113,1.011
72583.133,1.010
72583.153,1.000
72583.173,1.008
72583.193,1.006
72583.213,1.013
72583.233,0.999
72583.253,1.015
72583.273,0.996
72583.293,1.010
72583.313,1.007
72583.333,1.001
72583.353,1.006
72583.373,0.999
72583.393,1.007
72583.413,1.002
72583.433,1.007
72583.453,1.006
72583.473,1.001
72583.493,0.998
72583.513,1.000
72583.533,1.006
72583.553,1.003
72583.573,1.004
72583.593,1.001
72583.613,1.000
72583.633,1.010
72583.653,1.003
72583.673,1.007
72583.693,1.004
72583.713,1.008
72583.733,1.001
72583.753,1.004
72583.773,1.005
72583.793,1.000
72583.813,1.007
72583.833,1.003
72583.853,1.004
72583.873,1.005
72583.893,1.003
72583.913,1.005
72583.933,0.990
72583.953,1.005
72583.973,1.007
72583.993,1.009
72584.013,1.005
72584.033,0.996
72584.053,1.001
72584.073,1.006
72584.093,1.006
72584.113,1.005
72584.133,0.999
72584.153,1.008
73979.958,0.944
73979.978,1.072
73979.998,1.082
73980.018,1.050
73980.038,1.001
73980.058,0.972
73980.078,0.979
73980.098,1.097
73980.118,1.081
73980.138,1.093
73980.158,0.986
73980.178,1.000
73980.198,0.991
73980.218,1.005
73980.238,0.990
73980.258,1.011
73980.278,0.989
73980.298,1.010
73980.318,0.994
73980.338,1.010
73980.358,0.999
73980.378,1.007
73980.398,1.009
73980.418,0.998
73980.438,1.010
73980.458,1.004
73980.478,1.009
73980.498,1.008
73980.518,0.993
73980.538,1.012
73980.558,0.995
73980.578,1.001
73980.598,1.010
73980.618,1.008
73980.638,1.013
73980.658,1.002
73980.678,1.010
73980.698,0.997
73980.718,1.010
73980.738,1.001
73980.758,1.002
73980.778,1.011
73980.798,0.998
73980.818,1.007
73980.838,1.004
73980.858,1.003
73980.878,1.004
73980.898,1.001
73980.918,1.008
73980.938,0.999
73980.958,1.005
73980.978,1.001
73980.998,1.004
73981.018,1.005
73981.038,1.003
73981.058,1.011
73981.078,1.004
73981.098,1.002
73981.118,1.001
73981.138,1.004
73981.158,1.007
73981.178,1.002
73981.198,1.004
73981.218,1.002
73981.238,1.003
73981.258,1.004
73981.278,1.004
73981.298,1.008
73981.318,1.005
73981.338,1.007
73981.358,1.003
73981.378,1.006
73981.398,1.003
73981.418,1.002
73981.438,1.005
73981.458,1.002
73981.478,1.004
73981.498,1.002
73981.518,1.003
73981.538,1.002
73981.558,1.006
73981.578,1.003
73981.598,1.003
73981.618,1.003
73981.638,1.006
73981.658,0.999
73981.678,1.009
73981.698,1.002
73981.718,1.008
73981.738,1.005
73981.758,0.998
73981.778,1.009
73981.798,1.003
73981.818,1.004
73981.838,1.008
73981.858,0.999
73981.878,1.005
73981.898,1.004
73981.918,1.006
73981.938,1.008
73981.958,1.004
73981.978,1.005
73981.998,1.004
73982.018,1.003
73982.038,1.003
73982.058,1.007
73982.078,0.995
73982.098,1.013
73982.118,0.999
73982.138,1.006
73982.158,1.005
73982.178,1.006
73982.198,1.007
73982.218,1.004
73982.238,1.005
73982.258,1.001
73982.278,1.007
73982.298,1.004
73982.318,1.002
73982.338,1.010
73982.358,1.002
73982.378,0.999
73982.398,1.008
73982.418,1.001
73982.438,1.006
73982.458,1.003
73982.478,1.003
73982.498,1.008
73982.518,1.002
73982.538,1.004
73982.558,1.006
73982.578,1.007
73982.598,1.003
73982.618,1.002
73982.638,1.008
73982.658,1.003
73982.678,1.002
73982.698,1.010
73982.718,0.998
73982.738,0.998
73982.758,1.001
73982.778,1.003
73982.798,1.008
73982.818,1.004
73982.838,1.006
73982.858,1.001
73982.878,1.003
73982.898,1.003
73982.918,1.000
73982.938,1.007
73982.958,1.004
73982.978,1.009
73982.998,1.000
73983.018,1.003
73983.038,1.008
73983.058,0.998
73983.078,1.002
73983.098,1.005
73983.118,1.004
73983.138,1.003
73983.158,1.004
73983.178,1.006
73983.198,1.007
73983.218,1.007
73983.238,1.005
73983.258,1.004
73983.278,1.004
73983.298,1.003
73983.318,1.003
73983.338,1.002
73983.358,1.011
73983.378,0.998
73983.398,1.012
73983.418,0.998
73983.438,1.006
73983.458,1.002
73983.478,1.005
73983.498,1.006
73983.518,1.009
73983.538,1.009
73983.558,1.009
73983.578,1.001
73983.598,1.006
73983.618,1.001
73983.638,1.007
73983.658,1.008
73983.678,0.992
73983.698,1.009
73983.718,1.008
73983.738,0.998
73983.758,0.998
73983.778,1.000
73983.798,1.006
73983.818,1.010
73983.838,1.006
73983.858,1.005
73983.878,1.005
73983.898,1.008
73983.918,1.006
73983.938,1.009
73983.958,1.002
73983.978,1.009
73983.998,1.008
73984.018,1.001
73984.038,1.001
73984.058,1.000
73984.078,1.001
73984.098,0.999
73984.118,1.003
73984.138,1.009
73984.158,1.001
73984.178,1.006
73984.198,1.002
73984.218,0.997
73984.238,1.006
73984.258,1.007
73984.278,1.003
73984.298,1.006
73984.318,1.005
73984.338,1.001
73984.358,1.004
73984.378,1.002
73984.398,1.003
73984.418,1.003
73984.438,1.006
73984.458,0.993
73984.478,1.006
73984.498,1.010
73984.518,1.006
73984.538,1.003
73984.558,1.003
73984.578,1.002
73984.598,1.005
73984.618,1.003
73984.638,1.005
73984.658,1.003
73984.678,1.004
73984.698,1.002
73984.718,1.003
73984.738,1.002
73984.758,1.002
73984.778,1.002
73984.798,1.004
73984.818,1.006
73984.838,1.007
73984.858,1.002
73984.878,1.001
73984.898,1.004
73984.918,1.006
73984.938,1.005
73984.958,1.000
73984.978,1.003
73984.998,1.002
73985.018,1.003
73985.038,1.003
73985.058,1.005
73985.078,1.005
73985.098,1.006
73985.118,1.002
73985.138,1.004
73985.158,1.003
73985.178,1.002
73985.198,1.003
73985.218,1.002
73985.238,1.008
73985.258,1.002
73985.278,1.004
73985.298,1.004
73985.318,1.004
73985.338,1.005
73985.358,1.002
73985.378,1.004
73985.398,1.003
73985.418,1.005
73985.438,1.004
73985.458,1.003
73985.478,1.004
73985.498,1.003
73985.518,1.002
73985.538,1.006
73985.558,1.002
73985.578,1.001
73985.598,1.004
73985.618,1.004
73985.638,1.004
73985.658,1.003
73985.678,1.006
73985.698,1.004
73985.718,1.004
73985.738,1.003
73985.758,1.006
73985.778,1.004
73985.798,1.003
73985.818,1.001
73985.838,1.004
73985.858,1.004
73985.878,1.003
73985.898,1.005
73985.918,1.006
73985.938,1.002
73985.958,1.005
73985.978,1.001
73985.998,1.004
73986.018,1.006
73986.038,1.004
73986.058,1.005
73986.078,1.004
73986.098,1.004
73986.118,1.004
73986.138,1.005
73986.158,1.005
73986.178,1.004
73986.198,1.005
73986.218,1.001
73986.238,1.003
73986.258,1.005
73986.278,1.004
73986.298,1.004
73986.318,1.004
73986.338,1.004
73986.358,1.006
73986.378,1.005
73986.398,1.003
73986.418,1.004
73986.438,1.006
73986.458,1.007
73986.478,1.004
73986.498,1.004
73986.518,1.005
73986.538,1.003
73986.558,1.006
73986.578,1.004
73986.598,1.005
73986.618,1.003
73986.638,1.004
73986.658,1.004
73986.678,1.004
73986.698,1.008
73986.718,1.004
73986.738,1.005
73986.758,1.002
73986.778,1.004
73986.798,1.003
73986.818,1.004
73986.838,1.005
73986.858,1.001
73986.878,1.003
73986.898,1.005
73986.918,1.003
73986.938,1.005
73986.958,1.006
73986.978,1.008
73986.998,1.004
73987.018,1.004
73987.038,1.004
73987.058,1.002
73987.078,1.007
73987.098,1.004
73987.118,1.005
73987.138,1.005
73987.158,1.003
73987.178,1.003
73987.198,1.005
73987.218,1.003
73987.238,1.004
73987.258,1.007
73987.278,1.002
73987.298,1.004
73987.318,1.004
73987.338,1.002
73987.358,1.007
73987.378,1.006
73987.398,1.003
73987.418,1.003
73987.438,1.003
73987.458,1.003
73987.478,1.004
73987.498,1.005
73987.518,1.006
73987.538,1.006
73987.558,1.004
73987.578,1.004
73987.598,1.003
73987.618,1.004
73987.638,1.006
73987.658,1.005
73987.678,1.004
73987.698,1.004
73987.718,1.003
73987.738,1.004
73987.758,1.004
73987.778,1.003
73987.798,1.004
73987.818,1.004
73987.838,1.003
73987.858,1.003
73987.878,1.005
73987.898,1.002
73987.918,1.005
73987.938,1.007
73987.958,1.003
73987.978,1.002
73987.998,1.004
73988.018,1.005
73988.038,1.006
73988.058,1.005
73988.078,1.003
73988.098,1.005
73988.118,1.006
73988.138,1.002
73988.158,1.004
73988.178,1.004
73988.198,1.005
73988.218,1.005
73988.238,1.006
73988.258,1.004
73988.278,1.003
73988.298,1.004
73988.318,1.003
73988.338,1.005
73988.358,1.006
73988.378,1.005
73988.398,1.004
73988.418,1.005
73988.438,1.005
73988.458,1.004
73988.478,1.004
73988.498,1.001
73988.518,1.006
73988.538,1.005
73988.558,1.003
73988.578,1.003
73988.598,1.004
73988.618,1.003
73988.638,1.003
73988.658,1.002
73988.678,1.003
73988.698,1.005
73988.718,1.006
73988.738,1.002
73988.758,1.006
73988.778,1.006
73988.798,1.004
73988.818,1.001
73988.838,1.003
73988.858,1.003
73988.878,1.004
73988.898,1.005
73988.918,1.003
73988.938,1.005
73988.958,1.004
73988.978,1.005
73988.998,1.003
73989.018,1.005
73989.038,1.005
73989.058,1.004
73989.078,1.006
73989.098,1.002
73989.118,1.002
73989.138,1.006
73989.158,1.002
73989.178,1.002
73989.198,1.005
73989.218,1.005
73989.238,1.004
73989.258,1.007
73989.278,1.003
73989.298,1.006
73989.318,1.004
73989.338,1.003
73989.358,1.003
73989.378,1.005
73989.398,1.004
73989.418,1.002
73989.438,1.005
73989.458,1.005
73989.478,1.005
73989.498,1.002
73989.518,1.007
73989.538,1.004
73989.558,1.003
73989.578,1.005
73989.598,1.003
73989.618,1.003
73989.638,1.003
73989.658,1.004
73989.678,1.006
73989.698,1.004
73989.718,1.005
73989.738,1.004
73989.758,1.003
73989.778,1.004
73989.798,1.003
73989.818,1.004
73989.838,1.004
73989.858,1.004
73989.878,1.005
73989.898,1.005
73989.918,1.004
73989.938,1.003
73989.958,1.006
73989.978,1.005
73989.998,1.004
73990.018,1.006
73990.038,1.005
73990.058,1.004
73990.078,1.003
73990.098,1.005
73990.118,1.002
73990.138,1.002
73990.158,1.005
73990.178,1.002
73990.198,1.003
73990.218,1.003
73990.238,1.005
73990.258,1.004
73990.278,1.002
73990.298,1.005
73990.318,1.004
73990.338,1.000
73990.358,1.005
73990.378,1.003
73990.398,1.005
73990.418,1.003
73990.438,1.004
73990.458,1.003
73990.478,1.003
73990.498,1.003
73990.518,1.006
73990.538,1.006
73990.558,1.004
73990.578,1.004
73990.598,1.004
73990.618,1.003
73990.638,1.004
73990.658,1.002
73990.678,1.005
73990.698,1.003
73990.718,1.004
73990.738,1.004
73990.758,1.005
73990.778,1.005
73990.798,1.004
73990.818,1.005
73990.838,1.004
73990.858,1.002
73990.878,1.006
73990.898,1.003
73990.918,1.007
73990.938,1.004
73990.958,1.006
73990.978,1.003
73990.998,1.004
73991.018,1.001
73991.038,1.005
73991.058,1.003
73991.078,1.002
73991.098,1.004
73991.118,1.003
73991.138,1.002
73991.158,1.005
73991.178,1.003
73991.198,1.005
73991.218,1.007
73991.238,1.006
73991.258,1.003
73991.278,1.004
73991.298,1.005
73991.318,1.004
73991.338,1.004
73991.358,1.005
73991.378,1.006
73991.398,1.005
73991.418,1.004
73991.438,1.005
73991.458,1.002
73991.478,1.002
73991.498,1.004
73991.518,1.007
73991.538,1.004
73991.558,1.006
73991.578,1.002
73991.598,1.004
73991.618,1.005
73991.638,1.006
73991.658,1.005
73991.678,1.008
73991.698,1.005
73991.718,1.002
73991.738,1.005
73991.758,1.005
73991.778,1.005
73991.798,1.005
73991.818,1.008
73991.838,1.002
73991.858,1.005
73991.878,1.004
73991.898,1.005
73991.918,1.005
73991.938,1.004
73991.958,1.002
73991.978,1.003
73991.998,1.006
73992.018,1.002
73992.038,1.005
73992.058,1.003
73992.078,1.007
73992.098,1.005
73992.118,1.004
73992.138,1.003
73992.158,1.003
73992.178,1.003
73992.198,1.004
73992.218,1.004
73992.238,1.005
73992.258,1.004
73992.278,1.005
73992.298,1.004
73992.318,1.005
73992.338,1.005
73992.358,1.002
73992.378,1.004
73992.398,1.003
73992.418,1.004
73992.438,1.006
73992.458,1.003
73992.478,1.007
73992.498,1.003
73992.518,1.003
73992.538,1.003
73992.558,1.003
73992.578,1.006
73992.598,1.009
73992.618,1.002
73992.638,1.004
73992.658,1.004
73992.678,1.003
73992.698,1.003
73992.718,1.005
73992.738,1.004
73992.758,1.003
73992.778,1.004
73992.798,1.003
73992.818,1.004
73992.838,1.004
73992.858,1.003
73992.878,1.006
73992.898,1.006
73992.918,1.004
73992.938,1.004
73992.958,1.006
73992.978,1.006
73992.998,1.003
73993.018,1.005
73993.038,1.004
73993.058,1.004
73993.078,1.004
73993.098,1.003
73993.118,1.004
73993.138,1.002
73993.158,1.004
73993.178,1.003
73993.198,1.005
73993.218,1.003
73993.238,1.003
73993.258,1.006
73993.278,1.005
73993.298,1.004
73993.318,1.006
73993.338,1.007
73993.358,1.002
73993.378,1.003
73993.398,1.003
73993.418,1.006
73993.438,1.006
73993.458,1.003
73993.478,1.006
73993.498,1.004
73993.518,1.003
73993.538,1.004
73993.558,1.006
73993.578,1.002
73993.598,1.004
73993.618,1.003
73993.638,1.004
73993.658,1.005
73993.678,1.004
73993.698,1.005
73993.718,1.004
73993.738,1.004
73993.758,1.005
73993.778,1.004
73993.798,1.003
73993.818,1.005
73993.838,1.004
73993.858,1.003
73993.878,1.005
73993.898,1.003
73993.918,1.005
73993.938,1.002
73993.958,1.006
73993.978,1.004
73993.998,1.006
73994.018,1.002
73994.038,1.005
73994.058,1.005
73994.078,1.004
73994.098,1.005
73994.118,1.003
73994.138,1.003
73994.158,1.004
73994.178,1.003
73994.198,1.006
73994.218,1.003
73994.238,1.006
73994.258,1.002
73994.278,1.004
73994.298,1.004
73994.318,1.004
73994.338,1.002
73994.358,1.006
73994.378,1.005
73994.398,1.005
73994.418,0.953
73994.438,0.979
73994.458,0.990
73994.478,0.904
73994.498,1.014
73994.518,1.005
73994.538,1.046
73994.558,1.003
73994.578,0.958
73994.598,0.987
73994.618,1.001
73994.638,0.990
73994.658,0.992
73994.678,1.003
73994.698,0.988
73994.718,0.997
73994.738,1.002
73994.758,1.002
73994.778,1.006
73994.798,1.012
73994.818,1.001
73994.838,1.006
73994.858,1.012
73994.878,0.996
73994.898,1.014
73994.918,1.003
73994.938,0.986
73994.958,1.000
73994.978,1.033
73994.998,1.020
73995.018,1.017
73995.038,1.006
73995.058,0.999
73995.078,1.013
73995.098,1.012
73995.118,1.000
73995.138,1.007
73995.158,1.003
73995.178,0.999
73995.198,0.997
73995.218,0.999
73995.238,1.010
73995.258,1.006
73995.278,1.010
73995.298,1.002
73995.318,0.994
73995.338,1.005
73995.358,1.012
73995.378,1.009
73995.398,1.010
73995.418,1.012
73995.438,1.011
73995.458,1.010
73995.478,1.007
73995.498,1.002
73995.518,1.005
73995.538,1.001
73995.558,0.997
73995.578,1.002
73995.598,1.004
73995.618,1.006
73995.638,1.004
73995.658,1.009
73995.678,1.003
73995.698,1.001
73995.718,1.003
73995.738,1.001
73995.758,1.007
73995.778,1.002
73995.798,1.008
73995.818,1.002
73995.838,1.003
73995.858,1.006
73995.878,1.001
73995.898,1.006
73995.918,1.004
73995.938,1.006
73995.958,1.006
73995.978,1.009
73995.998,1.002
73996.018,1.003
73996.038,1.008
73996.058,1.006
73996.078,1.006
73996.098,1.003
73996.118,1.003
73996.138,1.004
73996.158,1.003
73996.178,1.004
73996.198,1.005
73996.218,1.008
73996.238,1.005
73996.258,1.007
73996.278,1.007
73996.298,1.009
73996.318,0.997
73996.338,0.998
73996.358,1.002
73996.378,1.001
73996.398,1.005
73996.418,1.003
73996.438,1.005
73996.458,1.009
73996.478,1.000
73996.498,1.001
73996.518,1.005
73996.538,1.008
73996.558,0.999
73996.578,1.004
73996.598,1.004
73996.618,1.002
73996.638,1.004
73996.658,1.004
73996.678,1.008
73996.698,1.006
73996.718,1.003
73996.738,1.005
73996.758,1.001
73996.778,1.004
73996.798,1.003
73996.818,1.009
73996.838,1.009
73996.858,0.996
73996.878,1.007
73996.898,1.007
73996.918,1.003
73996.938,1.005
73996.958,1.000
73996.978,1.005
73996.998,1.003
73997.018,0.999
73997.038,1.006
73997.058,1.004
73997.078,0.999
73997.098,1.003
73997.118,1.000
73997.138,1.003
73997.158,1.006
73997.178,1.005
73997.198,1.004
73997.218,1.007
73997.238,1.000
73997.258,1.008
73997.278,1.008
73997.298,1.001
73997.318,1.005
73997.338,1.003
73997.358,1.004
73997.378,1.003
73997.398,1.002
73997.418,1.003
73997.438,1.004
73997.458,1.006
73997.478,1.000
73997.498,1.006
73997.518,1.005
73997.538,1.004
73997.558,1.008
73997.578,1.007
73997.598,1.005
73997.618,1.002
73997.638,1.005
73997.658,1.001
73997.678,1.004
73997.698,1.004
73997.718,1.001
73997.738,1.004
73997.758,1.005
73997.778,1.003
73997.798,1.005
73997.818,1.004
73997.838,1.005
73997.858,1.001
73997.878,1.006
73997.898,1.003
73997.918,1.003
73997.938,1.004
73997.958,1.005
73997.978,1.007
73997.998,1.005
73998.018,1.002
73998.038,1.004
73998.058,1.001
73998.078,1.007
73998.098,1.000
73998.118,1.003
73998.138,1.004
73998.158,1.003
73998.178,1.004
73998.198,1.006
73998.218,1.004
73998.238,1.002
73998.258,1.006
73998.278,1.002
73998.298,1.003
73998.318,1.004
73998.338,1.004
73998.358,1.004
73998.378,1.005
73998.398,1.005
73998.418,1.006
73998.438,1.007
73998.458,1.001
73998.478,1.001
73998.498,1.005
73998.518,1.004
73998.538,1.003
73998.558,1.003
73998.578,1.005
73998.598,1.003
73998.618,1.004
73998.638,1.005
73998.658,1.002
73998.678,1.006
73998.698,1.004
73998.718,1.002
73998.738,1.004
73998.758,1.002
73998.778,1.005
73998.798,1.005
73998.818,1.006
73998.838,1.002
73998.858,1.007
73998.878,1.005
73998.898,1.006
73998.918,1.001
73998.938,1.004
73998.958,1.007
73998.978,1.005
73998.998,1.005
73999.018,1.010
73999.038,0.997
73999.058,1.005
73999.078,1.001
73999.098,1.000
73999.118,1.006
73999.138,1.006
73999.158,1.006
73999.178,1.002
73999.198,1.005
73999.218,1.002
73999.238,1.007
73999.258,1.006
73999.278,1.004
73999.298,1.006
73999.318,1.002
73999.338,0.997
73999.358,1.003
73999.378,1.005
73999.398,1.009
73999.418,1.012
73999.438,1.004
73999.458,1.001
73999.478,1.023
73999.498,1.008
73999.518,1.002
73999.538,1.011
73999.558,1.022
73999.578,1.009
73999.598,1.014
73999.618,0.998
73999.638,1.004
73999.658,0.999
73999.678,1.003
73999.698,1.024
73999.718,0.998
73999.738,1.010
73999.758,0.998
73999.778,0.994
73999.798,1.005
73999.818,1.000
73999.838,1.001
73999.858,1.034
73999.878,1.028
73999.898,0.990
73999.918,1.015
73999.938,1.015
73999.958,0.986
73999.978,1.002
73999.998,1.009
74000.018,1.002
74000.038,1.010
74000.058,0.994
74000.078,1.002
74000.098,0.997
74000.118,1.009
74000.138,0.998
74000.158,1.013
74000.178,1.015
74000.198,0.993
74000.218,1.004
74000.238,1.005
74000.258,1.003
74000.278,1.002
74000.298,1.006
74000.318,1.009
74000.338,1.001
74000.358,1.006
74000.378,0.998
74000.398,1.010
74000.418,1.003
74000.438,1.000
74000.458,1.003
74000.478,1.005
74000.498,1.002
74000.518,0.999
74000.538,1.010
74000.558,1.008
74000.578,1.004
74000.598,1.003
74000.618,1.003
74000.638,1.003
74000.658,1.002
74000.678,1.003
74000.698,1.006
74000.718,1.010
74000.738,0.999
74000.758,1.002
74000.778,1.006
74000.798,1.001
74000.818,1.006
74000.838,1.011
74000.858,1.001
74000.878,1.001
74000.898,1.002
74000.918,1.004
74000.938,1.003
74000.958,1.004
74000.978,1.005
74000.998,1.004
74001.018,1.006
74001.038,1.001
74001.058,1.005
74001.078,1.008
74001.098,1.002
74001.118,1.004
74001.138,1.006
74001.158,1.006
74001.178,1.000
74001.198,1.002
74001.218,1.007
74001.238,1.003
74001.258,1.003
74001.278,1.003
74001.298,1.005
74001.318,1.007
74001.338,1.003
74001.358,1.005
74001.378,1.004
74001.398,1.009
74001.418,1.001
74001.438,1.003
74001.458,1.005
74001.478,1.005
74001.498,1.006
74001.518,1.005
74001.538,1.004
74001.558,1.006
74001.578,1.002
74001.598,0.999
74001.618,1.004
74001.638,1.005
74001.658,1.004
74001.678,1.005
74001.698,1.003
74001.718,1.004
74001.738,1.002
74001.758,1.005
74001.778,1.006
74001.798,1.003
74001.818,1.003
74001.838,1.005
74001.858,1.005
74001.878,1.004
74001.898,1.004
74001.918,1.007
74001.938,1.006
74001.958,1.005
74001.978,1.002
74001.998,1.005
74002.018,1.005
74002.038,1.007
74002.058,1.005
74002.078,1.003
74002.098,1.004
74002.118,1.003
74002.138,1.006
74002.158,1.006
74002.178,1.005
74002.198,1.004
74002.218,1.003
74002.238,1.002
74002.258,1.004
74002.278,1.005
74002.298,1.006
74002.318,1.005
74002.338,1.004
74002.358,1.004
74002.378,1.003
74002.398,1.003
74002.418,1.004
74002.438,1.003
74002.458,1.002
74002.478,1.003
74002.498,1.006
74002.518,1.004
74002.538,1.003
74002.558,1.005
74002.578,1.006
74002.598,1.004
74002.618,1.003
74002.638,1.005
74002.658,1.005
74002.678,1.002
74002.698,1.004
74002.718,1.006
74002.738,1.007
74002.758,1.001
74002.778,1.005
74002.798,1.003
74002.818,1.002
74002.838,1.005
74002.858,1.002
74002.878,1.004
74002.898,1.004
74002.918,1.005
74002.938,1.005
74002.958,1.008
74002.978,1.006
74002.998,1.006
74003.018,1.008
74003.038,1.002
74003.058,1.005
74003.078,1.005
74003.098,1.007
74003.118,1.004
74003.138,1.002
74003.158,1.005
74003.178,1.003
74003.198,1.002
74003.218,1.000
74003.238,1.006
74003.258,1.005
74003.278,1.007
74003.298,1.005
74003.318,1.006
74003.338,1.005
74003.358,1.001
74003.378,1.005
74003.398,1.002
74003.418,1.006
74003.438,1.004
74003.458,1.001
74003.478,1.004
74003.498,1.002
74003.518,1.007
74003.538,1.005
74003.558,1.007
74003.578,1.002
74003.598,1.003
74003.618,1.003
74003.638,1.006
74003.658,1.002
74003.678,1.007
74003.698,1.001
74003.718,1.002
74003.738,1.005
74003.758,1.005
74003.778,1.006
74003.798,1.004
74003.818,1.004
74003.838,1.002
74003.858,1.003
74003.878,1.004
74003.898,1.003
74003.918,1.006
74003.938,1.006
74003.958,1.008
74003.978,1.004
74003.998,1.003
74004.018,1.004
74004.038,1.005
74004.058,1.004
74004.078,1.003
74004.098,1.004
74004.118,1.001
74004.138,1.002
74004.158,1.005
74004.178,1.004
74004.198,1.004
74004.218,1.003
74004.238,1.003
74004.258,1.004
74004.278,1.006
74004.298,1.005
74004.318,1.001
74004.338,1.004
74004.358,1.004
74004.378,1.006
74004.398,1.004
74004.418,1.004
74004.438,1.004
74004.458,1.004
74004.478,1.005
74004.498,1.004
74004.518,1.003
74004.538,1.003
74004.558,1.004
74004.578,1.004
74004.598,1.006
74004.618,1.005
74004.638,1.006
74004.658,1.004
74004.678,1.002
74004.698,1.004
74004.718,1.003
74004.738,1.005
74004.758,1.006
74004.778,1.003
74004.798,1.005
74004.818,1.004
74004.838,1.004
74004.858,1.004
74004.878,1.006
74004.898,1.004
74004.918,1.003
74004.938,1.003
74004.958,1.004
74004.978,1.003
74004.998,1.004
74005.018,1.006
74005.038,1.005
74005.058,1.007
74005.078,1.005
74005.098,1.004
74005.118,1.005
74005.138,1.001
74005.158,1.005
74005.178,1.005
74005.198,1.003
74005.218,1.004
74005.238,1.003
74005.258,1.005
74005.278,1.004
74005.298,1.005
74005.318,1.006
74005.338,1.007
74005.358,1.003
74005.378,1.003
74005.398,1.004
74005.418,1.002
74005.438,1.004
74005.458,1.006
74005.478,1.005
74005.498,1.003
74005.518,1.002
74005.538,1.003
74005.558,1.003
74005.578,1.007
74005.598,1.005
74005.618,1.006
74005.638,1.004
74005.658,1.003
74005.678,1.003
74005.698,1.004
74005.718,1.006
74005.738,1.006
74005.758,1.005
74005.778,1.002
74005.798,1.004
74005.818,1.004
74005.838,1.003
74005.858,1.002
74005.878,1.003
74005.898,1.003
74005.918,1.004
74005.938,1.006
74005.958,1.003
74005.978,1.005
74005.998,1.004
74006.018,1.004
74006.038,1.006
74006.058,1.001
74006.078,1.004
74006.098,1.001
74006.118,1.003
74006.138,1.004
74006.158,1.003
74006.178,1.004
74006.198,1.002
74006.218,1.004
74006.238,1.000
74006.258,1.005
74006.278,1.005
74006.298,1.004
74006.318,1.002
74006.338,1.004
74006.358,1.006
74006.378,1.005
74006.398,1.004
74006.418,1.003
74006.438,1.006
74006.458,1.003
74006.478,1.004
74006.498,1.004
74006.518,1.004
74006.538,1.002
74006.558,1.007
74006.578,1.006
74006.598,1.004
74006.618,1.002
74006.638,1.005
74006.658,1.005
74006.678,1.004
74006.698,1.005
74006.718,1.003
74006.738,1.004
74006.758,1.004
74006.778,1.003
74006.798,1.006
74006.818,1.002
74006.838,1.005
74006.858,1.003
74006.878,1.004
74006.898,1.003
74006.918,1.005
74006.938,1.003
74006.958,1.006
74006.978,1.003
74006.998,1.004
74007.018,1.004
74007.038,1.004
74007.058,1.006
74007.078,1.005
74007.098,1.003
74007.118,1.006
74007.138,1.005
74007.158,1.004
74007.178,1.002
74007.198,1.003
74007.218,1.003
74007.238,1.005
74007.258,1.005
74007.278,1.005
74007.298,1.005
74007.318,1.006
74007.338,1.004
74007.358,1.006
74007.378,1.007
74007.398,1.003
74007.418,1.004
74007.438,1.002
74007.458,1.004
74007.478,1.003
74007.498,1.005
74007.518,1.005
74007.538,1.005
74007.558,1.005
74007.578,1.003
74007.598,1.003
74007.618,1.003
74007.638,1.006
74007.658,1.004
74007.678,1.004
74007.698,1.004
74007.718,1.004
74007.738,1.005
74007.758,1.005
74007.778,1.004
74007.798,1.001
74007.818,1.002
74007.838,1.005
74007.858,1.004
74007.878,1.006
74007.898,1.003
74007.918,1.006
74007.938,1.002
74007.958,1.003
74007.978,1.004
74007.998,1.003
74008.018,1.004
74008.038,1.004
74008.058,1.004
74008.078,1.003
74008.098,1.005
74008.118,1.008
74008.138,1.003
74008.158,1.005
74008.178,1.003
74008.198,1.006
74008.218,1.004
74008.238,1.005
74008.258,1.005
74008.278,1.003
74008.298,1.004
74008.318,1.005
74008.338,1.003
74008.358,1.006
74008.378,1.003
74008.398,1.006
74008.418,1.005
74008.438,1.004
74008.458,1.004
74008.478,1.005
74008.498,1.004
74008.518,1.006
74008.538,1.006
74008.558,1.003
74008.578,1.006
74008.598,1.002
74008.618,1.007
74008.638,1.004
74008.658,1.006
74008.678,1.001
74008.698,1.005
74008.718,1.004
74008.738,1.005
74008.758,1.002
74008.778,1.002
74008.798,1.007
74008.818,1.005
74008.838,1.004
74008.858,1.006
74008.878,1.006
74008.898,1.004
74008.918,1.005
74008.938,1.003
74008.958,1.005
74008.978,1.003
74008.998,1.005
74009.018,1.002
74009.038,1.004
74009.058,1.006
74009.078,1.001
74009.098,1.003
74009.118,1.002
74009.138,1.002
74009.158,1.003
74009.178,1.003
74009.198,1.003
74009.218,1.003
74009.238,1.002
74009.258,1.004
74009.278,1.005
74009.298,1.005
74009.318,1.004
74009.338,1.005
74009.358,1.003
74009.378,1.006
74009.398,1.004
74009.418,1.003
74009.438,1.002
74009.458,1.007
74009.478,1.005
74009.498,1.004
74009.518,1.005
74009.538,1.006
74009.558,1.004
74009.578,1.005
74009.598,1.005
74009.618,1.002
74009.638,1.006
74009.658,1.006
74009.678,1.004
74009.698,1.001
74009.718,1.007
74009.738,1.004
74009.758,1.005
74009.778,1.004
74009.798,1.006
74009.818,1.006
74009.838,1.004
74009.858,1.003
74009.878,1.004
74009.898,1.003
74009.918,1.005
74009.938,1.005
74009.958,1.004
74009.978,1.004
74009.998,1.005
74010.018,1.004
74010.038,1.004
74010.058,1.005
74010.078,1.003
74010.098,1.004
74010.118,1.007
74010.138,1.007
74010.158,1.004
74010.178,1.006
74010.198,1.004
74010.218,1.004
74010.238,1.004
74010.258,1.005
74010.278,1.004
74010.298,1.005
74010.318,1.005
74010.338,1.003
74010.358,1.007
74010.378,1.005
74010.398,1.003
74010.418,1.003
74010.438,1.005
74010.458,1.005
74010.478,1.003
74010.498,1.007
74010.518,1.005
74010.538,1.005
74010.558,1.005
74010.578,1.005
74010.598,1.004
74010.618,1.005
74010.638,1.004
74010.658,1.004
74010.678,1.004
74010.698,1.004
74010.718,1.003
74010.738,1.006
74010.758,1.006
74010.778,1.006
74010.798,1.006
74010.818,1.004
74010.838,1.002
74010.858,1.004
74010.878,1.004
74010.898,1.003
74010.918,1.006
74010.938,1.004
74010.958,1.005
74010.978,1.004
74010.998,1.006
74011.018,1.004
74011.038,1.004
74011.058,1.006
74011.078,1.004
74011.098,1.005
74011.118,1.005
74011.138,1.002
74011.158,1.005
74011.178,1.005
74011.198,1.005
74011.218,1.005
74011.238,1.002
74011.258,1.001
74011.278,1.003
74011.298,1.005
74011.318,1.005
74011.338,1.005
74011.358,1.004
74011.378,1.003
74011.398,1.002
74011.418,1.006
74011.438,1.004
74011.458,1.003
74011.478,1.004
74011.498,1.003
74011.518,1.004
74011.538,1.006
74011.558,1.004
74011.578,1.004
74011.598,1.004
74011.618,1.006
74011.638,1.004
74011.658,1.006
74011.678,1.004
74011.698,1.006
74011.718,1.006
74011.738,1.005
74011.758,1.003
74011.778,1.005
74011.798,1.003
74011.818,1.003
74011.838,1.006
74011.858,1.004
74011.878,1.003
74011.898,1.005
74011.918,1.004
74011.938,1.005
74011.958,1.006
74011.978,1.005
74011.998,1.004
74012.018,1.002
74012.038,1.004
74012.058,1.003
74012.078,1.004
74012.098,1.007
74012.118,1.004
74012.138,1.006
74012.158,1.005
74012.178,1.006
74012.198,1.004
74012.218,1.003
74012.238,1.004
74012.258,1.002
74012.278,1.005
74012.298,1.003
74012.318,1.002
74012.338,1.004
74012.358,1.003
74012.378,1.003
74012.398,1.003
74012.418,1.004
74012.438,1.003
74012.458,1.006
74012.478,1.002
74012.498,1.004
74012.518,1.006
74012.538,1.003
74012.558,1.006
74012.578,1.006
74012.598,1.007
74012.618,1.003
74012.638,1.006
74012.658,1.003
74012.678,1.005
74012.698,1.001
74012.718,1.004
74012.738,1.006
74012.758,1.004
74012.778,1.004
74012.798,1.003
74012.818,1.006
74012.838,1.002
74012.858,1.005
74012.878,1.003
74012.898,1.006
74012.918,1.003
74012.938,1.004
74012.958,1.007
74012.978,1.003
74012.998,1.002
74013.018,1.003
74013.038,1.004
74013.058,1.004
74013.078,1.002
74013.098,1.005
74013.118,1.003
74013.138,1.006
74013.158,1.003
74013.178,1.003
74013.198,1.005
74013.218,1.003
74013.238,1.004
74013.258,1.001
74013.278,1.008
74013.298,1.004
74013.318,1.004
74013.338,1.005
74013.358,1.004
74013.378,1.005
74013.398,1.006
74013.418,1.005
74013.438,1.003
74013.458,1.004
74013.478,1.005
74013.498,1.005
74013.518,1.006
74013.538,1.005
74013.558,1.004
74013.578,1.003
74013.598,1.003
74013.618,1.003
74013.638,1.006
74013.658,1.006
74013.678,1.003
74013.698,1.000
74013.718,1.004
74013.738,1.003
74013.758,1.005
74013.778,1.005
74013.798,1.003
74013.818,1.006
74013.838,1.004
74013.858,1.003
74013.878,1.004
74013.898,1.003
74013.918,1.006
74013.938,1.005
74013.958,1.005
74013.978,1.006
74013.998,1.004
74014.018,1.004
74014.038,1.003
74014.058,1.006
74014.078,1.003
74014.098,1.006
74014.118,1.003
74014.138,1.002
74014.158,1.003
74014.178,1.006
74014.198,1.004
74014.218,1.005
74014.238,1.003
74014.258,1.004
74014.278,1.003
74014.298,1.005
74014.318,1.005
74014.338,1.003
74014.358,1.006
74014.378,1.005
74014.398,1.002
74370.743,0.864
74370.763,0.978
74370.783,0.942
74370.803,1.047
74370.823,1.025
74370.843,0.983
74370.863,1.002
74370.883,1.003
74370.903,1.041
74370.923,0.994
74370.943,1.000
74370.963,1.019
74370.983,1.004
74371.003,1.007
74371.023,1.012
74371.043,1.005
74371.063,1.006
74371.083,1.009
74371.103,1.004
74371.123,1.002
74371.143,1.000
74371.163,1.013
74371.183,1.009
74371.203,1.001
74371.223,1.009
74371.243,1.002
74371.263,1.004
74371.283,1.002
74371.303,1.009
74371.323,1.000
74371.343,1.006
74371.363,1.006
74371.383,1.000
74371.403,1.007
74371.423,1.002
74371.443,1.002
74371.463,1.005
74371.483,1.006
74371.503,1.005
74371.523,1.005
74371.543,1.005
74371.563,1.001
74371.583,1.002
74371.603,1.007
74371.623,1.002
74371.643,1.007
74371.663,1.005
74371.683,1.003
74371.703,1.005
74371.723,1.007
74371.743,1.000
74371.763,1.003
74371.783,1.007
74371.803,1.004
74371.823,1.005
74371.843,1.004
74371.863,1.004
74371.883,1.003
74371.903,1.008
74371.923,1.006
74371.943,1.007
74371.963,1.005
74371.983,1.001
74372.003,1.003
74372.023,1.005
74372.043,1.005
74372.063,1.004
74372.083,1.006
74372.103,1.005
74372.123,1.002
74372.143,1.007
74372.163,1.007
74372.183,1.003
74372.203,1.005
74372.223,1.004
74372.243,1.005
74372.263,1.005
74372.283,1.002
74372.303,1.004
74372.323,1.005
74372.343,1.006
74372.363,1.003
74372.383,1.004
74372.403,1.002
74372.423,1.003
74372.443,1.005
74372.463,1.004
74372.483,1.002
74372.503,1.005
74372.523,1.002
74372.543,1.006
74372.563,1.005
74372.583,1.007
74372.603,1.002
74372.623,1.006
74372.643,1.005
74372.663,1.004
74372.683,1.003
74372.703,1.004
74372.723,1.002
74372.743,1.006
74372.763,1.005
74372.783,1.005
74372.803,1.005
74372.823,1.001
74372.843,1.004
74372.863,1.003
74372.883,1.003
74372.903,1.004
74372.923,1.004
74372.943,1.005
74372.963,1.006
74372.983,1.003
74373.003,1.005
74373.023,1.005
74373.043,1.006
74373.063,1.005
74373.083,1.005
74373.103,1.003
74373.123,1.005
74373.143,1.004
74373.163,1.004
74373.183,1.003
74373.203,1.004
74373.223,1.008
74373.243,1.003
74373.263,1.005
74373.283,1.004
74373.303,1.005
74373.323,1.005
74373.343,1.005
74373.363,1.006
74373.383,1.005
74373.403,1.004
74373.423,1.005
74373.443,1.004
74373.463,1.003
74373.483,1.004
74373.503,1.003
74373.523,1.005
74373.543,1.005
74373.563,1.006
74373.583,1.005
74373.603,1.004
74373.623,1.003
74373.643,1.002
74373.663,1.005
74373.683,1.005
74373.703,1.007
74373.723,1.005
74373.743,1.005
74373.763,1.004
74373.783,1.003
74373.803,1.004
74373.823,1.005
74373.843,1.003
74373.863,1.005
74373.883,1.003
74373.903,1.007
74373.923,1.004
74373.943,1.003
74373.963,1.006
74373.983,1.006
74374.003,1.006
74374.023,1.003
74374.043,1.009
74374.063,1.004
74374.083,1.006
74374.103,1.005
74374.123,1.002
74374.143,1.003
74374.163,1.004
74374.183,1.004
74374.203,1.006
74374.223,1.005
74374.243,1.005
74374.263,1.005
74374.283,1.005
74374.303,1.004
74374.323,1.003
74374.343,1.004
74374.363,1.006
74374.383,1.006
74374.403,1.003
74374.423,1.004
74374.443,1.003
74374.463,1.003
74374.483,1.003
74374.503,1.006
74374.523,1.005
74374.543,1.007
74374.563,1.006
74374.583,1.004
74374.603,1.003
74374.623,1.005
74374.643,1.004
74374.663,1.003
74374.683,1.005
74374.703,1.004
74374.723,1.005
74374.743,1.004
74374.763,1.005
74374.783,1.003
74374.803,1.006
74374.823,1.003
74374.843,1.003
74374.863,1.004
74374.883,1.003
74374.903,1.003
74374.923,1.006
74374.943,1.005
74374.963,1.005
74374.983,1.006
74375.003,1.004
74375.023,1.005
74375.043,1.004
74375.063,1.006
74375.083,1.005
74375.103,1.006
74375.123,1.005
74375.143,1.003
74375.163,1.004
74375.183,1.004
74375.203,1.004
74375.223,1.004
74375.243,1.006
74375.263,1.004
74375.283,1.004
74375.303,1.004
74375.323,1.004
74375.343,1.004
74375.363,1.008
74375.383,1.006
74375.403,1.005
74375.423,1.006
74375.443,1.005
74375.463,1.004
74375.483,1.006
74375.503,1.005
74375.523,1.006
74375.543,1.005
74375.563,1.004
74375.583,1.004
74375.603,1.004
74375.623,1.005
74375.643,1.005
74375.663,1.004
74375.683,1.004
74375.703,1.003
74375.723,1.001
74375.743,1.006
74375.763,1.003
74375.783,1.005
74375.803,1.005
74375.823,1.005
74375.843,1.005
74375.863,1.006
74375.883,1.003
74375.903,1.006
74375.923,1.004
74375.943,1.006
74375.963,1.005
74375.983,1.005
74376.003,1.004
74376.023,1.004
74376.043,1.006
74376.063,1.004
74376.083,1.007
74376.103,1.004
74376.123,1.006
74376.143,1.005
74376.163,1.004
74376.183,1.006
74376.203,1.005
74376.223,1.004
74376.243,1.003
74376.263,1.005
74376.283,1.005
74376.303,1.004
74376.323,1.006
74376.343,1.005
74376.363,1.004
74376.383,1.008
74376.403,1.003
74376.423,1.004
74376.443,1.002
74376.463,1.004
74376.483,1.005
74376.503,1.006
74376.523,1.003
74376.543,1.008
74376.563,1.006
74376.583,1.006
74376.603,1.003
74376.623,1.005
74376.643,1.004
74376.663,1.004
74376.683,1.005
74376.703,1.004
74376.723,1.004
74376.743,1.005
74376.763,1.005
74376.783,1.004
74376.803,1.004
74376.823,1.006
74376.843,1.004
74376.863,1.004
74376.883,1.003
74376.903,1.005
74376.923,1.003
74376.943,1.005
74376.963,1.005
74376.983,1.005
74377.003,1.004
74377.023,1.004
74377.043,1.004
74377.063,1.001
74377.083,1.005
74377.103,1.006
74377.123,1.004
74377.143,1.005
74377.163,1.004
74377.183,1.005
74377.203,1.007
74377.223,1.003
74377.243,1.004
74377.263,1.007
74377.283,1.003
74377.303,1.004
74377.323,1.007
74377.343,1.004
74377.363,1.005
74377.383,1.004
74377.403,1.002
74377.423,1.003
74377.443,1.007
74377.463,1.005
74377.483,1.004
74377.503,1.002
74377.523,1.003
74377.543,1.004
74377.563,1.005
74377.583,1.006
74377.603,1.006
74377.623,1.006
74377.643,1.006
74377.663,1.006
74377.683,1.004
74377.703,1.005
74377.723,1.006
74377.743,1.006
74377.763,1.002
74377.783,1.004
74377.803,1.004
74377.823,1.007
74377.843,1.001
74377.863,1.005
74377.883,1.005
74377.903,1.003
74377.923,1.005
74377.943,1.004
74377.963,1.005
74377.983,1.004
74378.003,1.005
74378.023,1.003
74378.043,1.007
74378.063,1.002
74378.083,1.004
74378.103,1.005
74378.123,1.004
74378.143,1.005
74378.163,1.006
74378.183,1.004
74378.203,1.004
74378.223,1.003
74378.243,1.006
74378.263,1.004
74378.283,1.006
74378.303,1.007
74378.323,1.004
74378.343,1.005
74378.363,1.003
74378.383,1.004
74378.403,1.005
74378.423,1.003
74378.443,1.006
74378.463,1.004
74378.483,1.005
74378.503,1.007
74378.523,1.003
74378.543,1.005
74378.563,1.004
74378.583,1.005
74378.603,1.002
74378.623,1.004
74378.643,1.003
74378.663,1.004
74378.683,1.005
74378.703,1.004
74378.723,1.005
74378.743,1.002
74378.763,1.004
74378.783,1.001
74378.803,1.003
74378.823,1.004
74378.843,1.005
74378.863,1.004
74378.883,1.006
74378.903,1.005
74378.923,1.005
74378.943,1.004
74378.963,1.003
74378.983,1.006
74379.003,1.004
74379.023,1.004
74379.043,1.005
74379.063,1.003
74379.083,1.004
74379.103,1.005
74379.123,1.003
74379.143,1.006
74379.163,1.005
74379.183,1.003
74379.203,1.001
74379.223,1.004
74379.243,1.006
74379.263,1.005
74379.283,1.004
74379.303,1.005
74379.323,1.007
74379.343,1.005
74379.363,1.004
74379.383,1.005
74379.403,1.004
74379.423,1.005
74379.443,1.003
74379.463,1.004
74379.483,1.003
74379.503,1.003
74379.523,1.006
74379.543,1.005
74379.563,1.006
74379.583,1.004
74379.603,1.004
74379.623,1.005
74379.643,1.004
74379.663,1.004
74379.683,1.005
74379.703,1.003
74379.723,1.004
74379.743,1.003
74379.763,1.005
74379.783,1.004
74379.803,1.003
74379.823,1.007
74379.843,1.005
74379.863,1.005
74379.883,1.002
74379.903,1.005
74379.923,1.005
74379.943,1.005
74379.963,1.006
74379.983,1.002
74380.003,1.004
74380.023,1.002
74380.043,1.003
74380.063,1.002
74380.083,1.003
74380.103,1.007
74380.123,1.004
74380.143,1.004
74380.163,1.004
74380.183,1.003
74380.203,1.004
74380.223,1.006
74380.243,1.005
74380.263,1.002
74380.283,1.001
74380.303,1.004
74380.323,1.004
74380.343,1.004
74380.363,1.004
74380.383,1.003
74380.403,1.003
74380.423,1.004
74380.443,1.001
74380.463,1.004
74380.483,1.004
74380.503,1.005
74380.523,1.002
74380.543,1.006
74380.563,1.005
74380.583,1.006
74380.603,1.003
74380.623,1.005
74380.643,1.005
74380.663,1.006
74380.683,1.003
74380.703,1.005
74380.723,1.004
74380.743,1.003
74380.763,1.005
74380.783,1.004
74380.803,1.003
74380.823,1.004
74380.843,1.004
74380.863,1.003
74380.883,1.004
74380.903,1.006
74380.923,1.003
74380.943,1.005
74380.963,1.003
74380.983,1.005
74381.003,1.007
74381.023,1.004
74381.043,1.004
74381.063,1.002
74381.083,1.005
74381.103,1.006
74381.123,1.005
74381.143,1.006
74381.163,1.004
74381.183,1.004
74381.203,1.004
74381.223,1.006
74381.243,1.004
74381.263,1.003
74381.283,1.005
74381.303,1.004
74381.323,1.005
74381.343,1.004
74381.363,1.005
74381.383,1.004
74381.403,1.004
74381.423,1.006
74381.443,1.002
74381.463,1.005
74381.483,1.005
74381.503,1.003
74381.523,1.005
74381.543,1.005
74381.563,1.006
74381.583,1.006
74381.603,1.003
74381.623,1.006
74381.643,1.003
74381.663,1.002
74381.683,1.005
74381.703,1.003
74381.723,1.005
74381.743,1.003
74381.763,1.006
74381.783,1.005
74381.803,1.007
74381.823,1.005
74381.843,1.003
74381.863,1.003
74381.883,1.005
74381.903,1.004
74381.923,1.005
74381.943,1.003
74381.963,1.005
74381.983,1.005
74382.003,1.004
74382.023,1.005
74382.043,1.006
74382.063,1.005
74382.083,1.006
74382.103,1.006
74382.123,1.004
74382.143,1.005
74382.163,1.004
74382.183,1.006
74382.203,1.005
74382.223,1.006
74382.243,1.002
74382.263,1.003
74382.283,1.002
74382.303,1.005
74382.323,1.003
74382.343,1.003
74382.363,1.005
74382.383,1.006
74382.403,1.005
74382.423,1.006
74382.443,1.003
74382.463,1.005
74382.483,1.002
74382.503,1.006
74382.523,1.006
74382.543,1.006
74382.563,1.003
74382.583,1.003
74382.603,1.004
74382.623,1.004
74382.643,1.001
74382.663,1.004
74382.683,1.005
74382.703,1.005
74382.723,1.005
74382.743,1.002
74382.763,1.005
74382.783,1.006
74382.803,1.004
74382.823,1.005
74382.843,1.005
74382.863,1.002
74382.883,1.002
74382.903,1.004
74382.923,1.004
74382.943,1.002
74382.963,1.006
74382.983,1.004
74383.003,1.006
74383.023,1.006
74383.043,1.004
74383.063,1.004
74383.083,1.003
74383.103,1.004
74383.123,1.006
74383.143,1.004
74383.163,1.006
74383.183,1.002
74383.203,1.005
74383.223,1.003
74383.243,1.006
74383.263,1.003
74383.283,1.004
74383.303,1.005
74383.323,1.004
74383.343,1.004
74383.363,1.005
74383.383,1.006
74383.403,1.002
74383.423,1.002
74383.443,1.005
74383.463,1.004
74383.483,1.004
74383.503,1.008
74383.523,1.004
74383.543,1.004
74383.563,1.003
74383.583,1.004
74383.603,1.007
74383.623,1.005
74383.643,1.004
74383.663,1.005
74383.683,1.004
74383.703,1.006
74383.723,1.004
74383.743,1.003
74383.763,1.005
74383.783,1.002
74383.803,1.005
74383.823,1.005
74383.843,1.004
74383.863,1.002
74383.883,1.004
74383.903,1.004
74383.923,1.005
74383.943,1.003
74383.963,1.002
74383.983,1.005
74384.003,1.003
74384.023,1.005
74384.043,1.006
74384.063,1.004
74384.083,1.004
74384.103,1.005
74384.123,1.003
74384.143,1.004
74384.163,1.005
74384.183,1.003
74384.203,1.004
74384.223,1.004
74384.243,1.006
74384.263,1.005
74384.283,1.007
74384.303,1.003
74384.323,1.005
74384.343,1.005
74384.363,1.005
74384.383,1.006
74384.403,1.003
74384.423,1.009
74384.443,1.003
74384.463,1.005
74384.483,1.005
74384.503,1.003
74384.523,1.003
74384.543,1.005
74384.563,1.003
74384.583,1.003
74384.603,1.006
74384.623,1.004
74384.643,1.006
74384.663,1.004
74384.683,1.005
74384.703,1.006
74384.723,1.005
74384.743,1.003
74384.763,1.003
74384.783,1.005
74384.803,1.005
74384.823,1.004
74384.843,1.006
74384.863,1.006
74384.883,1.004
74384.903,1.006
74384.923,1.001
74384.943,1.006
74384.963,1.006
74384.983,1.007
74385.003,1.004
74385.023,1.003
74385.043,1.005
74385.063,1.006
74385.083,1.002
74385.103,1.003
74385.123,1.003
74385.143,1.003
74385.163,1.003
74385.183,1.003
74385.203,1.004
74385.223,1.006
74385.243,1.005
74385.263,1.005
74385.283,1.003
74385.303,1.002
74385.323,1.003
74385.343,1.004
74385.363,1.005
74385.383,1.002
74385.403,1.003
74385.423,1.004
74385.443,1.004
74385.463,1.001
74385.483,1.006
74385.503,1.005
74385.523,1.003
74385.543,1.005
74385.563,1.004
74385.583,1.005
74385.603,1.004
74385.623,1.004
74385.643,1.004
74385.663,1.005
74385.683,1.002
74385.703,1.005
74385.723,1.006
74385.743,1.006
74385.763,1.004
74385.783,1.003
74385.803,1.006
74385.823,1.004
74385.843,1.005
74385.863,1.006
74385.883,1.005
74385.903,1.005
74385.923,1.004
74385.943,1.001
74385.963,1.006
74385.983,1.003
74386.003,1.003
74386.023,1.004
74386.043,1.006
74386.063,1.003
74386.083,1.006
74386.103,1.004
74386.123,1.005
74386.143,1.004
74386.163,1.005
74386.183,1.003
74386.203,1.002
74386.223,1.005
74386.243,1.007
74386.263,1.002
74386.283,1.005
74386.303,1.006
74386.323,1.004
74386.343,1.006
74386.363,1.004
74386.383,1.006
74386.403,1.004
74386.423,1.006
74386.443,1.004
74386.463,1.004
74386.483,1.002
74386.503,1.005
74386.523,1.003
74386.543,1.005
74386.563,1.003
74386.583,1.006
74386.603,1.004
74386.623,1.006
74386.643,1.003
74386.663,1.003
74386.683,1.006
74386.703,1.005
74386.723,1.005
74386.743,1.005
74386.763,1.005
74386.783,1.002
74386.803,1.006
74386.823,1.005
74386.843,1.004
74386.863,1.006
74386.883,1.004
74386.903,1.005
74386.923,1.002
74386.943,1.007
74386.963,1.003
74386.983,1.004
74387.003,1.005
74387.023,1.003
74387.043,1.004
74387.063,1.007
74387.083,1.006
74387.103,1.005
74387.123,1.007
74387.143,1.007
74387.163,1.002
74387.183,1.005
74387.203,1.005
74387.223,1.004
74387.243,1.005
74387.263,1.004
74387.283,1.004
74387.303,1.004
74387.323,1.006
74387.343,1.005
74387.363,1.004
74387.383,1.005
74387.403,1.007
74387.423,1.003
74387.443,1.005
74387.463,1.003
74387.483,1.005
74387.503,1.004
74387.523,1.004
74387.543,1.005
74387.563,1.003
74387.583,1.004
74387.603,1.003
74387.623,1.005
74387.643,1.005
74387.663,1.005
74387.683,1.005
74387.703,1.005
74387.723,1.003
74387.743,1.005
74387.763,1.006
74387.783,1.006
74387.803,1.005
74387.823,1.005
74387.843,1.003
74387.863,1.004
74387.883,1.003
74387.903,1.003
74387.923,1.003
74387.943,1.003
74387.963,1.004
74387.983,1.003
74388.003,1.004
74388.023,1.004
74388.043,1.006
74388.063,1.005
74388.083,1.005
74388.103,1.004
74388.123,1.004
74388.143,1.004
74388.163,1.004
74388.183,1.005
74388.203,1.004
74388.223,1.004
74388.243,1.004
74388.263,1.004
74388.283,1.005
74388.303,1.003
74388.323,1.005
74388.343,1.005
74388.363,1.004
74388.383,1.004
74388.403,1.007
74388.423,1.002
74388.443,1.007
74388.463,1.004
74388.483,1.003
74388.503,1.005
74388.523,1.005
74388.543,1.004
74388.563,1.004
74388.583,1.006
74388.603,1.006
74388.623,1.007
74388.643,1.005
74388.663,1.005
74388.683,1.006
74388.703,1.006
74388.723,1.003
74388.743,1.006
74388.763,1.004
74388.783,1.005
74388.803,1.006
74388.823,1.005
74388.843,1.005
74388.863,1.005
74388.883,1.004
74388.903,1.005
74388.923,1.005
74388.943,1.003
74388.963,1.006
74388.983,1.005
74389.003,1.003
74389.023,1.005
74389.043,1.006
74389.063,1.005
74389.083,1.002
74389.103,1.005
74389.123,1.005
74389.143,1.004
74389.163,1.005
74389.183,1.004
74389.203,1.004
74389.223,1.003
74389.243,1.004
74389.263,1.007
74389.283,1.002
74389.303,1.007
74389.323,1.005
74389.343,1.004
74389.363,1.003
74389.383,1.005
74389.403,1.003
74389.423,1.004
74389.443,1.005
74389.463,1.005
74389.483,1.004
74389.503,1.005
74389.523,1.004
74389.543,1.004
74389.563,1.005
74389.583,1.002
74389.603,1.005
74389.623,1.005
74389.643,1.006
74389.663,1.005
74389.683,1.006
74389.703,1.003
74389.723,1.007
74389.743,1.004
74389.763,1.006
74389.783,1.006
74389.803,1.005
74389.823,1.003
74389.843,1.002
74389.863,1.003
74389.883,1.007
74389.903,1.003
74389.923,1.004
74389.943,1.004
74389.963,1.004
74389.983,1.007
74390.003,1.003
74390.023,1.005
74390.043,1.004
74390.063,1.007
74390.083,1.004
74390.103,1.002
74390.123,1.003
74390.143,1.002
74390.163,1.006
74390.183,1.003
74390.203,1.005
74390.223,1.006
74390.243,1.007
74390.263,1.002
74390.283,1.004
74390.303,1.001
74390.323,1.005
74390.343,1.005
74390.363,1.006
74390.383,1.003
74390.403,1.005
74390.423,1.002
74390.443,1.004
74390.463,1.005
74390.483,1.006
74390.503,1.006
74390.523,1.004
74390.543,1.003
74390.563,1.002
74390.583,1.005
74390.603,1.004
74390.623,1.008
74390.643,1.005
74390.663,1.007
74390.683,1.004
74390.703,1.004
74390.723,1.003
76932.683,0.856
76932.703,0.957
76932.723,0.994
76932.743,1.006
76932.763,0.999
76932.783,0.995
76932.803,1.012
76932.823,0.999
76932.843,1.014
76932.863,1.002
76932.883,1.008
76932.903,1.004
76932.923,0.999
76932.943,1.006
76932.963,1.002
76932.983,1.009
76933.003,1.003
76933.023,1.003
76933.043,1.001
76933.063,1.007
76933.083,1.004
76933.103,1.005
76933.123,1.005
76933.143,1.002
76933.163,1.001
76933.183,1.005
76933.203,1.003
76933.223,1.002
76933.243,1.005
76933.263,1.006
76933.283,1.007
76933.303,1.003
76933.323,1.002
76933.343,1.003
76933.363,1.007
76933.383,1.002
76933.403,1.003
76933.423,1.002
76933.443,1.006
76933.463,1.008
76933.483,1.008
76933.503,1.003
76933.523,1.007
76933.543,1.005
76933.563,1.002
76933.583,1.000
76933.603,1.000
76933.623,1.007
76933.643,1.006
76933.663,1.008
76933.683,1.003
76933.703,1.006
76933.723,1.005
76933.743,1.002
76933.763,1.006
76933.783,1.007
76933.803,1.001
76933.823,1.000
76933.843,1.002
76933.863,1.003
76933.883,1.001
76933.903,1.010
76933.923,1.001
76933.943,1.005
76933.963,1.006
76933.983,1.004
76934.003,1.009
76934.023,1.003
76934.043,1.008
76934.063,1.003
76934.083,1.003
76934.103,1.000
76934.123,1.004
76934.143,1.003
76934.163,1.007
76934.183,1.000
76934.203,1.006
76934.223,1.003
76934.243,1.003
76934.263,1.005
76934.283,1.003
76934.303,1.005
76934.323,1.002
76934.343,1.007
76934.363,1.001
76934.383,1.003
76934.403,1.005
76934.423,1.009
76934.443,1.005
76934.463,1.005
76934.483,1.006
76934.503,1.000
76934.523,1.006
76934.543,1.003
76934.563,1.004
76934.583,1.006
76934.603,1.003
76934.623,1.003
76934.643,1.001
76934.663,1.005
76934.683,1.006
76934.703,1.005
76934.723,1.006
76934.743,1.004
76934.763,1.005
76934.783,1.004
76934.803,1.005
76934.823,1.006
76934.843,1.004
76934.863,1.007
76934.883,1.003
76934.903,1.004
76934.923,1.002
76934.943,1.004
76934.963,1.005
76934.983,1.004
76935.003,1.004
76935.023,1.004
76935.043,1.004
76935.063,1.005
76935.083,1.004
76935.103,1.002
76935.123,1.003
76935.143,1.003
76935.163,1.004
76935.183,1.002
76935.203,1.003
76935.223,1.004
76935.243,1.006
76935.263,1.003
76935.283,1.005
76935.303,1.008
76935.323,1.003
76935.343,1.003
76935.363,1.003
76935.383,1.003
76935.403,1.002
76935.423,1.006
76935.443,1.001
76935.463,1.003
76935.483,1.002
76935.503,1.006
76935.523,1.002
76935.543,1.005
76935.563,1.003
76935.583,1.004
76935.603,1.004
76935.623,1.000
76935.643,1.003
76935.663,1.004
76935.683,1.006
76935.703,1.006
76935.723,1.005
76935.743,1.004
76935.763,1.004
76935.783,1.001
76935.803,1.003
76935.823,1.009
76935.843,1.003
76935.863,1.008
76935.883,1.003
76935.903,1.001
76935.923,1.003
76935.943,1.005
76935.963,1.003
76935.983,1.008
76936.003,1.005
76936.023,1.004
76936.043,1.005
76936.063,1.005
76936.083,1.004
76936.103,1.005
76936.123,1.001
76936.143,1.002
76936.163,1.005
76936.183,1.004
76936.203,1.005
76936.223,1.002
76936.243,1.007
76936.263,1.002
76936.283,1.002
76936.303,1.002
76936.323,1.002
76936.343,1.006
76936.363,1.004
76936.383,1.004
76936.403,1.003
76936.423,1.000
76936.443,1.006
76936.463,1.005
76936.483,1.006
76936.503,1.007
76936.523,1.002
76936.543,1.008
76936.563,1.002
76936.583,1.004
76936.603,1.005
76936.623,1.003
76936.643,1.006
76936.663,1.004
76936.683,1.002
76936.703,1.000
76936.723,1.005
76936.743,1.002
76936.763,1.004
76936.783,1.005
76936.803,1.004
76936.823,1.005
76936.843,1.003
76936.863,1.004
76936.883,1.006
76936.903,1.003
76936.923,1.007
76936.943,1.004
76936.963,1.005
76936.983,1.005
76937.003,1.003
76937.023,1.005
76937.043,1.002
76937.063,1.006
76937.083,1.005
76937.103,1.002
76937.123,1.000
76937.143,1.007
76937.163,1.005
76937.183,1.001
76937.203,1.007
76937.223,1.005
76937.243,1.004
76937.263,1.003
76937.283,1.003
76937.303,1.002
76937.323,1.005
76937.343,1.002
76937.363,1.006
76937.383,1.007
76937.403,1.008
76937.423,1.001
76937.443,1.008
76937.463,1.006
76937.483,1.001
76937.503,1.002
76937.523,1.005
76937.543,1.007
76937.563,1.005
76937.583,1.005
76937.603,1.005
76937.623,1.009
76937.643,1.004
76937.663,1.004
76937.683,1.007
76937.703,1.005
76937.723,1.001
76937.743,1.000
76937.763,1.005
76937.783,1.001
76937.803,1.005
76937.823,1.005
76937.843,1.004
76937.863,1.002
76937.883,1.005
76937.903,1.005
76937.923,1.002
76937.943,1.007
76937.963,1.002
76937.983,1.000
76938.003,1.006
76938.023,1.001
76938.043,1.006
76938.063,1.005
76938.083,1.005
76938.103,1.003
76938.123,1.004
76938.143,1.004
76938.163,1.001
76938.183,1.003
76938.203,1.003
76938.223,1.004
76938.243,1.005
76938.263,1.002
76938.283,1.005
76938.303,1.000
76938.323,1.006
76938.343,1.004
76938.363,1.003
76938.383,1.007
76938.403,1.001
76938.423,0.999
76938.443,1.003
76938.463,1.003
76938.483,1.006
76938.503,1.005
76938.523,1.005
76938.543,1.008
76938.563,1.003
76938.583,1.000
76938.603,1.004
76938.623,1.004
76938.643,1.005
76938.663,1.004
76938.683,1.002
76938.703,1.010
76938.723,1.004
76938.743,1.005
76938.763,1.005
76938.783,1.004
76938.803,1.003
76938.823,1.001
76938.843,1.003
76938.863,1.004
76938.883,1.006
76938.903,1.004
76938.923,1.004
76938.943,1.006
76938.963,1.003
76938.983,1.005
76939.003,1.004
76939.023,1.004
76939.043,1.000
76939.063,1.004
76939.083,1.003
76939.103,1.005
76939.123,1.005
76939.143,1.004
76939.163,1.005
76939.183,1.003
76939.203,1.001
76939.223,1.003
76939.243,1.006
76939.263,1.003
76939.283,1.003
76939.303,1.003
76939.323,1.002
76939.343,1.005
76939.363,1.006
76939.383,1.005
76939.403,1.003
76939.423,1.005
76939.443,1.003
76939.463,1.003
76939.483,1.007
76939.503,1.003
76939.523,1.007
76939.543,1.006
76939.563,1.007
76939.583,1.004
76939.603,1.003
76939.623,1.004
76939.643,1.000
76939.663,1.006
76939.683,1.004
76939.703,1.003
76939.723,1.006
76939.743,0.999
76939.763,1.004
76939.783,1.002
76939.803,1.004
76939.823,1.008
76939.843,1.003
76939.863,1.004
76939.883,1.003
76939.903,1.004
76939.923,1.003
76939.943,1.004
76939.963,1.006
76939.983,1.001
76940.003,1.005
76940.023,1.002
76940.043,1.005
76940.063,1.006
76940.083,1.004
76940.103,1.002
76940.123,1.004
76940.143,1.006
76940.163,1.001
76940.183,1.006
76940.203,1.004
76940.223,1.004
76940.243,1.004
76940.263,1.006
76940.283,1.006
76940.303,1.002
76940.323,1.003
76940.343,1.003
76940.363,1.005
76940.383,1.002
76940.403,1.002
76940.423,1.004
76940.443,1.003
76940.463,1.002
76940.483,1.004
76940.503,1.003
76940.523,1.006
76940.543,1.003
76940.563,1.004
76940.583,1.003
76940.603,1.003
76940.623,1.005
76940.643,1.005
76940.663,1.004
76940.683,1.003
76940.703,1.007
76940.723,1.004
76940.743,1.005
76940.763,1.008
76940.783,1.004
76940.803,1.008
76940.823,1.002
76940.843,1.003
76940.863,1.003
76940.883,1.003
76940.903,1.007
76940.923,1.003
76940.943,1.005
76940.963,1.004
76940.983,1.004
76941.003,1.004
76941.023,1.005
76941.043,1.005
76941.063,1.002
76941.083,1.005
76941.103,1.007
76941.123,1.008
76941.143,1.001
76941.163,1.001
76941.183,1.005
76941.203,1.002
76941.223,1.004
76941.243,1.002
76941.263,1.003
76941.283,1.008
76941.303,1.000
76941.323,1.001
76941.343,1.005
76941.363,1.003
76941.383,1.003
76941.403,1.004
76941.423,1.005
76941.443,1.002
76941.463,0.998
76941.483,1.003
76941.503,1.005
76941.523,1.007
76941.543,1.003
76941.563,1.005
76941.583,1.004
76941.603,1.002
76941.623,1.005
76941.643,1.004
76941.663,1.005
76941.683,1.004
76941.703,1.003
76941.723,1.007
76941.743,1.002
76941.763,1.003
76941.783,1.006
76941.803,1.005
76941.823,1.003
76941.843,1.004
76941.863,1.002
76941.883,1.004
76941.903,1.006
76941.923,1.006
76941.943,1.004
76941.963,1.008
76941.983,1.002
76942.003,1.006
76942.023,1.002
76942.043,1.004
76942.063,1.004
76942.083,1.002
76942.103,1.008
76942.123,1.005
76942.143,1.002
76942.163,1.004
76942.183,1.005
76942.203,1.005
76942.223,0.999
76942.243,1.008
76942.263,1.005
76942.283,1.004
76942.303,1.005
76942.323,1.003
76942.343,1.007
76942.363,1.005
76942.383,1.004
76942.403,1.005
76942.423,1.002
76942.443,1.006
76942.463,1.002
76942.483,1.005
76942.503,1.003
76942.523,1.003
76942.543,1.007
76942.563,1.003
76942.583,1.003
76942.603,1.004
76942.623,1.004
76942.643,1.006
76942.663,1.003
76942.683,1.010
76942.703,1.003
76942.723,1.000
76942.743,1.002
76942.763,1.002
76942.783,1.011
76942.803,1.004
76942.823,1.008
76942.843,1.005
76942.863,1.010
76942.883,1.009
76942.903,0.993
76942.923,1.009
76942.943,1.004
76942.963,1.003
76942.983,1.011
76943.003,1.000
76943.023,0.999
76943.043,1.003
76943.063,0.999
76943.083,1.003
76943.103,1.008
76943.123,1.008
76943.143,1.004
76943.163,1.010
76943.183,1.008
76943.203,1.001
76943.223,1.008
76943.243,1.000
76943.263,1.006
76943.283,1.000
76943.303,1.009
76943.323,0.997
76943.343,1.006
76943.363,1.008
76943.383,1.001
76943.403,1.010
76943.423,1.002
76943.443,1.000
76943.463,1.005
76943.483,1.003
76943.503,1.007
76943.523,1.004
76943.543,1.005
76943.563,1.004
76943.583,1.004
76943.603,1.008
76943.623,1.002
76943.643,1.006
76943.663,1.008
76943.683,1.003
76943.703,1.005
76943.723,1.003
76943.743,1.005
76943.763,1.001
76943.783,1.007
76943.803,1.007
76943.823,1.005
76943.843,1.004
76943.863,1.004
76943.883,1.005
76943.903,1.007
76943.923,1.000
76943.943,1.005
76943.963,1.004
76943.983,1.003
76944.003,1.007
76944.023,1.004
76944.043,1.007
76944.063,1.004
76944.083,1.003
76944.103,1.004
76944.123,1.003
76944.143,1.006
76944.163,1.001
76944.183,1.004
76944.203,1.005
76944.223,1.004
76944.243,1.006
76944.263,1.004
76944.283,1.003
76944.303,1.005
76944.323,1.002
76944.343,1.004
76944.363,1.003
76944.383,1.005
76944.403,1.002
76944.423,1.006
76944.443,1.007
76944.463,1.001
76944.483,1.004
76944.503,1.002
76944.523,1.006
76944.543,1.003
76944.563,1.003
76944.583,1.004
76944.603,1.002
76944.623,1.005
76944.643,1.003
76944.663,1.006
76944.683,1.005
76944.703,1.003
76944.723,1.005
76944.743,1.002
76944.763,1.005
76944.783,1.004
76944.803,1.006
76944.823,1.003
76944.843,1.004
76944.863,1.007
76944.883,1.004
76944.903,1.003
76944.923,1.005
76944.943,0.995
76944.963,1.005
76944.983,1.004
76945.003,1.004
76945.023,1.006
76945.043,1.004
76945.063,1.010
76945.083,1.003
76945.103,1.006
76945.123,1.003
76945.143,0.999
76945.163,1.004
76945.183,0.999
76945.203,1.005
76945.223,1.006
76945.243,1.002
76945.263,1.005
76945.283,1.004
76945.303,1.005
76945.323,1.002
76945.343,1.005
76945.363,1.002
76945.383,1.004
76945.403,1.004
76945.423,1.002
76945.443,1.004
76945.463,1.002
76945.483,1.006
76945.503,1.005
76945.523,1.006
76945.543,1.006
76945.563,1.001
76945.583,1.005
76945.603,1.003
76945.623,1.004
76945.643,1.006
76945.663,1.002
76945.683,1.009
76945.703,1.003
76945.723,1.005
76945.743,1.007
76945.763,1.003
76945.783,1.008
76945.803,1.001
76945.823,1.007
76945.843,1.004
76945.863,1.005
76945.883,1.007
76945.903,1.003
76945.923,1.006
76945.943,1.003
76945.963,1.000
76945.983,1.006
76946.003,1.005
76946.023,1.007
76946.043,1.001
76946.063,1.005
76946.083,1.005
76946.103,1.002
76946.123,1.007
76946.143,1.001
76946.163,1.006
76946.183,1.003
76946.203,1.006
76946.223,1.003
76946.243,1.002
76946.263,1.009
76946.283,1.004
76946.303,1.004
76946.323,1.005
76946.343,1.003
76946.363,1.004
76946.383,1.003
76946.403,1.005
76946.423,1.003
76946.443,1.005
76946.463,1.006
76946.483,0.999
76946.503,1.007
76946.523,1.003
76946.543,1.004
76946.563,1.006
76946.583,1.005
76946.603,1.004
76946.623,1.003
76946.643,1.004
76946.663,1.000
76946.683,1.004
76946.703,1.003
76946.723,1.002
76946.743,1.005
76946.763,1.004
76946.783,1.004
76946.803,1.003
76946.823,1.005
76946.843,1.003
76946.863,1.002
76946.883,1.003
76946.903,1.004
76946.923,1.006
76946.943,1.004
76946.963,1.003
76946.983,1.004
76947.003,1.006
76947.023,1.003
76947.043,1.002
76947.063,1.006
76947.083,1.005
76947.103,1.001
76947.123,1.007
76947.143,1.001
76947.163,1.004
76947.183,1.005
76947.203,1.005
76947.223,1.008
76947.243,1.002
76947.263,1.003
76947.283,1.003
76947.303,1.007
76947.323,1.004
76947.343,1.001
76947.363,1.004
76947.383,1.002
76947.403,1.002
76947.423,1.005
76947.443,1.004
76947.463,1.005
76947.483,1.007
76947.503,1.004
76947.523,1.003
76947.543,1.004
76947.563,1.001
76947.583,1.002
76947.603,1.005
76947.623,1.003
76947.643,1.004
76947.663,1.001
76947.683,1.005
76947.703,1.007
76947.723,1.002
76947.743,1.004
76947.763,1.003
76947.783,1.005
76947.803,1.004
76947.823,1.002
76947.843,1.007
76947.863,1.004
76947.883,1.005
76947.903,1.002
76947.923,1.004
76947.943,1.004
76947.963,1.003
76947.983,1.006
76948.003,1.001
76948.023,1.006
76948.043,1.004
76948.063,1.003
76948.083,1.006
76948.103,1.003
76948.123,1.008
76948.143,1.005
76948.163,1.005
76948.183,1.006
76948.203,1.004
76948.223,1.005
76948.243,1.002
76948.263,1.004
76948.283,1.002
76948.303,1.002
76948.323,1.003
76948.343,1.001
76948.363,1.006
76948.383,1.006
76948.403,1.004
76948.423,1.005
76948.443,1.005
76948.463,1.004
76948.483,1.003
76948.503,1.006
76948.523,1.005
76948.543,1.005
76948.563,1.005
76948.583,1.001
76948.603,1.006
76948.623,1.002
76948.643,1.004
76948.663,1.006
76948.683,1.004
76948.703,1.006
76948.723,1.001
76948.743,1.005
76948.763,1.001
76948.783,1.006
76948.803,1.006
76948.823,1.001
76948.843,1.005
76948.863,1.002
76948.883,1.006
76948.903,1.003
76948.923,1.003
76948.943,1.007
76948.963,1.002
76948.983,1.005
76949.003,1.004
76949.023,1.006
76949.043,1.004
76949.063,1.002
76949.083,1.006
76949.103,1.005
76949.123,1.004
76949.143,1.003
76949.163,1.008
76949.183,1.004
76949.203,1.003
76949.223,1.003
76949.243,1.003
76949.263,1.003
76949.283,1.003
76949.303,1.005
76949.323,1.008
76949.343,1.004
76949.363,1.002
76949.383,1.005
76949.403,1.003
76949.423,1.005
76949.443,1.002
76949.463,1.006
76949.483,1.001
76949.503,1.003
76949.523,1.003
76949.543,1.004
76949.563,1.008
76949.583,1.004
76949.603,1.006
76949.623,1.002
76949.643,1.004
76949.663,1.002
76949.683,1.006
76949.703,1.007
76949.723,1.005
76949.743,1.008
76949.763,1.006
76949.783,1.003
76949.803,1.002
76949.823,1.004
76949.843,1.006
76949.863,1.003
76949.883,1.007
76949.903,1.002
76949.923,1.005
76949.943,1.004
76949.963,1.002
76949.983,1.005
76950.003,1.004
76950.023,1.005
76950.043,1.001
76950.063,1.002
76950.083,1.005
76950.103,0.995
76950.123,1.009
76950.143,1.006
76950.163,1.004
76950.183,1.002
76950.203,1.006
76950.223,1.011
76950.243,1.001
76950.263,1.006
76950.283,1.004
76950.303,1.006
76950.323,1.005
76950.343,0.999
76950.363,1.009
76950.383,0.999
76950.403,1.004
76950.423,1.003
76950.443,1.007
76950.463,1.005
76950.483,1.006
76950.503,1.005
76950.523,1.002
76950.543,1.003
76950.563,1.003
76950.583,1.002
76950.603,1.004
76950.623,1.004
76950.643,1.002
76950.663,1.004
76950.683,1.003
76950.703,1.004
76950.723,1.004
76950.743,1.007
76950.763,1.005
76950.783,1.005
76950.803,1.005
76950.823,1.003
76950.843,1.003
76950.863,1.003
76950.883,1.004
76950.903,1.004
76950.923,1.007
76950.943,1.005
76950.963,1.003
76950.983,1.003
76951.003,1.002
76951.023,1.006
76951.043,1.004
76951.063,1.002
76951.083,1.005
76951.103,1.004
76951.123,1.003
76951.143,1.003
76951.163,1.002
76951.183,1.003
76951.203,1.004
76951.223,1.004
76951.243,1.003
76951.263,1.003
76951.283,1.004
76951.303,1.004
76951.323,1.005
76951.343,1.004
76951.363,1.006
76951.383,1.005
76951.403,1.005
76951.423,1.003
76951.443,1.005
76951.463,1.005
76951.483,1.003
76951.503,1.007
76951.523,1.004
76951.543,1.004
76951.563,1.003
76951.583,1.003
76951.603,1.006
76951.623,1.002
76951.643,1.005
76951.663,1.005
76951.683,1.004
76951.703,1.006
76951.723,1.002
76951.743,1.005
76951.763,1.000
76951.783,1.006
76951.803,1.004
76951.823,1.005
76951.843,1.006
76951.863,1.003
76951.883,1.003
76951.903,1.006
76951.923,1.002
76951.943,1.005
76951.963,1.005
76951.983,1.006
76952.003,1.005
76952.023,1.003
76952.043,1.004
76952.063,1.003
76952.083,1.006
76952.103,1.000
76952.123,1.007
76952.143,1.006
76952.163,1.003
76952.183,1.006
76952.203,1.006
76952.223,1.005
76952.243,0.999
76952.263,1.004
76952.283,1.005
76952.303,1.003
76952.323,1.004
76952.343,1.002
76952.363,1.003
76952.383,1.004
76952.403,1.004
76952.423,1.002
76952.443,1.006
76952.463,1.005
76952.483,1.002
76952.503,1.000
76952.523,1.003
76952.543,1.001
76952.563,1.004
76952.583,1.004
76952.603,1.006
76952.623,1.007
76952.643,1.004
76952.663,1.006
77894.348,1.123
77894.368,1.020
77894.388,1.060
77894.408,1.084
77894.428,0.998
77894.448,1.003
77894.468,1.029
77894.488,0.960
77894.508,0.978
77894.528,0.990
77894.548,0.996
77894.568,1.004
77894.588,1.002
77894.608,1.005
77894.628,1.011
77894.648,0.988
77894.668,1.024
77894.688,0.987
77894.708,1.015
77894.728,1.005
77894.748,0.995
77894.768,1.004
77894.788,0.999
77894.808,1.023
77894.828,0.990
77894.848,1.009
77894.868,1.005
77894.888,0.993
77894.908,1.014
77894.928,0.998
77894.948,1.016
77894.968,1.005
77894.988,0.998
77895.008,1.005
77895.028,0.999
77895.048,1.007
77895.068,0.997
77895.088,1.006
77895.108,1.013
77895.128,0.997
77895.148,1.005
77895.168,1.000
77895.188,1.007
77895.208,1.007
77895.228,0.998
77895.248,1.005
77895.268,1.002
77895.288,1.001
77895.308,1.000
77895.328,1.003
77895.348,0.989
77895.368,0.997
77895.388,1.006
77895.408,1.006
77895.428,0.998
77895.448,0.999
77895.468,1.001
77895.488,1.006
77895.508,1.009
77895.528,1.002
77895.548,1.002
77895.568,1.005
77895.588,1.007
77895.608,1.006
77895.628,1.009
77895.648,1.005
77895.668,1.000
77895.688,1.004
77895.708,1.002
77895.728,1.002
77895.748,1.005
77895.768,1.006
77895.788,1.004
77895.808,1.011
77895.828,1.004
77895.848,1.002
77895.868,1.004
77895.888,1.006
77895.908,1.008
77895.928,1.004
77895.948,1.002
77895.968,1.005
77895.988,1.000
77896.008,1.004
77896.028,1.002
77896.048,1.007
77896.068,1.006
77896.088,0.999
77896.108,1.006
77896.128,1.001
77896.148,1.004
77896.168,1.004
77896.188,1.006
77896.208,1.005
77896.228,1.006
77896.248,1.005
77896.268,1.002
77896.288,1.002
77896.308,1.004
77896.328,1.005
77896.348,1.003
77896.368,1.005
77896.388,1.001
77896.408,1.005
77896.428,1.007
77896.448,1.003
77896.468,1.006
77896.488,1.004
77896.508,1.005
77896.528,1.003
77896.548,1.003
77896.568,1.005
77896.588,1.005
77896.608,1.007
77896.628,1.003
77896.648,1.003
77896.668,1.002
77896.688,1.001
77896.708,1.003
77896.728,1.007
77896.748,1.007
77896.768,1.005
77896.788,1.006
77896.808,1.007
77896.828,1.004
77896.848,1.001
77896.868,1.003
77896.888,1.007
77896.908,1.004
77896.928,1.004
77896.948,1.003
77896.968,1.006
77896.988,1.005
77897.008,1.005
77897.028,1.003
77897.048,1.004
77897.068,1.003
77897.088,1.004
77897.108,1.005
77897.128,1.006
77897.148,1.007
77897.168,1.007
77897.188,1.003
77897.208,1.005
77897.228,1.002
77897.248,1.005
77897.268,1.002
77897.288,1.003
77897.308,1.006
77897.328,1.008
77897.348,1.002
77897.368,0.998
77897.388,1.006
77897.408,1.002
77897.428,1.006
77897.448,1.002
77897.468,1.006
77897.488,1.004
77897.508,1.005
77897.528,1.002
77897.548,1.005
77897.568,1.003
77897.588,1.005
77897.608,1.005
77897.628,1.004
77897.648,1.002
77897.668,1.004
77897.688,1.004
77897.708,1.005
77897.728,1.006
77897.748,1.004
77897.768,1.005
77897.788,1.004
77897.808,1.004
77897.828,1.004
77897.848,1.005
77897.868,1.003
77897.888,1.003
77897.908,1.007
77897.928,1.003
77897.948,1.004
77897.968,1.005
77897.988,1.004
77898.008,1.002
77898.028,1.005
77898.048,1.003
77898.068,1.004
77898.088,1.003
77898.108,1.005
77898.128,1.003
77898.148,1.005
77898.168,1.003
77898.188,1.002
77898.208,1.003
77898.228,1.005
77898.248,1.006
77898.268,1.004
77898.288,1.003
77898.308,1.005
77898.328,1.005
77898.348,1.002
77898.368,1.004
77898.388,1.006
77898.408,1.008
77898.428,1.007
77898.448,1.003
77898.468,1.002
77898.488,1.005
77898.508,1.003
77898.528,1.001
77898.548,1.002
77898.568,1.003
77898.588,1.003
77898.608,1.002
77898.628,1.003
77898.648,1.004
77898.668,1.006
77898.688,1.002
77898.708,1.005
77898.728,1.003
77898.748,1.005
77898.768,1.006
77898.788,1.006
77898.808,1.004
77898.828,1.003
77898.848,1.003
77898.868,1.003
77898.888,1.006
77898.908,1.001
77898.928,1.005
77898.948,1.004
77898.968,1.005
77898.988,1.004
77899.008,1.005
77899.028,1.002
77899.048,1.003
77899.068,1.004
77899.088,1.006
77899.108,1.006
77899.128,1.002
77899.148,1.005
77899.168,1.001
77899.188,1.004
77899.208,1.003
77899.228,1.005
77899.248,1.006
77899.268,1.005
77899.288,1.002
77899.308,1.004
77899.328,1.005
77899.348,1.003
77899.368,1.004
77899.388,1.003
77899.408,1.005
77899.428,1.003
77899.448,1.004
77899.468,1.004
77899.488,1.003
77899.508,1.004
77899.528,1.005
77899.548,1.001
77899.568,1.002
77899.588,1.004
77899.608,1.005
77899.628,1.005
77899.648,1.002
77899.668,1.005
77899.688,1.003
77899.708,1.009
77899.728,1.004
77899.748,1.005
77899.768,1.006
77899.788,1.003
77899.808,1.007
77899.828,1.003
77899.848,1.005
77899.868,1.003
77899.888,1.006
77899.908,1.007
77899.928,1.007
77899.948,1.004
77899.968,1.006
77899.988,1.005
77900.008,1.004
77900.028,1.004
77900.048,1.002
77900.068,1.005
77900.088,1.004
77900.108,1.007
77900.128,1.007
77900.148,1.006
77900.168,1.003
77900.188,1.006
77900.208,1.004
77900.228,1.006
77900.248,1.005
77900.268,1.009
77900.288,1.002
77900.308,1.008
77900.328,1.005
77900.348,1.000
77900.368,1.005
77900.388,1.002
77900.408,1.005
77900.428,1.007
77900.448,1.007
77900.468,1.006
77900.488,1.004
77900.508,1.003
77900.528,1.000
77900.548,1.005
77900.568,1.006
77900.588,1.001
77900.608,1.005
77900.628,1.004
77900.648,0.998
77900.668,1.001
77900.688,1.006
77900.708,1.004
77900.728,1.007
77900.748,1.004
77900.768,1.000
77900.788,1.004
77900.808,1.002
77900.828,1.004
77900.848,1.011
77900.868,1.009
77900.888,0.998
77900.908,1.001
77900.928,1.001
77900.948,1.002
77900.968,1.005
77900.988,1.003
77901.008,1.009
77901.028,1.009
77901.048,0.992
77901.068,1.004
77901.088,1.004
77901.108,1.007
77901.128,1.006
77901.148,1.006
77901.168,1.011
77901.188,0.998
77901.208,1.005
77901.228,1.000
77901.248,1.004
77901.268,1.011
77901.288,1.004
77901.308,1.004
77901.328,1.005
77901.348,0.999
77901.368,1.001
77901.388,1.011
77901.408,1.011
77901.428,1.005
77901.448,1.006
77901.468,1.002
77901.488,1.001
77901.508,1.002
77901.528,1.001
77901.548,1.013
77901.568,1.004
77901.588,1.004
77901.608,0.997
77901.628,1.005
77901.648,1.004
77901.668,1.002
77901.688,1.004
77901.708,1.008
77901.728,1.003
77901.748,1.002
77901.768,1.017
77901.788,0.994
77901.808,0.999
77901.828,1.009
77901.848,1.005
77901.868,1.001
77901.888,1.014
77901.908,1.001
77901.928,1.011
77901.948,1.003
77901.968,0.997
77901.988,1.003
77902.008,1.007
77902.028,1.003
77902.048,1.004
77902.068,1.011
77902.088,1.002
77902.108,0.999
77902.128,1.005
77902.148,1.003
77902.168,1.007
77902.188,1.009
77902.208,1.005
77902.228,1.006
77902.248,1.000
77902.268,0.998
77902.288,1.001
77902.308,1.006
77902.328,1.001
77902.348,1.005
77902.368,1.011
77902.388,1.006
77902.408,1.007
77902.428,1.005
77902.448,1.002
77902.468,1.000
77902.488,1.001
77902.508,1.003
77902.528,1.008
77902.548,1.006
77902.568,1.001
77902.588,1.002
77902.608,1.009
77902.628,1.004
77902.648,1.005
77902.668,1.010
77902.688,1.006
77902.708,1.008
77902.728,0.999
77902.748,1.000
77902.768,1.000
77902.788,1.006
77902.808,1.006
77902.828,1.007
77902.848,1.009
77902.868,1.004
77902.888,1.003
77902.908,1.000
77902.928,1.004
77902.948,1.004
77902.968,1.003
77902.988,1.005
77903.008,1.005
77903.028,1.004
77903.048,1.006
77903.068,1.005
77903.088,1.007
77903.108,1.007
77903.128,1.005
77903.148,1.001
77903.168,1.001
77903.188,1.004
77903.208,1.002
77903.228,1.007
77903.248,1.006
77903.268,1.003
77903.288,1.004
77903.308,1.004
77903.328,1.003
77903.348,1.006
77903.368,1.003
77903.388,1.006
77903.408,1.002
77903.428,1.003
77903.448,1.002
77903.468,1.001
77903.488,1.005
77903.508,1.005
77903.528,1.006
77903.548,1.006
77903.568,1.005
77903.588,1.006
77903.608,1.005
77903.628,1.007
77903.648,0.999
77903.668,1.004
77903.688,1.008
77903.708,1.000
77903.728,1.006
77903.748,1.001
77903.768,0.996
77903.788,1.008
77903.808,1.002
77903.828,1.006
77903.848,1.008
77903.868,1.004
77903.888,1.003
77903.908,1.004
77903.928,1.009
77903.948,0.999
77903.968,1.005
77903.988,1.004
77904.008,1.003
77904.028,1.013
77904.048,1.003
77904.068,1.000
77904.088,1.005
77904.108,1.005
77904.128,1.002
77904.148,1.008
77904.168,1.010
77904.188,1.007
77904.208,1.003
77904.228,1.002
77904.248,1.000
77904.268,1.001
77904.288,1.006
77904.308,1.004
77904.328,1.003
77904.348,1.007
77904.368,1.005
77904.388,1.000
77904.408,1.006
77904.428,1.002
77904.448,1.004
77904.468,1.007
77904.488,1.001
77904.508,1.003
77904.528,1.004
77904.548,1.007
77904.568,1.005
77904.588,1.004
77904.608,1.005
77904.628,1.003
77904.648,1.006
77904.668,1.002
77904.688,1.003
77904.708,1.008
77904.728,1.003
77904.748,1.004
77904.768,1.002
77904.788,1.005
77904.808,1.002
77904.828,1.002
77904.848,1.007
77904.868,1.003
77904.888,1.002
77904.908,1.002
77904.928,1.006
77904.948,1.003
77904.968,1.002
77904.988,1.003
77905.008,1.005
77905.028,1.007
77905.048,1.004
77905.068,1.003
77905.088,1.004
77905.108,1.002
77905.128,1.008
77905.148,1.006
77905.168,1.006
77905.188,1.006
77905.208,1.002
77905.228,1.008
77905.248,1.004
77905.268,1.005
77905.288,1.007
77905.308,1.006
77905.328,1.004
77905.348,1.001
77905.368,1.004
77905.388,1.006
77905.408,1.006
77905.428,1.006
77905.448,1.006
77905.468,1.002
77905.488,1.005
77905.508,1.000
77905.528,1.003
77905.548,1.004
77905.568,1.007
77905.588,1.004
77905.608,1.004
77905.628,1.004
77905.648,1.002
77905.668,1.005
77905.688,1.005
77905.708,1.007
77905.728,1.004
77905.748,1.003
77905.768,1.005
77905.788,1.003
77905.808,1.004
77905.828,1.005
77905.848,1.007
77905.868,1.006
77905.888,1.004
77905.908,1.004
77905.928,1.001
77905.948,1.008
77905.968,1.002
77905.988,1.003
77906.008,1.008
77906.028,1.007
77906.048,1.000
77906.068,1.003
77906.088,1.001
77906.108,1.001
77906.128,1.005
77906.148,1.002
77906.168,1.007
77906.188,1.001
77906.208,1.007
77906.228,1.009
77906.248,1.005
77906.268,1.006
77906.288,0.997
77906.308,1.006
77906.328,0.999
77906.348,0.997
77906.368,1.005
77906.388,1.006
77906.408,1.008
77906.428,1.004
77906.448,1.005
77906.468,1.003
77906.488,1.003
77906.508,1.004
77906.528,0.994
77906.548,1.007
77906.568,1.003
77906.588,1.004
77906.608,1.006
77906.628,1.002
77906.648,1.001
77906.668,1.002
77906.688,1.003
77906.708,1.006
77906.728,1.009
77906.748,1.007
77906.768,1.005
77906.788,1.000
77906.808,1.001
77906.828,0.998
77906.848,1.003
77906.868,1.008
77906.888,1.007
77906.908,1.004
77906.928,1.003
77906.948,1.003
77906.968,0.999
77906.988,1.002
77907.008,1.004
77907.028,1.008
77907.048,1.004
77907.068,1.004
77907.088,1.002
77907.108,1.005
77907.128,1.002
77907.148,1.004
77907.168,1.008
77907.188,1.007
77907.208,1.004
77907.228,1.001
77907.248,1.005
77907.268,1.003
77907.288,1.005
77907.308,0.998
77907.328,1.011
77907.348,1.010
77907.368,1.004
77907.388,1.004
77907.408,1.003
77907.428,1.002
77907.448,1.006
77907.468,1.002
77907.488,1.009
77907.508,1.008
77907.528,1.005
77907.548,1.002
77907.568,1.004
77907.588,1.006
77907.608,1.001
77907.628,1.006
77907.648,1.007
77907.668,1.005
77907.688,1.002
77907.708,1.001
77907.728,1.002
77907.748,1.003
77907.768,1.005
77907.788,1.005
77907.808,1.003
77907.828,1.007
77907.848,1.004
77907.868,1.003
77907.888,1.008
77907.908,1.003
77907.928,0.993
77907.948,1.005
77907.968,1.008
77907.988,1.004
77908.008,1.007
77908.028,1.004
77908.048,1.005
77908.068,0.996
77908.088,1.004
77908.108,1.001
77908.128,1.005
77908.148,1.015
77908.168,1.001
77908.188,1.009
77908.208,1.002
77908.228,1.002
77908.248,1.005
77908.268,1.002
77908.288,1.010
77908.308,1.000
77908.328,1.003
77908.348,1.005
77908.368,1.002
77908.388,1.008
77908.408,1.007
77908.428,1.004
77908.448,1.003
77908.468,1.007
77908.488,1.003
77908.508,1.003
77908.528,1.011
77908.548,0.997
77908.568,1.005
77908.588,1.001
77908.608,1.007
77908.628,1.003
77908.648,1.007
77908.668,1.003
77908.688,1.006
77908.708,1.003
77908.728,1.001
77908.748,1.007
77908.768,1.006
77908.788,1.003
77908.808,1.005
77908.828,1.004
77908.848,1.005
77908.868,1.001
77908.888,1.003
77908.908,1.008
77908.928,1.004
77908.948,1.006
77908.968,1.006
77908.988,1.005
77909.008,1.003
77909.028,1.002
77909.048,1.006
77909.068,1.008
77909.088,1.005
77909.108,1.004
77909.128,1.004
77909.148,1.001
77909.168,1.005
77909.188,1.004
77909.208,1.007
77909.228,1.003
77909.248,1.006
77909.268,1.004
77909.288,1.003
77909.308,1.003
77909.328,1.003
77909.348,1.006
77909.368,1.005
77909.388,1.005
77909.408,1.003
77909.428,1.004
77909.448,1.006
77909.468,1.002
77909.488,1.004
77909.508,1.008
77909.528,1.004
77909.548,1.007
77909.568,1.003
77909.588,1.005
77909.608,1.002
77909.628,1.006
77909.648,1.004
77909.668,1.003
77909.688,1.006
77909.708,1.003
77909.728,1.006
77909.748,1.005
77909.768,1.004
77909.788,1.005
77909.808,1.005
77909.828,1.003
77909.848,1.004
77909.868,1.004
77909.888,1.006
77909.908,1.002
77909.928,1.007
77909.948,1.006
77909.968,1.005
77909.988,1.007
77910.008,1.006
77910.028,1.004
77910.048,1.004
77910.068,1.006
77910.088,1.002
77910.108,1.002
77910.128,1.006
77910.148,1.003
77910.168,1.006
77910.188,1.007
77910.208,1.004
77910.228,1.008
77910.248,1.003
77910.268,1.003
77910.288,1.007
77910.308,1.004
77910.328,1.006
77910.348,1.012
77910.368,1.009
77910.388,1.002
77910.408,1.011
77910.428,1.004
77910.448,1.006
77910.468,1.005
77910.488,1.003
77910.508,1.003
77910.528,1.003
77910.548,1.005
77910.568,1.003
77910.588,1.005
77910.608,1.002
77910.628,1.003
77910.648,1.008
77910.668,1.005
77910.688,1.001
77910.708,1.004
77910.728,1.006
77910.748,1.005
77910.768,1.001
77910.788,1.003
77910.808,1.002
77910.828,1.004
77910.848,1.002
77910.868,1.004
77910.888,1.005
77910.908,1.003
77910.928,1.003
77910.948,1.004
77910.968,1.005
77910.988,1.004
77911.008,1.003
77911.028,1.004
77911.048,1.005
77911.068,1.006
77911.088,1.006
77911.108,1.004
77911.128,1.005
77911.148,1.004
77911.168,1.002
77911.188,1.002
77911.208,1.005
77911.228,1.006
77911.248,1.006
77911.268,1.004
77911.288,1.004
77911.308,1.005
77911.328,1.007
77911.348,1.006
77911.368,1.006
77911.388,1.004
77911.408,1.002
77911.428,1.006
77911.448,1.000
77911.468,1.004
77911.488,1.005
77911.508,1.005
77911.528,1.006
77911.548,1.006
77911.568,1.004
77911.588,1.005
77911.608,1.005
77911.628,1.002
77911.648,1.003
77911.668,1.003
77911.688,1.006
77911.708,1.002
77911.728,1.006
77911.748,1.004
77911.768,1.008
77911.788,1.005
77911.808,1.006
77911.828,1.002
77911.848,1.004
77911.868,1.000
77911.888,1.004
77911.908,1.007
77911.928,1.005
77911.948,1.002
77911.968,1.004
77911.988,1.006
77912.008,1.005
77912.028,1.003
77912.048,1.005
77912.068,1.003
77912.088,1.002
77912.108,1.003
77912.128,1.006
77912.148,1.005
77912.168,1.006
77912.188,1.007
77912.208,1.002
77912.228,1.004
77912.248,1.001
77912.268,1.005
77912.288,1.006
77912.308,1.005
77912.328,1.004
77912.348,1.005
77912.368,1.002
77912.388,1.003
77912.408,1.005
77912.428,1.003
77912.448,1.007
77912.468,1.004
77912.488,1.004
77912.508,1.005
77912.528,1.004
77912.548,1.007
77912.568,1.006
77912.588,1.003
77912.608,1.000
77912.628,1.004
77912.648,1.003
77912.668,1.005
77912.688,1.003
77912.708,1.008
77912.728,1.009
77912.748,1.002
77912.768,1.004
77912.788,1.003
77912.808,1.004
77912.828,1.004
77912.848,1.006
77912.868,1.004
77912.888,1.004
77912.908,1.002
77912.928,1.004
77912.948,1.005
77912.968,1.003
77912.988,1.004
77913.008,1.004
77913.028,1.005
77913.048,1.003
77913.068,1.003
77913.088,1.004
77913.108,1.004
77913.128,1.002
77913.148,1.004
77913.168,1.007
77913.188,1.005
77913.208,1.000
77913.228,1.005
77913.248,1.002
77913.268,1.004
77913.288,1.005
77913.308,1.007
77913.328,1.003
77913.348,1.006
77913.368,1.007
77913.388,1.006
77913.408,1.002
77913.428,1.004
77913.448,1.005
77913.468,1.004
77913.488,1.006
77913.508,1.004
77913.528,1.004
77913.548,1.003
77913.568,1.004
77913.588,1.003
77913.608,1.005
77913.628,1.003
77913.648,1.004
77913.668,1.002
77913.688,1.005
77913.708,1.004
77913.728,1.004
77913.748,1.004
77913.768,1.007
77913.788,1.006
77913.808,1.004
77913.828,1.005
77913.848,1.002
77913.868,1.004
77913.888,1.004
77913.908,1.005
77913.928,1.004
77913.948,1.007
77913.968,1.003
77913.988,1.002
77914.008,1.005
77914.028,1.004
77914.048,1.005
77914.068,1.006
77914.088,1.000
77914.108,1.007
77914.128,1.003
77914.148,1.001
77914.168,1.008
77914.188,1.004
77914.208,1.005
77914.228,1.005
77914.248,1.008
77914.268,0.999
77914.288,1.005
77914.308,1.007
77914.328,1.005
77914.348,1.006
77914.368,1.004
77914.388,1.003
77914.408,1.004
77914.428,1.001
78454.228,1.100
78454.248,1.014
78454.268,1.010
78454.288,1.006
78454.308,1.008
78454.328,1.004
78454.348,1.002
78454.368,1.006
78454.388,1.005
78454.408,0.996
78454.428,1.005
78454.448,1.001
78454.468,1.012
78454.488,1.002
78454.508,1.005
78454.528,1.006
78454.548,1.004
78454.568,1.008
78454.588,1.002
78454.608,1.007
78454.628,1.003
78454.648,1.006
78454.668,1.003
78454.688,1.003
78454.708,1.003
78454.728,1.004
78454.748,1.007
78454.768,1.008
78454.788,1.006
78454.808,1.134
78454.828,0.879
78454.848,0.950
78454.868,1.057
78454.888,1.113
78454.908,0.999
78454.928,1.027
78454.948,0.989
78454.968,1.021
78454.988,1.004
78455.008,0.999
78455.028,0.992
78455.048,0.996
78455.068,1.016
78455.088,1.001
78455.108,1.016
78455.128,1.001
78455.148,1.007
78455.168,1.007
78455.188,1.004
78455.208,1.005
78455.228,1.002
78455.248,1.007
78455.268,1.003
78455.288,1.003
78455.308,1.009
78455.328,1.002
78455.348,1.007
78455.368,1.005
78455.388,1.004
78455.408,1.005
78455.428,1.001
78455.448,1.008
78455.468,1.004
78455.488,1.007
78455.508,1.004
78455.528,1.004
78455.548,1.005
78455.568,1.004
78455.588,1.005
78455.608,1.004
78455.628,1.003
78455.648,1.003
78455.668,1.003
78455.688,1.003
78455.708,1.003
78455.728,1.004
78455.748,1.005
78455.768,1.003
78455.788,1.008
78455.808,1.004
78455.828,1.003
78455.848,1.004
78455.868,1.005
78455.888,1.005
78455.908,1.005
78455.928,1.004
78455.948,1.006
78455.968,1.003
78455.988,1.007
78456.008,1.002
78456.028,1.001
78456.048,1.004
78456.068,1.013
78456.088,1.010
78456.108,1.003
78456.128,1.004
78456.148,1.000
78456.168,1.001
78456.188,1.001
78456.208,1.005
78456.228,1.007
78456.248,1.006
78456.268,1.001
78456.288,1.000
78456.308,1.004
78456.328,1.005
78456.348,1.004
78456.368,1.007
78456.388,1.006
78456.408,1.006
78456.428,1.002
78456.448,1.004
78456.468,1.007
78456.488,1.007
78456.508,1.008
78456.528,1.005
78456.548,1.003
78456.568,1.001
78456.588,1.004
78456.608,1.004
78456.628,1.002
78456.648,1.005
78456.668,1.005
78456.688,1.005
78456.708,1.002
78456.728,1.004
78456.748,1.006
78456.768,1.006
78456.788,1.004
78456.808,1.005
78456.828,0.999
78456.848,1.004
78456.868,1.001
78456.888,1.005
78456.908,1.008
78456.928,1.006
78456.948,1.005
78456.968,1.004
78456.988,1.005
78457.008,1.002
78457.028,1.003
78457.048,1.005
78457.068,1.007
78457.088,1.003
78457.108,1.004
78457.128,1.001
78457.148,1.004
78457.168,1.005
78457.188,1.006
78457.208,1.005
78457.228,1.007
78457.248,1.005
78457.268,1.004
78457.288,1.004
78457.308,1.003
78457.328,1.003
78457.348,1.003
78457.368,1.005
78457.388,1.003
78457.408,1.004
78457.428,1.003
78457.448,1.007
78457.468,1.003
78457.488,1.005
78457.508,1.003
78457.528,1.005
78457.548,1.001
78457.568,1.004
78457.588,1.007
78457.608,1.005
78457.628,1.006
78457.648,1.004
78457.668,1.005
78457.688,1.003
78457.708,1.005
78457.728,1.005
78457.748,1.005
78457.768,1.004
78457.788,1.005
78457.808,1.002
78457.828,1.005
78457.848,1.006
78457.868,1.006
78457.888,1.004
78457.908,1.005
78457.928,1.004
78457.948,1.003
78457.968,1.003
78457.988,1.003
78458.008,1.007
78458.028,1.005
78458.048,1.007
78458.068,1.002
78458.088,1.005
78458.108,1.003
78458.128,1.003
78458.148,1.003
78458.168,1.005
78458.188,1.005
78458.208,1.004
78458.228,1.003
78458.248,1.005
78458.268,1.005
78458.288,1.006
78458.308,1.004
78458.328,1.005
78458.348,1.003
78458.368,1.003
78458.388,1.005
78458.408,1.004
78458.428,1.006
78458.448,1.004
78458.468,1.006
78458.488,1.004
78458.508,1.005
78458.528,1.004
78458.548,1.003
78458.568,1.005
78458.588,1.007
78458.608,1.004
78458.628,1.005
78458.648,1.004
78458.668,1.002
78458.688,1.005
78458.708,1.005
78458.728,1.005
78458.748,1.004
78458.768,1.003
78458.788,1.003
78458.808,1.004
78458.828,1.004
78458.848,1.004
78458.868,1.004
78458.888,1.003
78458.908,1.003
78458.928,1.005
78458.948,1.000
78458.968,1.004
78458.988,1.006
78459.008,1.001
78459.028,1.005
78459.048,1.006
78459.068,1.003
78459.088,1.004
78459.108,1.005
78459.128,1.001
78459.148,1.004
78459.168,1.005
78459.188,1.005
78459.208,1.004
78459.228,1.003
78459.248,1.004
78459.268,1.004
78459.288,1.004
78459.308,1.004
78459.328,1.003
78459.348,1.004
78459.368,1.005
78459.388,1.003
78459.408,1.005
78459.428,1.006
78459.448,1.003
78459.468,1.003
78459.488,1.004
78459.508,1.007
78459.528,1.004
78459.548,1.005
78459.568,1.004
78459.588,1.005
78459.608,1.002
78459.628,1.005
78459.648,1.003
78459.668,1.004
78459.688,1.005
78459.708,1.007
78459.728,1.004
78459.748,1.005
78459.768,1.005
78459.788,1.003
78459.808,1.004
78459.828,1.002
78459.848,1.007
78459.868,1.000
78459.888,1.003
78459.908,1.006
78459.928,1.005
78459.948,1.003
78459.968,1.005
78459.988,1.003
78460.008,1.005
78460.028,1.005
78460.048,1.005
78460.068,1.004
78460.088,1.005
78460.108,1.002
78460.128,1.006
78460.148,1.005
78460.168,1.004
78460.188,1.004
78460.208,1.005
78460.228,1.006
78460.248,1.003
78460.268,1.005
78460.288,1.004
78460.308,1.004
78460.328,1.005
78460.348,1.002
78460.368,1.004
78460.388,1.004
78460.408,1.005
78460.428,1.003
78460.448,1.005
78460.468,1.002
78460.488,1.007
78460.508,1.006
78460.528,1.006
78460.548,1.003
78460.568,1.003
78460.588,1.005
78460.608,1.004
78460.628,1.005
78460.648,1.003
78460.668,1.005
78460.688,1.003
78460.708,1.004
78460.728,1.003
78460.748,1.006
78460.768,1.004
78460.788,1.004
78460.808,1.004
78460.828,1.005
78460.848,1.004
78460.868,1.003
78460.888,1.004
78460.908,1.004
78460.928,1.003
78460.948,1.003
78460.968,1.005
78460.988,1.000
78461.008,1.005
78461.028,1.006
78461.048,1.004
78461.068,1.005
78461.088,1.006
78461.108,1.004
78461.128,1.003
78461.148,1.007
78461.168,1.005
78461.188,1.002
78461.208,1.004
78461.228,1.002
78461.248,1.006
78461.268,1.004
78461.288,1.002
78461.308,1.005
78461.328,1.004
78461.348,1.004
78461.368,1.005
78461.388,1.004
78461.408,1.005
78461.428,1.005
78461.448,1.004
78461.468,1.004
78461.488,1.005
78461.508,1.004
78461.528,1.005
78461.548,1.004
78461.568,1.002
78461.588,1.002
78461.608,1.004
78461.628,1.002
78461.648,1.004
78461.668,1.006
78461.688,1.006
78461.708,1.004
78461.728,1.007
78461.748,1.003
78461.768,1.004
78461.788,1.004
78461.808,1.006
78461.828,1.004
78461.848,1.006
78461.868,1.007
78461.888,1.004
78461.908,1.003
78461.928,1.003
78461.948,1.004
78461.968,1.005
78461.988,1.005
78462.008,1.003
78462.028,1.005
78462.048,1.005
78462.068,1.004
78462.088,1.002
78462.108,1.006
78462.128,1.005
78462.148,1.006
78462.168,1.005
78462.188,1.005
78462.208,1.005
78462.228,1.004
78462.248,1.005
78462.268,1.004
78462.288,1.006
78462.308,1.003
78462.328,1.003
78462.348,1.002
78462.368,1.009
78462.388,1.004
78462.408,1.005
78462.428,1.001
78462.448,1.007
78462.468,1.005
78462.488,1.002
78462.508,1.004
78462.528,1.003
78462.548,1.004
78462.568,1.002
78462.588,1.002
78462.608,1.005
78462.628,1.006
78462.648,1.004
78462.668,1.005
78462.688,1.006
78462.708,1.005
78462.728,1.003
78462.748,1.005
78462.768,1.003
78462.788,1.005
78462.808,1.006
78462.828,1.003
78462.848,1.004
78462.868,1.005
78462.888,1.002
78462.908,1.006
78462.928,1.003
78462.948,1.004
78462.968,1.006
78462.988,1.001
78463.008,1.007
78463.028,1.003
78463.048,1.003
78463.068,1.004
78463.088,1.004
78463.108,1.006
78463.128,1.002
78463.148,1.006
78463.168,1.004
78463.188,1.004
78463.208,1.001
78463.228,1.007
78463.248,1.005
78463.268,1.006
78463.288,1.002
78463.308,1.005
78463.328,1.004
78463.348,1.004
78463.368,1.005
78463.388,1.006
78463.408,1.006
78463.428,1.003
78463.448,1.004
78463.468,1.006
78463.488,1.004
78463.508,1.002
78463.528,1.003
78463.548,1.004
78463.568,1.005
78463.588,1.007
78463.608,1.005
78463.628,1.002
78463.648,1.005
78463.668,1.006
78463.688,1.003
78463.708,1.005
78463.728,1.003
78463.748,1.005
78463.768,1.006
78463.788,1.007
78463.808,1.003
78463.828,1.006
78463.848,1.006
78463.868,1.006
78463.888,1.004
78463.908,1.004
78463.928,1.005
78463.948,1.005
78463.968,1.007
78463.988,1.006
78464.008,1.004
78464.028,1.003
78464.048,1.006
78464.068,1.005
78464.088,1.002
78464.108,1.005
78464.128,1.005
78464.148,1.003
78464.168,1.003
78464.188,1.003
78464.208,1.004
78464.228,1.007
78464.248,1.002
78464.268,1.004
78464.288,1.002
78464.308,1.004
78464.328,1.006
78464.348,1.006
78464.368,1.002
78464.388,1.006
78464.408,1.004
78464.428,1.006
78464.448,1.005
78464.468,1.005
78464.488,1.005
78464.508,1.003
78464.528,1.007
78464.548,1.004
78464.568,1.005
78464.588,1.002
78464.608,1.004
78464.628,1.004
78464.648,1.001
78464.668,1.006
78464.688,1.004
78464.708,1.006
78464.728,1.002
78464.748,1.004
78464.768,1.005
78464.788,1.007
78464.808,1.005
78464.828,1.004
78464.848,1.004
78464.868,1.004
78464.888,1.002
78464.908,1.005
78464.928,1.003
78464.948,1.004
78464.968,1.005
78464.988,1.006
78465.008,1.005
78465.028,1.006
78465.048,1.005
78465.068,1.003
78465.088,1.005
78465.108,1.003
78465.128,1.005
78465.148,1.002
78465.168,1.005
78465.188,1.002
78465.208,1.006
78465.228,1.004
78465.248,1.003
78465.268,1.002
78465.288,1.004
78465.308,1.005
78465.328,1.003
78465.348,1.004
78465.368,1.004
78465.388,1.007
78465.408,1.005
78465.428,1.006
78465.448,1.005
78465.468,1.006
78465.488,1.006
78465.508,1.005
78465.528,1.001
78465.548,1.003
78465.568,1.004
78465.588,1.005
78465.608,1.002
78465.628,1.004
78465.648,1.003
78465.668,1.005
78465.688,1.004
78465.708,1.003
78465.728,1.006
78465.748,1.006
78465.768,1.005
78465.788,1.003
78465.808,1.005
78465.828,1.005
78465.848,1.004
78465.868,1.002
78465.888,1.005
78465.908,1.005
78465.928,1.005
78465.948,1.005
78465.968,1.004
78465.988,1.002
78466.008,1.007
78466.028,1.003
78466.048,1.002
78466.068,1.003
78466.088,1.004
78466.108,1.004
78466.128,1.003
78466.148,1.006
78466.168,1.004
78466.188,1.007
78466.208,1.004
78466.228,1.005
78466.248,1.002
78466.268,1.004
78466.288,1.004
78466.308,1.005
78466.328,1.003
78466.348,1.003
78466.368,1.006
78466.388,1.006
78466.408,1.006
78466.428,1.006
78466.448,1.003
78466.468,1.005
78466.488,1.004
78466.508,1.002
78466.528,1.007
78466.548,1.003
78466.568,1.006
78466.588,1.003
78466.608,1.002
78466.628,1.006
78466.648,1.003
78466.668,1.003
78466.688,1.002
78466.708,1.006
78466.728,1.003
78466.748,1.005
78466.768,1.005
78466.788,1.003
78466.808,1.004
78466.828,1.003
78466.848,1.004
78466.868,1.004
78466.888,1.005
78466.908,1.004
78466.928,1.004
78466.948,1.005
78466.968,1.005
78466.988,1.003
78467.008,1.005
78467.028,1.004
78467.048,1.006
78467.068,1.006
78467.088,1.006
78467.108,1.003
78467.128,1.004
78467.148,1.004
78467.168,1.007
78467.188,1.006
78467.208,1.006
78467.228,1.005
78467.248,1.003
78467.268,1.007
78467.288,1.003
78467.308,1.005
78467.328,1.002
78467.348,1.007
78467.368,1.003
78467.388,1.007
78467.408,1.005
78467.428,1.004
78467.448,1.004
78467.468,1.004
78467.488,1.005
78467.508,1.003
78467.528,1.005
78467.548,1.004
78467.568,1.005
78467.588,1.004
78467.608,1.003
78467.628,1.003
78467.648,1.005
78467.668,1.004
78467.688,1.005
78467.708,1.005
78467.728,1.005
78467.748,1.004
78467.768,1.003
78467.788,1.006
78467.808,1.005
78467.828,1.003
78467.848,1.004
78467.868,1.006
78467.888,1.004
78467.908,1.004
78467.928,1.003
78467.948,1.008
78467.968,1.002
78467.988,1.005
78468.008,1.002
78468.028,1.005
78468.048,1.002
78468.068,1.003
78468.088,1.005
78468.108,1.003
78468.128,1.005
78468.148,1.003
78468.168,1.005
78468.188,1.002
78468.208,1.007
78468.228,1.005
78468.248,1.006
78468.268,1.004
78468.288,1.005
78468.308,1.003
78468.328,1.004
78468.348,1.004
78468.368,1.005
78468.388,1.005
78468.408,1.005
78468.428,1.004
78468.448,1.004
78468.468,1.005
78468.488,1.003
78468.508,1.007
78468.528,1.004
78468.548,1.005
78468.568,1.004
78468.588,1.004
78468.608,1.004
78468.628,1.005
78468.648,1.003
78468.668,1.007
78468.688,1.004
78468.708,1.006
78468.728,1.005
78468.748,1.006
78468.768,1.005
78468.788,1.005
78468.808,1.006
78468.828,1.004
78468.848,1.005
78468.868,1.004
78468.888,1.005
78468.908,1.003
78468.928,1.006
78468.948,1.005
78468.968,1.005
78468.988,1.003
78469.008,1.005
78469.028,1.002
78469.048,1.006
78469.068,1.004
78469.088,1.003
78469.108,1.005
78469.128,1.004
78469.148,1.006
78469.168,1.004
78469.188,1.007
78469.208,1.003
78469.228,1.004
78469.248,1.005
78469.268,1.004
78469.288,1.003
78469.308,1.005
78469.328,1.003
78469.348,1.004
78469.368,1.005
78469.388,1.004
78469.408,1.004
78469.428,1.005
78469.448,1.005
78469.468,1.005
78469.488,1.005
78469.508,1.005
78469.528,1.003
78469.548,1.006
78469.568,1.006
78469.588,1.004
78469.608,1.007
78469.628,1.004
78469.648,1.006
78469.668,1.004
78469.688,1.004
78469.708,1.004
78469.728,1.004
78469.748,1.003
78469.768,1.003
78469.788,1.006
78469.808,1.005
78469.828,1.003
78469.848,1.003
78469.868,1.006
78469.888,1.003
78469.908,1.004
78469.928,1.006
78469.948,1.004
78469.968,1.004
78469.988,1.006
78470.008,1.002
78470.028,1.003
78470.048,1.005
78470.068,1.003
78470.088,1.005
78470.108,1.003
78470.128,1.005
78470.148,1.004
78470.168,1.006
78470.188,1.002
78470.208,1.007
78470.228,1.003
78470.248,1.004
78470.268,1.004
78470.288,1.005
78470.308,1.006
78470.328,1.007
78470.348,1.004
78470.368,1.002
78470.388,1.005
78470.408,1.004
78470.428,1.006
78470.448,1.003
78470.468,1.002
78470.488,1.003
78470.508,1.004
78470.528,1.004
78470.548,1.005
78470.568,1.006
78470.588,1.006
78470.608,1.005
78470.628,1.004
78470.648,1.007
78470.668,1.004
78470.688,1.006
78470.708,1.001
78470.728,1.004
78470.748,1.004
78470.768,1.005
78470.788,1.005
78470.808,1.007
78470.828,1.003
78470.848,1.005
78470.868,1.006
78470.888,1.004
78470.908,1.006
78470.928,1.004
78470.948,1.004
78470.968,1.004
78470.988,1.002
78471.008,1.006
78471.028,1.006
78471.048,1.004
78471.068,1.006
78471.088,1.004
78471.108,1.002
78471.128,1.005
78471.148,1.004
78471.168,1.004
78471.188,1.002
78471.208,1.004
78471.228,1.004
78471.248,1.004
78471.268,1.003
78471.288,1.008
78471.308,1.006
78471.328,1.005
78471.348,1.003
78471.368,1.001
78471.388,1.004
78471.408,1.003
78471.428,1.005
78471.448,1.002
78471.468,1.005
78471.488,1.005
78471.508,1.004
78471.528,1.003
78471.548,1.006
78471.568,1.004
78471.588,1.004
78471.608,1.003
78471.628,1.004
78471.648,1.003
78471.668,1.003
78471.688,1.005
78471.708,1.003
78471.728,1.004
78471.748,1.004
78471.768,1.004
78471.788,1.004
78471.808,1.006
78471.828,1.003
78471.848,1.007
78471.868,1.003
78471.888,1.005
78471.908,1.007
78471.928,1.003
78471.948,1.003
78471.968,1.004
78471.988,1.005
78472.008,1.003
78472.028,1.003
78472.048,1.004
78472.068,1.005
78472.088,1.004
78472.108,1.005
78472.128,1.003
78472.148,1.004
78472.168,1.004
78472.188,1.004
78472.208,1.004
78472.228,1.003
78472.248,1.007
78472.268,1.004
78472.288,1.003
78472.308,1.003
78472.328,1.005
78472.348,1.004
78472.368,1.004
78472.388,1.004
78472.408,1.003
78472.428,1.002
78472.448,1.004
78472.468,1.006
78472.488,1.007
78472.508,1.004
78472.528,1.007
78472.548,1.004
78472.568,1.004
78472.588,1.003
78472.608,1.004
78472.628,1.001
78472.648,1.003
78472.668,1.004
78472.688,1.004
78472.708,1.005
78472.728,1.003
78472.748,1.003
78472.768,1.002
78472.788,1.003
78472.808,1.006
78472.828,1.003
78472.848,1.003
78472.868,1.006
78472.888,1.006
78472.908,1.006
78472.928,1.003
78472.948,1.007
78472.968,1.004
78472.988,1.007
78473.008,1.005
78473.028,1.004
78473.048,1.003
78473.068,1.002
78473.088,1.006
78473.108,1.003
78473.128,1.003
78473.148,1.003
78473.168,1.005
78473.188,1.002
78473.208,1.003
78473.228,1.005
78473.248,1.002
78473.268,1.004
78473.288,1.002
78473.308,1.005
78473.328,1.004
78473.348,1.004
78473.368,1.006
78473.388,1.003
78473.408,1.003
78473.428,1.004
78473.448,1.003
78473.468,1.004
78473.488,1.006
78473.508,1.005
78473.528,1.004
78473.548,1.007
78473.568,1.005
78473.588,1.003
78473.608,1.003
78473.628,1.003
78473.648,1.003
78473.668,1.003
78473.688,1.002
78473.708,1.004
78473.728,1.004
78473.748,1.003
78473.768,1.004
78473.788,1.001
78473.808,1.005
78473.828,1.004
78473.848,1.004
78473.868,1.005
78473.888,1.004
78473.908,1.006
78473.928,1.005
78473.948,1.004
78473.968,1.005
78473.988,1.004
78474.008,1.003
78474.028,1.006
78474.048,1.003
78474.068,1.005
78474.088,1.004
78474.108,1.005
78474.128,1.004
78474.148,1.004
78474.168,1.004
78474.188,1.005
78474.208,1.004
78474.228,1.002
78474.248,1.006
78474.268,1.003
78474.288,1.005
78474.308,1.004
78474.328,1.004
78474.348,1.004
78474.368,1.005
78474.388,1.004
78474.408,1.003
78474.428,1.004
78474.448,1.003
78474.468,1.007
78474.488,1.003
78474.508,1.007
78474.528,1.004
78474.548,1.003
78474.568,1.004
78474.588,1.003
78474.608,1.005
78474.628,1.005
78474.648,1.002
78474.668,1.005
78474.688,1.004
78474.708,1.003
78474.728,1.006
78474.748,1.006
78474.768,1.006
78474.788,1.003
78474.808,1.004
80187.928,0.837
80187.948,1.059
80187.968,1.016
80187.988,1.020
80188.008,1.008
80188.028,0.996
80188.048,1.007
80188.068,0.996
80188.088,1.016
80188.108,1.001
80188.128,1.007
80188.148,1.006
80188.168,1.005
80188.188,1.002
80188.208,0.997
80188.228,1.006
80188.248,1.006
80188.268,1.014
80188.288,1.006
80188.308,1.005
80188.328,1.006
80188.348,0.996
80188.368,1.008
80188.388,1.002
80188.408,1.008
80188.428,1.007
80188.448,1.008
80188.468,0.999
80188.488,1.001
80188.508,1.008
80188.528,1.003
80188.548,1.010
80188.568,1.000
80188.588,1.006
80188.608,1.002
80188.628,1.002
80188.648,1.003
80188.668,1.004
80188.688,1.009
80188.708,1.007
80188.728,1.003
80188.748,1.003
80188.768,1.003
80188.788,1.005
80188.808,1.005
80188.828,1.007
80188.848,1.007
80188.868,1.002
80188.888,1.005
80188.908,1.003
80188.928,1.003
80188.948,1.003
80188.968,1.005
80188.988,1.004
80189.008,1.004
80189.028,1.004
80189.048,1.002
80189.068,1.003
80189.088,1.007
80189.108,1.006
80189.128,1.006
80189.148,1.004
80189.168,1.001
80189.188,1.003
80189.208,1.006
80189.228,1.005
80189.248,1.004
80189.268,1.006
80189.288,0.998
80189.308,1.004
80189.328,1.007
80189.348,1.008
80189.368,1.011
80189.388,1.007
80189.408,1.002
80189.428,1.004
80189.448,1.001
80189.468,1.003
80189.488,1.006
80189.508,1.008
80189.528,1.008
80189.548,1.001
80189.568,1.005
80189.588,0.998
80189.608,1.007
80189.628,1.007
80189.648,1.003
80189.668,1.004
80189.688,1.001
80189.708,1.001
80189.728,1.004
80189.748,1.000
80189.768,1.007
80189.788,1.003
80189.808,1.004
80189.828,1.002
80189.848,1.003
80189.868,1.007
80189.888,0.999
80189.908,1.008
80189.928,1.003
80189.948,1.004
80189.968,1.002
80189.988,1.001
80190.008,1.005
80190.028,1.007
80190.048,1.009
80190.068,1.005
80190.088,1.003
80190.108,1.006
80190.128,1.005
80190.148,1.007
80190.168,0.999
80190.188,1.010
80190.208,1.003
80190.228,1.005
80190.248,1.001
80190.268,1.004
80190.288,1.008
80190.308,1.008
80190.328,1.005
80190.348,1.002
80190.368,1.005
80190.388,1.004
80190.408,1.003
80190.428,1.002
80190.448,1.000
80190.468,1.004
80190.488,1.007
80190.508,1.000
80190.528,1.003
80190.548,1.002
80190.568,1.001
80190.588,1.003
80190.608,1.013
80190.628,1.007
80190.648,1.005
80190.668,1.008
80190.688,0.998
80190.708,1.004
80190.728,1.004
80190.748,1.006
80190.768,1.002
80190.788,1.004
80190.808,1.005
80190.828,1.003
80190.848,1.006
80190.868,1.001
80190.888,1.009
80190.908,1.005
80190.928,1.007
80190.948,0.999
80190.968,1.002
80190.988,0.999
80191.008,1.003
80191.028,1.006
80191.048,1.008
80191.068,1.005
80191.088,1.000
80191.108,1.003
80191.128,1.002
80191.148,1.010
80191.168,1.005
80191.188,1.006
80191.208,1.005
80191.228,1.000
80191.248,1.001
80191.268,1.009
80191.288,1.006
80191.308,1.008
80191.328,1.007
80191.348,1.004
80191.368,1.000
80191.388,0.998
80191.408,1.001
80191.428,1.003
80191.448,1.012
80191.468,1.006
80191.488,0.995
80191.508,1.003
80191.528,1.001
80191.548,1.003
80191.568,0.998
80191.588,1.004
80191.608,1.003
80191.628,0.999
80191.648,1.003
80191.668,1.000
80191.688,1.011
80191.708,1.005
80191.728,1.010
80191.748,1.005
80191.768,1.001
80191.788,1.002
80191.808,1.002
80191.828,1.009
80191.848,1.004
80191.868,1.000
80191.888,0.997
80191.908,1.005
80191.928,1.006
80191.948,1.006
80191.968,1.010
80191.988,1.006
80192.008,1.001
80192.028,1.002
80192.048,1.003
80192.068,1.001
80192.088,1.008
80192.108,1.004
80192.128,1.006
80192.148,1.007
80192.168,1.004
80192.188,1.002
80192.208,1.004
80192.228,1.005
80192.248,1.003
80192.268,1.005
80192.288,1.006
80192.308,0.996
80192.328,1.004
80192.348,1.004
80192.368,1.007
80192.388,1.005
80192.408,1.003
80192.428,1.001
80192.448,1.004
80192.468,1.003
80192.488,1.003
80192.508,1.004
80192.528,1.011
80192.548,1.002
80192.568,1.004
80192.588,1.005
80192.608,1.006
80192.628,1.007
80192.648,1.002
80192.668,1.009
80192.688,1.005
80192.708,1.002
80192.728,1.003
80192.748,1.001
80192.768,1.012
80192.788,1.002
80192.808,1.010
80192.828,1.006
80192.848,1.000
80192.868,1.004
80192.888,0.999
80192.908,1.010
80192.928,0.997
80192.948,1.008
80192.968,1.001
80192.988,0.999
80193.008,1.006
80193.028,1.001
80193.048,1.010
80193.068,1.000
80193.088,1.007
80193.108,1.005
80193.128,1.002
80193.148,1.006
80193.168,0.999
80193.188,1.009
80193.208,1.002
80193.228,1.004
80193.248,1.002
80193.268,1.005
80193.288,1.003
80193.308,1.003
80193.328,1.005
80193.348,1.003
80193.368,1.002
80193.388,1.003
80193.408,1.002
80193.428,1.001
80193.448,1.003
80193.468,1.007
80193.488,1.002
80193.508,1.013
80193.528,1.002
80193.548,1.004
80193.568,1.003
80193.588,1.003
80193.608,1.002
80193.628,1.009
80193.648,1.005
80193.668,1.006
80193.688,1.003
80193.708,1.006
80193.728,1.003
80193.748,1.001
80193.768,1.003
80193.788,1.005
80193.808,1.007
80193.828,1.009
80193.848,1.006
80193.868,1.005
80193.888,1.005
80193.908,1.003
80193.928,1.005
80193.948,1.001
80193.968,1.009
80193.988,1.001
80194.008,1.009
80194.028,1.005
80194.048,1.009
80194.068,1.008
80194.088,1.009
80194.108,1.004
80194.128,1.002
80194.148,1.007
80194.168,1.004
80194.188,1.007
80194.208,1.005
80194.228,1.011
80194.248,1.009
80194.268,1.003
80194.288,1.008
80194.308,1.003
80194.328,1.003
80194.348,1.007
80194.368,1.005
80194.388,1.006
80194.408,1.003
80194.428,1.007
80194.448,1.000
80194.468,1.008
80194.488,1.004
80194.508,1.001
80194.528,1.002
80194.548,1.002
80194.568,1.004
80194.588,1.002
80194.608,1.009
80194.628,1.000
80194.648,1.003
80194.668,1.001
80194.688,1.003
80194.708,1.006
80194.728,1.000
80194.748,1.006
80194.768,1.003
80194.788,1.007
80194.808,1.001
80194.828,1.005
80194.848,1.003
80194.868,1.006
80194.888,1.002
80194.908,0.998
80194.928,1.007
80194.948,1.003
80194.968,1.005
80194.988,1.001
80195.008,0.997
80195.028,1.010
80195.048,1.005
80195.068,1.005
80195.088,1.005
80195.108,0.999
80195.128,1.001
80195.148,1.002
80195.168,1.005
80195.188,1.002
80195.208,1.004
80195.228,1.006
80195.248,1.004
80195.268,1.004
80195.288,1.004
80195.308,1.002
80195.328,1.004
80195.348,1.003
80195.368,1.003
80195.388,1.003
80195.408,1.003
80195.428,1.006
80195.448,1.003
80195.468,1.009
80195.488,1.004
80195.508,1.006
80195.528,1.005
80195.548,1.006
80195.568,1.006
80195.588,1.002
80195.608,1.008
80195.628,1.002
80195.648,1.004
80195.668,1.005
80195.688,1.005
80195.708,1.003
80195.728,1.006
80195.748,1.005
80195.768,1.003
80195.788,1.003
80195.808,1.005
80195.828,1.004
80195.848,1.005
80195.868,1.003
80195.888,1.004
80195.908,1.009
80195.928,1.006
80195.948,1.001
80195.968,1.004
80195.988,1.002
80196.008,1.004
80196.028,1.004
80196.048,1.007
80196.068,1.004
80196.088,1.004
80196.108,1.001
80196.128,1.000
80196.148,1.005
80196.168,1.005
80196.188,1.006
80196.208,1.004
80196.228,1.005
80196.248,1.007
80196.268,0.993
80196.288,1.000
80196.308,1.003
80196.328,1.004
80196.348,1.007
80196.368,1.005
80196.388,1.004
80196.408,0.999
80196.428,1.004
80196.448,1.009
80196.468,1.007
80196.488,1.004
80196.508,1.006
80196.528,1.004
80196.548,1.004
80196.568,1.005
80196.588,1.006
80196.608,1.004
80196.628,1.001
80196.648,1.003
80196.668,1.004
80196.688,1.000
80196.708,1.006
80196.728,1.000
80196.748,1.005
80196.768,1.001
80196.788,1.001
80196.808,1.004
80196.828,1.005
80196.848,1.005
80196.868,1.005
80196.888,1.004
80196.908,1.004
80196.928,1.002
80196.948,1.002
80196.968,1.002
80196.988,1.019
80197.008,1.001
80197.028,1.015
80197.048,1.002
80197.068,1.002
80197.088,1.006
80197.108,1.005
80197.128,1.003
80197.148,1.006
80197.168,1.006
80197.188,1.004
80197.208,1.004
80197.228,1.000
80197.248,1.005
80197.268,1.004
80197.288,1.006
80197.308,1.006
80197.328,1.004
80197.348,1.002
80197.368,1.003
80197.388,1.003
80197.408,1.003
80197.428,1.002
80197.448,1.004
80197.468,1.006
80197.488,1.004
80197.508,1.002
80197.528,1.002
80197.548,1.004
80197.568,1.005
80197.588,1.006
80197.608,1.008
80197.628,1.003
80197.648,1.003
80197.668,0.999
80197.688,1.004
80197.708,1.006
80197.728,1.011
80197.748,1.010
80197.768,1.008
80197.788,1.006
80197.808,0.997
80197.828,1.001
80197.848,1.006
80197.868,1.005
80197.888,1.004
80197.908,1.002
80197.928,1.002
80197.948,1.002
80197.968,1.006
80197.988,1.003
80198.008,1.006
80198.028,1.005
80198.048,1.003
80198.068,1.003
80198.088,1.005
80198.108,1.002
80198.128,1.007
80198.148,1.004
80198.168,1.005
80198.188,1.005
80198.208,1.004
80198.228,1.001
80198.248,1.005
80198.268,1.003
80198.288,1.003
80198.308,1.007
80198.328,1.002
80198.348,1.002
80198.368,1.005
80198.388,1.005
80198.408,1.004
80198.428,1.004
80198.448,1.003
80198.468,1.003
80198.488,1.005
80198.508,1.005
80198.528,1.005
80198.548,1.004
80198.568,1.006
80198.588,1.004
80198.608,1.003
80198.628,1.004
80198.648,1.004
80198.668,1.005
80198.688,1.002
80198.708,1.004
80198.728,1.004
80198.748,1.003
80198.768,1.004
80198.788,1.002
80198.808,1.004
80198.828,1.004
80198.848,1.003
80198.868,1.002
80198.888,1.004
80198.908,1.005
80198.928,1.004
80198.948,1.005
80198.968,1.001
80198.988,1.005
80199.008,1.006
80199.028,1.003
80199.048,1.005
80199.068,1.004
80199.088,1.001
80199.108,1.003
80199.128,1.005
80199.148,1.007
80199.168,1.004
80199.188,1.008
80199.208,1.001
80199.228,1.002
80199.248,1.002
80199.268,1.006
80199.288,1.001
80199.308,1.003
80199.328,1.002
80199.348,1.002
80199.368,1.004
80199.388,1.003
80199.408,1.005
80199.428,1.008
80199.448,1.005
80199.468,1.000
80199.488,1.005
80199.508,1.000
80199.528,1.002
80199.548,1.006
80199.568,1.006
80199.588,1.006
80199.608,1.004
80199.628,1.008
80199.648,1.000
80199.668,1.004
80199.688,1.005
80199.708,1.006
80199.728,1.008
80199.748,1.004
80199.768,1.007
80199.788,1.001
80199.808,1.005
80199.828,1.001
80199.848,1.003
80199.868,1.005
80199.888,1.002
80199.908,1.006
80199.928,1.003
80199.948,1.006
80199.968,1.005
80199.988,1.003
80200.008,1.004
80200.028,1.004
80200.048,1.006
80200.068,1.006
80200.088,1.003
80200.108,1.004
80200.128,1.003
80200.148,1.004
80200.168,1.004
80200.188,1.005
80200.208,1.007
80200.228,1.002
80200.248,1.005
80200.268,1.005
80200.288,1.005
80200.308,1.002
80200.328,1.006
80200.348,1.004
80200.368,1.001
80200.388,1.000
80200.408,1.004
80200.428,1.008
80200.448,1.004
80200.468,1.004
80200.488,1.003
80200.508,1.006
80200.528,1.000
80200.548,0.999
80200.568,1.006
80200.588,1.001
80200.608,1.003
80200.628,1.000
80200.648,1.003
80200.668,1.008
80200.688,1.003
80200.708,1.003
80200.728,1.006
80200.748,1.003
80200.768,1.004
80200.788,1.001
80200.808,1.010
80200.828,0.999
80200.848,1.004
80200.868,1.007
80200.888,1.003
80200.908,1.005
80200.928,1.002
80200.948,1.006
80200.968,1.009
80200.988,1.003
80201.008,1.006
80201.028,1.001
80201.048,1.002
80201.068,1.000
80201.088,1.002
80201.108,1.005
80201.128,1.005
80201.148,1.004
80201.168,1.004
80201.188,1.000
80201.208,1.001
80201.228,1.004
80201.248,1.009
80201.268,1.006
80201.288,1.007
80201.308,0.999
80201.328,1.000
80201.348,1.008
80201.368,1.002
80201.388,1.009
80201.408,1.006
80201.428,1.005
80201.448,1.005
80201.468,1.001
80201.488,1.004
80201.508,1.005
80201.528,1.000
80201.548,1.005
80201.568,1.008
80201.588,1.011
80201.608,0.999
80201.628,1.009
80201.648,1.006
80201.668,1.007
80201.688,1.007
80201.708,1.000
80201.728,1.004
80201.748,0.998
80201.768,1.008
80201.788,1.003
80201.808,1.012
80201.828,1.002
80201.848,1.000
80201.868,1.009
80201.888,1.007
80201.908,1.011
80201.928,1.002
80201.948,1.009
80201.968,1.002
80201.988,1.006
80202.008,1.012
80202.028,1.001
80202.048,1.006
80202.068,1.003
80202.088,1.007
80202.108,1.000
80202.128,1.007
80202.148,1.003
80202.168,1.000
80202.188,1.004
80202.208,1.000
80202.228,1.017
80202.248,1.004
80202.268,1.004
80202.288,1.006
80202.308,0.996
80202.328,1.005
80202.348,1.003
80202.368,1.009
80202.388,0.999
80202.408,1.003
80202.428,1.009
80202.448,0.999
80202.468,1.006
80202.488,1.003
80202.508,1.005
80202.528,1.004
80202.548,1.004
80202.568,1.005
80202.588,1.003
80202.608,1.004
80202.628,0.996
80202.648,1.006
80202.668,1.007
80202.688,1.006
80202.708,1.006
80202.728,1.002
80202.748,1.004
80202.768,1.001
80202.788,1.006
80202.808,1.004
80202.828,1.006
80202.848,1.004
80202.868,1.002
80202.888,1.007
80202.908,1.002
80202.928,1.004
80202.948,1.008
80202.968,1.005
80202.988,1.003
80203.008,1.009
80203.028,1.010
80203.048,0.999
80203.068,1.005
80203.088,1.009
80203.108,1.007
80203.128,1.004
80203.148,1.004
80203.168,1.005
80203.188,1.004
80203.208,1.007
80203.228,1.012
80203.248,1.001
80203.268,1.005
80203.288,1.001
80203.308,0.998
80203.328,1.005
80203.348,1.005
80203.368,1.013
80203.388,1.005
80203.408,1.003
80203.428,0.997
80203.448,1.002
80203.468,1.000
80203.488,1.008
80203.508,1.016
80203.528,1.003
80203.548,1.013
80203.568,0.999
80203.588,1.011
80203.608,1.005
80203.628,1.000
80203.648,1.008
80203.668,1.003
80203.688,1.003
80203.708,1.013
80203.728,1.008
80203.748,1.005
80203.768,1.007
80203.788,1.006
80203.808,1.006
80203.828,1.004
80203.848,1.001
80203.868,1.002
80203.888,1.003
80203.908,1.004
80203.928,0.997
80203.948,1.002
80203.968,1.001
80203.988,1.009
80204.008,1.008
80204.028,1.009
80204.048,1.009
80204.068,1.004
80204.088,1.000
80204.108,0.997
80204.128,1.009
80204.148,1.003
80204.168,1.003
80204.188,1.003
80204.208,1.002
80204.228,1.003
80204.248,1.003
80204.268,1.007
80204.288,1.006
80204.308,1.008
80204.328,1.000
80204.348,1.001
80204.368,1.005
80204.388,1.000
80204.408,1.005
80204.428,1.006
80204.448,0.999
80204.468,1.006
80204.488,1.004
80204.508,1.004
80204.528,1.006
80204.548,1.007
80204.568,0.997
80204.588,1.007
80204.608,1.001
80204.628,1.011
80204.648,0.996
80204.668,1.009
80204.688,1.007
80204.708,1.007
80204.728,1.004
80204.748,1.005
80204.768,1.012
80204.788,1.000
80204.808,1.001
80204.828,0.995
80204.848,1.005
80204.868,1.003
80204.888,1.009
80204.908,1.008
80204.928,1.002
80204.948,1.005
80204.968,1.000
80204.988,1.004
80205.008,1.003
80205.028,1.001
80205.048,1.007
80205.068,1.005
80205.088,1.005
80205.108,1.001
80205.128,1.008
80205.148,1.008
80205.168,1.006
80205.188,1.006
80205.208,1.007
80205.228,1.006
80205.248,0.999
80205.268,1.004
80205.288,1.001
80205.308,1.006
80205.328,1.000
80205.348,1.001
80205.368,1.005
80205.388,1.004
80205.408,1.003
80205.428,1.007
80205.448,1.004
80205.468,1.006
80205.488,1.006
80205.508,0.996
80205.528,1.006
80205.548,1.001
80205.568,1.002
80205.588,1.003
80205.608,1.008
80205.628,1.006
80205.648,1.003
80205.668,1.006
80205.688,1.004
80205.708,1.006
80205.728,1.001
80205.748,1.008
80205.768,1.003
80205.788,1.021
80205.808,1.007
80205.828,1.005
80205.848,1.005
80205.868,1.005
80205.888,1.004
80205.908,1.008
80205.928,1.008
80205.948,1.004
80205.968,1.004
80205.988,1.005
80206.008,0.998
80206.028,1.004
80206.048,1.005
80206.068,1.006
80206.088,1.005
80206.108,1.007
80206.128,1.006
80206.148,0.995
80206.168,1.008
80206.188,1.003
80206.208,1.004
80206.228,1.007
80206.248,1.005
80206.268,1.003
80206.288,0.997
80206.308,1.009
80206.328,1.002
80206.348,1.010
80206.368,1.006
80206.388,1.001
80206.408,1.005
80206.428,0.998
80206.448,1.007
80206.468,1.006
80206.488,1.012
80206.508,1.005
80206.528,1.009
80206.548,1.005
80206.568,1.000
80206.588,1.004
80206.608,1.002
80206.628,1.010
80206.648,1.005
80206.668,1.005
80206.688,1.001
80206.708,1.002
80206.728,1.006
80206.748,1.000
80206.768,1.003
80206.788,1.004
80206.808,1.003
80206.828,1.008
80206.848,1.000
80206.868,1.002
80206.888,1.000
80206.908,1.006
80206.928,1.003
80206.948,1.005
80206.968,1.001
80206.988,1.005
80207.008,1.004
80207.028,1.001
80207.048,1.003
80207.068,1.006
80207.088,1.006
80207.108,0.996
80207.128,1.007
80207.148,1.000
80207.168,1.002
80207.188,1.006
80207.208,1.004
80207.228,1.007
80207.248,1.003
80207.268,1.008
80207.288,1.001
80207.308,1.001
80207.328,1.004
80207.348,1.006
80207.368,1.004
80207.388,1.005
80207.408,1.002
80207.428,1.007
80207.448,1.007
80207.468,1.001
80207.488,1.007
80207.508,1.004
80207.528,1.002
80207.548,1.006
80207.568,1.006
80207.588,1.005
80207.608,1.004
80207.628,1.004
80207.648,1.007
80207.668,1.005
80207.688,1.007
80207.708,1.001
80207.728,1.004
80207.748,1.004
80207.768,1.002
80207.788,1.008
80207.808,1.004
80207.828,1.005
80207.848,1.000
80207.868,1.005
80207.888,1.002
80207.908,1.004
80207.928,1.004
80238.143,1.038
80238.163,1.020
80238.183,0.909
80238.203,0.849
80238.223,0.903
80238.243,0.990
80238.263,1.025
80238.283,0.969
80238.303,1.007
80238.323,0.967
80238.343,1.009
80238.363,1.022
80238.383,0.963
80238.403,1.042
80238.423,1.018
80238.443,0.998
80238.463,1.047
80238.483,0.980
80238.503,1.003
80238.523,0.991
80238.543,0.981
80238.563,1.021
80238.583,1.012
80238.603,1.028
80238.623,1.003
80238.643,1.004
80238.663,0.996
80238.683,0.987
80238.703,1.015
80238.723,1.008
80238.743,1.003
80238.763,1.005
80238.783,0.997
80238.803,1.001
80238.823,1.013
80238.843,1.004
80238.863,1.015
80238.883,1.016
80238.903,1.000
80238.923,1.005
80238.943,0.990
80238.963,1.000
80238.983,1.002
80239.003,1.014
80239.023,1.018
80239.043,1.002
80239.063,1.006
80239.083,1.000
80239.103,1.008
80239.123,1.003
80239.143,1.009
80239.163,1.009
80239.183,1.004
80239.203,0.999
80239.223,1.005
80239.243,1.013
80239.263,1.010
80239.283,1.000
80239.303,1.009
80239.323,1.001
80239.343,1.023
80239.363,1.004
80239.383,0.991
80239.403,0.999
80239.423,1.015
80239.443,1.013
80239.463,1.001
80239.483,1.020
80239.503,0.995
80239.523,1.014
80239.543,1.020
80239.563,1.010
80239.583,1.000
80239.603,0.994
80239.623,0.997
80239.643,0.991
80239.663,1.004
80239.683,1.003
80239.703,1.003
80239.723,1.015
80239.743,1.002
80239.763,1.001
80239.783,1.005
80239.803,0.994
80239.823,1.003
80239.843,1.002
80239.863,1.003
80239.883,1.010
80239.903,1.002
80239.923,1.006
80239.943,0.997
80239.963,1.008
80239.983,1.007
80240.003,1.000
80240.023,1.011
80240.043,1.000
80240.063,1.002
80240.083,1.003
80240.103,1.002
80240.123,1.007
80240.143,1.004
80240.163,1.006
80240.183,1.002
80240.203,1.004
80240.223,1.002
80240.243,0.998
80240.263,1.006
80240.283,1.006
80240.303,1.010
80240.323,1.002
80240.343,1.000
80240.363,1.007
80240.383,1.000
80240.403,1.006
80240.423,1.006
80240.443,1.004
80240.463,1.004
80240.483,1.000
80240.503,1.003
80240.523,1.006
80240.543,1.007
80240.563,1.010
80240.583,1.003
80240.603,1.002
80240.623,1.000
80240.643,1.003
80240.663,1.005
80240.683,1.001
80240.703,1.006
80240.723,1.003
80240.743,1.004
80240.763,1.002
80240.783,0.999
80240.803,1.006
80240.823,1.005
80240.843,1.006
80240.863,1.002
80240.883,1.004
80240.903,1.003
80240.923,1.004
80240.943,1.004
80240.963,1.008
80240.983,1.006
80241.003,1.007
80241.023,0.996
80241.043,1.014
80241.063,0.998
80241.083,1.017
80241.103,0.992
80241.123,1.008
80241.143,1.007
80241.163,1.004
80241.183,1.004
80241.203,1.008
80241.223,1.000
80241.243,1.002
80241.263,1.004
80241.283,1.006
80241.303,1.006
80241.323,0.999
80241.343,1.007
80241.363,1.001
80241.383,1.010
80241.403,1.000
80241.423,1.008
80241.443,1.005
80241.463,1.004
80241.483,1.003
80241.503,1.005
80241.523,1.003
80241.543,1.003
80241.563,1.005
80241.583,1.007
80241.603,1.000
80241.623,1.014
80241.643,0.991
80241.663,1.015
80241.683,1.004
80241.703,0.996
80241.723,1.013
80241.743,1.009
80241.763,0.991
80241.783,1.012
80241.803,0.997
80241.823,1.001
80241.843,1.010
80241.863,1.003
80241.883,1.007
80241.903,1.002
80241.923,1.008
80241.943,0.996
80241.963,1.010
80241.983,1.005
80242.003,1.000
80242.023,1.005
80242.043,1.002
80242.063,1.003
80242.083,1.007
80242.103,1.002
80242.123,1.006
80242.143,1.004
80242.163,1.005
80242.183,0.997
80242.203,1.013
80242.223,1.000
80242.243,1.000
80242.263,1.009
80242.283,1.005
80242.303,1.000
80242.323,1.005
80242.343,1.002
80242.363,1.004
80242.383,1.008
80242.403,1.008
80242.423,1.002
80242.443,1.005
80242.463,1.002
80242.483,1.003
80242.503,1.007
80242.523,1.006
80242.543,1.003
80242.563,1.006
80242.583,1.004
80242.603,1.003
80242.623,1.002
80242.643,1.007
80242.663,1.002
80242.683,1.004
80242.703,1.007
80242.723,1.004
80242.743,1.002
80242.763,1.008
80242.783,1.001
80242.803,1.009
80242.823,1.000
80242.843,1.006
80242.863,1.005
80242.883,1.006
80242.903,1.003
80242.923,1.004
80242.943,1.002
80242.963,1.006
80242.983,1.004
80243.003,1.004
80243.023,1.003
80243.043,1.006
80243.063,1.005
80243.083,1.003
80243.103,1.006
80243.123,1.003
80243.143,1.006
80243.163,1.000
80243.183,1.005
80243.203,1.003
80243.223,1.004
80243.243,1.005
80243.263,1.002
80243.283,1.004
80243.303,1.003
80243.323,1.001
80243.343,1.006
80243.363,1.004
80243.383,1.004
80243.403,1.001
80243.423,1.005
80243.443,1.002
80243.463,1.007
80243.483,1.006
80243.503,1.004
80243.523,1.003
80243.543,1.002
80243.563,1.001
80243.583,1.004
80243.603,1.003
80243.623,1.005
80243.643,1.006
80243.663,1.003
80243.683,1.003
80243.703,1.004
80243.723,1.002
80243.743,1.004
80243.763,1.003
80243.783,1.004
80243.803,1.005
80243.823,1.002
80243.843,1.004
80243.863,1.005
80243.883,1.005
80243.903,1.003
80243.923,1.003
80243.943,1.004
80243.963,1.003
80243.983,1.003
80244.003,1.002
80244.023,1.003
80244.043,1.005
80244.063,1.003
80244.083,1.006
80244.103,1.004
80244.123,1.006
80244.143,1.004
80244.163,1.003
80244.183,1.002
80244.203,1.004
80244.223,1.003
80244.243,1.004
80244.263,1.005
80244.283,1.004
80244.303,1.007
80244.323,1.006
80244.343,1.003
80244.363,1.002
80244.383,1.004
80244.403,1.003
80244.423,1.004
80244.443,1.003
80244.463,1.007
80244.483,1.005
80244.503,1.005
80244.523,1.003
80244.543,1.004
80244.563,1.003
80244.583,1.005
80244.603,1.005
80244.623,1.004
80244.643,1.001
80244.663,1.003
80244.683,1.002
80244.703,1.005
80244.723,1.004
80244.743,1.004
80244.763,1.002
80244.783,1.002
80244.803,1.003
80244.823,1.004
80244.843,1.005
80244.863,1.004
80244.883,1.004
80244.903,1.007
80244.923,1.003
80244.943,1.008
80244.963,1.003
80244.983,1.007
80245.003,1.005
80245.023,1.005
80245.043,1.005
80245.063,1.003
80245.083,1.003
80245.103,1.004
80245.123,1.002
80245.143,1.006
80245.163,1.001
80245.183,1.006
80245.203,1.004
80245.223,1.005
80245.243,1.003
80245.263,1.005
80245.283,1.005
80245.303,1.003
80245.323,1.004
80245.343,1.002
80245.363,1.002
80245.383,1.003
80245.403,1.004
80245.423,1.004
80245.443,1.003
80245.463,1.004
80245.483,1.007
80245.503,1.005
80245.523,1.004
80245.543,1.004
80245.563,1.002
80245.583,1.003
80245.603,1.003
80245.623,1.003
80245.643,1.005
80245.663,1.005
80245.683,1.007
80245.703,1.004
80245.723,1.004
80245.743,1.002
80245.763,1.005
80245.783,1.003
80245.803,1.004
80245.823,1.006
80245.843,1.004
80245.863,1.003
80245.883,1.002
80245.903,1.004
80245.923,1.003
80245.943,1.002
80245.963,1.005
80245.983,1.003
80246.003,1.005
80246.023,1.001
80246.043,1.004
80246.063,1.003
80246.083,1.004
80246.103,1.004
80246.123,1.004
80246.143,1.002
80246.163,1.004
80246.183,1.002
80246.203,1.004
80246.223,1.006
80246.243,1.002
80246.263,1.004
80246.283,1.005
80246.303,1.004
80246.323,1.004
80246.343,1.006
80246.363,1.002
80246.383,1.005
80246.403,1.003
80246.423,1.002
80246.443,1.005
80246.463,1.005
80246.483,1.004
80246.503,1.001
80246.523,1.004
80246.543,1.002
80246.563,1.005
80246.583,1.004
80246.603,1.005
80246.623,1.004
80246.643,1.004
80246.663,1.004
80246.683,1.003
80246.703,1.004
80246.723,1.003
80246.743,1.005
80246.763,1.005
80246.783,1.004
80246.803,1.005
80246.823,1.004
80246.843,1.004
80246.863,1.004
80246.883,1.006
80246.903,1.006
80246.923,1.004
80246.943,1.005
80246.963,1.005
80246.983,1.005
80247.003,1.005
80247.023,1.002
80247.043,1.002
80247.063,1.001
80247.083,1.006
80247.103,1.005
80247.123,1.005
80247.143,1.006
80247.163,1.004
80247.183,1.005
80247.203,1.006
80247.223,1.003
80247.243,1.003
80247.263,1.003
80247.283,1.003
80247.303,1.004
80247.323,1.003
80247.343,1.002
80247.363,1.003
80247.383,1.005
80247.403,1.003
80247.423,1.005
80247.443,1.001
80247.463,1.002
80247.483,1.006
80247.503,1.006
80247.523,1.003
80247.543,1.003
80247.563,1.006
80247.583,1.003
80247.603,1.003
80247.623,1.004
80247.643,1.004
80247.663,1.004
80247.683,1.003
80247.703,1.004
80247.723,1.004
80247.743,1.004
80247.763,1.005
80247.783,1.005
80247.803,1.005
80247.823,1.001
80247.843,1.005
80247.863,1.005
80247.883,1.006
80247.903,1.003
80247.923,1.004
80247.943,1.005
80247.963,1.001
80247.983,1.004
80248.003,1.003
80248.023,1.004
80248.043,1.002
80248.063,1.006
80248.083,1.005
80248.103,1.004
80248.123,1.005
80248.143,1.007
80248.163,1.003
80248.183,1.005
80248.203,1.004
80248.223,1.004
80248.243,1.004
80248.263,1.003
80248.283,1.003
80248.303,1.003
80248.323,1.006
80248.343,1.005
80248.363,1.006
80248.383,1.006
80248.403,1.005
80248.423,1.004
80248.443,1.004
80248.463,1.004
80248.483,1.005
80248.503,1.003
80248.523,1.006
80248.543,1.002
80248.563,1.005
80248.583,1.008
80248.603,1.002
80248.623,1.004
80248.643,1.004
80248.663,1.005
80248.683,1.006
80248.703,1.004
80248.723,1.002
80248.743,1.004
80248.763,1.002
80248.783,1.005
80248.803,1.004
80248.823,1.005
80248.843,1.003
80248.863,1.003
80248.883,1.004
80248.903,1.004
80248.923,1.005
80248.943,1.004
80248.963,1.002
80248.983,1.008
80249.003,1.005
80249.023,1.006
80249.043,1.004
80249.063,1.003
80249.083,1.004
80249.103,1.002
80249.123,1.003
80249.143,1.004
80249.163,1.003
80249.183,1.003
80249.203,1.003
80249.223,1.004
80249.243,1.004
80249.263,1.005
80249.283,1.007
80249.303,1.003
80249.323,1.004
80249.343,1.004
80249.363,1.005
80249.383,1.004
80249.403,1.004
80249.423,1.006
80249.443,1.004
80249.463,1.006
80249.483,1.006
80249.503,1.006
80249.523,1.004
80249.543,1.007
80249.563,1.004
80249.583,1.006
80249.603,1.004
80249.623,1.003
80249.643,1.004
80249.663,1.004
80249.683,1.004
80249.703,1.007
80249.723,1.003
80249.743,1.005
80249.763,1.004
80249.783,1.006
80249.803,1.004
80249.823,1.006
80249.843,1.005
80249.863,1.003
80249.883,1.004
80249.903,1.004
80249.923,1.002
80249.943,1.004
80249.963,1.006
80249.983,1.005
80250.003,1.005
80250.023,1.004
80250.043,1.006
80250.063,1.002
80250.083,1.003
80250.103,1.004
80250.123,1.003
80250.143,1.004
80250.163,1.002
80250.183,1.003
80250.203,1.005
80250.223,1.006
80250.243,1.001
80250.263,1.002
80250.283,1.003
80250.303,1.003
80250.323,1.005
80250.343,1.006
80250.363,1.003
80250.383,1.003
80250.403,1.005
80250.423,1.003
80250.443,1.004
80250.463,1.004
80250.483,1.004
80250.503,1.004
80250.523,1.004
80250.543,1.003
80250.563,1.005
80250.583,1.003
80250.603,1.005
80250.623,1.001
80250.643,1.003
80250.663,1.004
80250.683,1.002
80250.703,1.004
80250.723,1.007
80250.743,1.005
80250.763,1.003
80250.783,1.002
80250.803,1.003
80250.823,1.002
80250.843,1.005
80250.863,1.004
80250.883,1.003
80250.903,1.004
80250.923,1.004
80250.943,1.004
80250.963,1.003
80250.983,1.007
80251.003,1.003
80251.023,1.004
80251.043,1.003
80251.063,1.004
80251.083,1.004
80251.103,1.002
80251.123,1.003
80251.143,1.005
80251.163,1.006
80251.183,1.003
80251.203,1.003
80251.223,1.004
80251.243,1.002
80251.263,1.005
80251.283,1.004
80251.303,1.003
80251.323,1.005
80251.343,1.002
80251.363,1.003
80251.383,1.004
80251.403,1.005
80251.423,1.005
80251.443,1.003
80251.463,1.006
80251.483,1.004
80251.503,1.005
80251.523,1.004
80251.543,1.005
80251.563,1.002
80251.583,1.003
80251.603,1.004
80251.623,1.003
80251.643,1.005
80251.663,1.005
80251.683,1.004
80251.703,1.003
80251.723,1.005
80251.743,1.005
80251.763,1.003
80251.783,1.005
80251.803,1.006
80251.823,1.002
80251.843,1.005
80251.863,1.003
80251.883,1.003
80251.903,1.005
80251.923,1.004
80251.943,1.005
80251.963,1.005
80251.983,1.005
80252.003,1.006
80252.023,1.005
80252.043,1.004
80252.063,1.002
80252.083,1.004
80252.103,1.005
80252.123,1.005
80252.143,1.003
80252.163,1.006
80252.183,1.004
80252.203,1.005
80252.223,1.005
80252.243,1.004
80252.263,1.005
80252.283,1.005
80252.303,1.005
80252.323,1.003
80252.343,1.002
80252.363,1.004
80252.383,1.003
80252.403,1.002
80252.423,1.004
80252.443,1.003
80252.463,1.005
80252.483,1.003
80252.503,1.005
80252.523,1.004
80252.543,1.004
80252.563,1.004
80252.583,1.004
80252.603,1.003
80252.623,1.002
80252.643,1.004
80252.663,1.002
80252.683,1.005
80252.703,1.005
80252.723,1.004
80252.743,1.000
80252.763,1.003
80252.783,1.005
80252.803,1.005
80252.823,1.005
80252.843,1.004
80252.863,1.003
80252.883,1.005
80252.903,1.004
80252.923,1.004
80252.943,1.004
80252.963,1.007
80252.983,1.005
80253.003,1.004
80253.023,1.004
80253.043,1.002
80253.063,1.004
80253.083,1.003
80253.103,1.004
80253.123,1.005
80253.143,1.005
80253.163,1.006
80253.183,1.004
80253.203,1.004
80253.223,1.003
80253.243,1.002
80253.263,1.003
80253.283,1.006
80253.303,1.004
80253.323,1.004
80253.343,1.005
80253.363,1.004
80253.383,1.004
80253.403,1.005
80253.423,1.004
80253.443,1.005
80253.463,1.005
80253.483,1.005
80253.503,1.005
80253.523,1.007
80253.543,1.004
80253.563,1.002
80253.583,1.007
80253.603,1.002
80253.623,1.003
80253.643,1.005
80253.663,1.005
80253.683,1.002
80253.703,1.003
80253.723,1.005
80253.743,1.004
80253.763,1.004
80253.783,1.007
80253.803,1.005
80253.823,1.005
80253.843,1.003
80253.863,1.004
80253.883,1.004
80253.903,1.003
80253.923,1.004
80253.943,1.003
80253.963,1.004
80253.983,1.003
80254.003,1.005
80254.023,1.004
80254.043,1.004
80254.063,1.004
80254.083,1.006
80254.103,1.003
80254.123,1.005
80254.143,1.005
80254.163,1.002
80254.183,1.002
80254.203,1.004
80254.223,1.006
80254.243,1.003
80254.263,1.004
80254.283,1.007
80254.303,1.004
80254.323,1.006
80254.343,1.006
80254.363,1.004
80254.383,1.006
80254.403,1.005
80254.423,1.005
80254.443,1.006
80254.463,1.004
80254.483,1.004
80254.503,1.005
80254.523,1.004
80254.543,1.005
80254.563,1.006
80254.583,1.002
80254.603,1.003
80254.623,1.004
80254.643,1.004
80254.663,1.002
80254.683,1.002
80254.703,1.006
80254.723,1.002
80254.743,1.005
80254.763,1.004
80254.783,1.003
80254.803,1.004
80254.823,1.003
80254.843,1.004
80254.863,1.005
80254.883,1.005
80254.903,1.005
80254.923,1.003
80254.943,1.004
80254.963,1.003
80254.983,1.004
80255.003,1.004
80255.023,1.005
80255.043,1.004
80255.063,1.006
80255.083,1.004
80255.103,1.003
80255.123,1.006
80255.143,1.004
80255.163,1.002
80255.183,1.003
80255.203,1.003
80255.223,1.004
80255.243,1.005
80255.263,1.003
80255.283,1.007
80255.303,1.003
80255.323,1.003
80255.343,1.004
80255.363,1.002
80255.383,1.006
80255.403,1.003
80255.423,1.004
80255.443,1.004
80255.463,1.003
80255.483,1.003
80255.503,1.006
80255.523,1.004
80255.543,1.004
80255.563,1.006
80255.583,1.003
80255.603,1.006
80255.623,1.001
80255.643,1.004
80255.663,1.006
80255.683,1.002
80255.703,1.004
80255.723,1.004
80255.743,1.004
80255.763,1.006
80255.783,1.005
80255.803,1.001
80255.823,1.004
80255.843,1.003
80255.863,1.003
80255.883,1.003
80255.903,1.005
80255.923,1.004
80255.943,1.002
80255.963,1.003
80255.983,1.004
80256.003,1.002
80256.023,1.005
80256.043,1.002
80256.063,1.007
80256.083,1.005
80256.103,1.003
80256.123,1.004
80256.143,1.007
80256.163,1.003
80256.183,1.005
80256.203,1.004
80256.223,1.003
80256.243,1.004
80256.263,1.002
80256.283,1.004
80256.303,1.005
80256.323,1.004
80256.343,1.008
80256.363,1.004
80256.383,1.005
80256.403,1.004
80256.423,1.005
80256.443,1.003
80256.463,1.004
80256.483,1.004
80256.503,1.004
80256.523,1.004
80256.543,1.005
80256.563,1.005
80256.583,1.003
80256.603,1.004
80256.623,1.006
80256.643,1.005
80256.663,1.003
80256.683,1.003
80256.703,1.003
80256.723,1.004
80256.743,1.004
80256.763,1.005
80256.783,1.004
80256.803,1.001
80256.823,1.005
80256.843,1.004
80256.863,1.005
80256.883,1.004
80256.903,1.006
80256.923,1.004
80256.943,1.003
80256.963,1.002
80256.983,1.004
80257.003,1.003
80257.023,1.004
80257.043,1.003
80257.063,1.004
80257.083,1.005
80257.103,1.006
80257.123,1.004
80257.143,1.005
80257.163,1.004
80257.183,1.003
80257.203,1.004
80257.223,1.006
80257.243,1.004
80257.263,1.005
80257.283,1.006
80257.303,1.004
80257.323,1.005
80257.343,1.007
80257.363,1.004
80257.383,1.004
80257.403,1.007
80257.423,1.004
80257.443,1.006
80257.463,1.003
80257.483,1.003
80257.503,1.005
80257.523,1.003
80257.543,1.003
80257.563,1.002
80257.583,1.005
80257.603,1.004
80257.623,1.002
80257.643,1.003
80257.663,1.003
80257.683,1.004
80257.703,1.004
80257.723,1.005
80257.743,1.003
80257.763,1.002
80257.783,1.004
80257.803,1.006
80257.823,1.006
80257.843,1.002
80257.863,1.006
80257.883,1.001
80257.903,1.004
80257.923,1.002
80257.943,1.004
80257.963,1.003
80257.983,1.005
80258.003,1.004
80258.023,1.004
80258.043,1.003
80258.063,1.006
80258.083,1.004
80258.103,1.002
80258.123,1.005
80258.143,1.004
80258.163,1.004
80258.183,1.004
130767.033,0.864
130767.053,0.953
130767.073,0.968
130767.093,1.004
130767.113,1.008
130767.133,1.005
130767.153,1.038
130767.173,0.978
130767.193,1.035
130767.213,0.974
130767.233,1.014
130767.253,0.987
130767.273,1.017
130767.293,1.004
130767.313,1.006
130767.333,1.004
130767.353,0.998
130767.373,1.002
130767.393,1.010
130767.413,1.005
130767.433,1.016
130767.453,1.000
130767.473,1.007
130767.493,0.997
130767.513,1.000
130767.533,1.007
130767.553,1.006
130767.573,1.009
130767.593,1.005
130767.613,0.999
130767.633,1.003
130767.653,1.001
130767.673,1.009
130767.693,1.009
130767.713,1.005
130767.733,1.004
130767.753,0.997
130767.773,1.005
130767.793,1.000
130767.813,1.006
130767.833,1.012
130767.853,1.005
130767.873,1.005
130767.893,0.999
130767.913,1.002
130767.933,1.002
130767.953,1.006
130767.973,1.007
130767.993,1.005
130768.013,1.009
130768.033,1.002
130768.053,0.999
130768.073,1.005
130768.093,1.003
130768.113,1.007
130768.133,1.001
130768.153,1.007
130768.173,1.001
130768.193,1.002
130768.213,1.007
130768.233,1.008
130768.253,1.007
130768.273,1.006
130768.293,1.003
130768.313,1.001
130768.333,0.999
130768.353,1.005
130768.373,1.002
130768.393,1.005
130768.413,1.004
130768.433,1.003
130768.453,1.005
130768.473,1.004
130768.493,1.007
130768.513,1.005
130768.533,1.003
130768.553,1.008
130768.573,1.005
130768.593,1.002
130768.613,1.002
130768.633,1.003
130768.653,1.004
130768.673,1.007
130768.693,1.001
130768.713,1.003
130768.733,1.005
130768.753,1.006
130768.773,1.005
130768.793,1.003
130768.813,1.004
130768.833,1.002
130768.853,1.004
130768.873,1.008
130768.893,1.007
130768.913,1.004
130768.933,1.001
130768.953,1.003
130768.973,1.001
130768.993,1.006
130769.013,1.007
130769.033,1.005
130769.053,1.002
130769.073,1.001
130769.093,1.003
130769.113,1.010
130769.133,1.010
130769.153,1.010
130769.173,1.000
130769.193,0.998
130769.213,1.002
130769.233,1.000
130769.253,1.008
130769.273,1.006
130769.293,1.004
130769.313,1.006
130769.333,1.004
130769.353,1.003
130769.373,1.003
130769.393,1.007
130769.413,1.007
130769.433,1.006
130769.453,1.007
130769.473,1.002
130769.493,1.002
130769.513,1.004
130769.533,1.003
130769.553,1.005
130769.573,1.005
130769.593,1.006
130769.613,1.001
130769.633,1.002
130769.653,1.004
130769.673,1.004
130769.693,1.008
130769.713,1.009
130769.733,1.005
130769.753,1.004
130769.773,1.005
130769.793,1.003
130769.813,1.006
130769.833,1.004
130769.853,1.001
130769.873,1.005
130769.893,1.002
130769.913,1.001
130769.933,1.002
130769.953,1.004
130769.973,1.004
130769.993,1.005
130770.013,1.004
130770.033,1.002
130770.053,1.004
130770.073,1.005
130770.093,1.006
130770.113,1.008
130770.133,1.006
130770.153,1.005
130770.173,1.002
130770.193,1.002
130770.213,1.002
130770.233,1.004
130770.253,1.006
130770.273,1.004
130770.293,1.007
130770.313,1.002
130770.333,1.003
130770.353,1.004
130770.373,1.003
130770.393,1.007
130770.413,1.004
130770.433,1.004
130770.453,1.002
130770.473,1.003
130770.493,1.009
130770.513,1.002
130770.533,1.006
130770.553,1.003
130770.573,1.005
130770.593,1.003
130770.613,1.004
130770.633,1.006
130770.653,1.006
130770.673,1.005
130770.693,1.004
130770.713,1.005
130770.733,1.004
130770.753,1.006
130770.773,1.002
130770.793,1.004
130770.813,1.006
130770.833,1.003
130770.853,1.006
130770.873,1.003
130770.893,1.004
130770.913,1.005
130770.933,1.006
130770.953,1.006
130770.973,1.002
130770.993,1.003
130771.013,1.003
130771.033,1.005
130771.053,1.005
130771.073,1.003
130771.093,1.002
130771.113,1.003
130771.133,1.006
130771.153,1.006
130771.173,1.005
130771.193,1.004
130771.213,1.002
130771.233,1.003
130771.253,1.003
130771.273,1.002
130771.293,1.005
130771.313,1.004
130771.333,1.008
130771.353,1.003
130771.373,1.003
130771.393,1.006
130771.413,1.005
130771.433,1.004
130771.453,1.002
130771.473,1.003
130771.493,1.006
130771.513,1.005
130771.533,1.002
130771.553,1.005
130771.573,1.004
130771.593,1.004
130771.613,1.003
130771.633,1.006
130771.653,1.003
130771.673,1.004
130771.693,1.003
130771.713,1.004
130771.733,1.002
130771.753,1.003
130771.773,1.005
130771.793,1.004
130771.813,1.003
130771.833,1.004
130771.853,1.003
130771.873,1.004
130771.893,1.004
130771.913,1.006
130771.933,1.005
130771.953,1.004
130771.973,1.002
130771.993,1.004
130772.013,1.005
130772.033,1.005
130772.053,1.005
130772.073,1.005
130772.093,1.002
130772.113,1.004
130772.133,1.004
130772.153,1.006
130772.173,1.003
130772.193,1.005
130772.213,1.004
130772.233,1.005
130772.253,1.004
130772.273,1.004
130772.293,1.006
130772.313,1.004
130772.333,1.004
130772.353,1.003
130772.373,1.004
130772.393,1.004
130772.413,1.009
130772.433,1.002
130772.453,1.005
130772.473,1.005
130772.493,1.003
130772.513,1.008
130772.533,1.003
130772.553,1.003
130772.573,1.007
130772.593,1.006
130772.613,1.003
130772.633,1.003
130772.653,1.003
130772.673,1.004
130772.693,1.003
130772.713,1.002
130772.733,1.005
130772.753,1.006
130772.773,1.003
130772.793,1.005
130772.813,1.002
130772.833,1.003
130772.853,1.003
130772.873,1.006
130772.893,1.004
130772.913,1.005
130772.933,1.006
130772.953,1.004
130772.973,1.002
130772.993,1.005
130773.013,1.004
130773.033,1.004
130773.053,1.004
130773.073,1.002
130773.093,1.004
130773.113,1.004
130773.133,1.008
130773.153,1.005
130773.173,1.006
130773.193,1.003
130773.213,1.008
130773.233,1.004
130773.253,1.004
130773.273,1.005
130773.293,1.004
130773.313,1.004
130773.333,1.001
130773.353,1.005
130773.373,1.002
130773.393,1.002
130773.413,1.008
130773.433,1.005
130773.453,1.003
130773.473,1.003
130773.493,1.006
130773.513,1.004
130773.533,1.005
130773.553,1.004
130773.573,1.003
130773.593,1.007
130773.613,1.003
130773.633,1.005
130773.653,1.005
130773.673,1.005
130773.693,1.006
130773.713,1.006
130773.733,1.004
130773.753,1.006
130773.773,1.003
130773.793,1.003
130773.813,1.004
130773.833,1.001
130773.853,1.005
130773.873,1.005
130773.893,1.006
130773.913,1.003
130773.933,1.003
130773.953,1.002
130773.973,1.005
130773.993,1.003
130774.013,1.003
130774.033,1.003
130774.053,1.007
130774.073,1.004
130774.093,1.005
130774.113,1.002
130774.133,1.003
130774.153,1.002
130774.173,1.003
130774.193,1.004
130774.213,1.006
130774.233,1.004
130774.253,1.007
130774.273,1.005
130774.293,1.004
130774.313,1.006
130774.333,1.002
130774.353,1.004
130774.373,1.004
130774.393,1.005
130774.413,1.005
130774.433,1.002
130774.453,1.002
130774.473,1.004
130774.493,1.004
130774.513,1.004
130774.533,1.005
130774.553,1.006
130774.573,1.005
130774.593,1.006
130774.613,1.002
130774.633,1.004
130774.653,1.006
130774.673,1.002
130774.693,1.006
130774.713,1.003
130774.733,1.004
130774.753,1.001
130774.773,1.005
130774.793,1.004
130774.813,1.004
130774.833,1.004
130774.853,1.005
130774.873,1.004
130774.893,1.003
130774.913,1.005
130774.933,1.006
130774.953,1.005
130774.973,1.004
130774.993,1.002
130775.013,1.003
130775.033,1.004
130775.053,1.004
130775.073,1.005
130775.093,1.004
130775.113,1.004
130775.133,1.003
130775.153,1.005
130775.173,1.004
130775.193,1.004
130775.213,1.005
130775.233,1.004
130775.253,1.005
130775.273,1.004
130775.293,1.005
130775.313,1.004
130775.333,1.003
130775.353,1.003
130775.373,1.005
130775.393,1.004
130775.413,1.004
130775.433,1.004
130775.453,1.005
130775.473,1.005
130775.493,1.005
130775.513,1.003
130775.533,1.006
130775.553,1.004
130775.573,1.004
130775.593,1.004
130775.613,1.004
130775.633,1.002
130775.653,1.006
130775.673,1.007
130775.693,1.004
130775.713,1.002
130775.733,1.003
130775.753,1.007
130775.773,1.004
130775.793,1.006
130775.813,1.006
130775.833,1.005
130775.853,1.003
130775.873,1.006
130775.893,1.003
130775.913,1.003
130775.933,1.004
130775.953,1.003
130775.973,1.004
130775.993,1.003
130776.013,1.003
130776.033,1.005
130776.053,1.005
130776.073,1.005
130776.093,1.001
130776.113,1.004
130776.133,1.005
130776.153,1.004
130776.173,1.004
130776.193,1.005
130776.213,1.003
130776.233,1.008
130776.253,1.002
130776.273,1.007
130776.293,1.007
130776.313,1.005
130776.333,1.005
130776.353,1.003
130776.373,1.007
130776.393,1.004
130776.413,1.004
130776.433,1.006
130776.453,1.008
130776.473,1.005
130776.493,1.003
130776.513,1.004
130776.533,1.005
130776.553,1.003
130776.573,1.003
130776.593,1.003
130776.613,1.006
130776.633,1.006
130776.653,1.005
130776.673,1.004
130776.693,1.003
130776.713,1.005
130776.733,1.002
130776.753,1.004
130776.773,1.005
130776.793,1.002
130776.813,1.007
130776.833,1.002
130776.853,1.006
130776.873,1.004
130776.893,1.003
130776.913,1.003
130776.933,1.005
130776.953,1.003
130776.973,1.007
130776.993,1.004
130777.013,1.002
130777.033,1.004
130777.053,1.002
130777.073,1.004
130777.093,1.005
130777.113,1.002
130777.133,1.003
130777.153,1.005
130777.173,1.003
130777.193,1.003
130777.213,1.004
130777.233,1.004
130777.253,1.006
130777.273,1.003
130777.293,1.006
130777.313,1.004
130777.333,1.005
130777.353,1.004
130777.373,1.006
130777.393,1.004
130777.413,1.005
130777.433,1.004
130777.453,1.006
130777.473,1.003
130777.493,1.005
130777.513,1.005
130777.533,1.006
130777.553,1.005
130777.573,1.003
130777.593,1.002
130777.613,1.002
130777.633,1.007
130777.653,1.003
130777.673,1.005
130777.693,1.003
130777.713,1.007
130777.733,1.007
130777.753,1.004
130777.773,1.006
130777.793,1.004
130777.813,1.004
130777.833,1.006
130777.853,1.003
130777.873,1.002
130777.893,1.004
130777.913,1.006
130777.933,1.004
130777.953,1.003
130777.973,1.002
130777.993,1.002
130778.013,1.004
130778.033,1.005
130778.053,1.006
130778.073,1.006
130778.093,1.002
130778.113,1.005
130778.133,1.003
130778.153,1.002
130778.173,1.004
130778.193,1.003
130778.213,1.003
130778.233,1.001
130778.253,1.005
130778.273,1.000
130778.293,1.003
130778.313,1.006
130778.333,1.004
130778.353,1.002
130778.373,1.006
130778.393,1.004
130778.413,1.004
130778.433,1.003
130778.453,1.005
130778.473,1.005
130778.493,1.003
130778.513,1.005
130778.533,1.003
130778.553,1.004
130778.573,1.005
130778.593,1.006
130778.613,1.003
130778.633,1.005
130778.653,1.006
130778.673,1.003
130778.693,1.005
130778.713,1.007
130778.733,1.005
130778.753,1.005
130778.773,1.004
130778.793,1.004
130778.813,1.005
130778.833,1.005
130778.853,1.004
130778.873,1.007
130778.893,1.005
130778.913,1.005
130778.933,1.006
130778.953,1.005
130778.973,1.005
130778.993,1.004
130779.013,1.005
130779.033,1.005
130779.053,1.006
130779.073,1.005
130779.093,1.004
130779.113,1.005
130779.133,1.006
130779.153,1.003
130779.173,1.004
130779.193,1.003
130779.213,1.003
130779.233,1.005
130779.253,1.003
130779.273,1.006
130779.293,1.006
130779.313,1.006
130779.333,1.004
130779.353,1.006
130779.373,1.002
130779.393,1.003
130779.413,1.005
130779.433,1.002
130779.453,1.004
130779.473,1.004
130779.493,1.004
130779.513,1.002
130779.533,1.004
130779.553,1.004
130779.573,1.006
130779.593,1.006
130779.613,1.002
130779.633,1.001
130779.653,1.005
130779.673,1.004
130779.693,1.003
130779.713,1.004
130779.733,1.002
130779.753,1.003
130779.773,1.003
130779.793,1.005
130779.813,1.001
130779.833,1.005
130779.853,1.004
130779.873,1.003
130779.893,1.002
130779.913,1.004
130779.933,1.005
130779.953,1.002
130779.973,1.004
130779.993,1.001
130780.013,1.003
130780.033,1.004
130780.053,1.003
130780.073,1.004
130780.093,1.005
130780.113,1.005
130780.133,1.004
130780.153,1.005
130780.173,1.004
130780.193,1.002
130780.213,1.003
130780.233,1.005
130780.253,1.004
130780.273,1.006
130780.293,1.004
130780.313,1.005
130780.333,1.005
130780.353,1.002
130780.373,1.004
130780.393,1.004
130780.413,1.003
130780.433,1.002
130780.453,1.004
130780.473,1.005
130780.493,1.004
130780.513,1.004
130780.533,1.004
130780.553,1.004
130780.573,1.006
130780.593,1.006
130780.613,1.005
130780.633,1.004
130780.653,1.004
130780.673,1.003
130780.693,1.003
130780.713,1.004
130780.733,1.003
130780.753,1.001
130780.773,1.005
130780.793,1.004
130780.813,1.002
130780.833,1.004
130780.853,1.004
130780.873,1.003
130780.893,1.004
130780.913,1.005
130780.933,1.005
130780.953,1.004
130780.973,1.004
130780.993,1.004
130781.013,1.006
130781.033,1.005
130781.053,1.003
130781.073,1.003
130781.093,1.002
130781.113,1.006
130781.133,1.003
130781.153,1.006
130781.173,1.007
130781.193,1.006
130781.213,1.002
130781.233,1.002
130781.253,1.003
130781.273,1.003
130781.293,1.005
130781.313,1.004
130781.333,1.004
130781.353,1.006
130781.373,1.004
130781.393,1.006
130781.413,1.005
130781.433,1.005
130781.453,1.006
130781.473,1.002
130781.493,1.007
130781.513,1.002
130781.533,1.006
130781.553,1.006
130781.573,1.005
130781.593,1.005
130781.613,1.003
130781.633,1.006
130781.653,1.004
130781.673,1.005
130781.693,1.002
130781.713,1.005
130781.733,1.003
130781.753,1.003
130781.773,1.004
130781.793,1.008
130781.813,1.005
130781.833,1.005
130781.853,1.005
130781.873,1.001
130781.893,1.005
130781.913,1.003
130781.933,1.005
130781.953,1.004
130781.973,1.005
130781.993,1.005
130782.013,1.006
130782.033,1.003
130782.053,1.002
130782.073,1.001
130782.093,1.006
130782.113,1.007
130782.133,1.005
130782.153,1.004
130782.173,1.005
130782.193,1.005
130782.213,1.001
130782.233,1.006
130782.253,1.005
130782.273,1.004
130782.293,1.003
130782.313,1.002
130782.333,1.002
130782.353,1.003
130782.373,1.005
130782.393,1.004
130782.413,1.004
130782.433,1.004
130782.453,1.003
130782.473,1.004
130782.493,1.005
130782.513,1.003
130782.533,1.005
130782.553,1.004
130782.573,1.003
130782.593,1.003
130782.613,1.004
130782.633,1.004
130782.653,1.003
130782.673,1.003
130782.693,1.003
130782.713,1.002
130782.733,1.006
130782.753,1.004
130782.773,1.005
130782.793,1.006
130782.813,1.004
130782.833,1.003
130782.853,1.007
130782.873,1.007
130782.893,1.004
130782.913,1.003
130782.933,1.003
130782.953,1.004
130782.973,1.006
130782.993,1.003
130783.013,1.004
130783.033,1.004
130783.053,1.006
130783.073,1.006
130783.093,1.003
130783.113,1.002
130783.133,1.004
130783.153,1.007
130783.173,1.004
130783.193,1.006
130783.213,1.006
130783.233,1.003
130783.253,1.007
130783.273,1.003
130783.293,1.008
130783.313,1.001
130783.333,1.006
130783.353,1.002
130783.373,1.007
130783.393,1.005
130783.413,1.005
130783.433,1.005
130783.453,1.003
130783.473,1.003
130783.493,1.006
130783.513,1.006
130783.533,1.005
130783.553,1.003
130783.573,1.004
130783.593,1.004
130783.613,1.003
130783.633,1.007
130783.653,1.003
130783.673,1.004
130783.693,1.002
130783.713,1.005
130783.733,1.005
130783.753,1.005
130783.773,1.007
130783.793,1.006
130783.813,1.003
130783.833,1.004
130783.853,1.003
130783.873,1.007
130783.893,1.003
130783.913,1.001
130783.933,1.006
130783.953,1.005
130783.973,1.005
130783.993,1.006
130784.013,1.005
130784.033,1.006
130784.053,1.004
130784.073,1.003
130784.093,1.005
130784.113,1.005
130784.133,1.003
130784.153,1.005
130784.173,1.004
130784.193,1.002
130784.213,1.004
130784.233,1.004
130784.253,1.002
130784.273,1.005
130784.293,1.006
130784.313,1.004
130784.333,1.004
130784.353,1.004
130784.373,1.001
130784.393,1.005
130784.413,1.005
130784.433,1.001
130784.453,1.005
130784.473,1.001
130784.493,1.005
130784.513,1.002
130784.533,1.005
130784.553,1.003
130784.573,1.005
130784.593,1.004
130784.613,1.003
130784.633,1.003
130784.653,1.005
130784.673,1.006
130784.693,1.003
130784.713,1.002
130784.733,1.004
130784.753,1.005
130784.773,1.003
130784.793,1.007
130784.813,1.004
130784.833,1.003
130784.853,1.005
130784.873,1.006
130784.893,1.005
130784.913,1.004
130784.933,1.000
130784.953,1.002
130784.973,1.005
130784.993,1.004
130785.013,1.003
130785.033,1.007
130785.053,1.006
130785.073,1.000
130785.093,1.002
130785.113,1.004
130785.133,1.004
130785.153,1.004
130785.173,1.003
130785.193,1.002
130785.213,1.003
130785.233,1.003
130785.253,1.002
130785.273,1.008
130785.293,1.005
130785.313,1.004
130785.333,1.006
130785.353,1.001
130785.373,1.003
130785.393,1.005
130785.413,1.005
130785.433,1.004
130785.453,1.003
130785.473,1.005
130785.493,1.006
130785.513,1.006
130785.533,1.005
130785.553,1.001
130785.573,1.005
130785.593,1.004
130785.613,0.999
130785.633,1.004
130785.653,1.004
130785.673,1.005
130785.693,1.006
130785.713,1.005
130785.733,1.003
130785.753,1.004
130785.773,1.006
130785.793,1.004
130785.813,1.006
130785.833,1.004
130785.853,1.003
130785.873,1.006
130785.893,1.004
130785.913,1.003
130785.933,1.005
130785.953,1.004
130785.973,1.004
130785.993,1.004
130786.013,1.004
130786.033,1.003
130786.053,1.003
130786.073,1.004
130786.093,1.002
130786.113,1.005
130786.133,1.006
130786.153,1.005
130786.173,1.003
130786.193,1.005
130786.213,1.005
130786.233,1.002
130786.253,1.006
130786.273,1.005
130786.293,1.004
130786.313,1.002
130786.333,1.003
130786.353,1.002
130786.373,1.007
130786.393,1.004
130786.413,1.007
130786.433,1.004
130786.453,1.006
130786.473,1.005
130786.493,1.005
130786.513,1.003
130786.533,1.006
130786.553,1.004
130786.573,1.004
130786.593,1.006
130786.613,1.004
130786.633,1.002
130786.653,1.005
130786.673,1.003
130786.693,1.005
130786.713,1.008
130786.733,1.005
130786.753,1.003
130786.773,1.002
130786.793,1.003
130786.813,1.007
130786.833,1.006
130786.853,1.005
130786.873,1.003
130786.893,1.003
130786.913,1.003
130786.933,1.005
130786.953,1.004
130786.973,1.004
130786.993,1.005
130787.013,1.004
130787.033,1.005
132025.633,1.057
132025.653,1.023
132025.673,1.003
132025.693,1.001
132025.713,1.006
132025.733,1.006
132025.753,1.006
132025.773,1.011
132025.793,1.010
132025.813,1.003
132025.833,1.004
132025.853,1.002
132025.873,1.006
132025.893,1.004
132025.913,1.006
132025.933,1.005
132025.953,1.000
132025.973,1.006
132025.993,1.003
132026.013,1.005
132026.033,1.005
132026.053,1.005
132026.073,1.004
132026.093,1.000
132026.113,1.004
132026.133,1.003
132026.153,1.006
132026.173,1.007
132026.193,1.002
132026.213,1.004
132026.233,1.002
132026.253,1.003
132026.273,1.003
132026.293,1.005
132026.313,1.006
132026.333,1.004
132026.353,1.001
132026.373,1.003
132026.393,1.003
132026.413,1.006
132026.433,1.001
132026.453,1.005
132026.473,1.006
132026.493,1.005
132026.513,0.999
132026.533,1.004
132026.553,1.002
132026.573,1.006
132026.593,1.006
132026.613,1.004
132026.633,1.001
132026.653,1.000
132026.673,1.003
132026.693,1.003
132026.713,1.005
132026.733,1.001
132026.753,1.003
132026.773,1.004
132026.793,1.003
132026.813,1.005
132026.833,1.007
132026.853,1.007
132026.873,1.002
132026.893,1.002
132026.913,1.004
132026.933,1.003
132026.953,1.004
132026.973,1.002
132026.993,1.006
132027.013,1.007
132027.033,1.004
132027.053,1.001
132027.073,1.002
132027.093,1.002
132027.113,1.003
132027.133,1.004
132027.153,1.007
132027.173,1.002
132027.193,1.005
132027.213,1.000
132027.233,1.004
132027.253,0.996
132027.273,1.008
132027.293,1.000
132027.313,1.002
132027.333,1.007
132027.353,1.004
132027.373,1.006
132027.393,1.002
132027.413,1.004
132027.433,1.002
132027.453,1.006
132027.473,1.002
132027.493,1.003
132027.513,1.005
132027.533,1.003
132027.553,1.006
132027.573,1.004
132027.593,1.004
132027.613,1.004
132027.633,1.004
132027.653,1.004
132027.673,1.004
132027.693,1.006
132027.713,1.005
132027.733,1.004
132027.753,1.002
132027.773,0.999
132027.793,1.003
132027.813,1.006
132027.833,1.002
132027.853,1.006
132027.873,1.006
132027.893,1.006
132027.913,1.001
132027.933,1.004
132027.953,0.999
132027.973,1.006
132027.993,1.001
132028.013,1.009
132028.033,0.997
132028.053,1.012
132028.073,0.999
132028.093,1.004
132028.113,1.004
132028.133,1.000
132028.153,1.006
132028.173,1.003
132028.193,1.007
132028.213,0.997
132028.233,1.004
132028.253,1.000
132028.273,1.004
132028.293,1.005
132028.313,1.007
132028.333,1.004
132028.353,1.001
132028.373,1.001
132028.393,1.002
132028.413,1.003
132028.433,1.006
132028.453,1.005
132028.473,1.004
132028.493,1.002
132028.513,1.002
132028.533,1.009
132028.553,1.001
132028.573,1.003
132028.593,1.011
132028.613,1.001
132028.633,1.005
132028.653,1.006
132028.673,1.006
132028.693,1.002
132028.713,1.008
132028.733,1.001
132028.753,1.002
132028.773,1.003
132028.793,1.002
132028.813,1.004
132028.833,1.005
132028.853,1.004
132028.873,1.001
132028.893,1.006
132028.913,1.003
132028.933,1.003
132028.953,1.005
132028.973,1.005
132028.993,1.003
132029.013,1.004
132029.033,1.002
132029.053,1.001
132029.073,1.004
132029.093,1.004
132029.113,1.004
132029.133,1.002
132029.153,1.004
132029.173,1.004
132029.193,1.004
132029.213,1.004
132029.233,1.005
132029.253,1.001
132029.273,1.004
132029.293,1.003
132029.313,1.003
132029.333,1.003
132029.353,1.008
132029.373,1.002
132029.393,1.004
132029.413,1.003
132029.433,1.004
132029.453,1.004
132029.473,1.005
132029.493,1.005
132029.513,1.002
132029.533,1.005
132029.553,1.003
132029.573,1.005
132029.593,1.005
132029.613,1.006
132029.633,1.002
132029.653,1.006
132029.673,1.005
132029.693,1.004
132029.713,1.001
132029.733,1.004
132029.753,1.003
132029.773,1.006
132029.793,1.004
132029.813,1.006
132029.833,1.003
132029.853,1.005
132029.873,1.005
132029.893,1.004
132029.913,1.008
132029.933,0.999
132029.953,1.000
132029.973,1.004
132029.993,0.997
132030.013,1.011
132030.033,1.000
132030.053,1.004
132030.073,1.007
132030.093,1.005
132030.113,1.001
132030.133,1.008
132030.153,1.001
132030.173,1.007
132030.193,1.000
132030.213,1.005
132030.233,1.003
132030.253,1.006
132030.273,1.004
132030.293,1.001
132030.313,1.003
132030.333,1.002
132030.353,1.004
132030.373,1.002
132030.393,1.002
132030.413,1.004
132030.433,1.004
132030.453,1.006
132030.473,1.003
132030.493,1.007
132030.513,1.002
132030.533,1.009
132030.553,1.004
132030.573,1.008
132030.593,1.002
132030.613,1.009
132030.633,1.004
132030.653,1.008
132030.673,1.003
132030.693,1.005
132030.713,1.003
132030.733,1.005
132030.753,1.002
132030.773,1.005
132030.793,0.997
132030.813,1.008
132030.833,1.004
132030.853,1.003
132030.873,1.003
132030.893,1.005
132030.913,1.003
132030.933,1.003
132030.953,1.006
132030.973,1.005
132030.993,1.004
132031.013,1.003
132031.033,1.005
132031.053,1.005
132031.073,1.005
132031.093,0.999
132031.113,1.007
132031.133,1.001
132031.153,1.005
132031.173,1.004
132031.193,1.006
132031.213,1.002
132031.233,1.001
132031.253,1.005
132031.273,1.006
132031.293,1.002
132031.313,1.003
132031.333,1.003
132031.353,1.007
132031.373,1.001
132031.393,1.006
132031.413,1.004
132031.433,1.005
132031.453,1.003
132031.473,1.003
132031.493,1.003
132031.513,1.002
132031.533,1.003
132031.553,1.004
132031.573,1.003
132031.593,1.005
132031.613,1.002
132031.633,1.004
132031.653,1.002
132031.673,1.004
132031.693,1.006
132031.713,1.004
132031.733,1.003
132031.753,1.004
132031.773,1.005
132031.793,1.006
132031.813,1.001
132031.833,1.005
132031.853,1.006
132031.873,1.000
132031.893,1.007
132031.913,1.003
132031.933,1.006
132031.953,1.002
132031.973,1.005
132031.993,1.000
132032.013,1.005
132032.033,1.005
132032.053,1.003
132032.073,1.003
132032.093,1.003
132032.113,1.005
132032.133,1.005
132032.153,1.003
132032.173,1.004
132032.193,1.006
132032.213,1.004
132032.233,1.005
132032.253,1.001
132032.273,1.005
132032.293,1.003
132032.313,1.003
132032.333,1.005
132032.353,1.007
132032.373,1.001
132032.393,1.006
132032.413,1.003
132032.433,1.004
132032.453,1.003
132032.473,1.003
132032.493,1.001
132032.513,1.002
132032.533,1.001
132032.553,1.002
132032.573,1.000
132032.593,1.006
132032.613,1.002
132032.633,1.004
132032.653,1.001
132032.673,1.006
132032.693,1.003
132032.713,1.002
132032.733,1.000
132032.753,1.006
132032.773,1.005
132032.793,1.004
132032.813,1.004
132032.833,1.005
132032.853,1.001
132032.873,1.003
132032.893,1.004
132032.913,1.003
132032.933,1.005
132032.953,1.002
132032.973,1.001
132032.993,1.001
132033.013,1.003
132033.033,1.004
132033.053,1.005
132033.073,1.002
132033.093,1.004
132033.113,1.004
132033.133,1.005
132033.153,1.003
132033.173,1.003
132033.193,1.001
132033.213,1.004
132033.233,1.003
132033.253,0.999
132033.273,1.006
132033.293,1.002
132033.313,1.001
132033.333,1.005
132033.353,1.005
132033.373,1.002
132033.393,1.002
132033.413,1.008
132033.433,1.003
132033.453,1.003
132033.473,1.005
132033.493,1.002
132033.513,1.004
132033.533,1.005
132033.553,1.004
132033.573,1.003
132033.593,1.002
132033.613,1.005
132033.633,1.003
132033.653,1.003
132033.673,1.005
132033.693,1.006
132033.713,1.002
132033.733,1.003
132033.753,1.001
132033.773,1.003
132033.793,1.004
132033.813,1.004
132033.833,1.002
132033.853,1.003
132033.873,1.004
132033.893,1.005
132033.913,1.003
132033.933,1.004
132033.953,1.004
132033.973,1.002
132033.993,1.004
132034.013,1.001
132034.033,1.003
132034.053,1.003
132034.073,1.005
132034.093,1.006
132034.113,1.001
132034.133,1.002
132034.153,1.003
132034.173,1.007
132034.193,1.002
132034.213,1.005
132034.233,1.004
132034.253,1.004
132034.273,1.003
132034.293,1.005
132034.313,1.006
132034.333,1.004
132034.353,1.003
132034.373,1.003
132034.393,1.005
132034.413,1.004
132034.433,1.004
132034.453,1.001
132034.473,1.002
132034.493,1.003
132034.513,1.003
132034.533,1.003
132034.553,1.003
132034.573,1.004
132034.593,1.004
132034.613,1.005
132034.633,1.003
132034.653,1.002
132034.673,1.003
132034.693,1.002
132034.713,1.002
132034.733,1.006
132034.753,1.002
132034.773,1.004
132034.793,1.004
132034.813,1.006
132034.833,1.003
132034.853,1.003
132034.873,1.004
132034.893,1.005
132034.913,1.002
132034.933,1.003
132034.953,1.004
132034.973,1.006
132034.993,1.003
132035.013,1.002
132035.033,1.002
132035.053,1.003
132035.073,1.004
132035.093,1.004
132035.113,1.001
132035.133,1.004
132035.153,1.001
132035.173,1.002
132035.193,1.004
132035.213,1.001
132035.233,1.004
132035.253,1.003
132035.273,1.005
132035.293,1.003
132035.313,1.005
132035.333,1.006
132035.353,1.004
132035.373,1.006
132035.393,1.005
132035.413,1.003
132035.433,1.001
132035.453,1.003
132035.473,1.008
132035.493,1.001
132035.513,1.003
132035.533,1.005
132035.553,1.005
132035.573,1.001
132035.593,1.007
132035.613,1.005
132035.633,1.005
132035.653,1.001
132035.673,1.001
132035.693,1.003
132035.713,1.003
132035.733,1.002
132035.753,1.003
132035.773,1.003
132035.793,1.006
132035.813,1.003
132035.833,1.004
132035.853,1.002
132035.873,1.003
132035.893,1.003
132035.913,1.005
132035.933,1.001
132035.953,1.004
132035.973,1.003
132035.993,1.007
132036.013,1.002
132036.033,1.004
132036.053,1.002
132036.073,1.003
132036.093,1.003
132036.113,1.005
132036.133,1.001
132036.153,1.002
132036.173,1.004
132036.193,1.003
132036.213,1.006
132036.233,1.004
132036.253,1.003
132036.273,0.999
132036.293,1.004
132036.313,1.006
132036.333,1.006
132036.353,1.004
132036.373,1.007
132036.393,1.005
132036.413,1.003
132036.433,1.005
132036.453,1.000
132036.473,1.004
132036.493,1.004
132036.513,1.004
132036.533,1.002
132036.553,1.003
132036.573,1.001
132036.593,1.004
132036.613,1.005
132036.633,1.002
132036.653,1.005
132036.673,1.002
132036.693,1.002
132036.713,1.002
132036.733,1.003
132036.753,1.002
132036.773,1.003
132036.793,1.002
132036.813,1.006
132036.833,1.004
132036.853,1.005
132036.873,1.002
132036.893,1.006
132036.913,1.002
132036.933,1.001
132036.953,1.004
132036.973,1.006
132036.993,1.003
132037.013,1.002
132037.033,1.006
132037.053,1.006
132037.073,1.004
132037.093,1.005
132037.113,1.002
132037.133,1.006
132037.153,1.002
132037.173,1.003
132037.193,1.002
132037.213,1.003
132037.233,1.004
132037.253,1.004
132037.273,1.002
132037.293,1.007
132037.313,1.003
132037.333,1.005
132037.353,1.003
132037.373,1.004
132037.393,1.003
132037.413,1.005
132037.433,1.006
132037.453,1.003
132037.473,1.003
132037.493,1.003
132037.513,1.002
132037.533,1.006
132037.553,1.002
132037.573,1.006
132037.593,1.003
132037.613,1.004
132037.633,1.004
132037.653,1.005
132037.673,1.002
132037.693,1.003
132037.713,1.004
132037.733,1.001
132037.753,1.005
132037.773,1.002
132037.793,1.003
132037.813,1.004
132037.833,1.005
132037.853,1.005
132037.873,1.002
132037.893,1.005
132037.913,1.003
132037.933,1.004
132037.953,1.004
132037.973,1.004
132037.993,1.006
132038.013,1.006
132038.033,1.002
132038.053,1.005
132038.073,1.004
132038.093,1.003
132038.113,1.005
132038.133,1.005
132038.153,1.004
132038.173,1.003
132038.193,1.005
132038.213,1.006
132038.233,1.002
132038.253,1.004
132038.273,1.002
132038.293,1.001
132038.313,1.006
132038.333,1.005
132038.353,1.004
132038.373,1.004
132038.393,1.003
132038.413,1.004
132038.433,1.004
132038.453,1.003
132038.473,1.004
132038.493,1.002
132038.513,1.003
132038.533,1.002
132038.553,1.004
132038.573,1.003
132038.593,1.006
132038.613,1.002
132038.633,1.004
132038.653,1.006
132038.673,1.003
132038.693,1.004
132038.713,1.004
132038.733,1.003
132038.753,1.005
132038.773,1.003
132038.793,1.003
132038.813,1.002
132038.833,1.001
132038.853,1.003
132038.873,1.006
132038.893,1.005
132038.913,1.003
132038.933,1.004
132038.953,1.002
132038.973,1.003
132038.993,1.004
132039.013,1.003
132039.033,1.007
132039.053,1.004
132039.073,1.004
132039.093,1.005
132039.113,1.005
132039.133,1.002
132039.153,1.001
132039.173,1.003
132039.193,1.004
132039.213,1.006
132039.233,1.006
132039.253,1.004
132039.273,1.007
132039.293,1.001
132039.313,1.004
132039.333,1.003
132039.353,1.003
132039.373,1.007
132039.393,1.003
132039.413,1.005
132039.433,1.004
132039.453,1.005
132039.473,1.005
132039.493,1.004
132039.513,1.004
132039.533,1.004
132039.553,1.005
132039.573,1.001
132039.593,1.003
132039.613,1.005
132039.633,1.005
132039.653,1.001
132039.673,1.004
132039.693,1.001
132039.713,1.002
132039.733,1.004
132039.753,1.003
132039.773,1.003
132039.793,1.003
132039.813,1.002
132039.833,1.005
132039.853,1.003
132039.873,1.003
132039.893,1.003
132039.913,1.002
132039.933,1.004
132039.953,1.004
132039.973,1.002
132039.993,1.004
132040.013,1.003
132040.033,1.003
132040.053,1.004
132040.073,1.004
132040.093,1.005
132040.113,1.004
132040.133,1.002
132040.153,1.003
132040.173,1.003
132040.193,1.004
132040.213,1.004
132040.233,1.002
132040.253,1.003
132040.273,1.002
132040.293,1.002
132040.313,1.004
132040.333,1.005
132040.353,1.003
132040.373,1.003
132040.393,1.004
132040.413,1.004
132040.433,1.003
132040.453,1.003
132040.473,1.005
132040.493,1.002
132040.513,1.002
132040.533,1.003
132040.553,1.003
132040.573,1.003
132040.593,1.003
132040.613,1.003
132040.633,1.003
132040.653,1.003
132040.673,1.005
132040.693,1.006
132040.713,1.002
132040.733,1.003
132040.753,1.005
132040.773,1.003
132040.793,1.005
132040.813,1.003
132040.833,1.004
132040.853,1.004
132040.873,1.003
132040.893,1.003
132040.913,1.003
132040.933,1.002
132040.953,1.003
132040.973,1.002
132040.993,1.004
132041.013,1.001
132041.033,1.002
132041.053,1.005
132041.073,1.005
132041.093,1.002
132041.113,1.003
132041.133,1.006
132041.153,1.002
132041.173,1.000
132041.193,1.003
132041.213,1.004
132041.233,1.004
132041.253,1.002
132041.273,1.005
132041.293,1.002
132041.313,1.003
132041.333,1.004
132041.353,1.005
132041.373,1.002
132041.393,1.003
132041.413,1.004
132041.433,1.004
132041.453,1.004
132041.473,1.004
132041.493,1.006
132041.513,1.004
132041.533,1.003
132041.553,1.003
132041.573,1.004
132041.593,1.005
132041.613,1.004
132041.633,1.003
132041.653,1.001
132041.673,1.005
132041.693,1.002
132041.713,1.006
132041.733,1.004
132041.753,1.005
132041.773,1.005
132041.793,1.002
132041.813,1.000
132041.833,1.004
132041.853,1.004
132041.873,1.004
132041.893,1.003
132041.913,1.005
132041.933,1.005
132041.953,1.004
132041.973,1.002
132041.993,1.001
132042.013,1.003
132042.033,1.005
132042.053,1.003
132042.073,1.003
132042.093,1.004
132042.113,1.002
132042.133,1.001
132042.153,1.004
132042.173,1.005
132042.193,1.005
132042.213,1.004
132042.233,1.004
132042.253,1.003
132042.273,1.004
132042.293,1.005
132042.313,1.003
132042.333,1.005
132042.353,1.002
132042.373,1.003
132042.393,1.005
132042.413,1.005
132042.433,1.004
132042.453,1.006
132042.473,1.003
132042.493,1.003
132042.513,1.005
132042.533,1.004
132042.553,1.004
132042.573,1.002
132042.593,1.005
132042.613,1.002
132042.633,1.004
132042.653,1.002
132042.673,1.004
132042.693,1.005
132042.713,1.004
132042.733,1.003
132042.753,1.006
132042.773,1.003
132042.793,1.004
132042.813,1.002
132042.833,1.003
132042.853,1.003
132042.873,1.003
132042.893,1.003
132042.913,1.001
132042.933,1.004
132042.953,1.003
132042.973,1.004
132042.993,1.004
132043.013,1.003
132043.033,1.003
132043.053,1.003
132043.073,1.003
132043.093,1.003
132043.113,1.003
132043.133,1.002
132043.153,1.002
132043.173,1.005
132043.193,1.004
132043.213,1.005
132043.233,1.004
132043.253,1.005
132043.273,1.003
132043.293,1.003
132043.313,1.004
132043.333,1.003
132043.353,1.003
132043.373,1.006
132043.393,1.002
132043.413,1.003
132043.433,1.002
132043.453,1.005
132043.473,1.004
132043.493,1.004
132043.513,1.005
132043.533,1.006
132043.553,1.002
132043.573,1.006
132043.593,1.005
132043.613,1.004
132043.633,1.002
132043.653,1.005
132043.673,1.003
132043.693,1.004
132043.713,1.005
132043.733,1.002
132043.753,1.004
132043.773,1.003
132043.793,1.003
132043.813,1.003
132043.833,1.002
132043.853,1.003
132043.873,1.003
132043.893,1.003
132043.913,1.003
132043.933,1.005
132043.953,1.004
132043.973,0.999
132043.993,1.004
132044.013,1.004
132044.033,1.005
132044.053,1.002
132044.073,1.002
132044.093,1.003
132044.113,1.006
132044.133,1.005
132044.153,1.002
132044.173,1.003
132044.193,1.000
132044.213,1.002
132044.233,1.005
132044.253,1.004
132044.273,1.004
132044.293,1.003
132044.313,1.003
132044.333,1.003
132044.353,1.003
132044.373,1.003
132044.393,1.004
132044.413,1.003
132044.433,1.004
132044.453,1.001
132044.473,1.002
132044.493,1.005
132044.513,1.003
132044.533,1.006
132044.553,1.002
132044.573,1.002
132044.593,1.005
132044.613,1.002
132044.633,1.004
132044.653,1.003
132044.673,1.001
132044.693,1.004
132044.713,1.002
132044.733,1.003
132044.753,1.005
132044.773,1.003
132044.793,1.002
132044.813,1.004
132044.833,1.002
132044.853,1.003
132044.873,1.001
132044.893,1.002
132044.913,1.002
132044.933,1.004
132044.953,1.002
132044.973,1.003
132044.993,1.004
2887.134,1.032
2887.154,0.997
2887.174,0.987
2887.194,0.999
2887.214,0.992
2887.234,0.994
2887.254,0.997
2887.274,0.996
2887.294,0.998
2887.314,1.002
2887.334,1.001
2887.354,1.001
2887.374,1.001
2887.394,0.997
2887.414,0.999
2887.434,1.000
2887.454,1.000
2887.474,1.001
2887.494,1.000
2887.514,0.998
2887.534,0.999
2887.554,0.999
2887.574,0.999
2887.594,1.000
2887.614,0.999
2887.634,1.001
2887.654,0.995
2887.674,0.998
2887.694,1.000
2887.714,1.000
2887.734,0.998
2887.754,1.000
2887.774,0.999
2887.794,0.999
2887.814,0.998
2887.834,0.999
2887.854,0.999
2887.874,0.999
2887.894,0.999
2887.914,1.001
2887.934,1.001
2887.954,1.001
2887.974,0.997
2887.994,1.000
2888.014,0.999
2888.034,0.997
2888.054,0.999
2888.074,0.998
2888.094,0.999
2888.114,0.999
2888.134,1.002
2888.154,1.000
2888.174,1.000
2888.194,0.999
2888.214,1.001
2888.234,0.999
2888.254,0.998
2888.274,1.000
2888.294,0.999
2888.314,1.000
2888.334,1.000
2888.354,1.000
2888.374,0.999
2888.394,0.998
2888.414,0.999
2888.434,1.000
2888.454,0.999
2888.474,0.999
2888.494,1.000
2888.514,0.999
2888.534,0.997
2888.554,0.998
2888.574,0.997
2888.594,0.999
2888.614,1.000
2888.634,1.001
2888.654,1.003
2888.674,1.000
2888.694,1.000
2888.714,0.998
2888.734,1.001
2888.754,1.001
2888.774,0.997
2888.794,0.999
2888.814,0.999
2888.834,0.999
2888.854,1.000
2888.874,1.000
2888.894,1.001
2888.914,0.997
2888.934,0.999
2888.954,0.999
2888.974,1.000
2888.994,0.999
2889.014,0.998
2889.034,0.999
2889.054,1.002
2889.074,1.000
2889.094,1.000
2889.114,0.999
2889.134,1.003
2889.154,0.999
2889.174,0.999
2889.194,1.000
2889.214,0.998
2889.234,0.998
2889.254,0.999
2889.274,1.001
2889.294,0.998
2889.314,1.000
2889.334,1.000
2889.354,0.999
2889.374,0.999
2889.394,1.002
2889.414,0.999
2889.434,0.998
2889.454,1.001
2889.474,0.997
2889.494,1.001
2889.514,1.001
2889.534,0.998
2889.554,0.997
2889.574,1.000
2889.594,0.999
2889.614,1.000
2889.634,0.998
2889.654,1.001
2889.674,0.998
2889.694,0.998
2889.714,0.998
2889.734,1.000
2889.754,1.000
2889.774,0.999
2889.794,1.000
2889.814,0.999
2889.834,1.000
2889.854,0.999
2889.874,1.000
2889.894,1.000
2889.914,1.000
2889.934,1.002
2889.954,0.999
2889.974,0.998
2889.994,0.999
2890.014,0.999
2890.034,0.999
2890.054,1.001
2890.074,0.999
2890.094,0.995
2890.114,0.998
2890.134,0.999
2890.154,1.000
2890.174,0.997
2890.194,1.001
2890.214,0.998
2890.234,1.000
2890.254,1.000
2890.274,0.998
2890.294,1.001
2890.314,0.997
2890.334,0.997
2890.354,0.998
2890.374,1.000
2890.394,0.999
2890.414,1.001
2890.434,1.000
2890.454,0.998
2890.474,0.999
2890.494,0.999
2890.514,0.999
2890.534,0.999
2890.554,0.998
2890.574,1.000
2890.594,0.998
2890.614,0.998
2890.634,1.001
2890.654,0.998
2890.674,0.997
2890.694,0.998
2890.714,1.003
2890.734,0.999
2890.754,0.998
2890.774,0.998
2890.794,0.998
2890.814,1.001
2890.834,0.998
2890.854,0.998
2890.874,1.000
2890.894,0.996
2890.914,0.999
2890.934,0.999
2890.954,1.001
2890.974,1.000
2890.994,0.999
2891.014,1.001
2891.034,1.000
2891.054,0.997
2891.074,1.000
2891.094,0.999
2891.114,1.001
2891.134,1.000
2891.154,1.001
2891.174,0.999
2891.194,1.000
2891.214,0.997
2891.234,1.000
2891.254,0.999
2891.274,0.998
2891.294,1.000
2891.314,0.998
2891.334,0.998
2891.354,0.999
2891.374,0.999
2891.394,0.999
2891.414,1.000
2891.434,1.000
2891.454,1.000
2891.474,0.997
2891.494,0.998
2891.514,0.998
2891.534,0.999
2891.554,1.000
2891.574,1.000
2891.594,0.999
2891.614,1.003
2891.634,0.998
2891.654,0.997
2891.674,1.000
2891.694,0.998
2891.714,1.000
2891.734,1.000
2891.754,1.000
2891.774,0.998
2891.794,0.998
2891.814,0.998
2891.834,0.997
2891.854,0.999
2891.874,1.001
2891.894,1.001
2891.914,0.997
2891.934,1.001
2891.954,0.999
2891.974,1.001
2891.994,0.999
2892.014,0.999
2892.034,0.999
2892.054,1.000
2892.074,0.999
2892.094,1.000
2892.114,1.001
2892.134,0.999
2892.154,1.000
2892.174,1.002
2892.194,1.001
2892.214,0.997
2892.234,0.999
2892.254,1.002
2892.274,0.999
2892.294,1.000
2892.314,0.999
2892.334,1.000
2892.354,0.998
2892.374,0.999
2892.394,0.998
2892.414,0.998
2892.434,0.999
2892.454,0.998
2892.474,1.000
2892.494,0.998
2892.514,0.998
2892.534,0.999
2892.554,0.998
2892.574,1.000
2892.594,0.999
2892.614,1.001
2892.634,1.001
2892.654,0.998
2892.674,0.997
2892.694,0.997
2892.714,0.998
2892.734,0.999
2892.754,1.001
2892.774,1.001
2892.794,0.999
2892.814,0.995
2892.834,1.002
2892.854,0.999
2892.874,1.000
2892.894,0.999
2892.914,0.999
2892.934,0.999
2892.954,0.999
2892.974,0.999
2892.994,0.999
2893.014,0.999
2893.034,0.999
2893.054,1.000
2893.074,0.998
2893.094,0.999
2893.114,1.001
2893.134,1.000
2893.154,1.002
2893.174,1.002
2893.194,0.998
2893.214,0.999
2893.234,0.998
2893.254,1.000
2893.274,0.999
2893.294,1.000
2893.314,0.998
2893.334,0.999
2893.354,0.999
2893.374,1.000
2893.394,0.998
2893.414,1.000
2893.434,1.001
2893.454,0.999
2893.474,1.002
2893.494,1.001
2893.514,0.999
2893.534,0.998
2893.554,1.000
2893.574,0.998
2893.594,0.999
2893.614,1.001
2893.634,0.998
2893.654,1.000
2893.674,1.000
2893.694,1.000
2893.714,0.998
2893.734,0.999
2893.754,0.998
2893.774,1.000
2893.794,0.999
2893.814,0.998
2893.834,1.000
2893.854,1.000
2893.874,0.999
2893.894,1.001
2893.914,0.999
2893.934,1.000
2893.954,0.999
2893.974,1.000
2893.994,1.000
2894.014,0.999
2894.034,0.999
2894.054,1.000
2894.074,0.999
2894.094,1.002
2894.114,0.999
2894.134,1.000
2894.154,0.997
2894.174,1.001
2894.194,1.000
2894.214,1.000
2894.234,1.002
2894.254,0.998
2894.274,1.000
2894.294,0.998
2894.314,1.001
2894.334,0.999
2894.354,1.000
2894.374,1.000
2894.394,1.001
2894.414,1.001
2894.434,0.998
2894.454,1.000
2894.474,1.000
2894.494,0.998
2894.514,0.999
2894.534,0.999
2894.554,1.000
2894.574,1.001
2894.594,1.000
2894.614,0.999
2894.634,1.001
2894.654,0.999
2894.674,0.999
2894.694,1.000
2894.714,1.000
2894.734,1.001
2894.754,1.000
2894.774,1.001
2894.794,1.000
2894.814,1.000
2894.834,1.000
2894.854,0.997
2894.874,1.000
2894.894,1.001
2894.914,0.999
2894.934,1.001
2894.954,1.000
2894.974,0.998
2894.994,1.000
2895.014,0.998
2895.034,1.000
2895.054,0.999
2895.074,0.999
2895.094,0.999
2895.114,0.999
2895.134,0.999
2895.154,0.998
2895.174,1.001
2895.194,1.000
2895.214,0.998
2895.234,1.002
2895.254,0.999
2895.274,1.000
2895.294,1.000
2895.314,1.000
2895.334,1.000
2895.354,0.998
2895.374,0.998
2895.394,1.001
2895.414,1.000
2895.434,1.000
2895.454,1.000
2895.474,0.998
2895.494,1.000
2895.514,0.999
2895.534,1.000
2895.554,1.000
2895.574,1.000
2895.594,0.999
2895.614,1.001
2895.634,0.999
2895.654,0.998
2895.674,1.000
2895.694,1.000
2895.714,0.997
2895.734,1.000
2895.754,0.997
2895.774,1.001
2895.794,0.999
2895.814,0.999
2895.834,1.001
2895.854,1.002
2895.874,0.999
2895.894,1.001
2895.914,1.001
2895.934,0.997
2895.954,0.998
2895.974,0.998
2895.994,1.002
2896.014,1.000
2896.034,0.998
2896.054,1.001
2896.074,1.004
2896.094,1.000
2896.114,0.999
2896.134,0.999
2896.154,0.998
2896.174,1.000
2896.194,0.999
2896.214,1.001
2896.234,0.999
2896.254,0.996
2896.274,0.999
2896.294,0.997
2896.314,0.997
2896.334,0.998
2896.354,1.000
2896.374,0.998
2896.394,1.000
2896.414,1.000
2896.434,1.000
2896.454,0.998
2896.474,0.998
2896.494,0.998
2896.514,0.999
2896.534,1.000
2896.554,1.000
2896.574,0.999
2896.594,0.999
2896.614,0.999
2896.634,1.000
2896.654,1.000
2896.674,1.001
2896.694,1.000
2896.714,1.000
2896.734,1.000
2896.754,1.000
2896.774,1.001
2896.794,1.000
2896.814,0.999
2896.834,0.999
2896.854,1.001
2896.874,0.999
2896.894,0.999
2896.914,1.000
2896.934,0.999
2896.954,1.000
2896.974,0.999
2896.994,1.000
2897.014,0.997
2897.034,0.998
2897.054,1.001
2897.074,0.999
2897.094,1.000
2897.114,1.001
2897.134,1.000
2897.154,1.003
2897.174,0.996
2897.194,0.998
2897.214,1.000
2897.234,0.998
2897.254,0.996
2897.274,1.003
2897.294,1.003
2897.314,0.997
2897.334,1.000
2897.354,0.999
2897.374,0.999
2897.394,1.001
2897.414,1.001
2897.434,1.001
2897.454,1.000
2897.474,0.999
2897.494,1.001
2897.514,1.000
2897.534,1.000
2897.554,0.998
2897.574,0.998
2897.594,1.001
2897.614,1.000
2897.634,0.999
2897.654,0.998
2897.674,1.001
2897.694,1.002
2897.714,1.001
2897.734,1.000
2897.754,1.000
2897.774,0.999
2897.794,1.001
2897.814,0.999
2897.834,0.999
2897.854,0.999
2897.874,0.997
2897.894,0.998
2897.914,1.001
2897.934,1.001
2897.954,0.999
2897.974,1.000
2897.994,0.999
2898.014,1.000
2898.034,0.999
2898.054,1.000
2898.074,0.999
2898.094,1.000
2898.114,1.000
2898.134,1.000
2898.154,1.001
2898.174,0.998
2898.194,0.999
2898.214,0.999
2898.234,0.999
2898.254,1.000
2898.274,0.999
2898.294,1.000
2898.314,1.001
2898.334,0.998
2898.354,1.000
2898.374,0.999
2898.394,1.001
2898.414,1.000
2898.434,1.001
2898.454,1.000
2898.474,0.998
2898.494,1.000
2898.514,0.999
2898.534,0.999
2898.554,0.999
2898.574,1.000
2898.594,0.999
2898.614,0.999
2898.634,1.001
2898.654,0.997
2898.674,1.000
2898.694,1.000
2898.714,1.001
2898.734,1.002
2898.754,1.000
2898.774,0.998
2898.794,0.998
2898.814,0.999
2898.834,1.000
2898.854,1.000
2898.874,0.998
2898.894,1.001
2898.914,0.996
2898.934,0.999
2898.954,0.999
2898.974,0.996
2898.994,0.998
2899.014,0.999
2899.034,1.000
2899.054,1.001
2899.074,1.003
2899.094,1.000
2899.114,1.001
2899.134,1.002
2899.154,0.999
2899.174,1.000
2899.194,1.001
2899.214,0.999
2899.234,1.002
2899.254,1.000
2899.274,0.999
2899.294,0.999
2899.314,0.998
2899.334,1.002
2899.354,1.001
2899.374,0.996
2899.394,0.998
2899.414,1.001
2899.434,0.998
2899.454,1.000
2899.474,0.998
2899.494,1.000
2899.514,1.001
2899.534,1.000
2899.554,0.999
2899.574,1.000
2899.594,1.000
2899.614,0.999
2899.634,1.001
2899.654,1.002
2899.674,1.000
2899.694,1.002
2899.714,0.999
2899.734,0.999
2899.754,0.996
2899.774,0.999
2899.794,0.999
2899.814,1.002
2899.834,0.999
2899.854,0.999
2899.874,1.001
2899.894,0.999
2899.914,0.996
2899.934,0.999
2899.954,0.999
2899.974,0.999
2899.994,0.998
2900.014,0.998
2900.034,1.000
2900.054,1.000
2900.074,0.999
2900.094,1.000
2900.114,1.000
2900.134,1.002
2900.154,0.998
2900.174,0.999
2900.194,0.999
2900.214,1.000
2900.234,1.001
2900.254,0.998
2900.274,0.999
2900.294,1.001
2900.314,1.000
2900.334,0.998
2900.354,0.999
2900.374,1.000
2900.394,0.999
2900.414,1.001
2900.434,0.999
2900.454,0.999
2900.474,1.000
2900.494,1.000
2900.514,1.000
2900.534,0.999
2900.554,1.004
2900.574,0.999
2900.594,0.999
2900.614,1.001
2900.634,0.999
2900.654,0.998
2900.674,0.999
2900.694,1.000
2900.714,1.001
2900.734,1.000
2900.754,1.003
2900.774,1.000
2900.794,0.999
2900.814,0.999
2900.834,0.999
2900.854,0.998
2900.874,0.996
2900.894,1.000
2900.914,0.997
2900.934,0.999
2900.954,1.003
2900.974,1.001
2900.994,1.000
2901.014,1.000
2901.034,1.000
2901.054,1.000
2901.074,1.002
2901.094,0.999
2901.114,1.000
2901.134,0.999
2901.154,1.000
2901.174,0.998
2901.194,0.998
2901.214,0.999
2901.234,0.997
2901.254,0.998
2901.274,0.998
2901.294,0.997
2901.314,1.000
2901.334,0.999
2901.354,0.998
2901.374,1.002
2901.394,0.999
2901.414,0.999
2901.434,0.998
2901.454,1.001
2901.474,0.999
2901.494,0.999
2901.514,1.001
2901.534,0.999
2901.554,0.998
2901.574,1.001
2901.594,1.002
2901.614,0.999
2901.634,0.998
2901.654,1.000
2901.674,0.998
2901.694,1.000
2901.714,0.998
2901.734,1.001
2901.754,1.002
2901.774,0.999
2901.794,0.998
2901.814,0.999
2901.834,1.001
2901.854,0.998
2901.874,1.000
2901.894,0.999
2901.914,1.000
2901.934,1.001
2901.954,1.000
2901.974,1.001
2901.994,0.999
2902.014,0.998
2902.034,1.000
2902.054,1.001
2902.074,0.999
2902.094,1.000
2902.114,0.999
2902.134,0.999
2902.154,1.001
2902.174,0.999
2902.194,1.001
2902.214,1.000
2902.234,1.001
2902.254,1.001
2902.274,1.000
2902.294,0.999
2902.314,0.999
2902.334,0.998
2902.354,0.999
2902.374,1.000
2902.394,0.998
2902.414,1.001
2902.434,1.000
2902.454,1.000
2902.474,0.998
2902.494,0.999
2902.514,1.001
2902.534,1.001
2902.554,0.999
2902.574,0.997
2902.594,1.000
2902.614,1.000
2902.634,0.999
2902.654,0.999
2902.674,1.000
2902.694,1.001
2902.714,0.997
2902.734,0.999
2902.754,0.998
2902.774,0.998
2902.794,0.998
2902.814,1.000
2902.834,0.997
2902.854,0.999
2902.874,1.000
2902.894,1.000
2902.914,1.001
2902.934,0.997
2902.954,1.001
2902.974,1.002
2902.994,1.000
2903.014,1.001
2903.034,1.000
2903.054,0.999
2903.074,0.998
2903.094,0.998
2903.114,0.999
2903.134,1.000
2903.154,1.000
2903.174,1.001
2903.194,1.001
2903.214,0.996
2903.234,0.996
2903.254,0.999
2903.274,0.998
2903.294,0.999
2903.314,0.999
2903.334,1.000
2903.354,0.999
2903.374,0.998
2903.394,0.998
2903.414,0.998
2903.434,0.998
2903.454,0.997
2903.474,0.997
2903.494,1.000
2903.514,0.998
2903.534,1.001
2903.554,1.000
2903.574,0.999
2903.594,0.999
2903.614,0.999
2903.634,1.001
2903.654,0.997
2903.674,1.001
2903.694,0.999
2903.714,0.999
2903.734,0.999
2903.754,0.998
2903.774,0.999
2903.794,0.998
2903.814,0.998
2903.834,1.002
2903.854,0.999
2903.874,0.999
2903.894,1.002
2903.914,1.002
2903.934,1.000
2903.954,1.000
2903.974,1.000
2903.994,1.000
2904.014,1.000
2904.034,1.000
2904.054,1.001
2904.074,1.000
2904.094,0.999
2904.114,0.999
2904.134,0.999
2904.154,0.999
2904.174,0.999
2904.194,1.001
2904.214,1.000
2904.234,0.999
2904.254,0.999
2904.274,1.001
2904.294,0.999
2904.314,1.000
2904.334,1.001
2904.354,1.001
2904.374,1.001
2904.394,0.999
2904.414,0.999
2904.434,0.999
2904.454,0.997
2904.474,0.999
2904.494,0.998
2904.514,0.997
2904.534,0.997
2904.554,1.001
2904.574,1.000
2904.594,0.998
2904.614,1.000
2904.634,0.997
2904.654,1.002
2904.674,0.999
2904.694,0.998
2904.714,0.999
2904.734,0.998
2904.754,0.999
2904.774,1.000
2904.794,0.999
2904.814,0.998
2904.834,1.000
2904.854,0.998
2904.874,0.999
2904.894,1.000
2904.914,0.999
2904.934,1.000
2904.954,1.000
2904.974,1.000
2904.994,0.999
2905.014,0.999
2905.034,1.001
2905.054,0.999
2905.074,1.000
2905.094,0.999
2905.114,0.998
2905.134,1.002
2905.154,0.998
2905.174,1.000
2905.194,1.001
2905.214,0.999
2905.234,1.001
2905.254,0.999
2905.274,0.999
2905.294,0.999
2905.314,0.999
2905.334,0.996
2905.354,1.000
2905.374,1.000
2905.394,0.998
2905.414,0.999
2905.434,1.000
2905.454,1.001
2905.474,0.999
2905.494,1.001
2905.514,1.001
2905.534,1.001
2905.554,1.002
2905.574,1.001
2905.594,0.999
2905.614,1.001
2905.634,0.999
2905.654,0.999
2905.674,0.997
2905.694,0.999
2905.714,1.001
2905.734,1.002
2905.754,1.000
2905.774,0.999
2905.794,0.998
2905.814,1.000
2905.834,1.000
2905.854,1.000
2905.874,1.000
2905.894,1.000
2905.914,1.001
2905.934,1.002
2905.954,1.001
2905.974,0.999
2905.994,0.998
2906.014,0.997
2906.034,0.998
2906.054,0.999
2906.074,1.001
2906.094,1.001
2906.114,0.998
2906.134,0.997
2906.154,1.000
2906.174,1.001
2906.194,0.998
2906.214,1.000
2906.234,0.998
2906.254,1.001
2906.274,1.000
2906.294,0.999
2906.314,0.999
2906.334,0.998
2906.354,0.998
2906.374,0.999
2906.394,0.998
2906.414,1.000
2906.434,1.000
2906.454,0.998
2906.474,1.000
2906.494,0.998
2906.514,1.001
2906.534,0.998
2906.554,0.999
2906.574,0.998
2906.594,1.002
2906.614,0.998
2906.634,1.001
2906.654,1.000
2906.674,1.000
2906.694,0.999
2906.714,0.999
2906.734,0.999
2906.754,0.997
2906.774,0.999
2906.794,1.000
2906.814,1.000
2906.834,1.002
2906.854,1.001
2906.874,1.000
2906.894,0.999
2906.914,1.001
2906.934,0.998
2906.954,0.999
2906.974,0.999
2906.994,1.000
2907.014,1.002
2907.034,0.998
2907.054,0.998
2907.074,0.998
2907.094,0.998
2907.114,0.998
